base,spec,seed,theta,alpha_oat,tau_w,raw,code,rig_alpha_oat,rig_tau_w,actual
rand_n100_m100_d3_s1024,C_small,42,0.049447788287639766,0.007299563664892137,0.0008925452619095401,0.09423582352452732,0.08032457658807389,0.08091522240548159,0.09261750805648288,6.399175013837723e-05
rand_n100_m100_d3_s1024,C_small,123,0.04953584820340175,0.007299563664892137,0.0008925452619095401,0.09439572414452987,0.08048564441283221,0.08107747460046696,0.09277769436856005,0.00015536168985636067
rand_n100_m100_d3_s1024,C_small,456,0.0497486261159769,0.007299563664892137,0.0008925452619095401,0.09478197899633285,0.08087471875651679,0.08146940990082908,0.09316463933619841,0.00016307131432647792
rand_n100_m100_d3_s1024,C_medium,42,0.19779115315055906,0.007299563664892137,0.0008925452619095401,0.33025983307742346,0.31807145842514445,0.32041031391042163,0.3290632182191068,0.001722395961595526
rand_n100_m100_d3_s1024,C_medium,123,0.198143392813607,0.007299563664892137,0.0008925452619095401,0.3307507164869569,0.3185659250693779,0.320908416486118,0.32955497868277345,0.0032243240822305776
rand_n100_m100_d3_s1024,C_medium,456,0.1989945044639076,0.007299563664892137,0.0008925452619095401,0.33193564061059927,0.31975949862209885,0.3221107666705577,0.3307420198928358,0.004332034041044684
rand_n100_m100_d3_s1024,C_large,42,0.49447788287639755,0.007299563664892137,0.0008925452619095401,0.6617399809553339,0.6519712667461377,0.656765367358064,0.6611356167783677,0.007654366396615964
rand_n100_m100_d3_s1024,C_large,123,0.4953584820340175,0.007299563664892137,0.0008925452619095401,0.6625280666616084,0.6527651051341984,0.6575650430296004,0.6619251105457267,0.013583003978444868
rand_n100_m100_d3_s1024,C_large,456,0.497486261159769,0.007299563664892137,0.0008925452619095401,0.6644284813330804,0.6546793920035546,0.6594934061080165,0.6638289206600065,0.03088896311364606
rand_n100_m100_d3_s1024,C_tiny05,42,0.004944778828763976,0.007299563664892137,0.0008925452619095401,0.009840896600362425,0.0,0.0,0.008071793963634291,6.151982154708769e-16
rand_n100_m100_d3_s1024,C_tiny05,123,0.004953584820340174,0.007299563664892137,0.0008925452619095401,0.009858335539398563,0.0,0.0,0.008089264060565081,3.384085084628919e-15
rand_n100_m100_d3_s1024,C_tiny05,456,0.00497486261159769,0.007299563664892137,0.0008925452619095401,0.009900471736516205,0.0,0.0,0.008131475541803391,1.0773473243498935e-15
rand_n100_m100_d3_s1024,C_tiny1,42,0.009889557657527952,0.007299563664892137,0.0008925452619095401,0.01958542413383718,0.005129261854421768,0.005166978543253378,0.017833731900441147,1.5376508074379617e-15
rand_n100_m100_d3_s1024,C_tiny1,123,0.009907169640680348,0.007299563664892137,0.0008925452619095401,0.019619960999396148,0.005164050824029664,0.005202023324472908,0.017868330472507396,1.2390063552079553e-06
rand_n100_m100_d3_s1024,C_tiny1,456,0.00994972522319538,0.007299563664892137,0.0008925452619095401,0.019703406961166358,0.005248105904910399,0.005286696482461084,0.017951925525944275,-1.6937750232861084e-15
rand_n100_m100_d3_s1024,C_tiny2,42,0.019779115315055905,0.007299563664892137,0.0008925452619095401,0.03879097937585286,0.02447500926964614,0.024654979864826076,0.0370736014241736,1.1277989084179808e-08
rand_n100_m100_d3_s1024,C_tiny2,123,0.019814339281360695,0.007299563664892137,0.0008925452619095401,0.038858718725848465,0.024543243087339663,0.02472371542209592,0.037141461803064726,5.741196213521474e-06
rand_n100_m100_d3_s1024,C_tiny2,456,0.01989945044639076,0.007299563664892137,0.0008925452619095401,0.03902237703467954,0.02470809603041534,0.02488978056827868,0.03730541251777753,1.066747508237895e-05
rand_n100_m100_d3_s123,C_small,42,0.049447788287639766,0.01850206634335588,0.002110534843548432,0.09423582352452732,0.05897524829658714,0.0600869816168338,0.09040444355462308,1.2777327814125483e-05
rand_n100_m100_d3_s123,C_small,123,0.04953584820340175,0.01850206634335588,0.002110534843548432,0.09439572414452987,0.05913810740846932,0.060252910760744925,0.09056502055380752,2.256647590419893e-15
rand_n100_m100_d3_s123,C_small,456,0.0497486261159769,0.01850206634335588,0.002110534843548432,0.09478197899633285,0.059531508773165806,0.060653728073962125,0.09095290926256898,8.560485343539715e-06
rand_n100_m100_d3_s123,C_medium,42,0.19779115315055906,0.01850206634335588,0.002110534843548432,0.33025983307742346,0.2993661897328558,0.30500949565685237,0.3274268340173674,0.0004742036335133757
rand_n100_m100_d3_s123,C_medium,123,0.198143392813607,0.01850206634335588,0.002110534843548432,0.3307507164869569,0.2998661554997993,0.3055188862014467,0.32791979386237013,0.0004837824030863112
rand_n100_m100_d3_s123,C_medium,456,0.1989945044639076,0.01850206634335588,0.002110534843548432,0.33193564061059927,0.30107300316818913,0.30674848396931315,0.3291097302117894,0.0006247698211045982
rand_n100_m100_d3_s123,C_large,42,0.49447788287639766,0.01850206634335588,0.002110534843548432,0.661739980955334,0.6369794052983089,0.6489870059381525,0.6603091420071321,0.0065195629876768245
rand_n100_m100_d3_s123,C_large,123,0.49535848203401744,0.01850206634335588,0.002110534843548432,0.6625280666616082,0.637782072218605,0.6498048038089086,0.6611005613137716,0.0050724075129621495
rand_n100_m100_d3_s123,C_large,456,0.49748626115976896,0.01850206634335588,0.002110534843548432,0.6644284813330804,0.6397176484884085,0.6517768673287904,0.6630090147340659,0.010189273846761186
rand_n100_m100_d3_s123,C_tiny05,42,0.004944778828763976,0.01850206634335588,0.002110534843548432,0.009840896600362425,0.0,0.0,0.005652526322189439,9.081598861547608e-16
rand_n100_m100_d3_s123,C_tiny05,123,0.004953584820340174,0.01850206634335588,0.002110534843548432,0.009858335539398563,0.0,0.0,0.0056700390278896316,7.560366091824891e-16
rand_n100_m100_d3_s123,C_tiny05,456,0.00497486261159769,0.01850206634335588,0.002110534843548432,0.009900471736516205,0.0,0.0,0.005712353461004941,-1.815950109366857e-15
rand_n100_m100_d3_s123,C_tiny1,42,0.009889557657527952,0.01850206634335588,0.002110534843548432,0.01958542413383718,0.0,0.0,0.01543827318027164,5.75423797606498e-15
rand_n100_m100_d3_s123,C_tiny1,123,0.009907169640680348,0.01850206634335588,0.002110534843548432,0.019619960999396148,0.0,0.0,0.015472956136676723,1.5112203324845392e-15
rand_n100_m100_d3_s123,C_tiny1,456,0.00994972522319538,0.01850206634335588,0.002110534843548432,0.019703406961166358,0.0,0.0,0.015556755074635217,1.1352424679977081e-14
rand_n100_m100_d3_s123,C_tiny2,42,0.019779115315055905,0.01850206634335588,0.002110534843548432,0.03879097937585286,0.002504559963076881,0.0025517730371025387,0.03472506786802415,5.004077969730532e-07
rand_n100_m100_d3_s123,C_tiny2,123,0.019814339281360695,0.01850206634335588,0.002110534843548432,0.038858718725848465,0.0025735526310201595,0.0026220662752005973,0.03479309375528352,-5.887118031195064e-15
rand_n100_m100_d3_s123,C_tiny2,456,0.01989945044639076,0.01850206634335588,0.002110534843548432,0.03902237703467954,0.002740238956738867,0.0027918947791666774,0.03495744433830985,9.717986673264502e-07
rand_n100_m100_d3_s42,C_small,42,0.049447788287639766,0.009564803200782108,0.0006718010099443934,0.09423582352452732,0.07600756422943886,0.07674158236204844,0.09301801882504493,0.00017245223561860676
rand_n100_m100_d3_s42,C_small,123,0.04953584820340175,0.009564803200782108,0.0006718010099443934,0.09439572414452987,0.07616899426740341,0.07690457135768011,0.09317813443227214,-4.113312641117578e-15
rand_n100_m100_d3_s42,C_small,456,0.0497486261159769,0.009564803200782108,0.0006718010099443934,0.09478197899633285,0.07655894357084923,0.07729828646867982,0.09356490860575503,0.0001852090786362613
rand_n100_m100_d3_s42,C_medium,42,0.19779115315055906,0.009564803200782108,0.0006718010099443934,0.33025983307742346,0.3142890969843679,0.3173242408994083,0.32935936390024295,0.0019077101478680802
rand_n100_m100_d3_s42,C_medium,123,0.198143392813607,0.009564803200782108,0.0006718010099443934,0.3307507164869569,0.3147846755971082,0.31782460540012664,0.3298509073051025,0.00042071220986463165
rand_n100_m100_d3_s42,C_medium,456,0.1989945044639076,0.009564803200782108,0.0006718010099443934,0.33193564061059927,0.31598093328680105,0.31903241555626677,0.3310374245654616,0.0014388174721693887
rand_n100_m100_d3_s42,C_large,42,0.4944778828763976,0.009564803200782108,0.0006718010099443934,0.661739980955334,0.6489397872416969,0.6552067104833014,0.6612851885805212,0.007019275300557269
rand_n100_m100_d3_s42,C_large,123,0.4953584820340175,0.009564803200782108,0.0006718010099443934,0.6625280666616084,0.6497354108326571,0.6560100175482476,0.6620743338721728,0.005841413097773719
rand_n100_m100_d3_s42,C_large,456,0.497486261159769,0.009564803200782108,0.0006718010099443934,0.6644284813330804,0.6516540025964617,0.6579471374830045,0.6639773036611668,0.009343841663220083
rand_n100_m100_d3_s42,C_tiny05,42,0.004944778828763976,0.009564803200782108,0.0006718010099443934,0.009840896600362425,0.0,0.0,0.0085096224777233,4.708468618774438e-16
rand_n100_m100_d3_s42,C_tiny05,123,0.004953584820340174,0.009564803200782108,0.0006718010099443934,0.009858335539398563,0.0,0.0,0.008527084863504699,1.7291865934500635e-15
rand_n100_m100_d3_s42,C_tiny05,456,0.00497486261159769,0.009564803200782108,0.0006718010099443934,0.009900471736516205,0.0,0.0,0.008569277712961,8.468153228146482e-07
rand_n100_m100_d3_s42,C_tiny1,42,0.009889557657527952,0.009564803200782108,0.0006718010099443934,0.01958542413383718,0.0006431484597169674,0.0006493594551116776,0.01826725157972186,4.704309344425041e-16
rand_n100_m100_d3_s42,C_tiny1,123,0.009907169640680348,0.009564803200782108,0.0006718010099443934,0.019619960999396148,0.0006780156635981736,0.0006845633775832198,0.018301834880278228,-6.292395097565763e-16
rand_n100_m100_d3_s42,C_tiny1,456,0.00994972522319538,0.009564803200782108,0.0006718010099443934,0.019703406961166358,0.0007622597695706202,0.0007696210433898241,0.018385393035582957,3.7128639295657955e-06
rand_n100_m100_d3_s42,C_tiny2,42,0.019779115315055905,0.009564803200782108,0.0006718010099443934,0.03879097937585286,0.020032401057984275,0.020225857403616952,0.03749862879177935,2.3480064008377047e-15
rand_n100_m100_d3_s42,C_tiny2,123,0.019814339281360695,0.009564803200782108,0.0006718010099443934,0.038858718725848465,0.02010078832153154,0.020294905094741283,0.03756645921768732,-1.2602603330017166e-15
rand_n100_m100_d3_s42,C_tiny2,456,0.01989945044639076,0.009564803200782108,0.0006718010099443934,0.03902237703467954,0.020266011989878756,0.020461724356497298,0.03773033756597545,2.0689412611042282e-05
rand_n100_m100_d3_s456,C_small,42,0.049447788287639766,0.0019521881074299233,0.00024273306770793574,0.09423582352452732,0.09051541336364591,0.09069246210960984,0.09379599893020257,8.548058292727283e-05
rand_n100_m100_d3_s456,C_small,123,0.04953584820340175,0.0019521881074299233,0.00024273306770793574,0.09439572414452987,0.0906756261397372,0.0908529882629486,0.09395597719538823,0.0001679202635653954
rand_n100_m100_d3_s456,C_small,456,0.0497486261159769,0.0019521881074299233,0.00024273306770793574,0.09478197899633285,0.09106263503366831,0.0912407541488306,0.09434241960636822,0.00022173220098497582
rand_n100_m100_d3_s456,C_medium,42,0.19779115315055906,0.0019521881074299233,0.00024273306770793574,0.33025983307742346,0.3270001861810591,0.32763980070351323,0.3299346179663932,0.002595803891062925
rand_n100_m100_d3_s456,C_medium,123,0.198143392813607,0.0019521881074299233,0.00024273306770793574,0.3307507164869569,0.32749202788734677,0.32813260445542475,0.33042573974105754,0.0014405934420331197
rand_n100_m100_d3_s456,C_medium,456,0.1989945044639076,0.0019521881074299233,0.00024273306770793574,0.33193564061059927,0.32867926520577156,0.32932216401788034,0.3316112392448987,0.0020953278687771996
rand_n100_m100_d3_s456,C_large,42,0.4944778828763976,0.0019521881074299233,0.00024273306770793574,0.661739980955334,0.659127445661506,0.6604167032956278,0.6615757273013293,0.012678242754977814
rand_n100_m100_d3_s456,C_large,123,0.49535848203401744,0.0019521881074299233,0.00024273306770793574,0.6625280666616082,0.6599170698593237,0.6612078720035882,0.6623641956894153,0.010091396078221659
rand_n100_m100_d3_s456,C_large,456,0.497486261159769,0.0019521881074299233,0.00024273306770793574,0.6644284813330804,0.6618211944977167,0.6631157211223416,0.6642655331718506,0.008797618546263123
rand_n100_m100_d3_s456,C_tiny05,42,0.004944778828763976,0.0019521881074299233,0.00024273306770793574,0.009840896600362425,0.005955731666812253,0.005967381117261875,0.00936009117961341,6.613646405483845e-15
rand_n100_m100_d3_s456,C_tiny05,123,0.004953584820340174,0.0019521881074299233,0.00024273306770793574,0.009858335539398563,0.0059732046499377835,0.005984888277657725,0.009377538586719369,6.427479031730298e-07
rand_n100_m100_d3_s456,C_tiny05,456,0.00497486261159769,0.0019521881074299233,0.00024273306770793574,0.009900471736516205,0.006015423104838333,0.00602718931213471,0.009419695244500264,6.120864705699331e-15
rand_n100_m100_d3_s456,C_tiny1,42,0.009889557657527952,0.0019521881074299233,0.00024273306770793574,0.01958542413383718,0.01571928235105038,0.01575002937108028,0.019109350499772394,7.100226723826245e-15
rand_n100_m100_d3_s456,C_tiny1,123,0.009907169640680348,0.0019521881074299233,0.00024273306770793574,0.019619960999396148,0.015753886639067557,0.015784701345313214,0.01914390413588078,1.7947736701024174e-06
rand_n100_m100_d3_s456,C_tiny1,456,0.00994972522319538,0.0019521881074299233,0.00024273306770793574,0.019703406961166358,0.01583749550305195,0.0158684737487874,0.01922739061767512,1.1039226848206862e-05
rand_n100_m100_d3_s456,C_tiny2,42,0.019779115315055905,0.0019521881074299233,0.00024273306770793574,0.03879097937585286,0.034962330449606116,0.03503071699872577,0.03832423165217677,1.4971641380295915e-06
rand_n100_m100_d3_s456,C_tiny2,123,0.019814339281360695,0.0019521881074299233,0.00024273306770793574,0.038858718725848465,0.03503020203955518,0.035098721345952745,0.038392003895317085,3.1672266667732754e-05
rand_n100_m100_d3_s456,C_tiny2,456,0.01989945044639076,0.0019521881074299233,0.00024273306770793574,0.03902237703467954,0.03519417984019044,0.03526301988824834,0.038555741674004836,4.3979848250035845e-05
rand_n100_m100_d3_s789,C_small,42,0.04944778828763976,0.013233085538224313,0.001217546499196213,0.0942358235245273,0.06901668316154376,0.06994223473654705,0.09202751480164252,1.6594682822307307e-15
rand_n100_m100_d3_s789,C_small,123,0.04953584820340175,0.013233085538224313,0.001217546499196213,0.09439572414452987,0.06917869976012844,0.07010642406658053,0.0921878052691828,5.8969089951691245e-06
rand_n100_m100_d3_s789,C_small,456,0.0497486261159769,0.013233085538224313,0.001217546499196213,0.09478197899633285,0.06957006595542488,0.0705030386972098,0.09257500183405044,2.661072589060928e-05
rand_n100_m100_d3_s789,C_medium,42,0.19779115315055903,0.013233085538224313,0.001217546499196213,0.3302598330774234,0.308164018621928,0.31229666713137993,0.3286269653938763,0.001534928002346421
rand_n100_m100_d3_s789,C_medium,123,0.198143392813607,0.013233085538224313,0.001217546499196213,0.3307507164869569,0.3086613979336092,0.31280071657243,0.3291190456073278,0.0008837809048195008
rand_n100_m100_d3_s789,C_medium,456,0.1989945044639076,0.013233085538224313,0.001217546499196213,0.33193564061059927,0.309862002259536,0.3140174216608669,0.33030685864879905,0.003503539630785209
rand_n100_m100_d3_s789,C_large,42,0.4944778828763976,0.013233085538224313,0.001217546499196213,0.661739980955334,0.6440306716509302,0.6526674761913878,0.6609152822422912,0.012397325258453386
rand_n100_m100_d3_s789,C_large,123,0.49535848203401744,0.013233085538224313,0.001217546499196213,0.6625280666616082,0.6448291861627671,0.6534766992207923,0.6617052893499465,0.00833518127534703
rand_n100_m100_d3_s789,C_large,456,0.497486261159769,0.013233085538224313,0.001217546499196213,0.6644284813330804,0.6467547491841449,0.6554280850984068,0.6636103373491713,0.01768315098809704
rand_n100_m100_d3_s789,C_tiny05,42,0.004944778828763975,0.013233085538224313,0.001217546499196213,0.009840896600362423,0.0,0.0,0.0074268278594351094,-2.0356452127820337e-14
rand_n100_m100_d3_s789,C_tiny05,123,0.004953584820340174,0.013233085538224313,0.001217546499196213,0.009858335539398563,0.0,0.0,0.0074443093156762695,-3.1429708205336953e-15
rand_n100_m100_d3_s789,C_tiny05,456,0.00497486261159769,0.013233085538224313,0.001217546499196213,0.009900471736516205,0.0,0.0,0.00748654824343182,-4.1365773195340076e-15
rand_n100_m100_d3_s789,C_tiny1,42,0.00988955765752795,0.013233085538224313,0.001217546499196213,0.019585424133837178,0.0,0.0,0.017195113149853065,-2.814336103354691e-15
rand_n100_m100_d3_s789,C_tiny1,123,0.009907169640680348,0.013233085538224313,0.001217546499196213,0.019619960999396148,0.0,0.0,0.01722973421841261,-2.8116125971491544e-15
rand_n100_m100_d3_s789,C_tiny1,456,0.00994972522319538,0.013233085538224313,0.001217546499196213,0.019703406961166358,0.0,0.0,0.017313383626565503,-3.640474615681208e-15
rand_n100_m100_d3_s789,C_tiny2,42,0.0197791153150559,0.013233085538224313,0.001217546499196213,0.03879097937585285,0.012838132647596385,0.013010299047773448,0.03644749271576045,-3.9755619648578385e-15
rand_n100_m100_d3_s789,C_tiny2,123,0.019814339281360695,0.013233085538224313,0.001217546499196213,0.038858718725848465,0.012906768398204791,0.01307985524144239,0.03651539721845403,-1.702877668567144e-14
rand_n100_m100_d3_s789,C_tiny2,456,0.01989945044639076,0.013233085538224313,0.001217546499196213,0.03902237703467954,0.013072592411435668,0.013247903045640734,0.0366794545362991,-3.641047900048877e-15
rand_n100_m100_d5_s1024,C_small,42,0.049447788287639766,0.004752009361317396,0.0006500926967906968,0.09423582352452732,0.08517961431745255,0.08558632131755427,0.09305739608517259,9.550541252079884e-05
rand_n100_m100_d5_s1024,C_small,123,0.04953584820340175,0.004752009361317396,0.0006500926967906968,0.09439572414452987,0.08534027478669823,0.08574774889214559,0.09321750474086819,0.00010130021208546358
rand_n100_m100_d5_s1024,C_small,456,0.0497486261159769,0.004752009361317396,0.0006500926967906968,0.09478197899633285,0.08572836512517283,0.08613769224508375,0.09360426212227853,0.0001095861923791599
rand_n100_m100_d5_s1024,C_medium,42,0.19779115315055906,0.004752009361317396,0.0006500926967906968,0.33025983307742346,0.3223252121732397,0.32386421796882325,0.3293884802347766,0.003172067196743304
rand_n100_m100_d5_s1024,C_medium,123,0.198143392813607,0.004752009361317396,0.0006500926967906968,0.3307507164869569,0.3228184282653306,0.32435978901918466,0.3298800022989338,0.0021945898419791976
rand_n100_m100_d5_s1024,C_medium,456,0.1989945044639076,0.004752009361317396,0.0006500926967906968,0.33193564061059927,0.32400898315950094,0.3255560284543493,0.33106646804581225,0.00147232969286918
rand_n100_m100_d5_s1024,C_large,42,0.49447788287639755,0.004752009361317396,0.0006500926967906968,0.6617399809553339,0.6553805568169568,0.658509801558482,0.6612998941221032,0.01981335046574394
rand_n100_m100_d5_s1024,C_large,123,0.4953584820340175,0.004752009361317396,0.0006500926967906968,0.6625280666616084,0.656172387513885,0.6593054130084685,0.6620890051524575,0.009415600423002636
rand_n100_m100_d5_s1024,C_large,456,0.497486261159769,0.004752009361317396,0.0006500926967906968,0.6644284813330804,0.6580818329736663,0.6612239754951468,0.6639918923226806,0.011940476412356868
rand_n100_m100_d5_s1024,C_tiny05,42,0.004944778828763976,0.004752009361317396,0.0006500926967906968,0.009840896600362425,0.0003836419104963119,0.0003854736850562407,0.008552668729269767,-3.0990635490236816e-16
rand_n100_m100_d5_s1024,C_tiny05,123,0.004953584820340174,0.004752009361317396,0.0006500926967906968,0.009858335539398563,0.00040116371953400113,0.00040307915545407077,0.008570130356909416,-4.649431627192226e-16
rand_n100_m100_d5_s1024,C_tiny05,456,0.00497486261159769,0.004752009361317396,0.0006500926967906968,0.009900471736516205,0.00044350014825479754,0.0004456177278692009,0.008612321374533504,-9.300309643270542e-16
rand_n100_m100_d5_s1024,C_tiny1,42,0.009889557657527952,0.004752009361317396,0.0006500926967906968,0.01958542413383718,0.010174475530031757,0.010223055585877114,0.018309874196943337,1.8476870492038997e-06
rand_n100_m100_d5_s1024,C_tiny1,123,0.009907169640680348,0.004752009361317396,0.0006500926967906968,0.019619960999396148,0.010209176515099169,0.0102579222576954,0.018344455996041405,-9.300145492663951e-16
rand_n100_m100_d5_s1024,C_tiny1,456,0.00994972522319538,0.004752009361317396,0.0006500926967906968,0.019703406961166358,0.010293019012860876,0.010342165078128433,0.018428010523610098,-2.635861196921689e-15
rand_n100_m100_d5_s1024,C_tiny2,42,0.019779115315055905,0.004752009361317396,0.0006500926967906968,0.03879097937585286,0.029471295750346793,0.0296120123100516,0.03754041646524361,8.09096931801808e-06
rand_n100_m100_d5_s1024,C_tiny2,123,0.019814339281360695,0.004752009361317396,0.0006500926967906968,0.038858718725848465,0.029539356998367704,0.029680398530030037,0.03760824394624597,-2.9458584929528866e-15
rand_n100_m100_d5_s1024,C_tiny2,456,0.01989945044639076,0.004752009361317396,0.0006500926967906968,0.03902237703467954,0.029703793013014405,0.029845619677114365,0.03777211517964042,3.257976427876605e-15
rand_n100_m100_d5_s123,C_small,42,0.049447788287639766,0.021646272854776917,0.0019255881144490676,0.09423582352452732,0.052983132163680016,0.05415539461200969,0.09074083615295463,3.865183116867749e-06
rand_n100_m100_d5_s123,C_small,123,0.04953584820340175,0.021646272854776917,0.0019255881144490676,0.09439572414452987,0.05314649403613279,0.05432237089872498,0.09090135376649937,2.5287393729595687e-05
rand_n100_m100_d5_s123,C_small,456,0.0497486261159769,0.021646272854776917,0.0019255881144490676,0.09478197899633285,0.05354110986584938,0.05472571768298885,0.09128909902371285,0.000187335942321892
rand_n100_m100_d5_s123,C_medium,42,0.19779115315055906,0.021646272854776917,0.0019255881144490676,0.33025983307742346,0.2941161818276366,0.3006235614656979,0.3276755694396875,0.0013909931889259644
rand_n100_m100_d5_s123,C_medium,123,0.198143392813607,0.021646272854776917,0.0019255881144490676,0.3307507164869569,0.29461769103339275,0.3011361666634309,0.32816834697504516,0.001580620004943704
rand_n100_m100_d5_s123,C_medium,456,0.1989945044639076,0.021646272854776917,0.0019255881144490676,0.33193564061059927,0.2958282643479277,0.302373524155866,0.3293578432543942,0.0041370698676203976
rand_n100_m100_d5_s123,C_large,42,0.49447788287639766,0.021646272854776917,0.0019255881144490676,0.661739980955334,0.6327716394324543,0.646771839137204,0.6604347687096154,0.013800258483627826
rand_n100_m100_d5_s123,C_large,123,0.49535848203401744,0.021646272854776917,0.0019255881144490676,0.6625280666616082,0.6335767842569594,0.6475947979527794,0.661225895328373,0.008150456781863264
rand_n100_m100_d5_s123,C_large,456,0.49748626115976896,0.021646272854776917,0.0019255881144490676,0.6644284813330804,0.6355183358229475,0.649579306737402,0.6631336429518981,0.01993533637715559
rand_n100_m100_d5_s123,C_tiny05,42,0.004944778828763976,0.021646272854776917,0.0019255881144490676,0.009840896600362425,0.0,0.0,0.0060202624307760366,1.0312173457400889e-15
rand_n100_m100_d5_s123,C_tiny05,123,0.004953584820340174,0.021646272854776917,0.0019255881144490676,0.009858335539398563,0.0,0.0,0.006037768659812473,-7.35696894829366e-16
rand_n100_m100_d5_s123,C_tiny05,456,0.00497486261159769,0.021646272854776917,0.0019255881144490676,0.009900471736516205,0.0,0.0,0.006080067443926419,-4.4168348473988044e-16
rand_n100_m100_d5_s123,C_tiny1,42,0.009889557657527952,0.021646272854776917,0.0019255881144490676,0.01958542413383718,0.0,0.0,0.015802390259731635,2.5059413370524885e-14
rand_n100_m100_d5_s123,C_tiny1,123,0.009907169640680348,0.021646272854776917,0.0019255881144490676,0.019619960999396148,0.0,0.0,0.015837060389458157,-1.4558299585517558e-14
rand_n100_m100_d5_s123,C_tiny1,456,0.00994972522319538,0.021646272854776917,0.0019255881144490676,0.019703406961166358,0.0,0.0,0.015920828336343444,1.030612306649047e-15
rand_n100_m100_d5_s123,C_tiny2,42,0.019779115315055905,0.021646272854776917,0.0019255881144490676,0.03879097937585286,0.0,0.0,0.0350820521784941,4.42775268803308e-16
rand_n100_m100_d5_s123,C_tiny2,123,0.019814339281360695,0.021646272854776917,0.0019255881144490676,0.038858718725848465,0.0,0.0,0.03515005290797339,-2.9376427148709455e-16
rand_n100_m100_d5_s123,C_tiny2,456,0.01989945044639076,0.021646272854776917,0.0019255881144490676,0.03902237703467954,0.0,0.0,0.035314342709788483,1.063253661575842e-06
rand_n100_m100_d5_s42,C_small,42,0.049447788287639766,0.017666979467342143,0.0014866661153557941,0.09423582352452732,0.060566726949138935,0.06165600227537641,0.09153867594727765,2.4449127204239193e-05
rand_n100_m100_d5_s42,C_small,123,0.04953584820340175,0.017666979467342143,0.0014866661153557941,0.09439572414452987,0.060729452530111895,0.06182165442955597,0.09169905271281678,1.4436576973328642e-05
rand_n100_m100_d5_s42,C_small,456,0.0497486261159769,0.017666979467342143,0.0014866661153557941,0.09478197899633285,0.061122531338450845,0.06222180264825864,0.09208645773854451,1.8719020392206486e-05
rand_n100_m100_d5_s42,C_medium,42,0.19779115315055906,0.017666979467342143,0.0014866661153557941,0.33025983307742346,0.3007605678326058,0.30616966094606307,0.32826550815762906,0.0022818228450076266
rand_n100_m100_d5_s42,C_medium,123,0.198143392813607,0.017666979467342143,0.0014866661153557941,0.3307507164869569,0.3012601236692564,0.3066782011520919,0.32875785329973395,0.0003988413568842863
rand_n100_m100_d5_s42,C_medium,456,0.1989945044639076,0.017666979467342143,0.0014866661153557941,0.33193564061059927,0.30246598182306156,0.3079057463211947,0.32994630584204454,0.0013031040844251641
rand_n100_m100_d5_s42,C_large,42,0.4944778828763976,0.017666979467342143,0.0014866661153557941,0.661739980955334,0.638096968676907,0.6495729608385828,0.6607327240836868,0.009989011329798073
rand_n100_m100_d5_s42,C_large,123,0.4953584820340175,0.017666979467342143,0.0014866661153557941,0.6625280666616084,0.6388989774771726,0.650389393538596,0.6615231565193953,0.006758426457484333
rand_n100_m100_d5_s42,C_large,456,0.497486261159769,0.017666979467342143,0.0014866661153557941,0.6644284813330804,0.6408329667356251,0.6523581650427891,0.6634292301680714,0.009355630667158655
rand_n100_m100_d5_s42,C_tiny05,42,0.004944778828763976,0.017666979467342143,0.0014866661153557941,0.009840896600362425,0.0,0.0,0.006892441256038749,-7.134071442408436e-15
rand_n100_m100_d5_s42,C_tiny05,123,0.004953584820340174,0.017666979467342143,0.0014866661153557941,0.009858335539398563,0.0,0.0,0.006909932124035418,7.810367295257242e-15
rand_n100_m100_d5_s42,C_tiny05,456,0.00497486261159769,0.017666979467342143,0.0014866661153557941,0.009900471736516205,0.0,0.0,0.00695219379260018,-3.822758768777071e-15
rand_n100_m100_d5_s42,C_tiny1,42,0.009889557657527952,0.017666979467342143,0.0014866661153557941,0.01958542413383718,0.0,0.0,0.01666598564567868,-8.948729570575964e-15
rand_n100_m100_d5_s42,C_tiny1,123,0.009907169640680348,0.017666979467342143,0.0014866661153557941,0.019619960999396148,0.0,0.0,0.01670062535370557,-7.64775864166195e-15
rand_n100_m100_d5_s42,C_tiny1,456,0.00994972522319538,0.017666979467342143,0.0014866661153557941,0.019703406961166358,0.0,0.0,0.01678431979745317,-3.658895625185385e-15
rand_n100_m100_d5_s42,C_tiny2,42,0.019779115315055905,0.017666979467342143,0.0014866661153557941,0.03879097937585286,0.004142339877319859,0.004216838679691055,0.0359287304058229,-3.802720836585623e-15
rand_n100_m100_d5_s42,C_tiny2,123,0.019814339281360695,0.017666979467342143,0.0014866661153557941,0.038858718725848465,0.004211275977020967,0.004287014575502567,0.03599667146728874,-5.9907970948901905e-15
rand_n100_m100_d5_s42,C_tiny2,456,0.01989945044639076,0.017666979467342143,0.0014866661153557941,0.03902237703467954,0.004377825633833818,0.004456559580436376,0.03616081711114877,5.526137252075247e-09
rand_n100_m100_d5_s456,C_small,42,0.049447788287639766,0.0028660536079505626,0.00036128895099232767,0.09423582352452732,0.08877380123063687,0.08902896301128746,0.09358110180247264,8.737177484991206e-05
rand_n100_m100_d5_s456,C_small,123,0.04953584820340175,0.0028660536079505626,0.00036128895099232767,0.09439572414452987,0.08893416013438829,0.08918978283326989,0.09374111800488838,0.0002510480237502721
rand_n100_m100_d5_s456,C_small,456,0.0497486261159769,0.0028660536079505626,0.00036128895099232767,0.09478197899633285,0.08932152201330286,0.08957825810313327,0.09412765205678372,0.0001475428903974059
rand_n100_m100_d5_s456,C_medium,42,0.19779115315055906,0.0028660536079505626,0.00036128895099232767,0.33025983307742346,0.32547426824767495,0.3264097761643211,0.32977571872756806,0.0014244967723809347
rand_n100_m100_d5_s456,C_medium,123,0.198143392813607,0.0028660536079505626,0.00036128895099232767,0.3307507164869569,0.3259665585553755,0.32690348145785936,0.33026695696680175,0.001985869204252114
rand_n100_m100_d5_s456,C_medium,456,0.1989945044639076,0.0028660536079505626,0.00036128895099232767,0.33193564061059927,0.32715487873507754,0.32809521721613116,0.33145273759987876,0.0008761580439098164
rand_n100_m100_d5_s456,C_large,42,0.4944778828763976,0.0028660536079505626,0.00036128895099232767,0.661739980955334,0.6579044559993751,0.659795465172843,0.6614954734025702,0.02119844691968798
rand_n100_m100_d5_s456,C_large,123,0.49535848203401744,0.0028660536079505626,0.00036128895099232767,0.6625280666616082,0.6586948004015313,0.6605880812551816,0.6622841287679723,0.008788305692084272
rand_n100_m100_d5_s456,C_large,456,0.497486261159769,0.0028660536079505626,0.00036128895099232767,0.6644284813330804,0.6606006617633291,0.6624994206180567,0.6641859171333911,0.00969453643217552
rand_n100_m100_d5_s456,C_tiny05,42,0.004944778828763976,0.0028660536079505626,0.00036128895099232767,0.009840896600362425,0.004136993921668237,0.004148884848055979,0.009125170929019908,-3.4821661647289674e-15
rand_n100_m100_d5_s456,C_tiny05,123,0.004953584820340174,0.0028660536079505626,0.00036128895099232767,0.009858335539398563,0.004154482841638518,0.004166424036279951,0.009142622473602273,1.1099610185526037e-05
rand_n100_m100_d5_s456,C_tiny05,456,0.00497486261159769,0.0028660536079505626,0.00036128895099232767,0.009900471736516205,0.004196739803355935,0.004208802456822462,0.009184789128408853,4.57469344881377e-15
rand_n100_m100_d5_s456,C_tiny1,42,0.009889557657527952,0.0028660536079505626,0.00036128895099232767,0.01958542413383718,0.013909449793438083,0.013949429606490617,0.01887674218757568,-1.4672311216218158e-15
rand_n100_m100_d5_s456,C_tiny1,123,0.009907169640680348,0.0028660536079505626,0.00036128895099232767,0.019619960999396148,0.013944085643505189,0.013984165010086523,0.018911304017729936,2.9190968936958466e-05
rand_n100_m100_d5_s456,C_tiny1,456,0.00994972522319538,0.0028660536079505626,0.00036128895099232767,0.019703406961166358,0.014027770765875202,0.014068090667890885,0.01899481029750036,7.019873156704403e-07
rand_n100_m100_d5_s456,C_tiny2,42,0.019779115315055905,0.0028660536079505626,0.00036128895099232767,0.03879097937585286,0.03317004918634784,0.03326538957616247,0.03809617995500763,1.2945845091998424e-05
rand_n100_m100_d5_s456,C_tiny2,123,0.019814339281360695,0.0028660536079505626,0.00036128895099232767,0.038858718725848465,0.03323798268095189,0.03333351833143138,0.038163968269651016,6.537315142848219e-05
rand_n100_m100_d5_s456,C_tiny2,456,0.01989945044639076,0.0028660536079505626,0.00036128895099232767,0.03902237703467954,0.03340211004326947,0.03349811744362833,0.03832774487709952,3.7599066121939315e-05
rand_n100_m100_d5_s789,C_small,42,0.04944778828763976,0.040042844015460356,0.004018698623674158,0.0942358235245273,0.017923605875667693,0.018671256070053564,0.08692646290832837,9.704358001632092e-06
rand_n100_m100_d5_s789,C_small,123,0.04953584820340175,0.040042844015460356,0.004018698623674158,0.09439572414452987,0.018089909371255,0.01884449660954071,0.0870876538987438,6.302850786431269e-07
rand_n100_m100_d5_s789,C_small,456,0.0497486261159769,0.040042844015460356,0.004018698623674158,0.09478197899633285,0.018491630965838942,0.019262975280260063,0.08747702576055327,2.001154339901655e-05
rand_n100_m100_d5_s789,C_medium,42,0.19779115315055903,0.040042844015460356,0.004018698623674158,0.3302598330774234,0.2633986880269939,0.2743858789789948,0.3248551454928036,0.0012007340936782199
rand_n100_m100_d5_s789,C_medium,123,0.198143392813607,0.040042844015460356,0.004018698623674158,0.3307507164869569,0.26390922780432513,0.27491771498245443,0.325349990246751,0.0006924791201032539
rand_n100_m100_d5_s789,C_medium,456,0.1989945044639076,0.040042844015460356,0.004018698623674158,0.33193564061059927,0.2651415996598207,0.27620149295922414,0.3265444765036147,0.001190522912514626
rand_n100_m100_d5_s789,C_large,42,0.4944778828763976,0.040042844015460356,0.004018698623674158,0.661739980955334,0.6081522437606014,0.6335201940724903,0.6590102809677935,0.006221194961769232
rand_n100_m100_d5_s789,C_large,123,0.49535848203401744,0.040042844015460356,0.004018698623674158,0.6625280666616082,0.6089718866598829,0.6343740268651016,0.6598047263897346,0.011185588633958271
rand_n100_m100_d5_s789,C_large,456,0.497486261159769,0.040042844015460356,0.004018698623674158,0.6644284813330804,0.6109483993396094,0.6364329861294861,0.6617204770796925,0.005835769133800037
rand_n100_m100_d5_s789,C_tiny05,42,0.004944778828763975,0.040042844015460356,0.004018698623674158,0.009840896600362423,0.0,0.0,0.0018504834860763309,-3.98480900943204e-14
rand_n100_m100_d5_s789,C_tiny05,123,0.004953584820340174,0.040042844015460356,0.004018698623674158,0.009858335539398563,0.0,0.0,0.0018680631543414351,1.475501551845009e-16
rand_n100_m100_d5_s789,C_tiny05,456,0.00497486261159769,0.040042844015460356,0.004018698623674158,0.009900471736516205,0.0,0.0,0.0019105393832992933,-2.9520078127445193e-16
rand_n100_m100_d5_s789,C_tiny1,42,0.00988955765752795,0.040042844015460356,0.004018698623674158,0.019585424133837178,0.0,0.0,0.011673647675345759,-8.85632640300015e-16
rand_n100_m100_d5_s789,C_tiny1,123,0.009907169640680348,0.040042844015460356,0.004018698623674158,0.019619960999396148,0.0,0.0,0.011708463247450515,-1.4753471054079235e-16
rand_n100_m100_d5_s789,C_tiny1,456,0.00994972522319538,0.040042844015460356,0.004018698623674158,0.019703406961166358,0.0,0.0,0.011792582603733764,-1.4763519461799467e-16
rand_n100_m100_d5_s789,C_tiny2,42,0.0197791153150559,0.040042844015460356,0.004018698623674158,0.03879097937585285,0.0,0.0,0.031034188434280942,1.919388881182598e-15
rand_n100_m100_d5_s789,C_tiny2,123,0.019814339281360695,0.040042844015460356,0.004018698623674158,0.038858718725848465,0.0,0.0,0.031102474429142712,2.6550689571224454e-15
rand_n100_m100_d5_s789,C_tiny2,456,0.01989945044639076,0.040042844015460356,0.004018698623674158,0.03902237703467954,0.0,0.0,0.031267453432287116,1.2568158624723832e-06
rand_n100_m100_d8_s1024,C_small,42,0.049447788287639766,0.0057639799817827166,0.0006740955896119907,0.09423582352452732,0.08325103696132408,0.08373367619471146,0.09301385652878352,0.00014293548979822418
rand_n100_m100_d8_s1024,C_small,123,0.04953584820340175,0.0057639799817827166,0.0006740955896119907,0.09439572414452987,0.08341185924529941,0.08389543082916172,0.09317397287080878,1.2704000728544172e-06
rand_n100_m100_d8_s1024,C_small,456,0.0497486261159769,0.0057639799817827166,0.0006740955896119907,0.09478197899633285,0.08380034046233603,0.08428616422567407,0.09356074881926485,8.296321786846703e-05
rand_n100_m100_d8_s1024,C_medium,42,0.19779115315055906,0.0057639799817827166,0.0006740955896119907,0.33025983307742346,0.32063548418050314,0.32249433507209707,0.3293562862150515,0.004315012745608227
rand_n100_m100_d8_s1024,C_medium,123,0.198143392813607,0.0057639799817827166,0.0006740955896119907,0.3307507164869569,0.32112919703218257,0.3229909101727159,0.3298478318756883,0.0007887905052428076
rand_n100_m100_d8_s1024,C_medium,456,0.1989945044639076,0.0057639799817827166,0.0006740955896119907,0.33193564061059927,0.32232095103475356,0.3241895732452418,0.33103435458117914,0.003156365268864316
rand_n100_m100_d8_s1024,C_large,42,0.49447788287639755,0.0057639799817827166,0.0006740955896119907,0.6617399809553339,0.6540262769951403,0.6578179263543042,0.6612836341600117,0.022345770464417755
rand_n100_m100_d8_s1024,C_large,123,0.4953584820340175,0.0057639799817827166,0.0006740955896119907,0.6625280666616084,0.6548189052116495,0.6586151497505103,0.6620727830731867,0.00532672080749612
rand_n100_m100_d8_s1024,C_large,456,0.497486261159769,0.0057639799817827166,0.0006740955896119907,0.6644284813330804,0.6567302738352451,0.6605375993350271,0.6639757615952363,0.01410639708551175
rand_n100_m100_d8_s1024,C_tiny05,42,0.004944778828763976,0.0057639799817827166,0.0006740955896119907,0.009840896600362425,0.0,0.0,0.008505072357900366,-1.0763474233552184e-15
rand_n100_m100_d8_s1024,C_tiny05,123,0.004953584820340174,0.0057639799817827166,0.0006740955896119907,0.009858335539398563,0.0,0.0,0.008522534823819657,1.5376105306021733e-16
rand_n100_m100_d8_s1024,C_tiny05,456,0.00497486261159769,0.0057639799817827166,0.0006740955896119907,0.009900471736516205,0.0,0.0,0.008564727866906196,-1.538113232628872e-16
rand_n100_m100_d8_s1024,C_tiny1,42,0.009889557657527952,0.0057639799817827166,0.0006740955896119907,0.01958542413383718,0.008170354162913911,0.00821772094191901,0.01826274623933664,-6.150999915795805e-16
rand_n100_m100_d8_s1024,C_tiny1,123,0.009907169640680348,0.0057639799817827166,0.0006740955896119907,0.019619960999396148,0.00820509009827459,0.00825265825525437,0.01829732969860172,-2.4603082888324494e-15
rand_n100_m100_d8_s1024,C_tiny1,456,0.00994972522319538,0.0057639799817827166,0.0006740955896119907,0.019703406961166358,0.008289017040898006,0.008337071755603994,0.01838088823736919,1.8464382250676657e-15
rand_n100_m100_d8_s1024,C_tiny2,42,0.019779115315055905,0.0057639799817827166,0.0006740955896119907,0.03879097937585286,0.02748660984088359,0.02764596060438441,0.037494211707490864,1.772758946153644e-06
rand_n100_m100_d8_s1024,C_tiny2,123,0.019814339281360695,0.0057639799817827166,0.0006740955896119907,0.038858718725848465,0.027554739639136547,0.0277144853780611,0.03756204244468433,-9.227142040160646e-16
rand_n100_m100_d8_s1024,C_tiny2,456,0.01989945044639076,0.0057639799817827166,0.0006740955896119907,0.03902237703467954,0.027719341271183574,0.02788004127096067,0.03772592154503837,-4.61961130417465e-16
rand_n100_m100_d8_s123,C_small,42,0.049447788287639766,0.002459463444768326,0.0002171065807851237,0.09423582352452732,0.08954866619813688,0.0897694508810357,0.09384244339240738,0.0002365419950278619
rand_n100_m100_d8_s123,C_small,123,0.04953584820340175,0.002459463444768326,0.0002171065807851237,0.09439572414452987,0.08970896008786913,0.08993013997973218,0.09400241345844089,6.100593535261677e-07
rand_n100_m100_d8_s123,C_small,456,0.0497486261159769,0.002459463444768326,0.0002171065807851237,0.09478197899633285,0.09009616491936047,0.09031829947531365,0.0943888360636046,0.000135194794657048
rand_n100_m100_d8_s123,C_medium,42,0.19779115315055906,0.002459463444768326,0.0002171065807851237,0.33025983307742346,0.3261531681746159,0.32695730772095555,0.32996895993163927,0.0023690458697451754
rand_n100_m100_d8_s123,C_medium,123,0.198143392813607,0.002459463444768326,0.0002171065807851237,0.3307507164869569,0.32664525889395085,0.3274506117034024,0.33046005653549587,0.00016357454860519525
rand_n100_m100_d8_s123,C_medium,456,0.1989945044639076,0.002459463444768326,0.0002171065807851237,0.33193564061059927,0.32783309729516014,0.3286413787526405,0.3316454952805158,0.0012621655102206181
rand_n100_m100_d8_s123,C_large,42,0.49447788287639766,0.002459463444768326,0.0002171065807851237,0.661739980955334,0.6584485793588987,0.6600720023195187,0.6615930721081543,0.008149998535503886
rand_n100_m100_d8_s123,C_large,123,0.49535848203401744,0.002459463444768326,0.0002171065807851237,0.6625280666616082,0.659238603333159,0.66086397411947,0.662381500085924,0.001740738314876494
rand_n100_m100_d8_s123,C_large,456,0.49748626115976896,0.002459463444768326,0.0002171065807851237,0.6644284813330804,0.6611436920050454,0.6627737598395224,0.664282740121651,0.010960718123620474
rand_n100_m100_d8_s123,C_tiny05,42,0.004944778828763976,0.002459463444768326,0.0002171065807851237,0.009840896600362425,0.004946173036278109,0.0049583679610239574,0.009410863122519708,4.632270081932179e-07
rand_n100_m100_d8_s123,C_tiny05,123,0.004953584820340174,0.002459463444768326,0.0002171065807851237,0.009858335539398563,0.0049636548657473216,0.004975892892421315,0.009428309635417034,-1.3317331426446762e-14
rand_n100_m100_d8_s123,C_tiny05,456,0.00497486261159769,0.002459463444768326,0.0002171065807851237,0.009900471736516205,0.005005894695301478,0.005018236865429188,0.009470464132599108,-7.40157439829721e-15
rand_n100_m100_d8_s123,C_tiny1,42,0.009889557657527952,0.002459463444768326,0.0002171065807851237,0.01958542413383718,0.014714666879007986,0.014750946292189366,0.019159622776924092,1.952934673847687e-06
rand_n100_m100_d8_s123,C_tiny1,123,0.009907169640680348,0.002459463444768326,0.0002171065807851237,0.019619960999396148,0.014749288686725285,0.014785653460919432,0.019194174642101155,-7.066967257230892e-15
rand_n100_m100_d8_s123,C_tiny1,456,0.00994972522319538,0.002459463444768326,0.0002171065807851237,0.019703406961166358,0.01483293988078809,0.014869510899286467,0.019277656845074452,2.796226146727133e-15
rand_n100_m100_d8_s123,C_tiny2,42,0.019779115315055905,0.002459463444768326,0.0002171065807851237,0.03879097937585286,0.033967457482077884,0.034051205176459695,0.03837351913471224,1.1614963346245038e-05
rand_n100_m100_d8_s123,C_tiny2,123,0.019814339281360695,0.002459463444768326,0.0002171065807851237,0.038858718725848465,0.03403536343452858,0.03411927855289127,0.038441287904412376,-7.22574053294163e-15
rand_n100_m100_d8_s123,C_tiny2,456,0.01989945044639076,0.002459463444768326,0.0002171065807851237,0.03902237703467954,0.03419942425498765,0.03428374386978519,0.038605017291266655,7.468195651277992e-06
rand_n100_m100_d8_s42,C_small,42,0.049447788287639766,0.00238003998187594,0.00015790791240816534,0.09423582352452732,0.08970002858848883,0.08991402756903462,0.09394972368661648,0.0002874463617667015
rand_n100_m100_d8_s42,C_small,123,0.04953584820340175,0.00238003998187594,0.00015790791240816534,0.09439572414452987,0.0898603097783601,0.09007469114463947,0.09410967481374072,0.0003665251608959056
rand_n100_m100_d8_s42,C_small,456,0.0497486261159769,0.00238003998187594,0.00015790791240816534,0.09478197899633285,0.09024748393215358,0.09046278898681419,0.0944960516702038,0.0006367707088665115
rand_n100_m100_d8_s42,C_medium,42,0.19779115315055906,0.00238003998187594,0.00015790791240816534,0.33025983307742346,0.3262857847208035,0.32706421061871677,0.3300482851290993,0.003231424983602137
rand_n100_m100_d8_s42,C_medium,123,0.198143392813607,0.00238003998187594,0.00015790791240816534,0.3307507164869569,0.3267778364524781,0.32755743624710704,0.3305393235918658,0.002817966247031383
rand_n100_m100_d8_s42,C_medium,456,0.1989945044639076,0.00238003998187594,0.00015790791240816534,0.33193564061059927,0.3279655807429102,0.3287480141605747,0.3317246219923989,0.0032572292779272424
rand_n100_m100_d8_s42,C_large,42,0.4944778828763976,0.00238003998187594,0.00015790791240816534,0.661739980955334,0.6585548686038617,0.6601259948647153,0.6616331362167874,0.01797438843339461
rand_n100_m100_d8_s42,C_large,123,0.4953584820340175,0.00238003998187594,0.00015790791240816534,0.6625280666616084,0.6593448299856262,0.6609178408716356,0.662421470852307,0.0188094188676481
rand_n100_m100_d8_s42,C_large,456,0.497486261159769,0.00238003998187594,0.00015790791240816534,0.6644284813330804,0.6612497677199985,0.6628273232504143,0.6643224857995944,0.013556427715002093
rand_n100_m100_d8_s42,C_tiny05,42,0.004944778828763976,0.00238003998187594,0.00015790791240816534,0.009840896600362425,0.005104238363976915,0.005116415637758676,0.009528139299570412,5.211156605855885e-16
rand_n100_m100_d8_s42,C_tiny05,123,0.004953584820340174,0.00238003998187594,0.00015790791240816534,0.009858335539398563,0.005121718808385201,0.005133937785579343,0.009545583746969281,8.515013161493317e-06
rand_n100_m100_d8_s42,C_tiny05,456,0.00497486261159769,0.00238003998187594,0.00015790791240816534,0.009900471736516205,0.005163955291336668,0.005176275032872089,0.009587733253466426,8.096885237252923e-06
rand_n100_m100_d8_s42,C_tiny1,42,0.009889557657527952,0.00238003998187594,0.00015790791240816534,0.01958542413383718,0.014871958262585834,0.014907438562391684,0.01927574479508016,-5.206000214444984e-16
rand_n100_m100_d8_s42,C_tiny1,123,0.009907169640680348,0.00238003998187594,0.00015790791240816534,0.019619960999396148,0.014906577327265675,0.014942140218400266,0.019310292569650427,2.1066841580514632e-05
rand_n100_m100_d8_s42,C_tiny1,456,0.00994972522319538,0.00238003998187594,0.00015790791240816534,0.019703406961166358,0.01499022189376123,0.015025984337250926,0.019393764889137972,5.888370018450478e-05
rand_n100_m100_d8_s42,C_tiny2,42,0.019779115315055905,0.00238003998187594,0.00015790791240816534,0.03879097937585286,0.03412322349395164,0.03420463188540425,0.03848736641329445,2.4634922538590833e-05
rand_n100_m100_d8_s42,C_tiny2,123,0.019814339281360695,0.00238003998187594,0.00015790791240816534,0.038858718725848465,0.03419112406630858,0.03427269444938473,0.03855512715982743,4.800695796673387e-05
rand_n100_m100_d8_s42,C_tiny2,456,0.01989945044639076,0.00238003998187594,0.00015790791240816534,0.03902237703467954,0.03435517188845803,0.034437133643390516,0.038718837162705196,0.00019952918504166953
rand_n100_m100_d8_s456,C_small,42,0.049447788287639766,0.00012064936205723103,1.0476630524601725e-05,0.09423582352452732,0.09400589429240404,0.09401723741212017,0.09421684461245354,2.3972288936394664e-05
rand_n100_m100_d8_s456,C_small,123,0.04953584820340175,0.00012064936205723103,1.0476630524601725e-05,0.09439572414452987,0.09416581420431439,0.094177176620594,0.09437674858293064,0.00017782056931488774
rand_n100_m100_d8_s456,C_small,456,0.0497486261159769,0.00012064936205723103,1.0476630524601725e-05,0.09478197899633285,0.09455211565751882,0.09456352468644612,0.09476301152811716,0.0001572357132468953
rand_n100_m100_d8_s456,C_medium,42,0.19779115315055906,0.00012064936205723103,1.0476630524601725e-05,0.33025983307742346,0.3300583799914829,0.33009820612946866,0.3302457996898481,0.002204026328888505
rand_n100_m100_d8_s456,C_medium,123,0.198143392813607,0.00012064936205723103,1.0476630524601725e-05,0.3307507164869569,0.3305493226257866,0.33058920800283514,0.33073669338509765,0.001449413799085012
rand_n100_m100_d8_s456,C_medium,456,0.1989945044639076,0.00012064936205723103,1.0476630524601725e-05,0.33193564061059927,0.3317343897097686,0.331774418081657,0.33192164233702454,0.0031981964474855737
rand_n100_m100_d8_s456,C_large,42,0.4944778828763976,0.00012064936205723103,1.0476630524601725e-05,0.661739980955334,0.6615785207377696,0.6616583493955239,0.6617328932305969,0.010884354245466105
rand_n100_m100_d8_s456,C_large,123,0.49535848203401744,0.00012064936205723103,1.0476630524601725e-05,0.6625280666616082,0.6623667015260817,0.6624466252888196,0.6625209954500096,0.005575899159622167
rand_n100_m100_d8_s456,C_large,456,0.497486261159769,0.00012064936205723103,1.0476630524601725e-05,0.6644284813330804,0.6642673454813716,0.6643474985832598,0.6644214499417839,0.016721742563229704
rand_n100_m100_d8_s456,C_tiny05,42,0.004944778828763976,0.00012064936205723103,1.0476630524601725e-05,0.009840896600362425,0.009600785174144867,0.009601943642519846,0.009820149320827063,1.02009322247836e-06
rand_n100_m100_d8_s456,C_tiny05,123,0.004953584820340174,0.00012064936205723103,1.0476630524601725e-05,0.009858335539398563,0.009618226217177877,0.009619386790057478,0.009837588625269674,1.0106624479910863e-06
rand_n100_m100_d8_s456,C_tiny05,456,0.00497486261159769,0.00012064936205723103,1.0476630524601725e-05,0.009900471736516205,0.00966036749800082,0.009661533155812564,0.009879725705287303,1.008047875825093e-06
rand_n100_m100_d8_s456,C_tiny1,42,0.009889557657527952,0.00012064936205723103,1.0476630524601725e-05,0.01958542413383718,0.019346488378650085,0.019348822801777677,0.019564881036070167,2.067840704936769e-06
rand_n100_m100_d8_s456,C_tiny1,123,0.009907169640680348,0.00012064936205723103,1.0476630524601725e-05,0.019619960999396148,0.019381029411059847,0.019383368002043818,0.019599418625296676,1.4141914825676857e-05
rand_n100_m100_d8_s456,C_tiny1,456,0.00994972522319538,0.00012064936205723103,1.0476630524601725e-05,0.019703406961166358,0.019464485440532118,0.01946683410164775,0.019682866335550227,1.1437453011426608e-05
rand_n100_m100_d8_s456,C_tiny2,42,0.019779115315055905,0.00012064936205723103,1.0476630524601725e-05,0.03879097937585286,0.03855436075865368,0.03855901287895907,0.03877083870131447,4.165395018024205e-06
rand_n100_m100_d8_s456,C_tiny2,123,0.019814339281360695,0.00012064936205723103,1.0476630524601725e-05,0.038858718725848465,0.03862210828135864,0.038626768576345706,0.038838579470685225,5.298493252478802e-05
rand_n100_m100_d8_s456,C_tiny2,456,0.01989945044639076,0.00012064936205723103,1.0476630524601725e-05,0.03902237703467954,0.038785786335460266,0.038790466380482974,0.0390022412087275,4.640239363027434e-05
rand_n100_m100_d8_s789,C_small,42,0.04944778828763976,0.004999890155174463,0.00039994599300455393,0.0942358235245273,0.08470721198048344,0.08513286696389798,0.0935110201363396,0.0002936017787370482
rand_n100_m100_d8_s789,C_small,123,0.04953584820340175,0.004999890155174463,0.00039994599300455393,0.09439572414452987,0.08486791208602175,0.08529437458982517,0.09367104871074153,7.599413398325347e-05
rand_n100_m100_d8_s789,C_small,456,0.0497486261159769,0.004999890155174463,0.00039994599300455393,0.09478197899633285,0.08525609816965565,0.08568451131422658,0.09405761264832264,7.253531146986622e-05
rand_n100_m100_d8_s789,C_medium,42,0.19779115315055903,0.004999890155174463,0.00039994599300455393,0.3302598330774234,0.3219113156551278,0.32352892474085376,0.32972389894048304,0.0039406788816414365
rand_n100_m100_d8_s789,C_medium,123,0.198143392813607,0.004999890155174463,0.00039994599300455393,0.3307507164869569,0.322404653427788,0.32402474154306216,0.33021517516082505,0.0009094868068972391
rand_n100_m100_d8_s789,C_medium,456,0.1989945044639076,0.004999890155174463,0.00039994599300455393,0.33193564061059927,0.32359550204189086,0.32522157418892833,0.3314010474750029,0.0014470088857124342
rand_n100_m100_d8_s789,C_large,42,0.4944778828763976,0.004999890155174463,0.00039994599300455393,0.661739980955334,0.655048827861049,0.6583404578349309,0.6614693012196371,0.03336554162965424
rand_n100_m100_d8_s789,C_large,123,0.49535848203401744,0.004999890155174463,0.00039994599300455393,0.6625280666616082,0.6558408539092876,0.659136463825686,0.6622580175615723,0.0034843494853293226
rand_n100_m100_d8_s789,C_large,456,0.497486261159769,0.004999890155174463,0.00039994599300455393,0.6644284813330804,0.6577507704453663,0.6610559777203897,0.6641599529677221,0.011680390533768745
rand_n100_m100_d8_s789,C_tiny05,42,0.004944778828763975,0.004999890155174463,0.00039994599300455393,0.009840896600362423,0.0,0.0,0.00904855937658133,4.888944980028475e-15
rand_n100_m100_d8_s789,C_tiny05,123,0.004953584820340174,0.004999890155174463,0.00039994599300455393,0.009858335539398563,0.0,0.0,0.009066012270466235,1.5563700563206897e-06
rand_n100_m100_d8_s789,C_tiny05,456,0.00497486261159769,0.004999890155174463,0.00039994599300455393,0.009900471736516205,0.0,0.0,0.009108182185475608,1.086215704179074e-06
rand_n100_m100_d8_s789,C_tiny1,42,0.00988955765752795,0.004999890155174463,0.00039994599300455393,0.019585424133837178,0.009683568792799944,0.009732228868105488,0.018800884598191684,2.4925561882570457e-06
rand_n100_m100_d8_s789,C_tiny1,123,0.009907169640680348,0.004999890155174463,0.00039994599300455393,0.019619960999396148,0.00971827833889301,0.009767112830177088,0.018835449100565865,6.224469762343729e-06
rand_n100_m100_d8_s789,C_tiny1,456,0.00994972522319538,0.004999890155174463,0.00039994599300455393,0.019703406961166358,0.009802141521305967,0.009851397426312497,0.01891896183679834,5.3664762435310334e-06
rand_n100_m100_d8_s789,C_tiny2,42,0.0197791153150559,0.004999890155174463,0.00039994599300455393,0.03879097937585285,0.028985149701394833,0.029130800504047368,0.03802180835650882,9.02489079137136e-06
rand_n100_m100_d8_s789,C_tiny2,123,0.019814339281360695,0.004999890155174463,0.00039994599300455393,0.038858718725848465,0.029053227740699603,0.029199220636498796,0.03808960191234703,1.563258366608125e-05
rand_n100_m100_d8_s789,C_tiny2,456,0.01989945044639076,0.004999890155174463,0.00039994599300455393,0.03902237703467954,0.029217704323097813,0.02936452371613751,0.03825339118252525,1.3939583654265089e-05
rand_n100_m200_d3_s1024,C_small,42,0.049447788287639766,0.02603498117181284,0.001217181272574814,0.09423582352452732,0.04461928907207299,0.04581200372653638,0.09202817803382937,8.649178882214109e-05
rand_n100_m200_d3_s1024,C_small,123,0.04953584820340175,0.02603498117181284,0.001217181272574814,0.09439572414452987,0.04478335270170667,0.045980452927957466,0.09218846838428482,0.0003063216553616387
rand_n100_m200_d3_s1024,C_small,456,0.0497486261159769,0.02603498117181284,0.001217181272574814,0.09478197899633285,0.04517966369130387,0.046387357674982165,0.09257566466632317,9.037583577871966e-05
rand_n100_m200_d3_s1024,C_medium,42,0.19779115315055906,0.02603498117181284,0.001217181272574814,0.33025983307742346,0.28678817926977446,0.29445429119704913,0.32862745580103425,0.0014944613655890249
rand_n100_m200_d3_s1024,C_medium,123,0.198143392813607,0.02603498117181284,0.001217181272574814,0.3307507164869569,0.28729184281963277,0.2949714181370539,0.3291195356550438,0.003945454099334906
rand_n100_m200_d3_s1024,C_medium,456,0.1989945044639076,0.02603498117181284,0.001217181272574814,0.33193564061059927,0.2885076164205242,0.2962196904850219,0.33030734782887217,0.0022209983250040784
rand_n100_m200_d3_s1024,C_large,42,0.49447788287639766,0.02603498117181284,0.001217181272574814,0.661739980955334,0.6268984065565163,0.6436559778201897,0.6609155299280997,0.00879585423412944
rand_n100_m200_d3_s1024,C_large,123,0.49535848203401744,0.02603498117181284,0.001217181272574814,0.6625280666616082,0.6277070100593152,0.6444861960386753,0.6617055364586909,0.014680862092639491
rand_n100_m200_d3_s1024,C_large,456,0.497486261159769,0.02603498117181284,0.001217181272574814,0.6644284813330804,0.6296569019909777,0.6464882103759135,0.6636105830663657,0.01388023572899966
rand_n100_m200_d3_s1024,C_tiny05,42,0.004944778828763976,0.02603498117181284,0.001217181272574814,0.009840896600362425,0.0,0.0,0.007427552888537091,-1.1772740620689716e-14
rand_n100_m200_d3_s1024,C_tiny05,123,0.004953584820340174,0.02603498117181284,0.001217181272574814,0.009858335539398563,0.0,0.0,0.007445034332008849,-1.736404185656889e-14
rand_n100_m200_d3_s1024,C_tiny05,456,0.00497486261159769,0.02603498117181284,0.001217181272574814,0.009900471736516205,0.0,0.0,0.0074872732289108035,1.3110120660709403e-14
rand_n100_m200_d3_s1024,C_tiny1,42,0.009889557657527952,0.02603498117181284,0.001217181272574814,0.01958542413383718,0.0,0.0,0.017195831043671412,-1.5035332933987538e-14
rand_n100_m200_d3_s1024,C_tiny1,123,0.009907169640680348,0.02603498117181284,0.001217181272574814,0.019619960999396148,0.0,0.0,0.017230452086941857,-1.2433479949953208e-14
rand_n100_m200_d3_s1024,C_tiny1,456,0.00994972522319538,0.02603498117181284,0.001217181272574814,0.019703406961166358,0.0,0.0,0.017314101433992698,-1.6137476196821068e-14
rand_n100_m200_d3_s1024,C_tiny2,42,0.019779115315055905,0.02603498117181284,0.001217181272574814,0.03879097937585286,0.0,0.0,0.036448196546600004,2.538050139787494e-06
rand_n100_m200_d3_s1024,C_tiny2,123,0.019814339281360695,0.02603498117181284,0.001217181272574814,0.038858718725848465,0.0,0.0,0.036516100999692463,2.8993826888135632e-05
rand_n100_m200_d3_s1024,C_tiny2,456,0.01989945044639076,0.02603498117181284,0.001217181272574814,0.03902237703467954,0.0,0.0,0.0366801581977012,7.379129223221319e-07
rand_n100_m200_d3_s123,C_small,42,0.049447788287639766,0.013017327871677064,0.0007193695124394281,0.09423582352452732,0.06942786639324947,0.07034355146634505,0.0929317271293068,7.90644860757942e-05
rand_n100_m200_d3_s123,C_small,123,0.049535848203401754,0.013017327871677064,0.0007193695124394281,0.09439572414452989,0.06958984849204948,0.07050766994924683,0.09309185797018533,1.618986195445806e-05
rand_n100_m200_d3_s123,C_small,456,0.0497486261159769,0.013017327871677064,0.0007193695124394281,0.09478197899633285,0.06998113134990042,0.07090411344202582,0.0934786689419729,0.00019916098927725217
rand_n100_m200_d3_s123,C_medium,42,0.19779115315055906,0.013017327871677064,0.0007193695124394281,0.33025983307742346,0.30852427786408343,0.3125934087563906,0.32929555809271743,0.0008630307314889173
rand_n100_m200_d3_s123,C_medium,123,0.19814339281360702,0.013017327871677064,0.0007193695124394281,0.330750716486957,0.3090215512639057,0.3130972407018389,0.3297871482637917,0.0009242039384984498
rand_n100_m200_d3_s123,C_medium,456,0.1989945044639076,0.013017327871677064,0.0007193695124394281,0.33193564061059927,0.3102218999333685,0.314313420786211,0.3309737784112737,0.0020351399631049092
rand_n100_m200_d3_s123,C_large,42,0.4944778828763976,0.013017327871677064,0.0007193695124394281,0.661739980955334,0.6443194115098728,0.652817348981889,0.6612529627193072,0.007322663184564704
rand_n100_m200_d3_s123,C_large,123,0.4953584820340174,0.013017327871677064,0.0007193695124394281,0.6625280666616082,0.6451177559861766,0.653626222834337,0.6620421830914861,0.006724758054139104
rand_n100_m200_d3_s123,C_large,456,0.497486261159769,0.013017327871677064,0.0007193695124394281,0.6644284813330804,0.6470429089785196,0.6555767666956508,0.6639453339320261,0.012271874784925947
rand_n100_m200_d3_s123,C_tiny05,42,0.004944778828763976,0.013017327871677064,0.0007193695124394281,0.009840896600362425,0.0,0.0,0.008415290519911283,-2.9175303230577986e-14
rand_n100_m200_d3_s123,C_tiny05,123,0.004953584820340174,0.013017327871677064,0.0007193695124394281,0.009858335539398563,0.0,0.0,0.008432754567091598,5.487764971734693e-08
rand_n100_m200_d3_s123,C_tiny05,456,0.00497486261159769,0.013017327871677064,0.0007193695124394281,0.009900471736516205,0.0,0.0,0.008474951430842122,7.977930703815335e-14
rand_n100_m200_d3_s123,C_tiny1,42,0.009889557657527952,0.013017327871677064,0.0007193695124394281,0.01958542413383718,0.0,0.0,0.018173847978127575,1.2540765562905135e-14
rand_n100_m200_d3_s123,C_tiny1,123,0.009907169640680348,0.013017327871677064,0.0007193695124394281,0.019619960999396148,0.0,0.0,0.018208434568993688,1.3545146946707275e-06
rand_n100_m200_d3_s123,C_tiny1,456,0.00994972522319538,0.013017327871677064,0.0007193695124394281,0.019703406961166358,0.0,0.0,0.018292000674153056,1.61686425969821e-14
rand_n100_m200_d3_s123,C_tiny2,42,0.019779115315055905,0.013017327871677064,0.0007193695124394281,0.03879097937585286,0.013261278529497673,0.013436181712188662,0.03740705489373536,1.4606715848359051e-06
rand_n100_m200_d3_s123,C_tiny2,123,0.019814339281360695,0.013017327871677064,0.0007193695124394281,0.038858718725848465,0.013329899664821985,0.01350570789259904,0.037474891773137,3.947632146079333e-06
rand_n100_m200_d3_s123,C_tiny2,456,0.01989945044639076,0.013017327871677064,0.0007193695124394281,0.03902237703467954,0.013495688367518036,0.01367368318474733,0.03763878571306957,2.372535599002015e-05
rand_n100_m200_d3_s42,C_small,42,0.049447788287639766,0.003863646992751012,0.00016968579884148343,0.09423582352452732,0.08687262349519524,0.08720957048995788,0.09392838072015498,7.484074249971581e-05
rand_n100_m200_d3_s42,C_small,123,0.04953584820340175,0.003863646992751012,0.00016968579884148343,0.09439572414452987,0.08703314191474741,0.08737071150149468,0.09408833561509611,3.2323798114408444e-07
rand_n100_m200_d3_s42,C_small,456,0.0497486261159769,0.003863646992751012,0.00016968579884148343,0.09478197899633285,0.087420889118947,0.08775996263466436,0.09447472157307212,0.0002206453716581816
rand_n100_m200_d3_s42,C_medium,42,0.19779115315055906,0.003863646992751012,0.00016968579884148343,0.33025983307742346,0.32380854650281743,0.32506448090692364,0.3300325037123775,0.0015583514741632453
rand_n100_m200_d3_s42,C_medium,123,0.198143392813607,0.003863646992751012,0.00016968579884148343,0.3307507164869569,0.32430132651255994,0.3255591722293062,0.3305235537420711,0.0001438167410367248
rand_n100_m200_d3_s42,C_medium,456,0.1989945044639076,0.003863646992751012,0.00016968579884148343,0.33193564061059927,0.32549082876472923,0.32675328812376014,0.33170888006355365,0.0031934370713161
rand_n100_m200_d3_s42,C_large,42,0.4944778828763976,0.003863646992751012,0.00016968579884148343,0.661739980955334,0.6565694166572331,0.6591160082403451,0.6616251656297083,0.009892017803319142
rand_n100_m200_d3_s42,C_large,123,0.49535848203401744,0.003863646992751012,0.00016968579884148343,0.6625280666616082,0.6573605472484765,0.6599102073365379,0.6624135188352787,0.0021664814844046037
rand_n100_m200_d3_s42,C_large,456,0.49748626115976896,0.003863646992751012,0.00016968579884148343,0.6644284813330804,0.6592683044513791,0.6618253640288354,0.664314578562971,0.017127302509555055
rand_n100_m200_d3_s42,C_tiny05,42,0.004944778828763976,0.003863646992751012,0.00016968579884148343,0.009840896600362425,0.0021516243654163647,0.002159969725952474,0.009504807693966793,4.807475869602416e-07
rand_n100_m200_d3_s42,C_tiny05,123,0.004953584820340174,0.003863646992751012,0.00016968579884148343,0.009858335539398563,0.0021691306823568663,0.0021775439434656204,0.009522252552287952,-1.2365621473456365e-16
rand_n100_m200_d3_s42,C_tiny05,456,0.00497486261159769,0.003863646992751012,0.00016968579884148343,0.009900471736516205,0.002211429678865789,0.0022200070022438947,0.009564403051661018,-4.0816837874416056e-15
rand_n100_m200_d3_s42,C_tiny1,42,0.009889557657527952,0.003863646992751012,0.00016968579884148343,0.01958542413383718,0.01193380131339161,0.011980088144925648,0.019252642804568117,1.088539466208258e-06
rand_n100_m200_d3_s42,C_tiny1,123,0.009907169640680348,0.003863646992751012,0.00016968579884148343,0.019619960999396148,0.011968471617207328,0.012014892922114082,0.01928719139294752,4.9472378022767274e-15
rand_n100_m200_d3_s42,C_tiny1,456,0.00994972522319538,0.003863646992751012,0.00016968579884148343,0.019703406961166358,0.012052239984716795,0.012098986196349658,0.01937066567871328,-3.836043268979137e-15
rand_n100_m200_d3_s42,C_tiny2,42,0.019779115315055905,0.003863646992751012,0.00016968579884148343,0.03879097937585286,0.03121356004116221,0.031334625974577875,0.03846471697271986,2.3001553956414e-06
rand_n100_m200_d3_s42,C_tiny2,123,0.019814339281360695,0.003863646992751012,0.00016968579884148343,0.038858718725848465,0.031281561112093716,0.03140289079668401,0.03853247931542843,5.2054776001934306e-08
rand_n100_m200_d3_s42,C_tiny2,456,0.01989945044639076,0.003863646992751012,0.00016968579884148343,0.03902237703467954,0.03144585173885755,0.031567818646438574,0.03869619317466737,4.915330008120728e-05
rand_n100_m200_d3_s456,C_small,42,0.049447788287639766,0.002537038934655832,0.000174654565723225,0.09423582352452732,0.08940082560853677,0.08962821588187278,0.09391937655783981,0.0001160878466254274
rand_n100_m200_d3_s456,C_small,123,0.04953584820340175,0.002537038934655832,0.000174654565723225,0.09439572414452987,0.08956113190263792,0.08978892991373012,0.09407933304234604,0.00015003395582476425
rand_n100_m200_d3_s456,C_small,456,0.0497486261159769,0.002537038934655832,0.000174654565723225,0.09478197899633285,0.08994836669803863,0.09017714963768572,0.09446572284006474,3.4073225119511134e-06
rand_n100_m200_d3_s456,C_medium,42,0.19779115315055906,0.002537038934655832,0.000174654565723225,0.33025983307742346,0.3260236372631821,0.3268528757348256,0.33002584585448413,0.0009642100702178974
rand_n100_m200_d3_s456,C_medium,123,0.198143392813607,0.002537038934655832,0.000174654565723225,0.3307507164869569,0.32651576606303795,0.32734625626028413,0.3305169007640283,0.0009983559693318089
rand_n100_m200_d3_s456,C_medium,456,0.1989945044639076,0.002537038934655832,0.000174654565723225,0.33193564061059927,0.3277036963853166,0.32853720807368264,0.33170223886479006,0.0021666851001683044
rand_n100_m200_d3_s456,C_large,42,0.4944778828763976,0.002537038934655832,0.000174654565723225,0.661739980955334,0.6583447631823245,0.6600192577368253,0.6616218030015593,0.006451753052578872
rand_n100_m200_d3_s456,C_large,123,0.49535848203401744,0.002537038934655832,0.000174654565723225,0.6625280666616082,0.6591348482927194,0.6608113524222772,0.6624101640414553,0.005724458471782468
rand_n100_m200_d3_s456,C_large,456,0.497486261159769,0.002537038934655832,0.000174654565723225,0.6644284813330804,0.6610400843902051,0.6627214344722923,0.6643112426610874,0.010707529222290525
rand_n100_m200_d3_s456,C_tiny05,42,0.004944778828763976,0.002537038934655832,0.000174654565723225,0.009840896600362425,0.0047917854688778036,0.004803973336272975,0.009494964565350756,6.397480694253795e-07
rand_n100_m200_d3_s456,C_tiny05,123,0.004953584820340174,0.002537038934655832,0.000174654565723225,0.009858335539398563,0.004809268651181255,0.004821500986908523,0.009512409597031653,5.118966278754031e-06
rand_n100_m200_d3_s456,C_tiny05,456,0.00497486261159769,0.002537038934655832,0.000174654565723225,0.009900471736516205,0.004851511749471543,0.004863851530175985,0.009554560515278823,-9.686197570410328e-16
rand_n100_m200_d3_s456,C_tiny1,42,0.009889557657527952,0.002537038934655832,0.000174654565723225,0.01958542413383718,0.014561035248104813,0.014598071122914521,0.019242896545876808,3.657054710778537e-06
rand_n100_m200_d3_s456,C_tiny1,123,0.009907169640680348,0.002537038934655832,0.000174654565723225,0.019619960999396148,0.01459565973503638,0.014632783676947191,0.019277445477585694,1.2303872931088595e-05
rand_n100_m200_d3_s456,C_tiny1,456,0.00994972522319538,0.002537038934655832,0.000174654565723225,0.019703406961166358,0.014679317402460547,0.014716654126968525,0.019360920592884127,2.66138975691178e-15
rand_n100_m200_d3_s456,C_tiny2,42,0.019779115315055905,0.002537038934655832,0.000174654565723225,0.03879097937585286,0.03381531573153117,0.033901324712262586,0.03845516163561856,2.0419852056032357e-05
rand_n100_m200_d3_s456,C_tiny2,123,0.019814339281360695,0.002537038934655832,0.000174654565723225,0.038858718725848465,0.03388322693889512,0.03396940865123052,0.03852292465172107,3.7185584485642554e-05
rand_n100_m200_d3_s456,C_tiny2,456,0.01989945044639076,0.002537038934655832,0.000174654565723225,0.03902237703467954,0.03404730045522768,0.03413389948721837,0.03868664013788014,3.3813470133020804e-15
rand_n100_m200_d3_s789,C_small,42,0.049447788287639766,0.004790885467192907,0.0002854751754115436,0.09423582352452732,0.08510552562755412,0.0855152192486764,0.09371852947559631,1.4358189984143662e-05
rand_n100_m200_d3_s789,C_small,123,0.04953584820340175,0.004790885467192907,0.0002854751754115436,0.09439572414452987,0.08526619231311325,0.08567665937539244,0.09387852141698393,4.0386170350901566e-07
rand_n100_m200_d3_s789,C_small,456,0.0497486261159769,0.004790885467192907,0.0002854751754115436,0.09478197899633285,0.08565429766767235,0.08606663304915779,0.09426499686410454,1.7241586176588646e-05
rand_n100_m200_d3_s789,C_medium,42,0.19779115315055906,0.004790885467192907,0.0002854751754115436,0.33025983307742346,0.32226029917772575,0.3238116436755186,0.32987733550059584,0.0003935836998298326
rand_n100_m200_d3_s789,C_medium,123,0.198143392813607,0.004790885467192907,0.0002854751754115436,0.3307507164869569,0.3227535343534521,0.32430725326000065,0.3303684992602172,0.0003291186486418675
rand_n100_m200_d3_s789,C_medium,456,0.1989945044639076,0.004790885467192907,0.0002854751754115436,0.33193564061059927,0.32394413531285815,0.3255035857111609,0.33155410010989206,0.0020002315435913923
rand_n100_m200_d3_s789,C_large,42,0.4944778828763976,0.004790885467192907,0.0002854751754115436,0.661739980955334,0.6553285304787675,0.6584832483034545,0.6615467961293189,0.0033105466547716403
rand_n100_m200_d3_s789,C_large,123,0.49535848203401744,0.004790885467192907,0.0002854751754115436,0.6625280666616082,0.6561203918133989,0.6592789216178042,0.6623353319218921,0.004414632808855658
rand_n100_m200_d3_s789,C_large,456,0.49748626115976896,0.004790885467192907,0.0002854751754115436,0.6644284813330804,0.6580299111539023,0.6611976332861552,0.6642368319456288,0.011077623648068123
rand_n100_m200_d3_s789,C_tiny05,42,0.004944778828763976,0.004790885467192907,0.0002854751754115436,0.009840896600362425,0.000306272274483436,0.00030774665345304137,0.009275403478657617,2.5996953185556288e-08
rand_n100_m200_d3_s789,C_tiny05,123,0.004953584820340174,0.004790885467192907,0.0002854751754115436,0.009858335539398563,0.0003237947614791655,0.00032535349279951914,0.009292852377305339,9.920851857274356e-15
rand_n100_m200_d3_s789,C_tiny05,456,0.00497486261159769,0.004790885467192907,0.0002854751754115436,0.009900471736516205,0.0003661328282912222,0.0003678953728866323,0.009335012638969336,5.749752994751659e-07
rand_n100_m200_d3_s789,C_tiny1,42,0.009889557657527952,0.004790885467192907,0.0002854751754115436,0.01958542413383718,0.010097484723302979,0.010146093495177805,0.019025496242281267,7.081731396721083e-07
rand_n100_m200_d3_s789,C_tiny1,123,0.009907169640680348,0.004790885467192907,0.0002854751754115436,0.019619960999396148,0.01013218705102923,0.010180962878124067,0.019060052832306586,-1.263729080451639e-14
rand_n100_m200_d3_s789,C_tiny1,456,0.00994972522319538,0.004790885467192907,0.0002854751754115436,0.019703406961166358,0.010216032792844986,0.010265212249026497,0.019143546451182866,1.6412413936199627e-06
rand_n100_m200_d3_s789,C_tiny2,42,0.019779115315055905,0.004790885467192907,0.0002854751754115436,0.03879097937585286,0.029395051580817,0.02953655784655496,0.03824202003404879,3.965816062024529e-06
rand_n100_m200_d3_s789,C_tiny2,123,0.019814339281360695,0.004790885467192907,0.0002854751754115436,0.038858718725848465,0.029463115462280056,0.029604949384041037,0.03830979807089417,-1.1810580610709988e-14
rand_n100_m200_d3_s789,C_tiny2,456,0.01989945044639076,0.004790885467192907,0.0002854751754115436,0.03902237703467954,0.029627557839324487,0.029770183378226903,0.03847354984717673,4.886949968806505e-06
rand_n100_m200_d5_s1024,C_small,42,0.049447788287639766,0.001154173743625666,8.26605191651328e-05,0.09423582352452732,0.09203624055049693,0.09214258910751451,0.09408606927162573,0.0001587882391732269
rand_n100_m200_d5_s1024,C_small,123,0.04953584820340175,0.001154173743625666,8.26605191651328e-05,0.09439572414452987,0.09219632572359669,0.09230285926021639,0.09424599632875014,1.8663287518842818e-05
rand_n100_m200_d5_s1024,C_small,456,0.0497486261159769,0.001154173743625666,8.26605191651328e-05,0.09478197899633285,0.09258302638060797,0.09269000675269841,0.0946323150418851,0.00010636738476732588
rand_n100_m200_d5_s1024,C_medium,42,0.19779115315055906,0.001154173743625666,8.26605191651328e-05,0.33025983307742346,0.32833266281808426,0.32871205363960837,0.3301491017845102,0.0021985160006053783
rand_n100_m200_d5_s1024,C_medium,123,0.198143392813607,0.001154173743625666,8.26605191651328e-05,0.3307507164869569,0.32882411279236023,0.3292040714879663,0.33064006635410736,0.0009854922994829826
rand_n100_m200_d5_s1024,C_medium,456,0.1989945044639076,0.001154173743625666,8.26605191651328e-05,0.33193564061059927,0.3300104045243143,0.33039173398879507,0.3318251863868301,0.0024519761872192325
rand_n100_m200_d5_s1024,C_large,42,0.49447788287639766,0.001154173743625666,8.26605191651328e-05,0.661739980955334,0.6601953963792088,0.6609582570451228,0.6616840548348779,0.008868820692027423
rand_n100_m200_d5_s1024,C_large,123,0.49535848203401744,0.001154173743625666,8.26605191651328e-05,0.6625280666616082,0.6609843916733129,0.6617481640291277,0.6624722708390698,0.005692308555402075
rand_n100_m200_d5_s1024,C_large,456,0.497486261159769,0.001154173743625666,8.26605191651328e-05,0.6644284813330804,0.662886999753501,0.6636529705870317,0.664372999715041,0.013720154157092787
rand_n100_m200_d5_s1024,C_tiny05,42,0.004944778828763976,0.001154173743625666,8.26605191651328e-05,0.009840896600362425,0.007543907217580968,0.007552624258195246,0.009677188937115796,8.425568327658404e-06
rand_n100_m200_d5_s1024,C_tiny05,123,0.004953584820340174,0.001154173743625666,8.26605191651328e-05,0.009858335539398563,0.007561366284182657,0.00757010349887759,0.009694630759413778,8.956357441395964e-07
rand_n100_m200_d5_s1024,C_tiny05,456,0.00497486261159769,0.001154173743625666,8.26605191651328e-05,0.009900471736516205,0.00760355111379267,0.007612337073370381,0.009736773923107137,3.2089893518990163e-06
rand_n100_m200_d5_s1024,C_tiny1,42,0.009889557657527952,0.001154173743625666,8.26605191651328e-05,0.01958542413383718,0.017299681628878898,0.017319671539017454,0.0194233275791755,1.7547484020632158e-05
rand_n100_m200_d5_s1024,C_tiny1,123,0.009907169640680348,0.001154173743625666,8.26605191651328e-05,0.019619960999396148,0.017334258355981277,0.017354288219783864,0.019457870154876943,2.8728878507970616e-06
rand_n100_m200_d5_s1024,C_tiny1,456,0.00994972522319538,0.001154173743625666,8.26605191651328e-05,0.019703406961166358,0.01741780062888958,0.017437927026406716,0.019541329913160623,7.502429443759489e-06
rand_n100_m200_d5_s1024,C_tiny2,42,0.019779115315055905,0.001154173743625666,8.26605191651328e-05,0.03879097937585286,0.03652740341848667,0.036569611103436844,0.03863205816600115,3.582730736362889e-05
rand_n100_m200_d5_s1024,C_tiny2,123,0.019814339281360695,0.001154173743625666,8.26605191651328e-05,0.038858718725848465,0.03659522095146144,0.03663750700007283,0.0386998087156622,6.8250879464723956e-06
rand_n100_m200_d5_s1024,C_tiny2,456,0.01989945044639076,0.001154173743625666,8.26605191651328e-05,0.03902237703467954,0.036759068150415505,0.03680154352567773,0.038863494082891484,1.6095513041152555e-05
rand_n100_m200_d5_s123,C_small,42,0.049447788287639766,0.001261189216203004,5.7655037655733406e-05,0.09423582352452732,0.09183229429653045,0.09194825844853438,0.0941313737670688,9.405447637328854e-05
rand_n100_m200_d5_s123,C_small,123,0.049535848203401754,0.001261189216203004,5.7655037655733406e-05,0.09439572414452989,0.09199239658147063,0.09210856290772981,0.09429129282628701,4.634801961948004e-05
rand_n100_m200_d5_s123,C_small,456,0.0497486261159769,0.001261189216203004,5.7655037655733406e-05,0.09478197899633285,0.0923791385737274,0.0924957932707446,0.09467759221973408,7.030400170735309e-05
rand_n100_m200_d5_s123,C_medium,42,0.19779115315055906,0.001261189216203004,5.7655037655733406e-05,0.33025983307742346,0.3281539747850396,0.32856836165955017,0.33018260083550866,0.003011030991340919
rand_n100_m200_d5_s123,C_medium,123,0.19814339281360702,0.001261189216203004,5.7655037655733406e-05,0.330750716486957,0.3286454772914357,0.32906048482637734,0.3306735408521088,0.001434521965582895
rand_n100_m200_d5_s123,C_medium,456,0.1989945044639076,0.001261189216203004,5.7655037655733406e-05,0.33193564061059927,0.3298318958286047,0.3302484015513096,0.3318586016173191,0.000995976799172231
rand_n100_m200_d5_s123,C_large,42,0.4944778828763976,0.001261189216203004,5.7655037655733406e-05,0.661739980955334,0.6600521818508391,0.6608856837483256,0.6617009739181109,0.01568047298702366
rand_n100_m200_d5_s123,C_large,123,0.4953584820340174,0.001261189216203004,5.7655037655733406e-05,0.6625280666616082,0.6608412614823076,0.6616757598152095,0.6624891505038469,0.007634923847129402
rand_n100_m200_d5_s123,C_large,456,0.497486261159769,0.001261189216203004,5.7655037655733406e-05,0.6644284813330804,0.6627440729362698,0.6635809741048885,0.6643897843249131,0.007170711635664481
rand_n100_m200_d5_s123,C_tiny05,42,0.004944778828763976,0.001261189216203004,5.7655037655733406e-05,0.009840896600362425,0.007330929400626562,0.007340186765019521,0.009726714696417105,6.075352097062945e-15
rand_n100_m200_d5_s123,C_tiny05,123,0.004953584820340174,0.001261189216203004,5.7655037655733406e-05,0.009858335539398563,0.007348390333464554,0.007357669747206115,0.009744155646454563,-1.0666126991407159e-13
rand_n100_m200_d5_s123,C_tiny05,456,0.00497486261159769,0.001261189216203004,5.7655037655733406e-05,0.009900471736516205,0.007390579672299615,0.00739991236197138,0.009786296702580414,3.7169706129427005e-06
rand_n100_m200_d5_s123,C_tiny1,42,0.009889557657527952,0.001261189216203004,5.7655037655733406e-05,0.01958542413383718,0.01708774662714353,0.017109324722980667,0.019472365936882993,-2.221002748468727e-14
rand_n100_m200_d5_s123,C_tiny1,123,0.009907169640680348,0.001261189216203004,5.7655037655733406e-05,0.019619960999396148,0.017122327050224897,0.017143948813591738,0.019506906785120147,3.886930898486427e-07
rand_n100_m200_d5_s123,C_tiny1,456,0.00994972522319538,0.001261189216203004,5.7655037655733406e-05,0.019703406961166358,0.017205878253142234,0.017227605523449405,0.019590362369605294,7.83461874679272e-06
rand_n100_m200_d5_s123,C_tiny2,42,0.019779115315055905,0.001261189216203004,5.7655037655733406e-05,0.03879097937585286,0.036317523708321635,0.036363384817117615,0.03868013590060989,1.5203762187834594e-05
rand_n100_m200_d5_s123,C_tiny2,123,0.019814339281360695,0.001261189216203004,5.7655037655733406e-05,0.038858718725848465,0.036385348490454966,0.03643129524715298,0.03874788306208541,1.1770421942057154e-06
rand_n100_m200_d5_s123,C_tiny2,456,0.01989945044639076,0.001261189216203004,5.7655037655733406e-05,0.03902237703467954,0.036549213203380275,0.03659536688545921,0.0389115602434565,1.606687052348528e-05
rand_n100_m200_d5_s42,C_small,42,0.049447788287639766,0.007163261063766446,0.00035864584501552955,0.09423582352452732,0.08058433720245964,0.08116574864947183,0.09358589331284367,9.711568427216825e-06
rand_n100_m200_d5_s42,C_small,123,0.04953584820340175,0.007163261063766446,0.00035864584501552955,0.09439572414452987,0.08074538323234753,0.08132795661738049,0.09374590866938197,6.026914772962182e-05
rand_n100_m200_d5_s42,C_small,456,0.0497486261159769,0.007163261063766446,0.00035864584501552955,0.09478197899633285,0.08113440492849112,0.08171978508311636,0.0941324406779815,9.76952300856565e-06
rand_n100_m200_d5_s42,C_medium,42,0.19779115315055906,0.007163261063766446,0.00035864584501552955,0.33025983307742346,0.3182990483531,0.32059555803116113,0.32977926166627003,0.0005588268253931194
rand_n100_m200_d5_s42,C_medium,123,0.198143392813607,0.007163261063766446,0.00035864584501552955,0.3307507164869569,0.3187934480886479,0.321093524832911,0.3302704973087209,0.0010524977727764408
rand_n100_m200_d5_s42,C_medium,456,0.1989945044639076,0.007163261063766446,0.00035864584501552955,0.33193564061059927,0.31998686013312866,0.3222955472779702,0.3314562716735258,0.0009955338273832195
rand_n100_m200_d5_s42,C_large,42,0.4944778828763976,0.007163261063766446,0.00035864584501552955,0.661739980955334,0.652153675067716,0.656858927044199,0.6614972628047473,0.004113581984827467
rand_n100_m200_d5_s42,C_large,123,0.49535848203401744,0.007163261063766446,0.00035864584501552955,0.6625280666616082,0.652947406037645,0.6576583847383002,0.6622859140011603,0.004703895439171265
rand_n100_m200_d5_s42,C_large,456,0.49748626115976896,0.007163261063766446,0.00035864584501552955,0.6644284813330804,0.6548614338755383,0.6595862221790703,0.6641876923133481,0.007163940277441623
rand_n100_m200_d5_s42,C_tiny05,42,0.004944778828763976,0.007163261063766446,0.00035864584501552955,0.009840896600362425,0.0,0.0,0.009130408890220083,-2.286350374321546e-14
rand_n100_m200_d5_s42,C_tiny05,123,0.004953584820340174,0.007163261063766446,0.00035864584501552955,0.009858335539398563,0.0,0.0,0.009147860342550116,1.3439376243924978e-06
rand_n100_m200_d5_s42,C_tiny05,456,0.00497486261159769,0.007163261063766446,0.00035864584501552955,0.009900471736516205,0.0,0.0,0.009190026774455382,-1.3485872034263282e-14
rand_n100_m200_d5_s42,C_tiny1,42,0.009889557657527952,0.007163261063766446,0.00035864584501552955,0.01958542413383718,0.005399197512419558,0.005438152417893481,0.018881928600032873,-1.2222986478917237e-14
rand_n100_m200_d5_s42,C_tiny1,123,0.009907169640680348,0.007163261063766446,0.00035864584501552955,0.019619960999396148,0.005433981774562844,0.005473187646525891,0.01891649024748643,6.599936992444176e-06
rand_n100_m200_d5_s42,C_tiny1,456,0.00994972522319538,0.007163261063766446,0.00035864584501552955,0.019703406961166358,0.005518025481541936,0.005557837724109783,0.018999996085826063,-1.831329089184424e-14
rand_n100_m200_d5_s42,C_tiny2,42,0.019779115315055905,0.007163261063766446,0.00035864584501552955,0.03879097937585286,0.024742327160508386,0.024920841655213462,0.03810126476969852,7.506751248378048e-07
rand_n100_m200_d5_s42,C_tiny2,123,0.019814339281360695,0.007163261063766446,0.00035864584501552955,0.038858718725848465,0.0248105517451523,0.02498955847638691,0.03816905272599941,1.7121091353906374e-05
rand_n100_m200_d5_s42,C_tiny2,456,0.01989945044639076,0.007163261063766446,0.00035864584501552955,0.03902237703467954,0.02497538238117478,0.025155578356149916,0.03833282846769223,6.078841348206274e-07
rand_n100_m200_d5_s456,C_small,42,0.049447788287639766,0.008892725537456283,0.00044246227202907214,0.09423582352452732,0.07728838576401455,0.07798185701535322,0.09343393576855713,0.00015010022294778669
rand_n100_m200_d5_s456,C_small,123,0.04953584820340175,0.008892725537456283,0.00044246227202907214,0.09439572414452987,0.07744970833634407,0.07814462705698873,0.09359397795117906,2.5423759016427624e-07
rand_n100_m200_d5_s456,C_small,456,0.0497486261159769,0.008892725537456283,0.00044246227202907214,0.09478197899633285,0.07783939804653163,0.07853781326420216,0.09398057476068405,5.760870221390809e-07
rand_n100_m200_d5_s456,C_medium,42,0.19779115315055906,0.008892725537456283,0.00044246227202907214,0.33025983307742346,0.31541129205411444,0.3182413248103292,0.32966690121559333,0.002140537177359221
rand_n100_m200_d5_s456,C_medium,123,0.198143392813607,0.008892725537456283,0.00044246227202907214,0.3307507164869569,0.3159065407550799,0.31874101713801795,0.33015821921219257,0.000638143680515554
rand_n100_m200_d5_s456,C_medium,456,0.1989945044639076,0.008892725537456283,0.00044246227202907214,0.33193564061059927,0.3171020020837365,0.3199472047621627,0.33134419236843204,0.001200274186207319
rand_n100_m200_d5_s456,C_large,42,0.4944778828763976,0.008892725537456283,0.00044246227202907214,0.661739980955334,0.6498392019082188,0.6556698943215936,0.661440513859316,0.018322894710785638
rand_n100_m200_d5_s456,C_large,123,0.49535848203401744,0.008892725537456283,0.00044246227202907214,0.6625280666616082,0.6506342958443789,0.6564721222505444,0.6622292972706828,0.007877111087781974
rand_n100_m200_d5_s456,C_large,456,0.497486261159769,0.008892725537456283,0.00044246227202907214,0.6644284813330804,0.6525516103819319,0.6584066399228041,0.6641313944101703,0.010366063677859806
rand_n100_m200_d5_s456,C_tiny05,42,0.004944778828763976,0.008892725537456283,0.00044246227202907214,0.009840896600362425,0.0,0.0,0.008964292643062862,2.5786627259197827e-06
rand_n100_m200_d5_s456,C_tiny05,123,0.004953584820340174,0.008892725537456283,0.00044246227202907214,0.009858335539398563,0.0,0.0,0.008981747021075341,1.5955010251206338e-14
rand_n100_m200_d5_s456,C_tiny05,456,0.00497486261159769,0.008892725537456283,0.00044246227202907214,0.009900471736516205,0.0,0.0,0.009023920522053556,1.6864550742925867e-14
rand_n100_m200_d5_s456,C_tiny1,42,0.009889557657527952,0.008892725537456283,0.00044246227202907214,0.01958542413383718,0.0019741408602815024,0.0019918538700586545,0.01871744716523926,1.679627827057693e-05
rand_n100_m200_d5_s456,C_tiny1,123,0.009907169640680348,0.008892725537456283,0.00044246227202907214,0.019619960999396148,0.0020089848527068055,0.002027010500751531,0.018752014606846983,-6.01275971809018e-14
rand_n100_m200_d5_s456,C_tiny1,456,0.00994972522319538,0.008892725537456283,0.00044246227202907214,0.019703406961166358,0.0020931728765122516,0.0021119539029186662,0.01883553444468424,-2.896264008584524e-15
rand_n100_m200_d5_s456,C_tiny2,42,0.019779115315055905,0.008892725537456283,0.00044246227202907214,0.03879097937585286,0.021350485833858884,0.021542053402278567,0.037940005397652625,4.9290079427310124e-05
rand_n100_m200_d5_s456,C_tiny2,123,0.019814339281360695,0.008892725537456283,0.00044246227202907214,0.038858718725848465,0.021418827571302087,0.021611008337030974,0.03800780471839643,3.583032021217626e-08
rand_n100_m200_d5_s456,C_tiny2,456,0.01989945044639076,0.008892725537456283,0.00044246227202907214,0.03902237703467954,0.021583941248555512,0.021777603499338678,0.03817160791658991,-9.857774774137564e-15
rand_n100_m200_d5_s789,C_small,42,0.049447788287639766,0.003295259082913988,0.00023548559448835615,0.09423582352452732,0.08795583681210442,0.08824663232882253,0.09380913421421425,0.00011240942107224619
rand_n100_m200_d5_s789,C_small,123,0.04953584820340175,0.003295259082913988,0.00023548559448835615,0.09439572414452987,0.08811626434607739,0.08840759026088311,0.09396911016054019,2.4158730762891853e-06
rand_n100_m200_d5_s789,C_small,456,0.0497486261159769,0.003295259082913988,0.00023548559448835615,0.09478197899633285,0.0885037920076891,0.08879639914851328,0.0943555469700984,5.17068311670245e-05
rand_n100_m200_d5_s789,C_medium,42,0.19779115315055906,0.003295259082913988,0.00023548559448835615,0.33025983307742346,0.32475760662626546,0.3258313051942044,0.3299443304583806,0.0012732723759563108
rand_n100_m200_d5_s789,C_medium,123,0.198143392813607,0.003295259082913988,0.00023548559448835615,0.3307507164869569,0.3252501076238129,0.326325434475755,0.3304354451143124,0.00024957782398569176
rand_n100_m200_d5_s789,C_medium,456,0.1989945044639076,0.003295259082913988,0.00023548559448835615,0.33193564061059927,0.3264389363794363,0.32751819368198637,0.3316209274345253,0.0004475919424153582
rand_n100_m200_d5_s789,C_large,42,0.4944778828763976,0.003295259082913988,0.00023548559448835615,0.661739980955334,0.6573300674722763,0.6595033017174726,0.6615806327077645,0.006107341017933693
rand_n100_m200_d5_s789,C_large,123,0.49535848203401744,0.003295259082913988,0.00023548559448835615,0.6625280666616082,0.6581207501251324,0.6602965984887195,0.6623690896671256,0.00160955409623545
rand_n100_m200_d5_s789,C_large,456,0.49748626115976896,0.003295259082913988,0.00023548559448835615,0.6644284813330804,0.6600274271553119,0.6622095792862477,0.6642703995899738,0.0022563377462972325
rand_n100_m200_d5_s789,C_tiny05,42,0.004944778828763976,0.003295259082913988,0.00023548559448835615,0.009840896600362425,0.00328280673844081,0.003293660202137937,0.009374450348785335,1.8549300867820686e-06
rand_n100_m200_d5_s789,C_tiny05,123,0.004953584820340174,0.003295259082913988,0.00023548559448835615,0.009858335539398563,0.0033003031432992033,0.0033112144528002693,0.009391897502993879,1.4912498150081668e-15
rand_n100_m200_d5_s789,C_tiny05,456,0.00497486261159769,0.003295259082913988,0.00023548559448835615,0.009900471736516205,0.0033425781901031174,0.0033536292674072672,0.009434053549720673,1.3981654159495259e-06
rand_n100_m200_d5_s789,C_tiny1,42,0.009889557657527952,0.003295259082913988,0.00023548559448835615,0.01958542413383718,0.013059445014778955,0.013102621547443152,0.01912356835496874,7.922020918455644e-06
rand_n100_m200_d5_s789,C_tiny1,123,0.009907169640680348,0.003295259082913988,0.00023548559448835615,0.019619960999396148,0.013094095688257845,0.013137386781374927,0.019158121490227623,-3.899501701616935e-15
rand_n100_m200_d5_s789,C_tiny1,456,0.00994972522319538,0.003295259082913988,0.00023548559448835615,0.019703406961166358,0.013177816626091516,0.01322138451349832,0.019241606761898577,6.962506895939307e-06
rand_n100_m200_d5_s789,C_tiny2,42,0.019779115315055905,0.003295259082913988,0.00023548559448835615,0.03879097937585286,0.03232828753714828,0.032435169825120375,0.03833817099070261,2.0118489334633336e-05
rand_n100_m200_d5_s789,C_tiny2,123,0.019814339281360695,0.003295259082913988,0.00023548559448835615,0.038858718725848465,0.03239625010585224,0.032503357088523394,0.03840594225149494,-3.78347153690803e-15
rand_n100_m200_d5_s789,C_tiny2,456,0.01989945044639076,0.003295259082913988,0.00023548559448835615,0.03902237703467954,0.032560447711211984,0.032668097556406255,0.038569677656829435,1.8104243574098175e-05
rand_n100_m200_d8_s1024,C_small,42,0.049447788287639766,0.004491632148051063,0.00019900681434819527,0.09423582352452732,0.08567583188286604,0.08606239249172001,0.09387524528037743,9.489272979233812e-05
rand_n100_m200_d8_s1024,C_small,123,0.04953584820340175,0.004491632148051063,0.00019900681434819527,0.09439572414452987,0.08583645071763389,0.08622373602227659,0.0940352095556738,0.00014785570403904967
rand_n100_m200_d8_s1024,C_small,456,0.0497486261159769,0.004491632148051063,0.00019900681434819527,0.09478197899633285,0.08622444048414656,0.08661347635901516,0.0944216181727723,0.00036427853442978596
rand_n100_m200_d8_s1024,C_medium,42,0.19779115315055906,0.004491632148051063,0.00019900681434819527,0.33025983307742346,0.32275997446478183,0.32421623452670206,0.3299932143043502,0.0013964040346104306
rand_n100_m200_d8_s1024,C_medium,123,0.198143392813607,0.004491632148051063,0.00019900681434819527,0.3307507164869569,0.32325306274201854,0.324711547567918,0.3304842931310601,0.0011727227288057974
rand_n100_m200_d8_s1024,C_medium,456,0.1989945044639076,0.004491632148051063,0.00019900681434819527,0.33193564061059927,0.32444330910894764,0.32590716420497085,0.33166968896452603,0.003234403252212853
rand_n100_m200_d8_s1024,C_large,42,0.49447788287639766,0.004491632148051063,0.00019900681434819527,0.661739980955334,0.6557290092313416,0.6586875915932643,0.6616053220596734,0.007954974889349197
rand_n100_m200_d8_s1024,C_large,123,0.49535848203401744,0.004491632148051063,0.00019900681434819527,0.6625280666616082,0.6565206347287096,0.6594827888240782,0.6623937214972339,0.005988364227651087
rand_n100_m200_d8_s1024,C_large,456,0.497486261159769,0.004491632148051063,0.00019900681434819527,0.6644284813330804,0.6584295853638148,0.6614003524496097,0.6642948927102024,0.009835193774510023
rand_n100_m200_d8_s1024,C_tiny05,42,0.004944778828763976,0.004491632148051063,0.00019900681434819527,0.009840896600362425,0.0009018339917961325,0.0009059029747204017,0.009446721339068523,1.0680801871327628e-07
rand_n100_m200_d8_s1024,C_tiny05,123,0.004953584820340174,0.004491632148051063,0.00019900681434819527,0.009858335539398563,0.0009193512601314733,0.0009234992791825515,0.009464167220421638,9.003338370905694e-07
rand_n100_m200_d8_s1024,C_tiny05,456,0.00497486261159769,0.004491632148051063,0.00019900681434819527,0.009900471736516205,0.0009616767175466864,0.0009660157047416259,0.009506320191658158,-1.5488022880710194e-14
rand_n100_m200_d8_s1024,C_tiny1,42,0.009889557657527952,0.004491632148051063,0.00019900681434819527,0.01958542413383718,0.010690130358407816,0.010738363135484603,0.019195128099299373,2.6224323681504684e-06
rand_n100_m200_d8_s1024,C_tiny1,123,0.009907169640680348,0.004491632148051063,0.00019900681434819527,0.019619960999396148,0.010724822350862416,0.010773211654668281,0.019229678713737642,1.0968762905580597e-05
rand_n100_m200_d8_s1024,C_tiny1,456,0.00994972522319538,0.004491632148051063,0.00019900681434819527,0.019703406961166358,0.01080864312119714,0.010857410615763494,0.01931315789474875,1.246618580443832e-06
rand_n100_m200_d8_s1024,C_tiny2,42,0.019779115315055905,0.004491632148051063,0.00019900681434819527,0.03879097937585286,0.0299819498897697,0.03011722538753043,0.03840832893557341,7.665516579772287e-06
rand_n100_m200_d8_s1024,C_tiny2,123,0.019814339281360695,0.004491632148051063,0.00019900681434819527,0.038858718725848465,0.030049993500007435,0.030185576003592608,0.038476095252120035,4.3862552604027954e-05
rand_n100_m200_d8_s1024,C_tiny2,456,0.01989945044639076,0.004491632148051063,0.00019900681434819527,0.03902237703467954,0.03021438690175975,0.03035071113159463,0.03863981871215401,4.4043104068804205e-05
rand_n100_m200_d8_s123,C_small,42,0.049447788287639766,0.001340863443399115,6.957540915318685e-05,0.09423582352452732,0.09168045400855174,0.09180355003276493,0.09410977692843465,0.00011586440469253552
rand_n100_m200_d8_s123,C_small,123,0.049535848203401754,0.001340863443399115,6.957540915318685e-05,0.09439572414452989,0.09184056903345025,0.09196388003830674,0.09426969980028753,5.060925011497805e-05
rand_n100_m200_d8_s123,C_small,456,0.0497486261159769,0.001340863443399115,6.957540915318685e-05,0.09478197899633285,0.09222734180026385,0.0923511721109024,0.09465600840350898,0.0002618550333534985
rand_n100_m200_d8_s123,C_medium,42,0.19779115315055906,0.001340863443399115,6.957540915318685e-05,0.33025983307742346,0.3280209395276218,0.32846136135963805,0.33016663170061955,0.0009346367013038604
rand_n100_m200_d8_s123,C_medium,123,0.19814339281360702,0.001340863443399115,6.957540915318685e-05,0.330750716486957,0.32851248114477416,0.32895356295191225,0.33065758342173407,0.0004249785829507256
rand_n100_m200_d8_s123,C_medium,456,0.1989945044639076,0.001340863443399115,6.957540915318685e-05,0.33193564061059927,0.32969899408985703,0.33014166898494174,0.33184267244001037,0.002361157438802583
rand_n100_m200_d8_s123,C_large,42,0.4944778828763976,0.001340863443399115,6.957540915318685e-05,0.661739980955334,0.6599455570180344,0.6608316420090456,0.6616929085217997,0.00974034185064284
rand_n100_m200_d8_s123,C_large,123,0.4953584820340174,0.001340863443399115,6.957540915318685e-05,0.6625280666616082,0.6607346994396224,0.6616218439835744,0.6624811038984753,0.0029052850374510155
rand_n100_m200_d8_s123,C_large,456,0.497486261159769,0.001340863443399115,6.957540915318685e-05,0.6644284813330804,0.662637662307655,0.6635273618909096,0.6643817830326043,0.011150395554335796
rand_n100_m200_d8_s123,C_tiny05,42,0.004944778828763976,0.001340863443399115,6.957540915318685e-05,0.009840896600362425,0.007172365012065892,0.007181995086728357,0.009703105564003127,1.4933364859342133e-14
rand_n100_m200_d8_s123,C_tiny05,123,0.004953584820340174,0.001340863443399115,6.957540915318685e-05,0.009858335539398563,0.007189827334337874,0.0071994808550278335,0.00972054692985075,-3.405610772629221e-15
rand_n100_m200_d8_s123,C_tiny05,456,0.00497486261159769,0.001340863443399115,6.957540915318685e-05,0.009900471736516205,0.007232020030341877,0.00724173020163621,0.00976268899066267,1.0122009197073974e-05
rand_n100_m200_d8_s123,C_tiny1,42,0.009889557657527952,0.001340863443399115,6.957540915318685e-05,0.01958542413383718,0.01692995862628348,0.016952689868395293,0.019448989150806142,1.7648528140293188e-15
rand_n100_m200_d8_s123,C_tiny1,123,0.009907169640680348,0.001340863443399115,6.957540915318685e-05,0.019619960999396148,0.016964541801062924,0.01698731947675064,0.0194835308225326,1.03755648977628e-07
rand_n100_m200_d8_s123,C_tiny1,456,0.00994972522319538,0.001340863443399115,6.957540915318685e-05,0.019703406961166358,0.01704809965247277,0.017070989518260454,0.019566988396684613,3.159353756655916e-05
rand_n100_m200_d8_s123,C_tiny2,42,0.019779115315055905,0.001340863443399115,6.957540915318685e-05,0.03879097937585286,0.036161265895233365,0.036209818316906624,0.038657217047500816,2.1304680263082855e-05
rand_n100_m200_d8_s123,C_tiny2,123,0.019814339281360695,0.001340863443399115,6.957540915318685e-05,0.038858718725848465,0.036229096074447055,0.036277739569244606,0.038724965824138265,2.7803769905525664e-06
rand_n100_m200_d8_s123,C_tiny2,456,0.01989945044639076,0.001340863443399115,6.957540915318685e-05,0.03902237703467954,0.03639297382672165,0.03644183735424025,0.038888646907741506,8.801143974505964e-05
rand_n100_m200_d8_s42,C_small,42,0.049447788287639766,0.0006617320395263004,3.554531623658431e-05,0.09423582352452732,0.09297471830917206,0.09303628339873543,0.09417142988745796,0.00010448619337243553
rand_n100_m200_d8_s42,C_small,123,0.04953584820340175,0.0006617320395263004,3.554531623658431e-05,0.09439572414452987,0.093134724740538,0.09319639578159507,0.09433134187530079,0.0001716593319913027
rand_n100_m200_d8_s42,C_small,456,0.0497486261159769,0.0006617320395263004,3.554531623658431e-05,0.09478197899633285,0.09352123518955185,0.09358316216631747,0.09471762418718156,0.00015735161336941233
rand_n100_m200_d8_s42,C_medium,42,0.19779115315055906,0.0006617320395263004,3.554531623658431e-05,0.33025983307742346,0.3291549125112867,0.32937286909171554,0.3302122191329115,0.001600685501911575
rand_n100_m200_d8_s42,C_medium,123,0.198143392813607,0.0006617320395263004,3.554531623658431e-05,0.3307507164869569,0.3296461207541,0.3298644025979983,0.3307031374408975,0.0011445920944911793
rand_n100_m200_d8_s42,C_medium,456,0.1989945044639076,0.0006617320395263004,3.554531623658431e-05,0.33193564061059927,0.33083182897999935,0.33105089596457304,0.33188814580453957,0.0023286528943195664
rand_n100_m200_d8_s42,C_large,42,0.4944778828763976,0.0006617320395263004,3.554531623658431e-05,0.661739980955334,0.660854411423515,0.6612920095337063,0.6617159329818469,0.00784236159177044
rand_n100_m200_d8_s42,C_large,123,0.49535848203401744,0.0006617320395263004,3.554531623658431e-05,0.6625280666616082,0.6616430186313511,0.6620811389337496,0.662504074715624,0.00517397695240656
rand_n100_m200_d8_s42,C_large,456,0.49748626115976896,0.0006617320395263004,3.554531623658431e-05,0.6644284813330804,0.6635446908680996,0.6639840704012193,0.6644046244935795,0.014385152685996404
rand_n100_m200_d8_s42,C_tiny05,42,0.004944778828763976,0.0006617320395263004,3.554531623658431e-05,0.009840896600362425,0.00852394455788795,0.008529588860120679,0.009770503061292072,1.1645400027089917e-07
rand_n100_m200_d8_s42,C_tiny05,123,0.004953584820340174,0.0006617320395263004,3.554531623658431e-05,0.009858335539398563,0.008541395036828782,0.00854705089424897,0.009787943240117485,1.0892454846214697e-05
rand_n100_m200_d8_s42,C_tiny05,456,0.00497486261159769,0.0006617320395263004,3.554531623658431e-05,0.009900471736516205,0.008583559116818082,0.008589242894036338,0.009830082432830511,1.1494957397488674e-05
rand_n100_m200_d8_s42,C_tiny1,42,0.009889557657527952,0.0006617320395263004,3.554531623658431e-05,0.01958542413383718,0.018274920357441653,0.018287021465452847,0.01951572336401704,7.138139647520965e-06
rand_n100_m200_d8_s42,C_tiny1,123,0.009907169640680348,0.0006617320395263004,3.554531623658431e-05,0.019619960999396148,0.0183094800771511,0.01832160406957946,0.019550262684910898,2.8716058420545315e-05
rand_n100_m200_d8_s42,C_tiny1,456,0.00994972522319538,0.0006617320395263004,3.554531623658431e-05,0.019703406961166358,0.018392981257787787,0.018405160542211196,0.019633714579118177,2.4942137492797332e-05
rand_n100_m200_d8_s42,C_tiny2,42,0.019779115315055905,0.0006617320395263004,3.554531623658431e-05,0.03879097937585286,0.03749318453069786,0.037518011400901156,0.03872264398963486,2.6261774849887464e-05
rand_n100_m200_d8_s42,C_tiny2,123,0.019814339281360695,0.0006617320395263004,3.554531623658431e-05,0.038858718725848465,0.037560968705991696,0.037585840460857174,0.03879038815543488,6.439275382272695e-05
rand_n100_m200_d8_s42,C_tiny2,456,0.01989945044639076,0.0006617320395263004,3.554531623658431e-05,0.03902237703467954,0.03772473531276926,0.03774971550900457,0.03895405809925221,5.3651037271605295e-05
rand_n100_m200_d8_s456,C_small,42,0.049447788287639766,9.177050387074542e-05,6.113844512789002e-06,0.09423582352452732,0.09406093058579336,0.0940695633970252,0.09422474805413317,0.0002565413631924341
rand_n100_m200_d8_s456,C_small,123,0.04953584820340175,9.177050387074542e-05,6.113844512789002e-06,0.09439572414452987,0.09422084587995637,0.09422949336804223,0.09438465062936273,5.208870726049355e-05
rand_n100_m200_d8_s456,C_small,456,0.0497486261159769,9.177050387074542e-05,6.113844512789002e-06,0.09478197899633285,0.09460713617856172,0.09461581911995649,0.0947709102041988,2.28819331765674e-07
rand_n100_m200_d8_s456,C_medium,42,0.19779115315055906,9.177050387074542e-05,6.113844512789002e-06,0.33025983307742346,0.3301066001809717,0.3301368970103567,0.33025164365286547,0.001399034384951969
rand_n100_m200_d8_s456,C_medium,123,0.198143392813607,9.177050387074542e-05,6.113844512789002e-06,0.3307507164869569,0.33059752863912306,0.3306278705253949,0.3307425330648054,0.0005935653543702858
rand_n100_m200_d8_s456,C_medium,456,0.1989945044639076,9.177050387074542e-05,6.113844512789002e-06,0.33193564061059927,0.33178256150384927,0.3318130121511652,0.33192747167742,0.00020130763355466182
rand_n100_m200_d8_s456,C_large,42,0.4944778828763976,9.177050387074542e-05,6.113844512789002e-06,0.661739980955334,0.6616171681590761,0.6616778906725033,0.6617358447917234,0.006640762702946674
rand_n100_m200_d8_s456,C_large,123,0.49535848203401744,9.177050387074542e-05,6.113844512789002e-06,0.6625280666616082,0.6624053261883728,0.6624661210380978,0.6625239401345236,0.00689598022661262
rand_n100_m200_d8_s456,C_large,456,0.497486261159769,9.177050387074542e-05,6.113844512789002e-06,0.6644284813330804,0.664305915261857,0.6643668845456068,0.6644243780438175,0.0021196819170648563
rand_n100_m200_d8_s456,C_tiny05,42,0.004944778828763976,9.177050387074542e-05,6.113844512789002e-06,0.009840896600362425,0.009658258696660491,0.009659145121275229,0.009828789168737254,4.531507297910512e-07
rand_n100_m200_d8_s456,C_tiny05,123,0.004953584820340174,9.177050387074542e-05,6.113844512789002e-06,0.009858335539398563,0.009675699236076848,0.009676587261365574,0.00984622832101262,6.943823050388548e-08
rand_n100_m200_d8_s456,C_tiny05,456,0.00497486261159769,9.177050387074542e-05,6.113844512789002e-06,0.009900471736516205,0.009717839300054534,0.009718731192913091,0.009888365033361726,1.6533570909982242e-08
rand_n100_m200_d8_s456,C_tiny1,42,0.009889557657527952,9.177050387074542e-05,6.113844512789002e-06,0.01958542413383718,0.019403680490336975,0.019405461339301933,0.01957343585599288,2.1471754851640274e-06
rand_n100_m200_d8_s456,C_tiny1,123,0.009907169640680348,9.177050387074542e-05,6.113844512789002e-06,0.019619960999396148,0.019438220525361493,0.019440004544373782,0.01960797314386048,2.8504697504918076e-07
rand_n100_m200_d8_s456,C_tiny1,456,0.00994972522319538,9.177050387074542e-05,6.113844512789002e-06,0.019703406961166358,0.019521674145009667,0.01952346582330557,0.019691420125988197,4.0294040226887466e-08
rand_n100_m200_d8_s456,C_tiny2,42,0.019779115315055905,9.177050387074542e-05,6.113844512789002e-06,0.03879097937585286,0.03861099823583433,0.038614541911802316,0.038779225939001405,4.838520971822211e-05
rand_n100_m200_d8_s456,C_tiny2,123,0.019814339281360695,9.177050387074542e-05,6.113844512789002e-06,0.038858718725848465,0.03867874380230421,0.03868229369588756,0.03884696611729778,1.1951599944517652e-06
rand_n100_m200_d8_s456,C_tiny2,456,0.01989945044639076,9.177050387074542e-05,6.113844512789002e-06,0.03902237703467954,0.038842417130140756,0.03884598204548643,0.039010626427304,8.768439663110557e-08
rand_n100_m200_d8_s789,C_small,42,0.049447788287639766,0.05487233169259077,0.0025099150485744077,0.09423582352452732,0.0,0.0,0.08967760049796741,7.619538131866446e-15
rand_n100_m200_d8_s789,C_small,123,0.04953584820340175,0.05487233169259077,0.0025099150485744077,0.09439572414452987,0.0,0.0,0.08983830581162754,1.285440777543163e-05
rand_n100_m200_d8_s789,C_small,456,0.0497486261159769,0.05487233169259077,0.0025099150485744077,0.09478197899633285,0.0,0.0,0.09022650447596509,5.223197359534854e-06
rand_n100_m200_d8_s789,C_medium,42,0.19779115315055906,0.05487233169259077,0.0025099150485744077,0.33025983307742346,0.2386372967976059,0.252492128629534,0.32688939170872444,0.0006832061740723926
rand_n100_m200_d8_s789,C_medium,123,0.198143392813607,0.05487233169259077,0.0025099150485744077,0.3307507164869569,0.23915511612440973,0.25304001157082084,0.32738274546994417,0.0003494131918403905
rand_n100_m200_d8_s789,C_medium,456,0.1989945044639076,0.05487233169259077,0.0025099150485744077,0.33193564061059927,0.24040505979759516,0.25436252461863357,0.32857363267820094,0.0016931663236023175
rand_n100_m200_d8_s789,C_large,42,0.4944778828763976,0.05487233169259077,0.0025099150485744077,0.661739980955334,0.5883065332993822,0.6224625021855054,0.6600377005518699,0.0045535412047265165
rand_n100_m200_d8_s789,C_large,123,0.49535848203401744,0.05487233169259077,0.0025099150485744077,0.6625280666616082,0.5891378631059334,0.6233420974343037,0.6608297522688417,0.0029602167694325185
rand_n100_m200_d8_s789,C_large,456,0.49748626115976896,0.05487233169259077,0.0025099150485744077,0.6644284813330804,0.591142557961612,0.6254631810962271,0.6627397307033114,0.01717648507088774
rand_n100_m200_d8_s789,C_tiny05,42,0.004944778828763976,0.05487233169259077,0.0025099150485744077,0.009840896600362425,0.0,0.0,0.004857959383043188,1.1706545786204797e-13
rand_n100_m200_d8_s789,C_tiny05,123,0.004953584820340174,0.05487233169259077,0.0025099150485744077,0.009858335539398563,0.0,0.0,0.004875486082862471,4.363285826733711e-15
rand_n100_m200_d8_s789,C_tiny05,456,0.00497486261159769,0.05487233169259077,0.0025099150485744077,0.009900471736516205,0.0,0.0,0.004917834328754996,2.983676645837359e-14
rand_n100_m200_d8_s789,C_tiny1,42,0.009889557657527952,0.05487233169259077,0.0025099150485744077,0.01958542413383718,0.0,0.0,0.01465152587272713,1.9143118794154823e-14
rand_n100_m200_d8_s789,C_tiny1,123,0.009907169640680348,0.05487233169259077,0.0025099150485744077,0.019619960999396148,0.0,0.0,0.014686236543720164,-3.756957869988837e-15
rand_n100_m200_d8_s789,C_tiny1,456,0.00994972522319538,0.05487233169259077,0.0025099150485744077,0.019703406961166358,0.0,0.0,0.01477010244405087,-3.155434090510865e-15
rand_n100_m200_d8_s789,C_tiny2,42,0.019779115315055905,0.05487233169259077,0.0025099150485744077,0.03879097937585286,0.0,0.0,0.033953732325307,-3.0276356572776876e-15
rand_n100_m200_d8_s789,C_tiny2,123,0.019814339281360695,0.05487233169259077,0.0025099150485744077,0.038858718725848465,0.0,0.0,0.034021812570949585,-2.5809594476877445e-14
rand_n100_m200_d8_s789,C_tiny2,456,0.01989945044639076,0.05487233169259077,0.0025099150485744077,0.03902237703467954,0.0,0.0,0.034186294483861256,-2.7948103114406652e-15
rand_n10_m10_d3_s1024,C_small,42,0.04507143064099162,0.01689484052625288,0.008519387106398458,0.08625521532695077,0.053922802381951455,0.05484947552387595,0.07055234542541335,0.003934119468973028
rand_n10_m10_d3_s1024,C_small,123,0.04807641983846155,0.01689484052625288,0.008519387106398458,0.09174220300819572,0.05950249184504055,0.06052505296268817,0.07613362798544193,0.0
rand_n10_m10_d3_s1024,C_small,456,0.038570190311491365,0.01689484052625288,0.008519387106398458,0.0742755582074299,0.0417407508658371,0.042458073242318005,0.058366815724873934,0.00012520000622696768
rand_n10_m10_d3_s1024,C_medium,42,0.18028572256396647,0.01689484052625288,0.008519387106398458,0.30549504940604877,0.276866658494818,0.28162466225182237,0.29355985582893557,0.023010434598495142
rand_n10_m10_d3_s1024,C_medium,123,0.1923056793538462,0.01689484052625288,0.008519387106398458,0.3225778131964676,0.2942380328552236,0.29929456683222805,0.31093619001434775,2.1769985499235024e-16
rand_n10_m10_d3_s1024,C_medium,456,0.15428076124596546,0.01689484052625288,0.008519387106398458,0.26731929774075097,0.23804593359316514,0.2421367961496513,0.25472804694520107,0.007547934502274637
rand_n10_m10_d3_s1024,C_large,42,0.45071430640991617,0.01689484052625288,0.008519387106398458,0.621368803517626,0.5980770493085392,0.6083551119075479,0.614861957712587,0.06247367636375601
rand_n10_m10_d3_s1024,C_large,123,0.4807641983846155,0.01689484052625288,0.008519387106398458,0.6493460591620019,0.626526976225389,0.6372939559800161,0.643320007571009,0.0
rand_n10_m10_d3_s1024,C_large,456,0.3857019031149136,0.01689484052625288,0.008519387106398458,0.5566881336424463,0.532303609830687,0.5414513439392662,0.5490697387908563,0.021208180770291542
rand_n10_m10_d3_s1024,C_tiny05,42,0.0045071430640991625,0.01689484052625288,0.008519387106398458,0.008973839748617008,0.0,0.0,0.0,0.0
rand_n10_m10_d3_s1024,C_tiny05,123,0.004807641983846154,0.01689484052625288,0.008519387106398458,0.009569278303564983,0.0,0.0,0.0,0.0
rand_n10_m10_d3_s1024,C_tiny05,456,0.003857019031149136,0.01689484052625288,0.008519387106398458,0.007684399188385722,0.0,0.0,0.0,0.0
rand_n10_m10_d3_s1024,C_tiny1,42,0.009014286128198325,0.01689484052625288,0.008519387106398458,0.01786750941413932,0.0,0.0,0.000989384379192038,0.0
rand_n10_m10_d3_s1024,C_tiny1,123,0.009615283967692309,0.01689484052625288,0.008519387106398458,0.019047421568154463,0.0,0.0,0.0021895735376405065,0.0
rand_n10_m10_d3_s1024,C_tiny1,456,0.007714038062298272,0.01689484052625288,0.008519387106398458,0.015309974399347169,0.0,0.0,0.0,0.0
rand_n10_m10_d3_s1024,C_tiny2,42,0.01802857225639665,0.01689484052625288,0.008519387106398458,0.03541859776378859,0.0022273082721655357,0.002265584968914013,0.01884209136635128,0.00010766424798852994
rand_n10_m10_d3_s1024,C_tiny2,123,0.019230567935384617,0.01689484052625288,0.008519387106398458,0.03773546151454077,0.004583315066507728,0.0046620801674575295,0.02119877084099913,0.0
rand_n10_m10_d3_s1024,C_tiny2,456,0.015428076124596544,0.01689484052625288,0.008519387106398458,0.03038733414478381,0.0,0.0,0.013724364569252589,0.0
rand_n10_m10_d3_s123,C_small,42,0.04507143064099162,0.27635263753055905,0.1214015056253995,0.08625521532695077,0.0,0.0,0.0,0.0
rand_n10_m10_d3_s123,C_small,123,0.048076419838461545,0.27635263753055905,0.1214015056253995,0.0917422030081957,0.0,0.0,0.0,0.0
rand_n10_m10_d3_s123,C_small,456,0.038570190311491365,0.27635263753055905,0.1214015056253995,0.0742755582074299,0.0,0.0,0.0,0.0
rand_n10_m10_d3_s123,C_medium,42,0.18028572256396647,0.27635263753055905,0.1214015056253995,0.30549504940604877,0.0,0.0,0.11356677453137969,0.0
rand_n10_m10_d3_s123,C_medium,123,0.19230567935384618,0.27635263753055905,0.1214015056253995,0.32257781319646756,0.0,0.0,0.13537040515159224,-1.41409507895909e-16
rand_n10_m10_d3_s123,C_medium,456,0.15428076124596546,0.27635263753055905,0.1214015056253995,0.26731929774075097,0.0,0.0,0.06484105320366518,1.4845967240559505e-16
rand_n10_m10_d3_s123,C_large,42,0.4507143064099162,0.27635263753055905,0.1214015056253995,0.6213688035176261,0.24038043618781166,0.3321789709389879,0.5167330737183709,0.0
rand_n10_m10_d3_s123,C_large,123,0.4807641983846155,0.27635263753055905,0.1214015056253995,0.6493460591620019,0.27608928022037754,0.3815246134225171,0.5524419177509365,-1.3471556727282473e-16
rand_n10_m10_d3_s123,C_large,456,0.3857019031149136,0.27635263753055905,0.1214015056253995,0.5566881336424463,0.15782509259538255,0.21809668739316018,0.4341777301259415,0.0
rand_n10_m10_d3_s123,C_tiny05,42,0.0045071430640991625,0.27635263753055905,0.1214015056253995,0.008973839748617008,0.0,0.0,0.0,0.0
rand_n10_m10_d3_s123,C_tiny05,123,0.004807641983846154,0.27635263753055905,0.1214015056253995,0.009569278303564983,0.0,0.0,0.0,0.0
rand_n10_m10_d3_s123,C_tiny05,456,0.003857019031149136,0.27635263753055905,0.1214015056253995,0.007684399188385722,0.0,0.0,0.0,0.0
rand_n10_m10_d3_s123,C_tiny1,42,0.009014286128198325,0.27635263753055905,0.1214015056253995,0.01786750941413932,0.0,0.0,0.0,0.0
rand_n10_m10_d3_s123,C_tiny1,123,0.009615283967692309,0.27635263753055905,0.1214015056253995,0.019047421568154463,0.0,0.0,0.0,0.0
rand_n10_m10_d3_s123,C_tiny1,456,0.007714038062298272,0.27635263753055905,0.1214015056253995,0.015309974399347169,0.0,0.0,0.0,-1.4636308059269483e-16
rand_n10_m10_d3_s123,C_tiny2,42,0.01802857225639665,0.27635263753055905,0.1214015056253995,0.03541859776378859,0.0,0.0,0.0,0.0
rand_n10_m10_d3_s123,C_tiny2,123,0.019230567935384617,0.27635263753055905,0.1214015056253995,0.03773546151454077,0.0,0.0,0.0,0.0
rand_n10_m10_d3_s123,C_tiny2,456,0.015428076124596544,0.27635263753055905,0.1214015056253995,0.03038733414478381,0.0,0.0,0.0,0.0
rand_n10_m10_d3_s42,C_small,42,0.04507143064099162,0.6245798372213326,0.4541011206056019,0.08625521532695077,0.0,0.0,0.0,0.0
rand_n10_m10_d3_s42,C_small,123,0.048076419838461545,0.6245798372213326,0.4541011206056019,0.0917422030081957,0.0,0.0,0.0,0.0
rand_n10_m10_d3_s42,C_small,456,0.038570190311491365,0.6245798372213326,0.4541011206056019,0.0742755582074299,0.0,0.0,0.0,0.0
rand_n10_m10_d3_s42,C_medium,42,0.18028572256396647,0.6245798372213326,0.4541011206056019,0.30549504940604877,0.0,0.0,0.0,-1.2723583424643634e-16
rand_n10_m10_d3_s42,C_medium,123,0.19230567935384618,0.6245798372213326,0.4541011206056019,0.32257781319646756,0.0,0.0,0.0,0.0
rand_n10_m10_d3_s42,C_medium,456,0.15428076124596546,0.6245798372213326,0.4541011206056019,0.26731929774075097,0.0,0.0,0.0,0.0
rand_n10_m10_d3_s42,C_large,42,0.45071430640991617,0.6245798372213326,0.4541011206056019,0.621368803517626,0.0,0.0,0.0,1.167922631103277e-16
rand_n10_m10_d3_s42,C_large,123,0.4807641983846154,0.6245798372213326,0.4541011206056019,0.6493460591620019,0.0,0.0,0.06596934420720153,1.3752751249698677e-16
rand_n10_m10_d3_s42,C_large,456,0.3857019031149136,0.6245798372213326,0.4541011206056019,0.5566881336424463,0.0,0.0,0.0,0.0
rand_n10_m10_d3_s42,C_tiny05,42,0.0045071430640991625,0.6245798372213326,0.4541011206056019,0.008973839748617008,0.0,0.0,0.0,1.3508753211482495e-16
rand_n10_m10_d3_s42,C_tiny05,123,0.004807641983846154,0.6245798372213326,0.4541011206056019,0.009569278303564983,0.0,0.0,0.0,-1.3532352242049266e-16
rand_n10_m10_d3_s42,C_tiny05,456,0.003857019031149136,0.6245798372213326,0.4541011206056019,0.007684399188385722,0.0,0.0,0.0,0.0
rand_n10_m10_d3_s42,C_tiny1,42,0.009014286128198325,0.6245798372213326,0.4541011206056019,0.01786750941413932,0.0,0.0,0.0,-1.348741204486372e-16
rand_n10_m10_d3_s42,C_tiny1,123,0.009615283967692309,0.6245798372213326,0.4541011206056019,0.019047421568154463,0.0,0.0,0.0,0.0
rand_n10_m10_d3_s42,C_tiny1,456,0.007714038062298272,0.6245798372213326,0.4541011206056019,0.015309974399347169,0.0,0.0,0.0,-1.3566813737742133e-16
rand_n10_m10_d3_s42,C_tiny2,42,0.01802857225639665,0.6245798372213326,0.4541011206056019,0.03541859776378859,0.0,0.0,0.0,1.3444931363498915e-16
rand_n10_m10_d3_s42,C_tiny2,123,0.019230567935384617,0.6245798372213326,0.4541011206056019,0.03773546151454077,0.0,0.0,0.0,-1.3538927160320978e-16
rand_n10_m10_d3_s42,C_tiny2,456,0.015428076124596544,0.6245798372213326,0.4541011206056019,0.03038733414478381,0.0,0.0,0.0,0.0
rand_n10_m10_d3_s456,C_small,42,0.04507143064099162,0.4724722439361039,0.3093051776378592,0.08625521532695077,0.0,0.0,0.0,0.0
rand_n10_m10_d3_s456,C_small,123,0.048076419838461545,0.4724722439361039,0.3093051776378592,0.0917422030081957,0.0,0.0,0.0,0.0
rand_n10_m10_d3_s456,C_small,456,0.038570190311491365,0.4724722439361039,0.3093051776378592,0.0742755582074299,0.0,0.0,0.0,0.0
rand_n10_m10_d3_s456,C_medium,42,0.18028572256396647,0.4724722439361039,0.3093051776378592,0.30549504940604877,0.0,0.0,0.0,-1.707135607742421e-16
rand_n10_m10_d3_s456,C_medium,123,0.19230567935384618,0.4724722439361039,0.3093051776378592,0.32257781319646756,0.0,0.0,0.0,0.0
rand_n10_m10_d3_s456,C_medium,456,0.15428076124596546,0.4724722439361039,0.3093051776378592,0.26731929774075097,0.0,0.0,0.0,0.0
rand_n10_m10_d3_s456,C_large,42,0.4507143064099161,0.4724722439361039,0.3093051776378592,0.6213688035176259,0.0,0.0,0.2822535077443152,0.0
rand_n10_m10_d3_s456,C_large,123,0.4807641983846155,0.4724722439361039,0.3093051776378592,0.6493460591620019,0.011199560953131371,0.02123027807426845,0.33528816861813526,0.0
rand_n10_m10_d3_s456,C_large,456,0.3857019031149136,0.4724722439361039,0.3093051776378592,0.5566881336424463,0.0,0.0,0.15964257565272433,0.0
rand_n10_m10_d3_s456,C_tiny05,42,0.0045071430640991625,0.4724722439361039,0.3093051776378592,0.008973839748617008,0.0,0.0,0.0,0.0
rand_n10_m10_d3_s456,C_tiny05,123,0.004807641983846154,0.4724722439361039,0.3093051776378592,0.009569278303564983,0.0,0.0,0.0,1.6983606865544312e-16
rand_n10_m10_d3_s456,C_tiny05,456,0.0038570190311491355,0.4724722439361039,0.3093051776378592,0.007684399188385721,0.0,0.0,0.0,-1.6971793285609108e-16
rand_n10_m10_d3_s456,C_tiny1,42,0.009014286128198325,0.4724722439361039,0.3093051776378592,0.01786750941413932,0.0,0.0,0.0,1.6984661271416029e-16
rand_n10_m10_d3_s456,C_tiny1,123,0.009615283967692309,0.4724722439361039,0.3093051776378592,0.019047421568154463,0.0,0.0,0.0,0.0
rand_n10_m10_d3_s456,C_tiny1,456,0.007714038062298271,0.4724722439361039,0.3093051776378592,0.015309974399347167,0.0,0.0,0.0,1.69634719671523e-16
rand_n10_m10_d3_s456,C_tiny2,42,0.01802857225639665,0.4724722439361039,0.3093051776378592,0.03541859776378859,0.0,0.0,0.0,0.0
rand_n10_m10_d3_s456,C_tiny2,123,0.019230567935384617,0.4724722439361039,0.3093051776378592,0.03773546151454077,0.0,0.0,0.0,1.699406773010981e-16
rand_n10_m10_d3_s456,C_tiny2,456,0.015428076124596542,0.4724722439361039,0.3093051776378592,0.030387334144783805,0.0,0.0,0.0,-1.6946853786053651e-16
rand_n10_m10_d3_s789,C_small,42,0.04507143064099162,0.1821542758414047,0.09391498655636082,0.08625521532695077,0.0,0.0,0.0,0.0
rand_n10_m10_d3_s789,C_small,123,0.048076419838461545,0.1821542758414047,0.09391498655636082,0.0917422030081957,0.0,0.0,0.0,0.0
rand_n10_m10_d3_s789,C_small,456,0.038570190311491365,0.1821542758414047,0.09391498655636082,0.0742755582074299,0.0,0.0,0.0,0.0
rand_n10_m10_d3_s789,C_medium,42,0.18028572256396647,0.1821542758414047,0.09391498655636082,0.30549504940604877,0.0,0.0,0.16152528469166066,0.0
rand_n10_m10_d3_s789,C_medium,123,0.19230567935384618,0.1821542758414047,0.09391498655636082,0.32257781319646756,0.01702818947896465,0.020820784380187786,0.18214927807515108,0.0
rand_n10_m10_d3_s789,C_medium,456,0.15428076124596546,0.1821542758414047,0.09391498655636082,0.26731929774075097,0.0,0.0,0.11543576080580857,0.0
rand_n10_m10_d3_s789,C_large,42,0.45071430640991617,0.1821542758414047,0.09391498655636082,0.621368803517626,0.3702452362700099,0.45270791951736433,0.5428791624798255,0.0
rand_n10_m10_d3_s789,C_large,123,0.4807641983846155,0.1821542758414047,0.09391498655636082,0.6493460591620019,0.40331866865631694,0.493147615427413,0.5766560584421436,0.0
rand_n10_m10_d3_s789,C_large,456,0.38570190311491354,0.1821542758414047,0.09391498655636082,0.5566881336424462,0.29378270581277977,0.3592153105832096,0.4647902932598681,0.0
rand_n10_m10_d3_s789,C_tiny05,42,0.0045071430640991625,0.1821542758414047,0.09391498655636082,0.008973839748617008,0.0,0.0,0.0,0.0
rand_n10_m10_d3_s789,C_tiny05,123,0.004807641983846154,0.1821542758414047,0.09391498655636082,0.009569278303564983,0.0,0.0,0.0,0.0
rand_n10_m10_d3_s789,C_tiny05,456,0.003857019031149136,0.1821542758414047,0.09391498655636082,0.007684399188385722,0.0,0.0,0.0,-1.8164779124903368e-16
rand_n10_m10_d3_s789,C_tiny1,42,0.009014286128198325,0.1821542758414047,0.09391498655636082,0.01786750941413932,0.0,0.0,0.0,0.0
rand_n10_m10_d3_s789,C_tiny1,123,0.009615283967692309,0.1821542758414047,0.09391498655636082,0.019047421568154463,0.0,0.0,0.0,0.0
rand_n10_m10_d3_s789,C_tiny1,456,0.007714038062298272,0.1821542758414047,0.09391498655636082,0.015309974399347169,0.0,0.0,0.0,0.0
rand_n10_m10_d3_s789,C_tiny2,42,0.01802857225639665,0.1821542758414047,0.09391498655636082,0.03541859776378859,0.0,0.0,0.0,0.0
rand_n10_m10_d3_s789,C_tiny2,123,0.019230567935384617,0.1821542758414047,0.09391498655636082,0.03773546151454077,0.0,0.0,0.0,0.0
rand_n10_m10_d3_s789,C_tiny2,456,0.015428076124596544,0.1821542758414047,0.09391498655636082,0.03038733414478381,0.0,0.0,0.0,0.0
rand_n10_m10_d5_s1024,C_small,42,0.04507143064099162,0.01470314339897881,0.007406017568653081,0.08625521532695077,0.05811715132885511,0.0589844075310885,0.07261981142901955,0.00041425809238846345
rand_n10_m10_d5_s1024,C_small,123,0.04807641983846155,0.01470314339897881,0.007406017568653081,0.09174220300819572,0.06368481497680582,0.06463515492833231,0.07818867896826392,0.0
rand_n10_m10_d5_s1024,C_small,456,0.038570190311491365,0.01470314339897881,0.007406017568653081,0.0742755582074299,0.04596135559283532,0.04664721630330601,0.06046138725536787,0.0
rand_n10_m10_d5_s1024,C_medium,42,0.18028572256396647,0.01470314339897881,0.007406017568653081,0.30549504940604877,0.2805805001271864,0.28476747717952233,0.2951312632927855,0.002313833561199993
rand_n10_m10_d5_s1024,C_medium,123,0.1923056793538462,0.01470314339897881,0.007406017568653081,0.3225778131964676,0.29791443424326663,0.3023600778256638,0.31246894551106563,0.00012051379907760693
rand_n10_m10_d5_s1024,C_medium,456,0.15428076124596546,0.01470314339897881,0.007406017568653081,0.26731929774075097,0.2418434449107899,0.2454523662493731,0.256385831995062,0.0
rand_n10_m10_d5_s1024,C_large,42,0.45071430640991617,0.01470314339897881,0.007406017568653081,0.621368803517626,0.60109859134144,0.6100685162186043,0.6157186598681151,0.024010234029905736
rand_n10_m10_d5_s1024,C_large,123,0.4807641983846155,0.01470314339897881,0.007406017568653081,0.6493460591620019,0.6294872005874651,0.638880755957151,0.6441134075595765,0.0006279940035955953
rand_n10_m10_d5_s1024,C_large,456,0.3857019031149136,0.01470314339897881,0.007406017568653081,0.5566881336424463,0.5354669123019433,0.5434574450477228,0.5500727893450845,0.005860331763929859
rand_n10_m10_d5_s1024,C_tiny05,42,0.0045071430640991625,0.01470314339897881,0.007406017568653081,0.008973839748617008,0.0,0.0,0.0,0.0
rand_n10_m10_d5_s1024,C_tiny05,123,0.004807641983846154,0.01470314339897881,0.007406017568653081,0.009569278303564983,0.0,0.0,0.0,0.0
rand_n10_m10_d5_s1024,C_tiny05,456,0.003857019031149136,0.01470314339897881,0.007406017568653081,0.007684399188385722,0.0,0.0,0.0,0.0
rand_n10_m10_d5_s1024,C_tiny1,42,0.009014286128198325,0.01470314339897881,0.007406017568653081,0.01786750941413932,0.0,0.0,0.0032115864309935345,0.0
rand_n10_m10_d5_s1024,C_tiny1,123,0.009615283967692309,0.01470314339897881,0.007406017568653081,0.019047421568154463,0.0,0.0,0.004409105885267942,0.0
rand_n10_m10_d5_s1024,C_tiny1,456,0.007714038062298272,0.01470314339897881,0.007406017568653081,0.015309974399347169,0.0,0.0,0.0006158864674161792,0.0
rand_n10_m10_d5_s1024,C_tiny2,42,0.01802857225639665,0.01470314339897881,0.007406017568653081,0.03541859776378859,0.0065330756877427015,0.006630565848225534,0.021024581806006973,4.234078145767981e-05
rand_n10_m10_d5_s1024,C_tiny2,123,0.019230567935384617,0.01470314339897881,0.007406017568653081,0.03773546151454077,0.008884004618458084,0.009016576637730521,0.023376019076135558,0.0
rand_n10_m10_d5_s1024,C_tiny2,456,0.015428076124596544,0.01470314339897881,0.007406017568653081,0.03038733414478381,0.0014278366782696321,0.001449143645089096,0.015918238894936366,2.1816259308935875e-16
rand_n10_m10_d5_s123,C_small,42,0.04507143064099162,0.4322951193001655,0.14324264028146294,0.08625521532695077,0.0,0.0,0.0,0.0
rand_n10_m10_d5_s123,C_small,123,0.048076419838461545,0.4322951193001655,0.14324264028146294,0.0917422030081957,0.0,0.0,0.0,1.4179631945666666e-16
rand_n10_m10_d5_s123,C_small,456,0.038570190311491365,0.4322951193001655,0.14324264028146294,0.0742755582074299,0.0,0.0,0.0,-1.4300021536459294e-16
rand_n10_m10_d5_s123,C_medium,42,0.18028572256396647,0.4322951193001655,0.14324264028146294,0.30549504940604877,0.0,0.0,0.07326425107521979,0.0
rand_n10_m10_d5_s123,C_medium,123,0.19230567935384618,0.4322951193001655,0.14324264028146294,0.32257781319646756,0.0,0.0,0.09605920434586213,0.0
rand_n10_m10_d5_s123,C_medium,456,0.15428076124596546,0.4322951193001655,0.14324264028146294,0.26731929774075097,0.0,0.0,0.022323168826562413,0.0
rand_n10_m10_d5_s123,C_large,42,0.4507143064099162,0.4322951193001655,0.14324264028146294,0.6213688035176261,0.025393265963348344,0.04472969464705845,0.49476088667432677,0.0005502096321763929
rand_n10_m10_d5_s123,C_large,123,0.4807641983846155,0.4322951193001655,0.14324264028146294,0.6493460591620019,0.06546495267420094,0.11531511336224456,0.5320932670126917,-1.3250412376599073e-16
rand_n10_m10_d5_s123,C_large,456,0.3857019031149136,0.4322951193001655,0.14324264028146294,0.5566881336424463,0.0,0.0,0.408452086446959,0.0
rand_n10_m10_d5_s123,C_tiny05,42,0.0045071430640991625,0.4322951193001655,0.14324264028146294,0.008973839748617008,0.0,0.0,0.0,0.0
rand_n10_m10_d5_s123,C_tiny05,123,0.004807641983846154,0.4322951193001655,0.14324264028146294,0.009569278303564983,0.0,0.0,0.0,0.0
rand_n10_m10_d5_s123,C_tiny05,456,0.003857019031149136,0.4322951193001655,0.14324264028146294,0.007684399188385722,0.0,0.0,0.0,2.8583779290564345e-16
rand_n10_m10_d5_s123,C_tiny1,42,0.009014286128198325,0.4322951193001655,0.14324264028146294,0.01786750941413932,0.0,0.0,0.0,0.0
rand_n10_m10_d5_s123,C_tiny1,123,0.009615283967692309,0.4322951193001655,0.14324264028146294,0.019047421568154463,0.0,0.0,0.0,-1.426857602909681e-16
rand_n10_m10_d5_s123,C_tiny1,456,0.007714038062298272,0.4322951193001655,0.14324264028146294,0.015309974399347169,0.0,0.0,0.0,0.0
rand_n10_m10_d5_s123,C_tiny2,42,0.01802857225639665,0.4322951193001655,0.14324264028146294,0.03541859776378859,0.0,0.0,0.0,0.0
rand_n10_m10_d5_s123,C_tiny2,123,0.019230567935384617,0.4322951193001655,0.14324264028146294,0.03773546151454077,0.0,0.0,0.0,0.0
rand_n10_m10_d5_s123,C_tiny2,456,0.015428076124596544,0.4322951193001655,0.14324264028146294,0.03038733414478381,0.0,0.0,0.0,-1.4294599247856492e-16
rand_n10_m10_d5_s42,C_small,42,0.04507143064099162,0.5694420592082323,0.2588746218613215,0.08625521532695077,0.0,0.0,0.0,0.0
rand_n10_m10_d5_s42,C_small,123,0.048076419838461545,0.5694420592082323,0.2588746218613215,0.0917422030081957,0.0,0.0,0.0,0.0
rand_n10_m10_d5_s42,C_small,456,0.038570190311491365,0.5694420592082323,0.2588746218613215,0.0742755582074299,0.0,0.0,0.0,0.0
rand_n10_m10_d5_s42,C_medium,42,0.18028572256396647,0.5694420592082323,0.2588746218613215,0.30549504940604877,0.0,0.0,0.0,1.269002314361803e-16
rand_n10_m10_d5_s42,C_medium,123,0.19230567935384618,0.5694420592082323,0.2588746218613215,0.32257781319646756,0.0,0.0,0.0,-1.3769837643509647e-16
rand_n10_m10_d5_s42,C_medium,456,0.15428076124596546,0.5694420592082323,0.2588746218613215,0.26731929774075097,0.0,0.0,0.0,0.0
rand_n10_m10_d5_s42,C_large,42,0.45071430640991617,0.5694420592082323,0.2588746218613215,0.621368803517626,0.0,0.0,0.3568575326704597,-1.165564313723981e-16
rand_n10_m10_d5_s42,C_large,123,0.4807641983846154,0.5694420592082323,0.2588746218613215,0.6493460591620019,0.0,0.0,0.4043796634177365,1.4215360754795115e-16
rand_n10_m10_d5_s42,C_large,456,0.3857019031149136,0.5694420592082323,0.2588746218613215,0.5566881336424463,0.0,0.0,0.2469910293328588,0.0
rand_n10_m10_d5_s42,C_tiny05,42,0.0045071430640991625,0.5694420592082323,0.2588746218613215,0.008973839748617008,0.0,0.0,0.0,0.0
rand_n10_m10_d5_s42,C_tiny05,123,0.004807641983846154,0.5694420592082323,0.2588746218613215,0.009569278303564983,0.0,0.0,0.0,-1.3494924087992584e-16
rand_n10_m10_d5_s42,C_tiny05,456,0.003857019031149136,0.5694420592082323,0.2588746218613215,0.007684399188385722,0.0,0.0,0.0,0.0
rand_n10_m10_d5_s42,C_tiny1,42,0.009014286128198325,0.5694420592082323,0.2588746218613215,0.01786750941413932,0.0,0.0,0.0,0.0
rand_n10_m10_d5_s42,C_tiny1,123,0.009615283967692309,0.5694420592082323,0.2588746218613215,0.019047421568154463,0.0,0.0,0.0,0.0
rand_n10_m10_d5_s42,C_tiny1,456,0.007714038062298272,0.5694420592082323,0.2588746218613215,0.015309974399347169,0.0,0.0,0.0,0.0
rand_n10_m10_d5_s42,C_tiny2,42,0.01802857225639665,0.5694420592082323,0.2588746218613215,0.03541859776378859,0.0,0.0,0.0,1.3403731610432376e-16
rand_n10_m10_d5_s42,C_tiny2,123,0.019230567935384617,0.5694420592082323,0.2588746218613215,0.03773546151454077,0.0,0.0,0.0,1.3515680960336076e-16
rand_n10_m10_d5_s42,C_tiny2,456,0.015428076124596544,0.5694420592082323,0.2588746218613215,0.03038733414478381,0.0,0.0,0.0,1.358550945301846e-16
rand_n10_m10_d5_s456,C_small,42,0.04507143064099162,0.16857066008342492,0.07773353351416272,0.08625521532695077,0.0,0.0,0.0,1.9301063945358806e-16
rand_n10_m10_d5_s456,C_small,123,0.048076419838461545,0.16857066008342492,0.07773353351416272,0.0917422030081957,0.0,0.0,0.0,0.0
rand_n10_m10_d5_s456,C_small,456,0.038570190311491365,0.16857066008342492,0.07773353351416272,0.0742755582074299,0.0,0.0,0.0,0.0
rand_n10_m10_d5_s456,C_medium,42,0.18028572256396647,0.16857066008342492,0.07773353351416272,0.30549504940604877,0.019851231369795108,0.023876029407125524,0.18842189145322005,0.0
rand_n10_m10_d5_s456,C_medium,123,0.19230567935384618,0.16857066008342492,0.07773353351416272,0.32257781319646756,0.03981364792841402,0.04788578658098461,0.20838430801183894,0.0
rand_n10_m10_d5_s456,C_medium,456,0.15428076124596546,0.16857066008342492,0.07773353351416272,0.26731929774075097,0.0,0.0,0.14381082813052207,0.0038636217191568515
rand_n10_m10_d5_s456,C_large,42,0.4507143064099161,0.16857066008342492,0.07773353351416272,0.6213688035176259,0.3889720327149903,0.4678353457601333,0.5575426927984153,0.0027370500532273726
rand_n10_m10_d5_s456,C_large,123,0.4807641983846155,0.16857066008342492,0.07773353351416272,0.6493460591620019,0.4216654328106615,0.5071572682929028,0.5902360928940864,0.0
rand_n10_m10_d5_s456,C_large,456,0.3857019031149136,0.16857066008342492,0.07773353351416272,0.5566881336424463,0.3133880996243135,0.37692691919647503,0.4819587597077383,0.045282999386593845
rand_n10_m10_d5_s456,C_tiny05,42,0.0045071430640991625,0.16857066008342492,0.07773353351416272,0.008973839748617008,0.0,0.0,0.0,-1.9253551355186774e-16
rand_n10_m10_d5_s456,C_tiny05,123,0.004807641983846154,0.16857066008342492,0.07773353351416272,0.009569278303564983,0.0,0.0,0.0,-1.9239005367099772e-16
rand_n10_m10_d5_s456,C_tiny05,456,0.0038570190311491355,0.16857066008342492,0.07773353351416272,0.007684399188385721,0.0,0.0,0.0,0.0
rand_n10_m10_d5_s456,C_tiny1,42,0.009014286128198325,0.16857066008342492,0.07773353351416272,0.01786750941413932,0.0,0.0,0.0,0.0
rand_n10_m10_d5_s456,C_tiny1,123,0.009615283967692309,0.16857066008342492,0.07773353351416272,0.019047421568154463,0.0,0.0,0.0,0.0
rand_n10_m10_d5_s456,C_tiny1,456,0.007714038062298271,0.16857066008342492,0.07773353351416272,0.015309974399347167,0.0,0.0,0.0,-1.9238870670586291e-16
rand_n10_m10_d5_s456,C_tiny2,42,0.01802857225639665,0.16857066008342492,0.07773353351416272,0.03541859776378859,0.0,0.0,0.0,1.9269362872860032e-16
rand_n10_m10_d5_s456,C_tiny2,123,0.019230567935384617,0.16857066008342492,0.07773353351416272,0.03773546151454077,0.0,0.0,0.0,0.0
rand_n10_m10_d5_s456,C_tiny2,456,0.015428076124596542,0.16857066008342492,0.07773353351416272,0.030387334144783805,0.0,0.0,0.0,0.0
rand_n10_m10_d5_s789,C_small,42,0.04507143064099162,0.29939201213416744,0.12162338426588852,0.08625521532695077,0.0,0.0,0.0,-1.3563378698284752e-16
rand_n10_m10_d5_s789,C_small,123,0.04807641983846154,0.29939201213416744,0.12162338426588852,0.09174220300819569,0.0,0.0,0.0,1.3746983419240345e-16
rand_n10_m10_d5_s789,C_small,456,0.038570190311491365,0.29939201213416744,0.12162338426588852,0.0742755582074299,0.0,0.0,0.0,0.0
rand_n10_m10_d5_s789,C_medium,42,0.18028572256396647,0.29939201213416744,0.12162338426588852,0.30549504940604877,0.0,0.0,0.11316742827498055,0.0
rand_n10_m10_d5_s789,C_medium,123,0.19230567935384615,0.29939201213416744,0.12162338426588852,0.3225778131964675,0.0,0.0,0.1349808816297363,0.0
rand_n10_m10_d5_s789,C_medium,456,0.15428076124596546,0.29939201213416744,0.12162338426588852,0.26731929774075097,0.0,0.0,0.06441975556520646,0.0
rand_n10_m10_d5_s789,C_large,42,0.45071430640991617,0.29939201213416744,0.12162338426588852,0.621368803517626,0.20861763561183336,0.29776656736003976,0.5165153575584759,-1.238514363210893e-16
rand_n10_m10_d5_s789,C_large,123,0.4807641983846155,0.29939201213416744,0.12162338426588852,0.6493460591620019,0.24497105811757097,0.34965496020648185,0.5522402887511065,2.821081648421869e-16
rand_n10_m10_d5_s789,C_large,456,0.3857019031149136,0.29939201213416744,0.12162338426588852,0.5566881336424463,0.12457208983653771,0.17780569447403083,0.4339228220304761,1.3192489604657527e-16
rand_n10_m10_d5_s789,C_tiny05,42,0.0045071430640991625,0.29939201213416744,0.12162338426588852,0.008973839748617008,0.0,0.0,0.0,0.0
rand_n10_m10_d5_s789,C_tiny05,123,0.004807641983846154,0.29939201213416744,0.12162338426588852,0.009569278303564983,0.0,0.0,0.0,1.3712140248766578e-16
rand_n10_m10_d5_s789,C_tiny05,456,0.003857019031149136,0.29939201213416744,0.12162338426588852,0.007684399188385722,0.0,0.0,0.0,1.3702922219305402e-16
rand_n10_m10_d5_s789,C_tiny1,42,0.009014286128198325,0.29939201213416744,0.12162338426588852,0.01786750941413932,0.0,0.0,0.0,0.0
rand_n10_m10_d5_s789,C_tiny1,123,0.009615283967692309,0.29939201213416744,0.12162338426588852,0.019047421568154463,0.0,0.0,0.0,0.0
rand_n10_m10_d5_s789,C_tiny1,456,0.007714038062298272,0.29939201213416744,0.12162338426588852,0.015309974399347169,0.0,0.0,0.0,-1.3697568939348513e-16
rand_n10_m10_d5_s789,C_tiny2,42,0.01802857225639665,0.29939201213416744,0.12162338426588852,0.03541859776378859,0.0,0.0,0.0,0.0
rand_n10_m10_d5_s789,C_tiny2,123,0.019230567935384617,0.29939201213416744,0.12162338426588852,0.03773546151454077,0.0,0.0,0.0,0.0
rand_n10_m10_d5_s789,C_tiny2,456,0.015428076124596544,0.29939201213416744,0.12162338426588852,0.03038733414478381,0.0,0.0,0.0,0.0
rand_n10_m10_d8_s1024,C_small,42,0.04507143064099162,0.3266432763125862,0.10615472427156346,0.08625521532695077,0.0,0.0,0.0,-1.5921621399810826e-16
rand_n10_m10_d8_s1024,C_small,123,0.04807641983846155,0.3266432763125862,0.10615472427156346,0.09174220300819572,0.0,0.0,0.0,0.0
rand_n10_m10_d8_s1024,C_small,456,0.038570190311491365,0.3266432763125862,0.10615472427156346,0.0742755582074299,0.0,0.0,0.0,-1.568409522654608e-16
rand_n10_m10_d8_s1024,C_medium,42,0.18028572256396647,0.3266432763125862,0.10615472427156346,0.30549504940604877,0.0,0.0,0.14053365499591505,1.6154971594797561e-16
rand_n10_m10_d8_s1024,C_medium,123,0.1923056793538462,0.3266432763125862,0.10615472427156346,0.3225778131964676,0.0,0.0,0.16167398026640167,1.6146150470666721e-16
rand_n10_m10_d8_s1024,C_medium,456,0.15428076124596546,0.3266432763125862,0.10615472427156346,0.26731929774075097,0.0,0.0,0.0932902570568552,3.0438997244029887e-16
rand_n10_m10_d8_s1024,C_large,42,0.45071430640991617,0.3266432763125862,0.10615472427156346,0.621368803517626,0.17104819267188262,0.25402314502065737,0.5314349159542712,0.0
rand_n10_m10_d8_s1024,C_large,123,0.4807641983846155,0.3266432763125862,0.10615472427156346,0.6493460591620019,0.2081640307621723,0.30914376204967753,0.5660574332327334,1.6619427097398067e-16
rand_n10_m10_d8_s1024,C_large,456,0.3857019031149136,0.3266432763125862,0.10615472427156346,0.5566881336424463,0.08524001687458137,0.12658968697571296,0.4513910532251511,0.009622537756282095
rand_n10_m10_d8_s1024,C_tiny05,42,0.0045071430640991625,0.3266432763125862,0.10615472427156346,0.008973839748617008,0.0,0.0,0.0,0.0
rand_n10_m10_d8_s1024,C_tiny05,123,0.004807641983846154,0.3266432763125862,0.10615472427156346,0.009569278303564983,0.0,0.0,0.0,0.0
rand_n10_m10_d8_s1024,C_tiny05,456,0.003857019031149136,0.3266432763125862,0.10615472427156346,0.007684399188385722,0.0,0.0,0.0,0.0
rand_n10_m10_d8_s1024,C_tiny1,42,0.009014286128198325,0.3266432763125862,0.10615472427156346,0.01786750941413932,0.0,0.0,0.0,-1.586052883398307e-16
rand_n10_m10_d8_s1024,C_tiny1,123,0.009615283967692309,0.3266432763125862,0.10615472427156346,0.019047421568154463,0.0,0.0,0.0,0.0
rand_n10_m10_d8_s1024,C_tiny1,456,0.007714038062298272,0.3266432763125862,0.10615472427156346,0.015309974399347169,0.0,0.0,0.0,0.0
rand_n10_m10_d8_s1024,C_tiny2,42,0.01802857225639665,0.3266432763125862,0.10615472427156346,0.03541859776378859,0.0,0.0,0.0,1.5875757980015127e-16
rand_n10_m10_d8_s1024,C_tiny2,123,0.019230567935384617,0.3266432763125862,0.10615472427156346,0.03773546151454077,0.0,0.0,0.0,0.0
rand_n10_m10_d8_s1024,C_tiny2,456,0.015428076124596544,0.3266432763125862,0.10615472427156346,0.03038733414478381,0.0,0.0,0.0,0.0
rand_n10_m10_d8_s123,C_small,42,0.04507143064099162,0.7132000064043764,0.3051769200730136,0.08625521532695077,0.0,0.0,0.0,0.0
rand_n10_m10_d8_s123,C_small,123,0.048076419838461545,0.7132000064043764,0.3051769200730136,0.0917422030081957,0.0,0.0,0.0,0.0
rand_n10_m10_d8_s123,C_small,456,0.038570190311491365,0.7132000064043764,0.3051769200730136,0.0742755582074299,0.0,0.0,0.0,1.6855710433664593e-16
rand_n10_m10_d8_s123,C_medium,42,0.18028572256396647,0.7132000064043764,0.3051769200730136,0.30549504940604877,0.0,0.0,0.0,0.0
rand_n10_m10_d8_s123,C_medium,123,0.19230567935384618,0.7132000064043764,0.3051769200730136,0.32257781319646756,0.0,0.0,0.0,0.0
rand_n10_m10_d8_s123,C_medium,456,0.15428076124596546,0.7132000064043764,0.3051769200730136,0.26731929774075097,0.0,0.0,0.0,0.0
rand_n10_m10_d8_s123,C_large,42,0.4507143064099162,0.7132000064043764,0.3051769200730136,0.6213688035176261,0.0,0.0,0.2887675825040894,-5.156658854342589e-16
rand_n10_m10_d8_s123,C_large,123,0.4807641983846155,0.7132000064043764,0.3051769200730136,0.6493460591620019,0.0,0.0,0.34132091501264533,1.5778753321798372e-16
rand_n10_m10_d8_s123,C_large,456,0.3857019031149136,0.7132000064043764,0.3051769200730136,0.5566881336424463,0.0,0.0,0.16726943436425282,0.0
rand_n10_m10_d8_s123,C_tiny05,42,0.0045071430640991625,0.7132000064043764,0.3051769200730136,0.008973839748617008,0.0,0.0,0.0,0.0
rand_n10_m10_d8_s123,C_tiny05,123,0.004807641983846154,0.7132000064043764,0.3051769200730136,0.009569278303564983,0.0,0.0,0.0,-1.6761004764324468e-16
rand_n10_m10_d8_s123,C_tiny05,456,0.003857019031149136,0.7132000064043764,0.3051769200730136,0.007684399188385722,0.0,0.0,0.0,0.0
rand_n10_m10_d8_s123,C_tiny1,42,0.009014286128198325,0.7132000064043764,0.3051769200730136,0.01786750941413932,0.0,0.0,0.0,0.0
rand_n10_m10_d8_s123,C_tiny1,123,0.009615283967692309,0.7132000064043764,0.3051769200730136,0.019047421568154463,0.0,0.0,0.0,1.6750472012687896e-16
rand_n10_m10_d8_s123,C_tiny1,456,0.007714038062298272,0.7132000064043764,0.3051769200730136,0.015309974399347169,0.0,0.0,0.0,0.0
rand_n10_m10_d8_s123,C_tiny2,42,0.01802857225639665,0.7132000064043764,0.3051769200730136,0.03541859776378859,0.0,0.0,0.0,0.0
rand_n10_m10_d8_s123,C_tiny2,123,0.019230567935384617,0.7132000064043764,0.3051769200730136,0.03773546151454077,0.0,0.0,0.0,0.0
rand_n10_m10_d8_s123,C_tiny2,456,0.015428076124596544,0.7132000064043764,0.3051769200730136,0.03038733414478381,0.0,0.0,0.0,0.0
rand_n10_m10_d8_s42,C_small,42,0.04507143064099162,0.17151867444611482,0.07223910655521211,0.08625521532695077,0.0,0.0,0.0,0.0
rand_n10_m10_d8_s42,C_small,123,0.048076419838461545,0.17151867444611482,0.07223910655521211,0.0917422030081957,0.0,0.0,0.0,0.0
rand_n10_m10_d8_s42,C_small,456,0.038570190311491365,0.17151867444611482,0.07223910655521211,0.0742755582074299,0.0,0.0,0.0,0.0
rand_n10_m10_d8_s42,C_medium,42,0.18028572256396647,0.17151867444611482,0.07223910655521211,0.30549504940604877,0.014855806437794994,0.017931371510230568,0.1973412837460297,2.295622198015558e-16
rand_n10_m10_d8_s42,C_medium,123,0.19230567935384618,0.17151867444611482,0.07223910655521211,0.32257781319646756,0.034868583229422496,0.04208734965282523,0.2170843096846655,0.0
rand_n10_m10_d8_s42,C_medium,456,0.15428076124596546,0.17151867444611482,0.07223910655521211,0.26731929774075097,0.0,0.0,0.1532205041929211,1.2978731755801931e-16
rand_n10_m10_d8_s42,C_large,42,0.45071430640991617,0.17151867444611482,0.07223910655521211,0.621368803517626,0.384907808146908,0.46459442871518686,0.5624053797711057,0.0
rand_n10_m10_d8_s42,C_large,123,0.4807641983846154,0.17151867444611482,0.07223910655521211,0.6493460591620019,0.4176836855940473,0.5041558242906716,0.5947394734022873,0.00023054760309968125
rand_n10_m10_d8_s42,C_large,456,0.3857019031149136,0.17151867444611482,0.07223910655521211,0.5566881336424463,0.30913319551245066,0.3731323639742612,0.4876521279705839,0.004055002912933624
rand_n10_m10_d8_s42,C_tiny05,42,0.0045071430640991625,0.17151867444611482,0.07223910655521211,0.008973839748617008,0.0,0.0,0.0,0.0
rand_n10_m10_d8_s42,C_tiny05,123,0.004807641983846154,0.17151867444611482,0.07223910655521211,0.009569278303564983,0.0,0.0,0.0,-1.2144914272402332e-16
rand_n10_m10_d8_s42,C_tiny05,456,0.003857019031149136,0.17151867444611482,0.07223910655521211,0.007684399188385722,0.0,0.0,0.0,-1.2160271829671463e-16
rand_n10_m10_d8_s42,C_tiny1,42,0.009014286128198325,0.17151867444611482,0.07223910655521211,0.01786750941413932,0.0,0.0,0.0,0.0
rand_n10_m10_d8_s42,C_tiny1,123,0.009615283967692309,0.17151867444611482,0.07223910655521211,0.019047421568154463,0.0,0.0,0.0,0.0
rand_n10_m10_d8_s42,C_tiny1,456,0.007714038062298272,0.17151867444611482,0.07223910655521211,0.015309974399347169,0.0,0.0,0.0,-1.2179966406197187e-16
rand_n10_m10_d8_s42,C_tiny2,42,0.01802857225639665,0.17151867444611482,0.07223910655521211,0.03541859776378859,0.0,0.0,0.0,1.2070965829337371e-16
rand_n10_m10_d8_s42,C_tiny2,123,0.019230567935384617,0.17151867444611482,0.07223910655521211,0.03773546151454077,0.0,0.0,0.0,1.2157752635753707e-16
rand_n10_m10_d8_s42,C_tiny2,456,0.015428076124596544,0.17151867444611482,0.07223910655521211,0.03038733414478381,0.0,0.0,0.0,2.443909512651537e-16
rand_n10_m10_d8_s456,C_small,42,0.04507143064099162,0.05411405054741817,0.02522355848195948,0.08625521532695077,0.0,0.0,0.038966639132201664,-1.956970483693264e-16
rand_n10_m10_d8_s456,C_small,123,0.048076419838461545,0.05411405054741817,0.02522355848195948,0.0917422030081957,0.0,0.0,0.04473759213877214,0.0
rand_n10_m10_d8_s456,C_small,456,0.038570190311491365,0.05411405054741817,0.02522355848195948,0.0742755582074299,0.0,0.0,0.02636700481775088,0.0003977859795627192
rand_n10_m10_d8_s456,C_medium,42,0.18028572256396647,0.05411405054741817,0.02522355848195948,0.30549504940604877,0.21379852285675738,0.22602991722256816,0.2695526825387578,-1.9914161412444007e-16
rand_n10_m10_d8_s456,C_medium,123,0.19230567935384618,0.05411405054741817,0.02522355848195948,0.32257781319646756,0.2318057041904205,0.24506728778937334,0.28751952204776926,0.0084911025886213
rand_n10_m10_d8_s456,C_medium,456,0.15428076124596546,0.05411405054741817,0.02522355848195948,0.26731929774075097,0.17355692663615793,0.18348610288227835,0.22940124031774076,0.011579874496944602
rand_n10_m10_d8_s456,C_large,42,0.4507143064099161,0.05411405054741817,0.02522355848195948,0.6213688035176259,0.5467654852649312,0.578045889762253,0.6017736928424143,0.005680575443944578
rand_n10_m10_d8_s456,C_large,123,0.4807641983846155,0.05411405054741817,0.02522355848195948,0.6493460591620019,0.576256703535425,0.609224297991661,0.6311988413858262,0.038292165041753465
rand_n10_m10_d8_s456,C_large,456,0.3857019031149136,0.05411405054741817,0.02522355848195948,0.5566881336424463,0.47858468235068513,0.5059644692128679,0.5337456366543112,0.03575275968318407
rand_n10_m10_d8_s456,C_tiny05,42,0.0045071430640991625,0.05411405054741817,0.02522355848195948,0.008973839748617008,0.0,0.0,0.0,-1.9468679523246338e-16
rand_n10_m10_d8_s456,C_tiny05,123,0.004807641983846154,0.05411405054741817,0.02522355848195948,0.009569278303564983,0.0,0.0,0.0,1.9461810093569237e-16
rand_n10_m10_d8_s456,C_tiny05,456,0.0038570190311491355,0.05411405054741817,0.02522355848195948,0.007684399188385721,0.0,0.0,0.0,0.0
rand_n10_m10_d8_s456,C_tiny1,42,0.009014286128198325,0.05411405054741817,0.02522355848195948,0.01786750941413932,0.0,0.0,0.0,0.0
rand_n10_m10_d8_s456,C_tiny1,123,0.009615283967692309,0.05411405054741817,0.02522355848195948,0.019047421568154463,0.0,0.0,0.0,0.0
rand_n10_m10_d8_s456,C_tiny1,456,0.007714038062298271,0.05411405054741817,0.02522355848195948,0.015309974399347167,0.0,0.0,0.0,-3.888688243717468e-16
rand_n10_m10_d8_s456,C_tiny2,42,0.01802857225639665,0.05411405054741817,0.02522355848195948,0.03541859776378859,0.0,0.0,0.0,-1.9502238533322222e-16
rand_n10_m10_d8_s456,C_tiny2,123,0.019230567935384617,0.05411405054741817,0.02522355848195948,0.03773546151454077,0.0,0.0,0.0,1.9474695226468564e-16
rand_n10_m10_d8_s456,C_tiny2,456,0.015428076124596542,0.05411405054741817,0.02522355848195948,0.030387334144783805,0.0,0.0,0.0,0.0
rand_n10_m10_d8_s789,C_small,42,0.04507143064099162,0.3141775383684157,0.10811041049093684,0.08625521532695077,0.0,0.0,0.0,0.0
rand_n10_m10_d8_s789,C_small,123,0.04807641983846154,0.3141775383684157,0.10811041049093684,0.09174220300819569,0.0,0.0,0.0,0.0
rand_n10_m10_d8_s789,C_small,456,0.038570190311491365,0.3141775383684157,0.10811041049093684,0.0742755582074299,0.0,0.0,0.0,0.0
rand_n10_m10_d8_s789,C_medium,42,0.18028572256396647,0.3141775383684157,0.10811041049093684,0.30549504940604877,0.0,0.0,0.1371261925881794,0.0
rand_n10_m10_d8_s789,C_medium,123,0.19230567935384615,0.3141775383684157,0.10811041049093684,0.3225778131964675,0.0,0.0,0.15835033133672152,-1.581050733676484e-16
rand_n10_m10_d8_s789,C_medium,456,0.15428076124596546,0.3141775383684157,0.10811041049093684,0.26731929774075097,0.0,0.0,0.08969549225685398,-1.605763633852486e-16
rand_n10_m10_d8_s789,C_large,42,0.45071430640991617,0.3141775383684157,0.10811041049093684,0.621368803517626,0.1882338478888901,0.2744643962827907,0.5295772307537463,-1.4094814556271834e-16
rand_n10_m10_d8_s789,C_large,123,0.4807641983846155,0.3141775383684157,0.10811041049093684,0.6493460591620019,0.22500092884191994,0.32807459864560085,0.5643370133559449,1.5769113750362738e-16
rand_n10_m10_d8_s789,C_large,456,0.3857019031149136,0.3141775383684157,0.10811041049093684,0.5566881336424463,0.10323196437230625,0.1505228687417375,0.4492160240648483,0.0
rand_n10_m10_d8_s789,C_tiny05,42,0.0045071430640991625,0.3141775383684157,0.10811041049093684,0.008973839748617008,0.0,0.0,0.0,-1.581865766028326e-16
rand_n10_m10_d8_s789,C_tiny05,123,0.004807641983846154,0.3141775383684157,0.10811041049093684,0.009569278303564983,0.0,0.0,0.0,0.0
rand_n10_m10_d8_s789,C_tiny05,456,0.003857019031149136,0.3141775383684157,0.10811041049093684,0.007684399188385722,0.0,0.0,0.0,-1.5843636208669754e-16
rand_n10_m10_d8_s789,C_tiny1,42,0.009014286128198325,0.3141775383684157,0.10811041049093684,0.01786750941413932,0.0,0.0,0.0,0.0
rand_n10_m10_d8_s789,C_tiny1,123,0.009615283967692309,0.3141775383684157,0.10811041049093684,0.019047421568154463,0.0,0.0,0.0,0.0
rand_n10_m10_d8_s789,C_tiny1,456,0.007714038062298272,0.3141775383684157,0.10811041049093684,0.015309974399347169,0.0,0.0,0.0,0.0
rand_n10_m10_d8_s789,C_tiny2,42,0.01802857225639665,0.3141775383684157,0.10811041049093684,0.03541859776378859,0.0,0.0,0.0,1.5760247625272126e-16
rand_n10_m10_d8_s789,C_tiny2,123,0.019230567935384617,0.3141775383684157,0.10811041049093684,0.03773546151454077,0.0,0.0,0.0,0.0
rand_n10_m10_d8_s789,C_tiny2,456,0.015428076124596544,0.3141775383684157,0.10811041049093684,0.03038733414478381,0.0,0.0,0.0,0.0
rand_n10_m20_d3_s1024,C_small,42,0.04507143064099162,0.3221325671595435,0.191989284048625,0.08625521532695077,0.0,0.0,0.0,0.0
rand_n10_m20_d3_s1024,C_small,123,0.048076419838461545,0.3221325671595435,0.191989284048625,0.0917422030081957,0.0,0.0,0.0,0.0
rand_n10_m20_d3_s1024,C_small,456,0.038570190311491365,0.3221325671595435,0.191989284048625,0.0742755582074299,0.0,0.0,0.0,0.0
rand_n10_m20_d3_s1024,C_medium,42,0.18028572256396647,0.3221325671595435,0.191989284048625,0.30549504940604877,0.0,0.0,0.0,0.0
rand_n10_m20_d3_s1024,C_medium,123,0.19230567935384618,0.3221325671595435,0.191989284048625,0.32257781319646756,0.0,0.0,0.0006568334977508137,0.0
rand_n10_m20_d3_s1024,C_medium,456,0.15428076124596546,0.3221325671595435,0.191989284048625,0.26731929774075097,0.0,0.0,0.0,0.0
rand_n10_m20_d3_s1024,C_large,42,0.45071430640991617,0.3221325671595435,0.191989284048625,0.621368803517626,0.17726679702852582,0.26150658438586993,0.4414376939517479,0.0007576297111210831
rand_n10_m20_d3_s1024,C_large,123,0.4807641983846155,0.3221325671595435,0.191989284048625,0.6493460591620019,0.21425643785570342,0.3160742461957618,0.48271015267888173,0.0
rand_n10_m20_d3_s1024,C_large,456,0.3857019031149136,0.3221325671595435,0.191989284048625,0.5566881336424463,0.09175037692085551,0.13535150455066922,0.34601981909655766,1.6096243344705588e-16
rand_n10_m20_d3_s1024,C_tiny05,42,0.0045071430640991625,0.3221325671595435,0.191989284048625,0.008973839748617008,0.0,0.0,0.0,0.0
rand_n10_m20_d3_s1024,C_tiny05,123,0.004807641983846154,0.3221325671595435,0.191989284048625,0.009569278303564983,0.0,0.0,0.0,-1.4811818777040282e-16
rand_n10_m20_d3_s1024,C_tiny05,456,0.003857019031149136,0.3221325671595435,0.191989284048625,0.007684399188385722,0.0,0.0,0.0,0.0
rand_n10_m20_d3_s1024,C_tiny1,42,0.009014286128198325,0.3221325671595435,0.191989284048625,0.01786750941413932,0.0,0.0,0.0,0.0
rand_n10_m20_d3_s1024,C_tiny1,123,0.009615283967692309,0.3221325671595435,0.191989284048625,0.019047421568154463,0.0,0.0,0.0,0.0
rand_n10_m20_d3_s1024,C_tiny1,456,0.007714038062298272,0.3221325671595435,0.191989284048625,0.015309974399347169,0.0,0.0,0.0,0.0
rand_n10_m20_d3_s1024,C_tiny2,42,0.01802857225639665,0.3221325671595435,0.191989284048625,0.03541859776378859,0.0,0.0,0.0,0.0
rand_n10_m20_d3_s1024,C_tiny2,123,0.019230567935384617,0.3221325671595435,0.191989284048625,0.03773546151454077,0.0,0.0,0.0,0.0
rand_n10_m20_d3_s1024,C_tiny2,456,0.015428076124596544,0.3221325671595435,0.191989284048625,0.03038733414478381,0.0,0.0,0.0,0.0
rand_n10_m20_d3_s123,C_small,42,0.04507143064099162,0.05611825540271924,0.028869171470276598,0.08625521532695077,0.0,0.0,0.031928745414066435,0.0
rand_n10_m20_d3_s123,C_small,123,0.048076419838461545,0.05611825540271924,0.028869171470276598,0.0917422030081957,0.0,0.0,0.0377419605892217,1.2973945374328057e-16
rand_n10_m20_d3_s123,C_small,456,0.038570190311491365,0.05611825540271924,0.028869171470276598,0.0742755582074299,0.0,0.0,0.01923684074688576,0.0
rand_n10_m20_d3_s123,C_medium,42,0.18028572256396647,0.05611825540271924,0.028869171470276598,0.30549504940604877,0.21040238780744527,0.2229118096750734,0.26420342954056103,0.005443391751227655
rand_n10_m20_d3_s123,C_medium,123,0.19230567935384618,0.05611825540271924,0.028869171470276598,0.32257781319646756,0.2284438064992391,0.24202587644780393,0.28230184482213566,0.0
rand_n10_m20_d3_s123,C_medium,456,0.15428076124596546,0.05611825540271924,0.028869171470276598,0.26731929774075097,0.17008427956000347,0.18019659828527793,0.22375794801301443,0.0
rand_n10_m20_d3_s123,C_large,42,0.4507143064099161,0.05611825540271924,0.028869171470276598,0.6213688035176259,0.5440024259272717,0.5763459554558683,0.5988573794867471,0.01842815034044713
rand_n10_m20_d3_s123,C_large,123,0.4807641983846155,0.05611825540271924,0.028869171470276598,0.6493460591620019,0.573549716349366,0.6076499727135608,0.6284980159377813,0.00856751515132081
rand_n10_m20_d3_s123,C_large,456,0.38570190311491365,0.05611825540271924,0.028869171470276598,0.5566881336424464,0.47569198970041776,0.5039741391580551,0.5303311364002506,0.001984358454865453
rand_n10_m20_d3_s123,C_tiny05,42,0.0045071430640991625,0.05611825540271924,0.028869171470276598,0.008973839748617008,0.0,0.0,0.0,0.0
rand_n10_m20_d3_s123,C_tiny05,123,0.004807641983846155,0.05611825540271924,0.028869171470276598,0.009569278303564984,0.0,0.0,0.0,1.310175591662359e-16
rand_n10_m20_d3_s123,C_tiny05,456,0.003857019031149136,0.05611825540271924,0.028869171470276598,0.007684399188385722,0.0,0.0,0.0,0.0
rand_n10_m20_d3_s123,C_tiny1,42,0.009014286128198325,0.05611825540271924,0.028869171470276598,0.01786750941413932,0.0,0.0,0.0,0.0
rand_n10_m20_d3_s123,C_tiny1,123,0.00961528396769231,0.05611825540271924,0.028869171470276598,0.019047421568154466,0.0,0.0,0.0,0.0
rand_n10_m20_d3_s123,C_tiny1,456,0.007714038062298272,0.05611825540271924,0.028869171470276598,0.015309974399347169,0.0,0.0,0.0,0.0
rand_n10_m20_d3_s123,C_tiny2,42,0.01802857225639665,0.05611825540271924,0.028869171470276598,0.03541859776378859,0.0,0.0,0.0,0.0
rand_n10_m20_d3_s123,C_tiny2,123,0.01923056793538462,0.05611825540271924,0.028869171470276598,0.037735461514540776,0.0,0.0,0.0,1.3058873517633376e-16
rand_n10_m20_d3_s123,C_tiny2,456,0.015428076124596544,0.05611825540271924,0.028869171470276598,0.03038733414478381,0.0,0.0,0.0,0.0
rand_n10_m20_d3_s42,C_small,42,0.04507143064099162,0.49937897645731766,0.314793170730888,0.08625521532695077,0.0,0.0,0.0,0.0
rand_n10_m20_d3_s42,C_small,123,0.048076419838461545,0.49937897645731766,0.314793170730888,0.0917422030081957,0.0,0.0,0.0,0.0
rand_n10_m20_d3_s42,C_small,456,0.038570190311491365,0.49937897645731766,0.314793170730888,0.0742755582074299,0.0,0.0,0.0,0.0
rand_n10_m20_d3_s42,C_medium,42,0.18028572256396647,0.49937897645731766,0.314793170730888,0.30549504940604877,0.0,0.0,0.0,-1.596772289212006e-16
rand_n10_m20_d3_s42,C_medium,123,0.19230567935384618,0.49937897645731766,0.314793170730888,0.32257781319646756,0.0,0.0,0.0,0.0
rand_n10_m20_d3_s42,C_medium,456,0.15428076124596546,0.49937897645731766,0.314793170730888,0.26731929774075097,0.0,0.0,0.0,1.6365279711467312e-16
rand_n10_m20_d3_s42,C_large,42,0.45071430640991617,0.49937897645731766,0.314793170730888,0.621368803517626,0.0,0.0,0.2734723442676416,0.000127396057926194
rand_n10_m20_d3_s42,C_large,123,0.4807641983846155,0.49937897645731766,0.314793170730888,0.6493460591620019,0.0,0.0,0.32715584986879603,0.0
rand_n10_m20_d3_s42,C_large,456,0.38570190311491365,0.49937897645731766,0.314793170730888,0.5566881336424464,0.0,0.0,0.14936134683217156,0.0
rand_n10_m20_d3_s42,C_tiny05,42,0.0045071430640991625,0.49937897645731766,0.314793170730888,0.008973839748617008,0.0,0.0,0.0,0.0
rand_n10_m20_d3_s42,C_tiny05,123,0.004807641983846154,0.49937897645731766,0.314793170730888,0.009569278303564983,0.0,0.0,0.0,0.0
rand_n10_m20_d3_s42,C_tiny05,456,0.003857019031149136,0.49937897645731766,0.314793170730888,0.007684399188385722,0.0,0.0,0.0,0.0
rand_n10_m20_d3_s42,C_tiny1,42,0.009014286128198325,0.49937897645731766,0.314793170730888,0.01786750941413932,0.0,0.0,0.0,0.0
rand_n10_m20_d3_s42,C_tiny1,123,0.009615283967692309,0.49937897645731766,0.314793170730888,0.019047421568154463,0.0,0.0,0.0,1.650885175039707e-16
rand_n10_m20_d3_s42,C_tiny1,456,0.007714038062298272,0.49937897645731766,0.314793170730888,0.015309974399347169,0.0,0.0,0.0,0.0
rand_n10_m20_d3_s42,C_tiny2,42,0.01802857225639665,0.49937897645731766,0.314793170730888,0.03541859776378859,0.0,0.0,0.0,0.0
rand_n10_m20_d3_s42,C_tiny2,123,0.019230567935384617,0.49937897645731766,0.314793170730888,0.03773546151454077,0.0,0.0,0.0,-1.6527039561756856e-16
rand_n10_m20_d3_s42,C_tiny2,456,0.015428076124596544,0.49937897645731766,0.314793170730888,0.03038733414478381,0.0,0.0,0.0,0.0
rand_n10_m20_d3_s456,C_small,42,0.04507143064099162,0.9550624905941194,0.9139900539479517,0.08625521532695077,0.0,0.0,0.0,0.0
rand_n10_m20_d3_s456,C_small,123,0.048076419838461545,0.9550624905941194,0.9139900539479517,0.0917422030081957,0.0,0.0,0.0,0.0
rand_n10_m20_d3_s456,C_small,456,0.038570190311491365,0.9550624905941194,0.9139900539479517,0.0742755582074299,0.0,0.0,0.0,0.0
rand_n10_m20_d3_s456,C_medium,42,0.18028572256396647,0.9550624905941194,0.9139900539479517,0.30549504940604877,0.0,0.0,0.0,1.4391053013343063e-16
rand_n10_m20_d3_s456,C_medium,123,0.19230567935384618,0.9550624905941194,0.9139900539479517,0.32257781319646756,0.0,0.0,0.0,0.0
rand_n10_m20_d3_s456,C_medium,456,0.15428076124596546,0.9550624905941194,0.9139900539479517,0.26731929774075097,0.0,0.0,0.0,-1.3547334889705462e-16
rand_n10_m20_d3_s456,C_large,42,0.45071430640991617,0.9550624905941194,0.9139900539479517,0.621368803517626,0.0,0.0,0.0,-1.3969817590682363e-16
rand_n10_m20_d3_s456,C_large,123,0.4807641983846154,0.9550624905941194,0.9139900539479517,0.6493460591620019,0.0,0.0,0.0,1.3082320585277273e-16
rand_n10_m20_d3_s456,C_large,456,0.38570190311491354,0.9550624905941194,0.9139900539479517,0.5566881336424462,0.0,0.0,0.0,0.0
rand_n10_m20_d3_s456,C_tiny05,42,0.0045071430640991625,0.9550624905941194,0.9139900539479517,0.008973839748617008,0.0,0.0,0.0,-1.4678750856034514e-16
rand_n10_m20_d3_s456,C_tiny05,123,0.004807641983846154,0.9550624905941194,0.9139900539479517,0.009569278303564983,0.0,0.0,0.0,-1.4668294987645515e-16
rand_n10_m20_d3_s456,C_tiny05,456,0.003857019031149136,0.9550624905941194,0.9139900539479517,0.007684399188385722,0.0,0.0,0.0,-1.4655476376070005e-16
rand_n10_m20_d3_s456,C_tiny1,42,0.009014286128198325,0.9550624905941194,0.9139900539479517,0.01786750941413932,0.0,0.0,0.0,1.467123036908833e-16
rand_n10_m20_d3_s456,C_tiny1,123,0.009615283967692309,0.9550624905941194,0.9139900539479517,0.019047421568154463,0.0,0.0,0.0,0.0
rand_n10_m20_d3_s456,C_tiny1,456,0.007714038062298272,0.9550624905941194,0.9139900539479517,0.015309974399347169,0.0,0.0,0.0,1.4624802634492844e-16
rand_n10_m20_d3_s456,C_tiny2,42,0.01802857225639665,0.9550624905941194,0.9139900539479517,0.03541859776378859,0.0,0.0,0.0,0.0
rand_n10_m20_d3_s456,C_tiny2,123,0.019230567935384617,0.9550624905941194,0.9139900539479517,0.03773546151454077,0.0,0.0,0.0,0.0
rand_n10_m20_d3_s456,C_tiny2,456,0.015428076124596544,0.9550624905941194,0.9139900539479517,0.03038733414478381,0.0,0.0,0.0,0.0
rand_n10_m20_d3_s789,C_small,42,0.04507143064099162,1.0,0.7254739608018013,0.08625521532695077,0.0,0.0,0.0,0.0
rand_n10_m20_d3_s789,C_small,123,0.048076419838461545,1.0,0.7254739608018013,0.0917422030081957,0.0,0.0,0.0,0.0
rand_n10_m20_d3_s789,C_small,456,0.038570190311491365,1.0,0.7254739608018013,0.0742755582074299,0.0,0.0,0.0,-1.8815709873674907e-16
rand_n10_m20_d3_s789,C_medium,42,0.18028572256396647,1.0,0.7254739608018013,0.30549504940604877,0.0,0.0,0.0,-1.9345882157783191e-16
rand_n10_m20_d3_s789,C_medium,123,0.19230567935384618,1.0,0.7254739608018013,0.32257781319646756,0.0,0.0,0.0,0.0
rand_n10_m20_d3_s789,C_medium,456,0.15428076124596546,1.0,0.7254739608018013,0.26731929774075097,0.0,0.0,0.0,1.803038477016829e-16
rand_n10_m20_d3_s789,C_large,42,0.4507143064099161,1.0,0.7254739608018013,0.6213688035176259,0.0,0.0,0.0,0.0
rand_n10_m20_d3_s789,C_large,123,0.4807641983846155,1.0,0.7254739608018013,0.6493460591620019,0.0,0.0,0.0,0.0
rand_n10_m20_d3_s789,C_large,456,0.3857019031149136,1.0,0.7254739608018013,0.5566881336424463,0.0,0.0,0.0,-1.6641248727259888e-16
rand_n10_m20_d3_s789,C_tiny05,42,0.0045071430640991625,1.0,0.7254739608018013,0.008973839748617008,0.0,0.0,0.0,0.0
rand_n10_m20_d3_s789,C_tiny05,123,0.004807641983846154,1.0,0.7254739608018013,0.009569278303564983,0.0,0.0,0.0,0.0
rand_n10_m20_d3_s789,C_tiny05,456,0.003857019031149136,1.0,0.7254739608018013,0.007684399188385722,0.0,0.0,0.0,0.0
rand_n10_m20_d3_s789,C_tiny1,42,0.009014286128198325,1.0,0.7254739608018013,0.01786750941413932,0.0,0.0,0.0,0.0
rand_n10_m20_d3_s789,C_tiny1,123,0.009615283967692309,1.0,0.7254739608018013,0.019047421568154463,0.0,0.0,0.0,0.0
rand_n10_m20_d3_s789,C_tiny1,456,0.007714038062298272,1.0,0.7254739608018013,0.015309974399347169,0.0,0.0,0.0,0.0
rand_n10_m20_d3_s789,C_tiny2,42,0.01802857225639665,1.0,0.7254739608018013,0.03541859776378859,0.0,0.0,0.0,1.9117910241188936e-16
rand_n10_m20_d3_s789,C_tiny2,123,0.019230567935384617,1.0,0.7254739608018013,0.03773546151454077,0.0,0.0,0.0,0.0
rand_n10_m20_d3_s789,C_tiny2,456,0.015428076124596544,1.0,0.7254739608018013,0.03038733414478381,0.0,0.0,0.0,0.0
rand_n10_m20_d5_s1024,C_small,42,0.04507143064099161,0.43303246975667264,0.12177573135438707,0.08625521532695075,0.0,0.0,0.0,0.0
rand_n10_m20_d5_s1024,C_small,123,0.048076419838461545,0.43303246975667264,0.12177573135438707,0.0917422030081957,0.0,0.0,0.0,-2.057609377106564e-16
rand_n10_m20_d5_s1024,C_small,456,0.03857019031149136,0.43303246975667264,0.12177573135438707,0.07427555820742988,0.0,0.0,0.0,0.0
rand_n10_m20_d5_s1024,C_medium,42,0.18028572256396644,0.43303246975667264,0.12177573135438707,0.30549504940604877,0.0,0.0,0.1128931109097472,2.0238241624413507e-16
rand_n10_m20_d5_s1024,C_medium,123,0.19230567935384618,0.43303246975667264,0.12177573135438707,0.32257781319646756,0.0,0.0,0.1347133116588159,0.0
rand_n10_m20_d5_s1024,C_medium,456,0.15428076124596543,0.43303246975667264,0.12177573135438707,0.2673192977407509,0.0,0.0,0.06413035944264579,-2.0614028225428455e-16
rand_n10_m20_d5_s1024,C_large,42,0.4507143064099162,0.43303246975667264,0.12177573135438707,0.6213688035176261,0.024376731621267085,0.042994934138124705,0.5163658048272459,0.0
rand_n10_m20_d5_s1024,C_large,123,0.4807641983846155,0.43303246975667264,0.12177573135438707,0.6493460591620019,0.06446904737434088,0.11370853520777897,0.5521017865488154,0.006563349359220484
rand_n10_m20_d5_s1024,C_large,456,0.3857019031149136,0.43303246975667264,0.12177573135438707,0.5566881336424463,0.0,0.0,0.43374772156063524,0.0
rand_n10_m20_d5_s1024,C_tiny05,42,0.0045071430640991625,0.43303246975667264,0.12177573135438707,0.008973839748617008,0.0,0.0,0.0,2.04918702111671e-16
rand_n10_m20_d5_s1024,C_tiny05,123,0.004807641983846154,0.43303246975667264,0.12177573135438707,0.009569278303564983,0.0,0.0,0.0,0.0
rand_n10_m20_d5_s1024,C_tiny05,456,0.003857019031149136,0.43303246975667264,0.12177573135438707,0.007684399188385722,0.0,0.0,0.0,0.0
rand_n10_m20_d5_s1024,C_tiny1,42,0.009014286128198325,0.43303246975667264,0.12177573135438707,0.01786750941413932,0.0,0.0,0.0,0.0
rand_n10_m20_d5_s1024,C_tiny1,123,0.009615283967692309,0.43303246975667264,0.12177573135438707,0.019047421568154463,0.0,0.0,0.0,-2.0513937549407325e-16
rand_n10_m20_d5_s1024,C_tiny1,456,0.007714038062298272,0.43303246975667264,0.12177573135438707,0.015309974399347169,0.0,0.0,0.0,0.0
rand_n10_m20_d5_s1024,C_tiny2,42,0.01802857225639665,0.43303246975667264,0.12177573135438707,0.03541859776378859,0.0,0.0,0.0,0.0
rand_n10_m20_d5_s1024,C_tiny2,123,0.019230567935384617,0.43303246975667264,0.12177573135438707,0.03773546151454077,0.0,0.0,0.0,-2.0529441372954888e-16
rand_n10_m20_d5_s1024,C_tiny2,456,0.015428076124596544,0.43303246975667264,0.12177573135438707,0.03038733414478381,0.0,0.0,0.0,0.0
rand_n10_m20_d5_s123,C_small,42,0.04507143064099162,0.06037097190788653,0.021501516193801213,0.08625521532695077,0.0,0.0,0.04609797725290542,0.0
rand_n10_m20_d5_s123,C_small,123,0.048076419838461545,0.06037097190788653,0.021501516193801213,0.0917422030081957,0.0,0.0,0.05182610696234146,0.0
rand_n10_m20_d5_s123,C_small,456,0.038570190311491365,0.06037097190788653,0.021501516193801213,0.0742755582074299,0.0,0.0,0.033591838394650284,2.1657868577954005e-16
rand_n10_m20_d5_s123,C_medium,42,0.18028572256396647,0.06037097190788653,0.021501516193801213,0.30549504940604877,0.20319613863596672,0.2162514487750021,0.27497295930779053,0.0028362007701004228
rand_n10_m20_d5_s123,C_medium,123,0.19230567935384618,0.06037097190788653,0.021501516193801213,0.32257781319646756,0.22131020547928593,0.235529340689537,0.2928064760699376,0.0
rand_n10_m20_d5_s123,C_medium,456,0.15428076124596546,0.06037097190788653,0.021501516193801213,0.26731929774075097,0.16271567973932075,0.17317012871527576,0.23511946044875354,0.0
rand_n10_m20_d5_s123,C_large,42,0.4507143064099161,0.06037097190788653,0.021501516193801213,0.6213688035176259,0.5381394982834526,0.5727148504299909,0.6047287270384548,0.008871670809176344
rand_n10_m20_d5_s123,C_large,123,0.4807641983846155,0.06037097190788653,0.021501516193801213,0.6493460591620019,0.567805768042395,0.6042871719228452,0.63393552657125,0.0
rand_n10_m20_d5_s123,C_large,456,0.38570190311491365,0.06037097190788653,0.021501516193801213,0.5566881336424464,0.4695539935042552,0.4997227410669395,0.537205472338131,0.00897071940964869
rand_n10_m20_d5_s123,C_tiny05,42,0.0045071430640991625,0.06037097190788653,0.021501516193801213,0.008973839748617008,0.0,0.0,0.0,0.0
rand_n10_m20_d5_s123,C_tiny05,123,0.004807641983846155,0.06037097190788653,0.021501516193801213,0.009569278303564984,0.0,0.0,0.0,0.0
rand_n10_m20_d5_s123,C_tiny05,456,0.003857019031149136,0.06037097190788653,0.021501516193801213,0.007684399188385722,0.0,0.0,0.0,0.0
rand_n10_m20_d5_s123,C_tiny1,42,0.009014286128198325,0.06037097190788653,0.021501516193801213,0.01786750941413932,0.0,0.0,0.0,0.0
rand_n10_m20_d5_s123,C_tiny1,123,0.00961528396769231,0.06037097190788653,0.021501516193801213,0.019047421568154466,0.0,0.0,0.0,0.0
rand_n10_m20_d5_s123,C_tiny1,456,0.007714038062298272,0.06037097190788653,0.021501516193801213,0.015309974399347169,0.0,0.0,0.0,0.0
rand_n10_m20_d5_s123,C_tiny2,42,0.01802857225639665,0.06037097190788653,0.021501516193801213,0.03541859776378859,0.0,0.0,0.0,0.0
rand_n10_m20_d5_s123,C_tiny2,123,0.01923056793538462,0.06037097190788653,0.021501516193801213,0.037735461514540776,0.0,0.0,0.0,2.1522949695730712e-16
rand_n10_m20_d5_s123,C_tiny2,456,0.015428076124596544,0.06037097190788653,0.021501516193801213,0.03038733414478381,0.0,0.0,0.0,0.0
rand_n10_m20_d5_s42,C_small,42,0.04507143064099162,0.025215428652752978,0.01205390551798409,0.08625521532695077,0.03799932024944939,0.038982275024040065,0.0639580609305372,0.0
rand_n10_m20_d5_s42,C_small,123,0.048076419838461545,0.025215428652752978,0.01205390551798409,0.0917422030081957,0.04362466467708929,0.04475313413793138,0.0695789418099181,1.1217407668381045e-16
rand_n10_m20_d5_s42,C_small,456,0.038570190311491365,0.025215428652752978,0.01205390551798409,0.0742755582074299,0.025717590940546795,0.02638284570405396,0.05168607681896063,0.0
rand_n10_m20_d5_s42,C_medium,42,0.18028572256396647,0.025215428652752978,0.01205390551798409,0.30549504940604877,0.2627673807226103,0.2695645668246885,0.2885477744423861,-2.1467670956508495e-16
rand_n10_m20_d5_s42,C_medium,123,0.19230567935384618,0.025215428652752978,0.01205390551798409,0.32257781319646756,0.28028089372457826,0.28753111401548215,0.30604739097783995,-1.1159812255509348e-16
rand_n10_m20_d5_s42,C_medium,456,0.15428076124596546,0.025215428652752978,0.01205390551798409,0.26731929774075097,0.22362901111493094,0.22941377786258343,0.24944046000008724,0.0036141443120303444
rand_n10_m20_d5_s42,C_large,42,0.45071430640991617,0.025215428652752978,0.01205390551798409,0.621368803517626,0.5866060269442651,0.6017801719343163,0.6121294640555824,0.0037700835766650885
rand_n10_m20_d5_s42,C_large,123,0.4807641983846154,0.025215428652752978,0.01205390551798409,0.6493460591620019,0.6152887410822416,0.6312048417342643,0.6407894192886775,0.00043933076370676605
rand_n10_m20_d5_s42,C_large,456,0.3857019031149136,0.025215428652752978,0.01205390551798409,0.5566881336424463,0.5202944062526356,0.5337532225541262,0.5458704597188972,0.023322056203291735
rand_n10_m20_d5_s42,C_tiny05,42,0.0045071430640991625,0.025215428652752978,0.01205390551798409,0.008973839748617008,0.0,0.0,0.0,-1.1223592248606137e-16
rand_n10_m20_d5_s42,C_tiny05,123,0.004807641983846154,0.025215428652752978,0.01205390551798409,0.009569278303564983,0.0,0.0,0.0,0.0
rand_n10_m20_d5_s42,C_tiny05,456,0.0038570190311491364,0.025215428652752978,0.01205390551798409,0.0076843991883857226,0.0,0.0,0.0,0.0
rand_n10_m20_d5_s42,C_tiny1,42,0.009014286128198325,0.025215428652752978,0.01205390551798409,0.01786750941413932,0.0,0.0,0.0,1.1210476744461357e-16
rand_n10_m20_d5_s42,C_tiny1,123,0.009615283967692309,0.025215428652752978,0.01205390551798409,0.019047421568154463,0.0,0.0,0.0,1.1232866987278838e-16
rand_n10_m20_d5_s42,C_tiny1,456,0.007714038062298273,0.025215428652752978,0.01205390551798409,0.01530997439934717,0.0,0.0,0.0,0.0
rand_n10_m20_d5_s42,C_tiny2,42,0.01802857225639665,0.025215428652752978,0.01205390551798409,0.03541859776378859,0.0,0.0,0.0118809307758828,0.0
rand_n10_m20_d5_s42,C_tiny2,123,0.019230567935384617,0.025215428652752978,0.01205390551798409,0.03773546151454077,0.0,0.0,0.014254330519652393,0.0
rand_n10_m20_d5_s42,C_tiny2,456,0.015428076124596546,0.025215428652752978,0.01205390551798409,0.030387334144783812,0.0,0.0,0.006726894514446859,-1.120992796366735e-16
rand_n10_m20_d5_s456,C_small,42,0.04507143064099162,0.5792186965809817,0.4076761815397836,0.08625521532695077,0.0,0.0,0.0,-1.7428922512995602e-16
rand_n10_m20_d5_s456,C_small,123,0.048076419838461545,0.5792186965809817,0.4076761815397836,0.0917422030081957,0.0,0.0,0.0,-1.7716098718098913e-16
rand_n10_m20_d5_s456,C_small,456,0.038570190311491365,0.5792186965809817,0.4076761815397836,0.0742755582074299,0.0,0.0,0.0,0.0
rand_n10_m20_d5_s456,C_medium,42,0.18028572256396647,0.5792186965809817,0.4076761815397836,0.30549504940604877,0.0,0.0,0.0,0.0
rand_n10_m20_d5_s456,C_medium,123,0.19230567935384618,0.5792186965809817,0.4076761815397836,0.32257781319646756,0.0,0.0,0.0,0.0
rand_n10_m20_d5_s456,C_medium,456,0.15428076124596546,0.5792186965809817,0.4076761815397836,0.26731929774075097,0.0,0.0,0.0,0.0
rand_n10_m20_d5_s456,C_large,42,0.45071430640991617,0.5792186965809817,0.4076761815397836,0.621368803517626,0.0,0.0,0.1001710546408727,0.0
rand_n10_m20_d5_s456,C_large,123,0.4807641983846155,0.5792186965809817,0.4076761815397836,0.6493460591620019,0.0,0.0,0.16665988248814023,1.902930028605412e-16
rand_n10_m20_d5_s456,C_large,456,0.3857019031149136,0.5792186965809817,0.4076761815397836,0.5566881336424463,0.0,0.0,0.0,-1.534422483455314e-16
rand_n10_m20_d5_s456,C_tiny05,42,0.0045071430640991625,0.5792186965809817,0.4076761815397836,0.008973839748617008,0.0,0.0,0.0,0.0
rand_n10_m20_d5_s456,C_tiny05,123,0.004807641983846154,0.5792186965809817,0.4076761815397836,0.009569278303564983,0.0,0.0,0.0,0.0
rand_n10_m20_d5_s456,C_tiny05,456,0.0038570190311491364,0.5792186965809817,0.4076761815397836,0.0076843991883857226,0.0,0.0,0.0,0.0
rand_n10_m20_d5_s456,C_tiny1,42,0.009014286128198325,0.5792186965809817,0.4076761815397836,0.01786750941413932,0.0,0.0,0.0,1.7550604038960298e-16
rand_n10_m20_d5_s456,C_tiny1,123,0.009615283967692309,0.5792186965809817,0.4076761815397836,0.019047421568154463,0.0,0.0,0.0,0.0
rand_n10_m20_d5_s456,C_tiny1,456,0.007714038062298273,0.5792186965809817,0.4076761815397836,0.01530997439934717,0.0,0.0,0.0,1.753017516992483e-16
rand_n10_m20_d5_s456,C_tiny2,42,0.01802857225639665,0.5792186965809817,0.4076761815397836,0.03541859776378859,0.0,0.0,0.0,0.0
rand_n10_m20_d5_s456,C_tiny2,123,0.019230567935384617,0.5792186965809817,0.4076761815397836,0.03773546151454077,0.0,0.0,0.0,0.0
rand_n10_m20_d5_s456,C_tiny2,456,0.015428076124596546,0.5792186965809817,0.4076761815397836,0.030387334144783812,0.0,0.0,0.0,0.0
rand_n10_m20_d5_s789,C_small,42,0.04507143064099162,0.01160559795752261,0.004781229910604113,0.08625521532695077,0.06404506276272967,0.0647970715236581,0.07747559013008101,1.2046829787332327e-16
rand_n10_m20_d5_s789,C_small,123,0.048076419838461545,0.01160559795752261,0.004781229910604113,0.0917422030081957,0.06959573021700102,0.07041291419010895,0.08301529898260838,0.00021293237211088086
rand_n10_m20_d5_s789,C_small,456,0.038570190311491365,0.01160559795752261,0.004781229910604113,0.0742755582074299,0.051926374559010675,0.05253608726608215,0.06538082767561255,0.00045464120677999036
rand_n10_m20_d5_s789,C_medium,42,0.18028572256396647,0.01160559795752261,0.004781229910604113,0.30549504940604877,0.28582930621242364,0.2891854765888687,0.29882196818483314,1.2015901620555934e-16
rand_n10_m20_d5_s789,C_medium,123,0.19230567935384618,0.01160559795752261,0.004781229910604113,0.32257781319646756,0.30311032569139734,0.3066694075411921,0.31606886999926287,0.0011207876610584864
rand_n10_m20_d5_s789,C_medium,456,0.15428076124596546,0.01160559795752261,0.004781229910604113,0.26731929774075097,0.24721050212157217,0.2501132155450513,0.26027940863526383,0.020740048784801103
rand_n10_m20_d5_s789,C_large,42,0.4507143064099162,0.01160559795752261,0.004781229910604113,0.6213688035176261,0.6053689641195533,0.6124771274185514,0.6177307636089803,0.0004407744244714983
rand_n10_m20_d5_s789,C_large,123,0.48076419838461554,0.01160559795752261,0.004781229910604113,0.649346059162002,0.6336709125448927,0.6411113936252949,0.6459768359106053,0.005673093705898631
rand_n10_m20_d5_s789,C_large,456,0.3857019031149136,0.01160559795752261,0.004781229910604113,0.5566881336424463,0.5399376363941789,0.5462775135901412,0.5524286159989757,0.0700894095610764
rand_n10_m20_d5_s789,C_tiny05,42,0.0045071430640991625,0.01160559795752261,0.004781229910604113,0.008973839748617008,0.0,0.0,0.0,-1.2056139308140082e-16
rand_n10_m20_d5_s789,C_tiny05,123,0.004807641983846154,0.01160559795752261,0.004781229910604113,0.009569278303564983,0.0,0.0,5.2823965528638486e-05,0.0
rand_n10_m20_d5_s789,C_tiny05,456,0.003857019031149136,0.01160559795752261,0.004781229910604113,0.007684399188385722,0.0,0.0,0.0,0.0
rand_n10_m20_d5_s789,C_tiny1,42,0.009014286128198325,0.01160559795752261,0.004781229910604113,0.01786750941413932,0.0,0.0,0.0084307877981605,0.0
rand_n10_m20_d5_s789,C_tiny1,123,0.009615283967692309,0.01160559795752261,0.004781229910604113,0.019047421568154463,0.0,0.0,0.009622037019868118,0.0
rand_n10_m20_d5_s789,C_tiny1,456,0.007714038062298272,0.01160559795752261,0.004781229910604113,0.015309974399347169,0.0,0.0,0.005848678964470131,2.071653633492548e-05
rand_n10_m20_d5_s789,C_tiny2,42,0.01802857225639665,0.01160559795752261,0.004781229910604113,0.03541859776378859,0.012618455854609106,0.012766620114939517,0.026150514021417114,0.0
rand_n10_m20_d5_s789,C_tiny2,123,0.019230567935384617,0.01160559795752261,0.004781229910604113,0.03773546151454077,0.014962208194574871,0.015137892488723197,0.028489639125344732,3.3036172119992216e-05
rand_n10_m20_d5_s789,C_tiny2,456,0.015428076124596544,0.01160559795752261,0.004781229910604113,0.03038733414478381,0.0075288014128238505,0.007617203615546471,0.02107090801011369,0.00012848843382030022
rand_n10_m20_d8_s1024,C_small,42,0.04507143064099161,0.008313426064696679,0.0029906853696740733,0.08625521532695075,0.0703454395528725,0.07093515370861699,0.08077337454765789,0.0
rand_n10_m20_d8_s1024,C_small,123,0.048076419838461545,0.008313426064696679,0.0029906853696740733,0.0917422030081957,0.07587804290052338,0.07651413752574772,0.08629328038431237,-1.1799821743154602e-16
rand_n10_m20_d8_s1024,C_small,456,0.03857019031149136,0.008313426064696679,0.0029906853696740733,0.07427555820742988,0.05826619043960809,0.05875464281863848,0.06872184771788392,0.00010583545466306743
rand_n10_m20_d8_s1024,C_medium,42,0.18028572256396644,0.008313426064696679,0.0029906853696740733,0.30549504940604877,0.29140790778302345,0.2938508148059637,0.30132849696881764,-1.175855306200849e-16
rand_n10_m20_d8_s1024,C_medium,123,0.19230567935384618,0.008313426064696679,0.0029906853696740733,0.32257781319646756,0.3086326878671946,0.3112199922627262,0.31851374560264145,1.6208709110169856e-05
rand_n10_m20_d8_s1024,C_medium,456,0.15428076124596543,0.008313426064696679,0.0029906853696740733,0.2673192977407509,0.2529147848287919,0.2550349994405509,0.26292371702804374,0.0025522474284872558
rand_n10_m20_d8_s1024,C_large,42,0.4507143064099162,0.008313426064696679,0.0029906853696740733,0.6213688035176261,0.6099076549951856,0.6150205831413982,0.6190972765354696,-2.337906887386032e-16
rand_n10_m20_d8_s1024,C_large,123,0.4807641983846155,0.008313426064696679,0.0029906853696740733,0.6493460591620019,0.6381174974858541,0.6434669120845475,0.6472423764876398,0.00012592960755418537
rand_n10_m20_d8_s1024,C_large,456,0.3857019031149136,0.008313426064696679,0.0029906853696740733,0.5566881336424463,0.5446892671531833,0.5492554618257022,0.5540285670898308,0.01951989385744504
rand_n10_m20_d8_s1024,C_tiny05,42,0.0045071430640991625,0.008313426064696679,0.0029906853696740733,0.008973839748617008,0.0,0.0,0.0030283638238970292,0.0
rand_n10_m20_d8_s1024,C_tiny05,123,0.004807641983846154,0.008313426064696679,0.0029906853696740733,0.009569278303564983,0.0,0.0,0.003627374600987146,0.0
rand_n10_m20_d8_s1024,C_tiny05,456,0.003857019031149136,0.008313426064696679,0.0029906853696740733,0.007684399188385722,0.0,0.0,0.0017311875064126058,0.0
rand_n10_m20_d8_s1024,C_tiny1,42,0.009014286128198325,0.008313426064696679,0.0029906853696740733,0.01786750941413932,0.0013891975032206821,0.0014008433105108388,0.011975389395650274,2.360537596757679e-16
rand_n10_m20_d8_s1024,C_tiny1,123,0.009615283967692309,0.008313426064696679,0.0029906853696740733,0.019047421568154463,0.002578918769691068,0.0026005381513406613,0.013162380211749578,1.1803980025385409e-16
rand_n10_m20_d8_s1024,C_tiny1,456,0.007714038062298272,0.008313426064696679,0.0029906853696740733,0.015309974399347169,0.0,0.0,0.009402510928316751,0.0
rand_n10_m20_d8_s1024,C_tiny2,42,0.01802857225639665,0.008313426064696679,0.0029906853696740733,0.03541859776378859,0.019086195528219718,0.019246197367057308,0.029631772214225575,0.0
rand_n10_m20_d8_s1024,C_tiny2,123,0.019230567935384617,0.008313426064696679,0.0029906853696740733,0.03773546151454077,0.02142232035446575,0.02160190620455382,0.03196253555532506,-1.1802940180091758e-16
rand_n10_m20_d8_s1024,C_tiny2,456,0.015428076124596544,0.008313426064696679,0.0029906853696740733,0.03038733414478381,0.014013104871106345,0.01413057838980136,0.024570324471009458,7.918914361156949e-06
rand_n10_m20_d8_s123,C_small,42,0.04507143064099162,0.02252911224143609,0.008640453066003615,0.08625521532695077,0.0431402442715887,0.04413455665213058,0.07032725266054855,1.1617645843173495e-16
rand_n10_m20_d8_s123,C_small,123,0.048076419838461545,0.02252911224143609,0.008640453066003615,0.0917422030081957,0.04875084891417178,0.04987447659537179,0.07590988689037449,0.0
rand_n10_m20_d8_s123,C_small,456,0.038570190311491365,0.02252911224143609,0.008640453066003615,0.0742755582074299,0.030890696112208228,0.031602676354938415,0.05813877187980776,1.1623937622704834e-16
rand_n10_m20_d8_s123,C_medium,42,0.18028572256396647,0.02252911224143609,0.008640453066003615,0.30549504940604877,0.2673193571804486,0.2734806330584821,0.2933887708146474,0.0001571325236255345
rand_n10_m20_d8_s123,C_medium,123,0.19230567935384618,0.02252911224143609,0.008640453066003615,0.32257781319646756,0.28478698047369566,0.2913508566242212,0.31076931318444284,-3.3633669993323285e-16
rand_n10_m20_d8_s123,C_medium,456,0.15428076124596546,0.02252911224143609,0.008640453066003615,0.26731929774075097,0.22828353972098206,0.23354510357281177,0.2545475576797071,-2.3315445424241397e-16
rand_n10_m20_d8_s123,C_large,42,0.4507143064099161,0.02252911224143609,0.008640453066003615,0.6213688035176259,0.5903094665525291,0.6039151384919159,0.6147686853412312,0.003401182724069648
rand_n10_m20_d8_s123,C_large,123,0.4807641983846155,0.02252911224143609,0.008640453066003615,0.6493460591620019,0.6189170249295247,0.6331820545047246,0.6432336271435878,0.0
rand_n10_m20_d8_s123,C_large,456,0.38570190311491365,0.02252911224143609,0.008640453066003615,0.5566881336424464,0.5241715986058804,0.5362529003885292,0.5489605329213733,0.03678147855085576
rand_n10_m20_d8_s123,C_tiny05,42,0.0045071430640991625,0.02252911224143609,0.008640453066003615,0.008973839748617008,0.0,0.0,0.0,-1.1613211856951988e-16
rand_n10_m20_d8_s123,C_tiny05,123,0.004807641983846155,0.02252911224143609,0.008640453066003615,0.009569278303564984,0.0,0.0,0.0,-1.1602331839768723e-16
rand_n10_m20_d8_s123,C_tiny05,456,0.003857019031149136,0.02252911224143609,0.008640453066003615,0.007684399188385722,0.0,0.0,0.0,-1.1613840248433437e-16
rand_n10_m20_d8_s123,C_tiny1,42,0.009014286128198325,0.02252911224143609,0.008640453066003615,0.01786750941413932,0.0,0.0,0.0007474449213940676,0.0
rand_n10_m20_d8_s123,C_tiny1,123,0.00961528396769231,0.02252911224143609,0.008640453066003615,0.019047421568154466,0.0,0.0,0.001947924740531935,1.1591962845516458e-16
rand_n10_m20_d8_s123,C_tiny1,456,0.007714038062298272,0.02252911224143609,0.008640453066003615,0.015309974399347169,0.0,0.0,0.0,0.0
rand_n10_m20_d8_s123,C_tiny2,42,0.01802857225639665,0.02252911224143609,0.008640453066003615,0.03541859776378859,0.0,0.0,0.018604475460456724,0.0
rand_n10_m20_d8_s123,C_tiny2,123,0.01923056793538462,0.02252911224143609,0.008640453066003615,0.037735461514540776,0.0,0.0,0.020961725673538573,1.1571280358377776e-16
rand_n10_m20_d8_s123,C_tiny2,456,0.015428076124596544,0.02252911224143609,0.008640453066003615,0.03038733414478381,0.0,0.0,0.013485509257062359,0.0
rand_n10_m20_d8_s42,C_small,42,0.04507143064099162,0.17004399520270425,0.05681594528646555,0.08625521532695077,0.0,0.0,0.0,-5.210725512986899e-16
rand_n10_m20_d8_s42,C_small,123,0.048076419838461545,0.17004399520270425,0.05681594528646555,0.0917422030081957,0.0,0.0,0.0,0.0
rand_n10_m20_d8_s42,C_small,456,0.038570190311491365,0.17004399520270425,0.05681594528646555,0.0742755582074299,0.0,0.0,0.0,-2.6440219370631517e-16
rand_n10_m20_d8_s42,C_medium,42,0.18028572256396647,0.17004399520270425,0.05681594528646555,0.30549504940604877,0.01735465771629236,0.02091033454301107,0.2218232462687281,-1.2363025870539919e-16
rand_n10_m20_d8_s42,C_medium,123,0.19230567935384618,0.17004399520270425,0.05681594528646555,0.32257781319646756,0.03734224291073805,0.04499303902242183,0.24096408847556547,1.3255133794190382e-16
rand_n10_m20_d8_s42,C_medium,456,0.15428076124596546,0.17004399520270425,0.05681594528646555,0.26731929774075097,0.0,0.0,0.17904819840658348,0.010416814265626585
rand_n10_m20_d8_s42,C_large,42,0.45071430640991617,0.17004399520270425,0.05681594528646555,0.621368803517626,0.38694084695667885,0.4662185040171898,0.5757524909101672,-4.487849089240806e-16
rand_n10_m20_d8_s42,C_large,123,0.4807641983846154,0.17004399520270425,0.05681594528646555,0.6493460591620019,0.4196754669256318,0.5056598958256,0.6071003595711916,0.018375619724606957
rand_n10_m20_d8_s42,C_large,456,0.3857019031149136,0.17004399520270425,0.05681594528646555,0.5566881336424463,0.3112616175635363,0.37503387621077244,0.5032792944706229,0.04500095497578776
rand_n10_m20_d8_s42,C_tiny05,42,0.0045071430640991625,0.17004399520270425,0.05681594528646555,0.008973839748617008,0.0,0.0,0.0,1.3240077184487375e-16
rand_n10_m20_d8_s42,C_tiny05,123,0.004807641983846154,0.17004399520270425,0.05681594528646555,0.009569278303564983,0.0,0.0,0.0,-1.3263978005610328e-16
rand_n10_m20_d8_s42,C_tiny05,456,0.0038570190311491364,0.17004399520270425,0.05681594528646555,0.0076843991883857226,0.0,0.0,0.0,1.325978217780913e-16
rand_n10_m20_d8_s42,C_tiny1,42,0.009014286128198325,0.17004399520270425,0.05681594528646555,0.01786750941413932,0.0,0.0,0.0,-1.3216037051489473e-16
rand_n10_m20_d8_s42,C_tiny1,123,0.009615283967692309,0.17004399520270425,0.05681594528646555,0.019047421568154463,0.0,0.0,0.0,-1.3263751083530167e-16
rand_n10_m20_d8_s42,C_tiny1,456,0.007714038062298273,0.17004399520270425,0.05681594528646555,0.01530997439934717,0.0,0.0,0.0,-1.3255362368589333e-16
rand_n10_m20_d8_s42,C_tiny2,42,0.01802857225639665,0.17004399520270425,0.05681594528646555,0.03541859776378859,0.0,0.0,0.0,-3.9504653211736974e-16
rand_n10_m20_d8_s42,C_tiny2,123,0.019230567935384617,0.17004399520270425,0.05681594528646555,0.03773546151454077,0.0,0.0,0.0,0.0
rand_n10_m20_d8_s42,C_tiny2,456,0.015428076124596546,0.17004399520270425,0.05681594528646555,0.030387334144783812,0.0,0.0,0.0,-5.298612633457205e-16
rand_n10_m20_d8_s456,C_small,42,0.04507143064099162,0.05553321862960112,0.02227531054237462,0.08625521532695077,0.0,0.0,0.04461987757894244,-1.1501747303309547e-16
rand_n10_m20_d8_s456,C_small,123,0.048076419838461545,0.05553321862960112,0.02227531054237462,0.0917422030081957,0.0,0.0,0.05035688319644244,1.165401316009763e-16
rand_n10_m20_d8_s456,C_small,456,0.038570190311491365,0.05553321862960112,0.02227531054237462,0.0742755582074299,0.0,0.0,0.03209436008501181,0.0
rand_n10_m20_d8_s456,C_medium,42,0.18028572256396647,0.05553321862960112,0.02227531054237462,0.30549504940604877,0.21139373551577348,0.22382336751859727,0.27384950825421667,2.24611785577473e-16
rand_n10_m20_d8_s456,C_medium,123,0.19230567935384618,0.05553321862960112,0.02227531054237462,0.32257781319646756,0.2294251601625634,0.2429150126695541,0.29171065858321144,-2.3669008542821775e-16
rand_n10_m20_d8_s456,C_medium,456,0.15428076124596546,0.05553321862960112,0.02227531054237462,0.26731929774075097,0.17109796148689727,0.18115826290749817,0.23393425520841302,0.0042654099810675965
rand_n10_m20_d8_s456,C_large,42,0.45071430640991617,0.05553321862960112,0.02227531054237462,0.621368803517626,0.5448089758737817,0.5768429198571461,0.6041162423956308,0.0
rand_n10_m20_d8_s456,C_large,123,0.4807641983846155,0.05553321862960112,0.02227531054237462,0.6493460591620019,0.5743398985725131,0.6081102161572686,0.6333682987366068,0.0
rand_n10_m20_d8_s456,C_large,456,0.3857019031149136,0.05553321862960112,0.02227531054237462,0.5566881336424463,0.47653638021731465,0.5045559988101134,0.5364883583954653,0.015799715306611024
rand_n10_m20_d8_s456,C_tiny05,42,0.0045071430640991625,0.05553321862960112,0.02227531054237462,0.008973839748617008,0.0,0.0,0.0,0.0
rand_n10_m20_d8_s456,C_tiny05,123,0.004807641983846154,0.05553321862960112,0.02227531054237462,0.009569278303564983,0.0,0.0,0.0,-1.160093449676944e-16
rand_n10_m20_d8_s456,C_tiny05,456,0.0038570190311491364,0.05553321862960112,0.02227531054237462,0.0076843991883857226,0.0,0.0,0.0,0.0
rand_n10_m20_d8_s456,C_tiny1,42,0.009014286128198325,0.05553321862960112,0.02227531054237462,0.01786750941413932,0.0,0.0,0.0,0.0
rand_n10_m20_d8_s456,C_tiny1,123,0.009615283967692309,0.05553321862960112,0.02227531054237462,0.019047421568154463,0.0,0.0,0.0,-2.32136164750152e-16
rand_n10_m20_d8_s456,C_tiny1,456,0.007714038062298273,0.05553321862960112,0.02227531054237462,0.01530997439934717,0.0,0.0,0.0,-1.1571740380515196e-16
rand_n10_m20_d8_s456,C_tiny2,42,0.01802857225639665,0.05553321862960112,0.02227531054237462,0.03541859776378859,0.0,0.0,0.0,1.1557557812731331e-16
rand_n10_m20_d8_s456,C_tiny2,123,0.019230567935384617,0.05553321862960112,0.02227531054237462,0.03773546151454077,0.0,0.0,0.0,0.0
rand_n10_m20_d8_s456,C_tiny2,456,0.015428076124596546,0.05553321862960112,0.02227531054237462,0.030387334144783812,0.0,0.0,0.0,0.0
rand_n10_m20_d8_s789,C_small,42,0.04507143064099162,0.0013353458941839944,0.0006013641805745351,0.08625521532695077,0.08369970408622159,0.08381162159099803,0.08515556727062012,-1.4440053075108334e-16
rand_n10_m20_d8_s789,C_small,123,0.048076419838461545,0.0013353458941839944,0.0006013641805745351,0.0917422030081957,0.0891940187939381,0.08931328291958088,0.09064915827857073,0.0
rand_n10_m20_d8_s789,C_small,456,0.038570190311491365,0.0013353458941839944,0.0006013641805745351,0.0742755582074299,0.07170404998075243,0.07179992771943527,0.07316149320789152,0.0006157872545999422
rand_n10_m20_d8_s789,C_medium,42,0.18028572256396647,0.0013353458941839944,0.0006013641805745351,0.30549504940604877,0.30323229917759864,0.3036377606145546,0.3046592459827702,0.0060620633272475705
rand_n10_m20_d8_s789,C_medium,123,0.19230567935384618,0.0013353458941839944,0.0006013641805745351,0.32257781319646756,0.32033787436650635,0.32076620820562673,0.3217625680607043,0.002195191231962395
rand_n10_m20_d8_s789,C_medium,456,0.15428076124596546,0.0013353458941839944,0.0006013641805745351,0.26731929774075097,0.2650055696790572,0.26535991695464367,0.26643755162994975,0.004092426417745924
rand_n10_m20_d8_s789,C_large,42,0.4507143064099162,0.0013353458941839944,0.0006013641805745351,0.6213688035176261,0.6195278540098094,0.6203562441733977,0.6209131390188931,0.03244885145998104
rand_n10_m20_d8_s789,C_large,123,0.48076419838461554,0.0013353458941839944,0.0006013641805745351,0.649346059162002,0.6475424689676406,0.6484083183533084,0.6489240639496023,0.007594264580862212
rand_n10_m20_d8_s789,C_large,456,0.3857019031149136,0.0013353458941839944,0.0006013641805745351,0.5566881336424463,0.5547608130676787,0.5555026011853801,0.5561546290573965,0.017025055985541288
rand_n10_m20_d8_s789,C_tiny05,42,0.0045071430640991625,0.0013353458941839944,0.0006013641805745351,0.008973839748617008,0.006315131140312401,0.006323575300626655,0.007781187260555813,-2.880960093948991e-16
rand_n10_m20_d8_s789,C_tiny05,123,0.004807641983846154,0.0013353458941839944,0.0006013641805745351,0.009569278303564983,0.006911364811689963,0.00692060621478414,0.00837734239726775,0.0
rand_n10_m20_d8_s789,C_tiny05,456,0.003857019031149136,0.0013353458941839944,0.0006013641805745351,0.007684399188385722,0.0050239687309232145,0.005030686437402327,0.006490194920407862,2.4016650167426758e-05
rand_n10_m20_d8_s789,C_tiny1,42,0.009014286128198325,0.0013353458941839944,0.0006013641805745351,0.01786750941413932,0.015220676931106798,0.015241028976573806,0.016685560031283634,0.0
rand_n10_m20_d8_s789,C_tiny1,123,0.009615283967692309,0.0013353458941839944,0.0006013641805745351,0.019047421568154463,0.016402164675972303,0.016424096525833758,0.017866892153027805,-1.4409393603581322e-16
rand_n10_m20_d8_s789,C_tiny1,456,0.007714038062298272,0.0013353458941839944,0.0006013641805745351,0.015309974399347169,0.01265972672243341,0.012676654440893045,0.014124947145673293,8.94189284575845e-05
rand_n10_m20_d8_s789,C_tiny2,42,0.01802857225639665,0.0013353458941839944,0.0006013641805745351,0.03541859776378859,0.03279520205452222,0.03283905354984891,0.03425777027461034,-1.4416532197637004e-16
rand_n10_m20_d8_s789,C_tiny2,123,0.019230567935384617,0.0013353458941839944,0.0006013641805745351,0.03773546151454077,0.03511515961977136,0.035162113203268175,0.036577422259848814,1.4417903110225854e-16
rand_n10_m20_d8_s789,C_tiny2,456,0.015428076124596544,0.0013353458941839944,0.0006013641805745351,0.03038733414478381,0.027757219958301257,0.027794335009437683,0.02922045177096783,0.00022048494392599256
rand_n20_m20_d3_s1024,C_small,42,0.04794155057041976,0.0008968629130986605,0.0003438498697034092,0.09149661170381883,0.08978494579533285,0.08986554286789657,0.09087161925686589,0.0019349738940984008
rand_n20_m20_d3_s1024,C_small,123,0.048076419838461545,0.0008968629130986605,0.0003438498697034092,0.0917422030081957,0.09003075736144238,0.0901115750911826,0.09111737951241262,1.8074310001240113e-16
rand_n20_m20_d3_s1024,C_small,456,0.038570190311491365,0.0008968629130986605,0.0003438498697034092,0.0742755582074299,0.07254844737473852,0.07261357179426843,0.07363871877289004,1.1221809868792307e-05
rand_n20_m20_d3_s1024,C_medium,42,0.19176620228167904,0.0008968629130986605,0.0003438498697034092,0.32181849412164193,0.32031339536757164,0.3206009304519989,0.3213519484551122,0.013757557434732807
rand_n20_m20_d3_s1024,C_medium,123,0.19230567935384618,0.0008968629130986605,0.0003438498697034092,0.32257781319646756,0.3210733954475146,0.3213616127596924,0.3221117898930822,0.000246591696167244
rand_n20_m20_d3_s1024,C_medium,456,0.15428076124596546,0.0008968629130986605,0.0003438498697034092,0.26731929774075097,0.2657653206786529,0.26600388970206673,0.2668152600994616,0.002416459536245823
rand_n20_m20_d3_s1024,C_large,42,0.4794155057041976,0.0008968629130986605,0.0003438498697034092,0.6481147505291249,0.6469022947861093,0.6474829982741234,0.647872675897432,0.04892619145128631
rand_n20_m20_d3_s1024,C_large,123,0.48076419838461554,0.0008968629130986605,0.0003438498697034092,0.649346059162002,0.6481347077340338,0.6487165175197118,0.6491048315921972,0.004140403956986372
rand_n20_m20_d3_s1024,C_large,456,0.3857019031149136,0.0008968629130986605,0.0003438498697034092,0.5566881336424463,0.555393680757475,0.5558922398911127,0.5563831633234718,0.009383829190662794
rand_n20_m20_d3_s1024,C_tiny05,42,0.004794155057041976,0.0008968629130986605,0.0003438498697034092,0.009542561594160174,0.007757394137552614,0.007764357702019587,0.008861189982334984,0.00013090254212615266
rand_n20_m20_d3_s1024,C_tiny05,123,0.004807641983846154,0.0008968629130986605,0.0003438498697034092,0.009569278303564983,0.007784134808183248,0.007791122376894498,0.008887925071133644,-1.7963324072700823e-16
rand_n20_m20_d3_s1024,C_tiny05,456,0.003857019031149136,0.0008968629130986605,0.0003438498697034092,0.007684399188385722,0.005897565214829908,0.0059028592703907635,0.007001749279215932,-1.7946235253364584e-16
rand_n20_m20_d3_s1024,C_tiny1,42,0.009588310114083952,0.0008968629130986605,0.0003438498697034092,0.018994495118511166,0.01721780475053867,0.01723326062286308,0.018319625834732216,0.0002845062427434352
rand_n20_m20_d3_s1024,C_tiny1,123,0.009615283967692309,0.0008968629130986605,0.0003438498697034092,0.019047421568154463,0.017270778667951774,0.01728628209326659,0.018372588694400727,0.0
rand_n20_m20_d3_s1024,C_tiny1,456,0.007714038062298272,0.0008968629130986605,0.0003438498697034092,0.015309974399347169,0.013529979521389108,0.013542124951022232,0.014632570400068216,-1.7941396734283565e-16
rand_n20_m20_d3_s1024,C_tiny2,42,0.019176620228167903,0.0008968629130986605,0.0003438498697034092,0.03763159367583362,0.03587161823036494,0.03590381903409524,0.03696954552842191,0.0005916675379360703
rand_n20_m20_d3_s1024,C_tiny2,123,0.019230567935384617,0.0008968629130986605,0.0003438498697034092,0.03773546151454077,0.035975579224284494,0.03600787335047209,0.03707348482158427,0.0
rand_n20_m20_d3_s1024,C_tiny2,456,0.015428076124596544,0.0008968629130986605,0.0003438498697034092,0.03038733414478381,0.028620861591608884,0.02864655362314157,0.02972030240837397,-1.7931727519037972e-16
rand_n20_m20_d3_s123,C_small,42,0.04794155057041976,0.3794464676741554,0.1277905036430387,0.09149661170381883,0.0,0.0,0.0,0.0
rand_n20_m20_d3_s123,C_small,123,0.048076419838461545,0.3794464676741554,0.1277905036430387,0.0917422030081957,0.0,0.0,0.0,-1.6981526389898364e-16
rand_n20_m20_d3_s123,C_small,456,0.038570190311491365,0.3794464676741554,0.1277905036430387,0.0742755582074299,0.0,0.0,0.0,1.6911921051304347e-16
rand_n20_m20_d3_s123,C_medium,42,0.19176620228167904,0.3794464676741554,0.1277905036430387,0.32181849412164193,0.0,0.0,0.12309294352956004,1.7464138002993972e-16
rand_n20_m20_d3_s123,C_medium,123,0.19230567935384618,0.3794464676741554,0.1277905036430387,0.32257781319646756,0.0,0.0,0.1240747636603889,0.0
rand_n20_m20_d3_s123,C_medium,456,0.15428076124596546,0.3794464676741554,0.1277905036430387,0.26731929774075097,0.0,0.0,0.05262400643214599,-1.6445722338891063e-16
rand_n20_m20_d3_s123,C_large,42,0.47941550570419755,0.3794464676741554,0.1277905036430387,0.6481147505291248,0.13514666791660693,0.21778406032123457,0.5450028411948198,0.00030790084238364516
rand_n20_m20_d3_s123,C_large,123,0.4807641983846155,0.3794464676741554,0.1277905036430387,0.6493460591620019,0.13684519226084593,0.22052117203804797,0.5465949566086196,1.6198315632170928e-16
rand_n20_m20_d3_s123,C_large,456,0.3857019031149136,0.3794464676741554,0.1277905036430387,0.5566881336424463,0.009028544200879882,0.014549178645459888,0.4267857491593905,-1.558640405342636e-16
rand_n20_m20_d3_s123,C_tiny05,42,0.004794155057041976,0.3794464676741554,0.1277905036430387,0.009542561594160174,0.0,0.0,0.0,0.0
rand_n20_m20_d3_s123,C_tiny05,123,0.004807641983846154,0.3794464676741554,0.1277905036430387,0.009569278303564983,0.0,0.0,0.0,-1.706403332936827e-16
rand_n20_m20_d3_s123,C_tiny05,456,0.003857019031149136,0.3794464676741554,0.1277905036430387,0.007684399188385722,0.0,0.0,0.0,-1.705697898448045e-16
rand_n20_m20_d3_s123,C_tiny1,42,0.009588310114083952,0.3794464676741554,0.1277905036430387,0.018994495118511166,0.0,0.0,0.0,-1.7092378628323117e-16
rand_n20_m20_d3_s123,C_tiny1,123,0.009615283967692309,0.3794464676741554,0.1277905036430387,0.019047421568154463,0.0,0.0,0.0,0.0
rand_n20_m20_d3_s123,C_tiny1,456,0.007714038062298272,0.3794464676741554,0.1277905036430387,0.015309974399347169,0.0,0.0,0.0,0.0
rand_n20_m20_d3_s123,C_tiny2,42,0.019176620228167903,0.3794464676741554,0.1277905036430387,0.03763159367583362,0.0,0.0,0.0,0.0
rand_n20_m20_d3_s123,C_tiny2,123,0.019230567935384617,0.3794464676741554,0.1277905036430387,0.03773546151454077,0.0,0.0,0.0,0.0
rand_n20_m20_d3_s123,C_tiny2,456,0.015428076124596544,0.3794464676741554,0.1277905036430387,0.03038733414478381,0.0,0.0,0.0,0.0
rand_n20_m20_d3_s42,C_small,42,0.04794155057041976,0.0933737557184992,0.030954751787491172,0.09149661170381883,0.0,0.0,0.0334549527933036,-4.289656777031438e-16
rand_n20_m20_d3_s42,C_small,123,0.048076419838461545,0.0933737557184992,0.030954751787491172,0.0917422030081957,0.0,0.0,0.03371623421717113,0.0
rand_n20_m20_d3_s42,C_small,456,0.038570190311491365,0.0933737557184992,0.030954751787491172,0.0742755582074299,0.0,0.0,0.015133695900874858,0.0
rand_n20_m20_d3_s42,C_medium,42,0.19176620228167904,0.0933737557184992,0.030954751787491172,0.32181849412164193,0.165120384140453,0.18212619056854076,0.27849143541090593,0.0
rand_n20_m20_d3_s42,C_medium,123,0.19230567935384618,0.0933737557184992,0.030954751787491172,0.32257781319646756,0.1659506036890838,0.18304191472043616,0.2792992651895033,0.003138774266580229
rand_n20_m20_d3_s42,C_medium,456,0.15428076124596546,0.0933737557184992,0.030954751787491172,0.26731929774075097,0.1055323931098382,0.11640121138724854,0.22051044269552994,0.002028075252176047
rand_n20_m20_d3_s42,C_large,42,0.47941550570419755,0.0933737557184992,0.030954751787491172,0.6481147505291248,0.5218841474855891,0.5756331793584698,0.6256338177240931,0.010232239347043377
rand_n20_m20_d3_s42,C_large,123,0.4807641983846155,0.0933737557184992,0.030954751787491172,0.6493460591620019,0.5232304280299664,0.5771181138095394,0.6269437911111183,0.02314303068995494
rand_n20_m20_d3_s42,C_large,456,0.3857019031149136,0.0933737557184992,0.030954751787491172,0.5566881336424463,0.4219206840075649,0.46537444362415964,0.5283662182048335,0.020938453538765125
rand_n20_m20_d3_s42,C_tiny05,42,0.004794155057041976,0.0933737557184992,0.030954751787491172,0.009542561594160174,0.0,0.0,0.0,0.0
rand_n20_m20_d3_s42,C_tiny05,123,0.004807641983846154,0.0933737557184992,0.030954751787491172,0.009569278303564983,0.0,0.0,0.0,0.0
rand_n20_m20_d3_s42,C_tiny05,456,0.003857019031149136,0.0933737557184992,0.030954751787491172,0.007684399188385722,0.0,0.0,0.0,0.0
rand_n20_m20_d3_s42,C_tiny1,42,0.009588310114083952,0.0933737557184992,0.030954751787491172,0.018994495118511166,0.0,0.0,0.0,0.0
rand_n20_m20_d3_s42,C_tiny1,123,0.009615283967692309,0.0933737557184992,0.030954751787491172,0.019047421568154463,0.0,0.0,0.0,0.0
rand_n20_m20_d3_s42,C_tiny1,456,0.007714038062298272,0.0933737557184992,0.030954751787491172,0.015309974399347169,0.0,0.0,0.0,0.0
rand_n20_m20_d3_s42,C_tiny2,42,0.019176620228167903,0.0933737557184992,0.030954751787491172,0.03763159367583362,0.0,0.0,0.0,0.0
rand_n20_m20_d3_s42,C_tiny2,123,0.019230567935384617,0.0933737557184992,0.030954751787491172,0.03773546151454077,0.0,0.0,0.0,2.1675288234541111e-16
rand_n20_m20_d3_s42,C_tiny2,456,0.015428076124596544,0.0933737557184992,0.030954751787491172,0.03038733414478381,0.0,0.0,0.0,2.1645892001884982e-16
rand_n20_m20_d3_s456,C_small,42,0.04794155057041976,0.19604182833668604,0.04573250542072558,0.09149661170381883,0.0,0.0,0.004418017146176986,1.724979541538775e-16
rand_n20_m20_d3_s456,C_small,123,0.048076419838461545,0.19604182833668604,0.04573250542072558,0.0917422030081957,0.0,0.0,0.004687147983698393,1.7224551581291412e-16
rand_n20_m20_d3_s456,C_small,456,0.038570190311491365,0.19604182833668604,0.04573250542072558,0.0742755582074299,0.0,0.0,0.0,0.0
rand_n20_m20_d3_s456,C_medium,42,0.19176620228167904,0.19604182833668604,0.04573250542072558,0.32181849412164193,0.0,0.0,0.2568158830718084,0.0
rand_n20_m20_d3_s456,C_medium,123,0.19230567935384618,0.19604182833668604,0.04573250542072558,0.32257781319646756,0.0,0.0,0.25764798166370406,1.7484440402499328e-16
rand_n20_m20_d3_s456,C_medium,456,0.15428076124596546,0.19604182833668604,0.04573250542072558,0.26731929774075097,0.0,0.0,0.1970930260128114,0.0
rand_n20_m20_d3_s456,C_large,42,0.47941550570419755,0.19604182833668604,0.04573250542072558,0.6481147505291248,0.38308869452145755,0.4765032659956463,0.6143871130054446,7.528129472208882e-05
rand_n20_m20_d3_s456,C_large,123,0.4807641983846154,0.19604182833668604,0.04573250542072558,0.6493460591620019,0.38456139114997057,0.47833507352049076,0.6157364405985136,5.408543330514594e-16
rand_n20_m20_d3_s456,C_large,456,0.3857019031149136,0.19604182833668604,0.04573250542072558,0.5566881336424463,0.2737386365016768,0.34048865494499203,0.5141974013342956,0.001994824403280339
rand_n20_m20_d3_s456,C_tiny05,42,0.004794155057041976,0.19604182833668604,0.04573250542072558,0.009542561594160174,0.0,0.0,0.0,1.7150583534507178e-16
rand_n20_m20_d3_s456,C_tiny05,123,0.004807641983846154,0.19604182833668604,0.04573250542072558,0.009569278303564983,0.0,0.0,0.0,-1.7148084812348368e-16
rand_n20_m20_d3_s456,C_tiny05,456,0.003857019031149136,0.19604182833668604,0.04573250542072558,0.007684399188385722,0.0,0.0,0.0,1.7120592730394878e-16
rand_n20_m20_d3_s456,C_tiny1,42,0.009588310114083952,0.19604182833668604,0.04573250542072558,0.018994495118511166,0.0,0.0,0.0,0.0
rand_n20_m20_d3_s456,C_tiny1,123,0.009615283967692309,0.19604182833668604,0.04573250542072558,0.019047421568154463,0.0,0.0,0.0,-1.715654757585811e-16
rand_n20_m20_d3_s456,C_tiny1,456,0.007714038062298272,0.19604182833668604,0.04573250542072558,0.015309974399347169,0.0,0.0,0.0,1.7101597312101505e-16
rand_n20_m20_d3_s456,C_tiny2,42,0.019176620228167903,0.19604182833668604,0.04573250542072558,0.03763159367583362,0.0,0.0,0.0,-1.7183527114496363e-16
rand_n20_m20_d3_s456,C_tiny2,123,0.019230567935384617,0.19604182833668604,0.04573250542072558,0.03773546151454077,0.0,0.0,0.0,0.0
rand_n20_m20_d3_s456,C_tiny2,456,0.015428076124596544,0.19604182833668604,0.04573250542072558,0.03038733414478381,0.0,0.0,0.0,3.4127465297674352e-16
rand_n20_m20_d3_s789,C_small,42,0.04794155057041976,0.0020264727788018807,0.000720065582180605,0.09149661170381883,0.08762908153918546,0.08780702007515548,0.09018730487462152,0.0001333447555569072
rand_n20_m20_d3_s789,C_small,123,0.048076419838461545,0.0020264727788018807,0.000720065582180605,0.0917422030081957,0.08787517052765535,0.08805360876890082,0.0904332501175485,0.00026666188728106846
rand_n20_m20_d3_s789,C_small,456,0.038570190311491365,0.0020264727788018807,0.000720065582180605,0.0742755582074299,0.07037313004666382,0.07051602885961702,0.07294143293150002,1.5369335868121024e-16
rand_n20_m20_d3_s789,C_medium,42,0.19176620228167904,0.0020264727788018807,0.000720065582180605,0.32181849412164193,0.31841770498209065,0.31906428006032095,0.3208411200264863,0.001561597566421043
rand_n20_m20_d3_s789,C_medium,123,0.19230567935384618,0.0020264727788018807,0.000720065582180605,0.32257781319646756,0.3191785627963519,0.31982668286310845,0.3216015334083481,0.003552268613135961
rand_n20_m20_d3_s789,C_medium,456,0.15428076124596546,0.0020264727788018807,0.000720065582180605,0.26731929774075097,0.26380806746326724,0.2643437528827305,0.26626338109866976,-1.4911441382981415e-16
rand_n20_m20_d3_s789,C_large,42,0.4794155057041976,0.0020264727788018807,0.000720065582180605,0.6481147505291249,0.6453751918710083,0.646685682803651,0.6476076244510482,0.004733585453188729
rand_n20_m20_d3_s789,C_large,123,0.4807641983846155,0.0020264727788018807,0.000720065582180605,0.6493460591620019,0.6466089957173122,0.647921991996881,0.6488407076076339,0.023440617990024785
rand_n20_m20_d3_s789,C_large,456,0.3857019031149136,0.0020264727788018807,0.000720065582180605,0.5566881336424463,0.553763301433951,0.5548877663878261,0.556049246367436,0.0012310826126935765
rand_n20_m20_d3_s789,C_tiny05,42,0.004794155057041976,0.0020264727788018807,0.000720065582180605,0.009542561594160174,0.005508953777867017,0.005520140191700669,0.008115145136676077,-1.5525106093416345e-16
rand_n20_m20_d3_s789,C_tiny05,123,0.004807641983846154,0.0020264727788018807,0.000720065582180605,0.009569278303564983,0.005535724627956173,0.005546965402348991,0.008141900349371603,-1.553825040894397e-16
rand_n20_m20_d3_s789,C_tiny05,456,0.003857019031149136,0.0020264727788018807,0.000720065582180605,0.007684399188385722,0.0036470258565586707,0.003654431462439301,0.0062543048050303736,0.0
rand_n20_m20_d3_s789,C_tiny1,42,0.009588310114083952,0.0020264727788018807,0.000720065582180605,0.018994495118511166,0.014980041388212151,0.015010459676143159,0.017580700493671813,0.0
rand_n20_m20_d3_s789,C_tiny1,123,0.009615283967692309,0.0020264727788018807,0.000720065582180605,0.019047421568154463,0.015033075091864932,0.015063601069382768,0.017633703219268347,0.0
rand_n20_m20_d3_s789,C_tiny1,456,0.007714038062298272,0.0020264727788018807,0.000720065582180605,0.015309974399347169,0.011288054088107836,0.011310975472003548,0.013890869757834164,0.0
rand_n20_m20_d3_s789,C_tiny2,42,0.019176620228167903,0.0020264727788018807,0.000720065582180605,0.03763159367583362,0.03365490751843687,0.033723246760008846,0.03624465825783035,0.0
rand_n20_m20_d3_s789,C_tiny2,123,0.019230567935384617,0.0020264727788018807,0.000720065582180605,0.03773546151454077,0.03375898584249175,0.03382753642422938,0.036348675787636404,0.0
rand_n20_m20_d3_s789,C_tiny2,456,0.015428076124596544,0.0020264727788018807,0.000720065582180605,0.03038733414478381,0.02639596769264481,0.026449567020222386,0.02898995852523735,0.0
rand_n20_m20_d5_s1024,C_small,42,0.04794155057041976,0.007522456904267207,0.001923627695374418,0.09149661170381883,0.07713997721371287,0.07772465760091467,0.08799463063791572,1.4544089484232885e-06
rand_n20_m20_d5_s1024,C_small,123,0.048076419838461545,0.007522456904267207,0.001923627695374418,0.0917422030081957,0.07738741596809298,0.07797397181069346,0.08824116861580968,0.0
rand_n20_m20_d5_s1024,C_small,456,0.038570190311491365,0.007522456904267207,0.001923627695374418,0.0742755582074299,0.05978937908455128,0.060242551078845,0.07070719565736704,5.860292451653727e-06
rand_n20_m20_d5_s1024,C_medium,42,0.19176620228167904,0.007522456904267207,0.001923627695374418,0.32181849412164193,0.30919444606613383,0.31153797707270575,0.31920432798486426,2.0889983865530438e-05
rand_n20_m20_d5_s1024,C_medium,123,0.19230567935384618,0.007522456904267207,0.001923627695374418,0.32257781319646756,0.3099594770859764,0.3123088066246333,0.31996657398440725,0.0
rand_n20_m20_d5_s1024,C_medium,456,0.15428076124596546,0.007522456904267207,0.001923627695374418,0.26731929774075097,0.25428528182915033,0.25621263029890284,0.26449505516805516,0.00011646170822235561
rand_n20_m20_d5_s1024,C_large,42,0.4794155057041976,0.007522456904267207,0.001923627695374418,0.6481147505291249,0.6379452520004657,0.6427805409184262,0.6467583488944226,0.0015257028410859544
rand_n20_m20_d5_s1024,C_large,123,0.48076419838461554,0.007522456904267207,0.001923627695374418,0.649346059162002,0.6391858230994695,0.6440305148927835,0.6479944038161679,-1.9112177141517058e-16
rand_n20_m20_d5_s1024,C_large,456,0.3857019031149136,0.007522456904267207,0.001923627695374418,0.5566881336424463,0.5458308823283541,0.5499679928533195,0.5549793125392187,0.0030754027518584857
rand_n20_m20_d5_s1024,C_tiny05,42,0.004794155057041976,0.007522456904267207,0.001923627695374418,0.009542561594160174,0.0,0.0,0.005724674681943876,0.0
rand_n20_m20_d5_s1024,C_tiny05,123,0.004807641983846154,0.007522456904267207,0.001923627695374418,0.009569278303564983,0.0,0.0,0.0057514943754560476,-1.7128772071177685e-16
rand_n20_m20_d5_s1024,C_tiny05,456,0.003857019031149136,0.007522456904267207,0.001923627695374418,0.007684399188385722,0.0,0.0,0.0038593496726544293,0.0
rand_n20_m20_d5_s1024,C_tiny1,42,0.009588310114083952,0.007522456904267207,0.001923627695374418,0.018994495118511166,0.0040924665809240635,0.004123485321550808,0.015213042294119824,0.0
rand_n20_m20_d5_s1024,C_tiny1,123,0.009615283967692309,0.007522456904267207,0.001923627695374418,0.019047421568154463,0.004145791167503902,0.004177214080403636,0.015266172757778834,1.714674619718815e-16
rand_n20_m20_d5_s1024,C_tiny1,456,0.007714038062298272,0.007522456904267207,0.001923627695374418,0.015309974399347169,0.00038022921343727615,0.0003831111505568845,0.011514318962217487,-1.7111609014927834e-16
rand_n20_m20_d5_s1024,C_tiny2,42,0.019176620228167903,0.007522456904267207,0.001923627695374418,0.03763159367583362,0.022869761908964562,0.02304310265563216,0.03392198072250046,1.7052256729127284e-16
rand_n20_m20_d5_s1024,C_tiny2,123,0.019230567935384617,0.007522456904267207,0.001923627695374418,0.03773546151454077,0.02297441108901212,0.023148545021331582,0.03402624893748489,1.7182807854416765e-16
rand_n20_m20_d5_s1024,C_tiny2,456,0.015428076124596544,0.007522456904267207,0.001923627695374418,0.03038733414478381,0.015571007747789105,0.015689027783157755,0.02664979695909109,0.0
rand_n20_m20_d5_s123,C_small,42,0.04794155057041976,0.04654235059346304,0.0218222675606721,0.09149661170381883,0.0026703778969258403,0.00280073047668973,0.05096082079036919,0.0001546013171267827
rand_n20_m20_d5_s123,C_small,123,0.048076419838461545,0.04654235059346304,0.0218222675606721,0.0917422030081957,0.002927399597893731,0.0030702985074542526,0.051217369938043766,-1.6976866649604447e-16
rand_n20_m20_d5_s123,C_small,456,0.038570190311491365,0.04654235059346304,0.0218222675606721,0.0742755582074299,0.0,0.0,0.03297139478945045,0.0
rand_n20_m20_d5_s123,C_medium,42,0.19176620228167904,0.04654235059346304,0.0218222675606721,0.32181849412164193,0.24371198211558565,0.2556086075425373,0.2915592522984388,0.007580624502796743
rand_n20_m20_d5_s123,C_medium,123,0.19230567935384618,0.04654235059346304,0.0218222675606721,0.32257781319646756,0.2445066416850041,0.2564420578482883,0.292352450827816,0.0002981629276149623
rand_n20_m20_d5_s123,C_medium,456,0.15428076124596546,0.04654235059346304,0.0218222675606721,0.26731929774075097,0.18667626502967327,0.19578873287750814,0.23462839957162063,0.0007681527534725799
rand_n20_m20_d5_s123,C_large,42,0.47941550570419755,0.04654235059346304,0.0218222675606721,0.6481147505291248,0.5851948332861202,0.613760698915536,0.6324142621414819,0.023330296487255518
rand_n20_m20_d5_s123,C_large,123,0.4807641983846155,0.04654235059346304,0.0218222675606721,0.6493460591620019,0.5864834499170775,0.6151122184421339,0.6337005095560249,0.0016140137738030295
rand_n20_m20_d5_s123,C_large,456,0.3857019031149136,0.04654235059346304,0.0218222675606721,0.5566881336424463,0.48951300674272763,0.5134082327069445,0.5369083536706599,0.004906637043959258
rand_n20_m20_d5_s123,C_tiny05,42,0.004794155057041976,0.04654235059346304,0.0218222675606721,0.009542561594160174,0.0,0.0,0.0,-1.708142656691016e-16
rand_n20_m20_d5_s123,C_tiny05,123,0.004807641983846154,0.04654235059346304,0.0218222675606721,0.009569278303564983,0.0,0.0,0.0,0.0
rand_n20_m20_d5_s123,C_tiny05,456,0.003857019031149136,0.04654235059346304,0.0218222675606721,0.007684399188385722,0.0,0.0,0.0,0.0
rand_n20_m20_d5_s123,C_tiny1,42,0.009588310114083952,0.04654235059346304,0.0218222675606721,0.018994495118511166,0.0,0.0,0.0,0.0
rand_n20_m20_d5_s123,C_tiny1,123,0.009615283967692309,0.04654235059346304,0.0218222675606721,0.019047421568154463,0.0,0.0,0.0,1.704857036327449e-16
rand_n20_m20_d5_s123,C_tiny1,456,0.007714038062298272,0.04654235059346304,0.0218222675606721,0.015309974399347169,0.0,0.0,0.0,0.0
rand_n20_m20_d5_s123,C_tiny2,42,0.019176620228167903,0.04654235059346304,0.0218222675606721,0.03763159367583362,0.0,0.0,0.0,3.425217666007526e-16
rand_n20_m20_d5_s123,C_tiny2,123,0.019230567935384617,0.04654235059346304,0.0218222675606721,0.03773546151454077,0.0,0.0,0.0,0.0
rand_n20_m20_d5_s123,C_tiny2,456,0.015428076124596544,0.04654235059346304,0.0218222675606721,0.03038733414478381,0.0,0.0,0.0,0.0
rand_n20_m20_d5_s42,C_small,42,0.04794155057041976,0.018243808240243176,0.006191248918858091,0.09149661170381883,0.05667824186188893,0.05773148398513848,0.08017698785375998,-2.4470143145584546e-16
rand_n20_m20_d5_s42,C_small,123,0.048076419838461545,0.018243808240243176,0.006191248918858091,0.0917422030081957,0.056928313686928335,0.05798620285234638,0.08042563913702325,0.0005614432989636888
rand_n20_m20_d5_s42,C_small,456,0.038570190311491365,0.018243808240243176,0.006191248918858091,0.0742755582074299,0.03914301076781693,0.039870398675718774,0.06274136625515798,-1.2322323031373328e-16
rand_n20_m20_d5_s42,C_medium,42,0.19176620228167904,0.018243808240243176,0.006191248918858091,0.32181849412164193,0.29120207253607466,0.2966134310944422,0.3133685976793111,-1.1946870022246184e-16
rand_n20_m20_d5_s42,C_medium,123,0.19230567935384618,0.018243808240243176,0.006191248918858091,0.32257781319646756,0.2919752444824945,0.2974009707635672,0.31413737759536187,0.003991733509671966
rand_n20_m20_d5_s42,C_medium,456,0.15428076124596546,0.018243808240243176,0.006191248918858091,0.26731929774075097,0.23570860326716334,0.24008873612975698,0.25819036100962256,-1.3515335734090137e-15
rand_n20_m20_d5_s42,C_large,42,0.47941550570419755,0.018243808240243176,0.006191248918858091,0.6481147505291248,0.6234512152749648,0.6350367031120575,0.6437303875055983,0.000404888882689098
rand_n20_m20_d5_s42,C_large,123,0.4807641983846155,0.018243808240243176,0.006191248918858091,0.6493460591620019,0.6247049876664248,0.636313774142506,0.6449770377989986,0.011117956511124703
rand_n20_m20_d5_s42,C_large,456,0.3857019031149136,0.018243808240243176,0.006191248918858091,0.5566881336424463,0.5303566287217516,0.5402121556993795,0.5511646280176119,0.00048281164653218557
rand_n20_m20_d5_s42,C_tiny05,42,0.004794155057041976,0.018243808240243176,0.006191248918858091,0.009542561594160174,0.0,0.0,0.0,-1.2324263263383146e-16
rand_n20_m20_d5_s42,C_tiny05,123,0.004807641983846154,0.018243808240243176,0.006191248918858091,0.009569278303564983,0.0,0.0,0.0,0.0
rand_n20_m20_d5_s42,C_tiny05,456,0.003857019031149136,0.018243808240243176,0.006191248918858091,0.007684399188385722,0.0,0.0,0.0,-1.2333059671923265e-16
rand_n20_m20_d5_s42,C_tiny1,42,0.009588310114083952,0.018243808240243176,0.006191248918858091,0.018994495118511166,0.0,0.0,0.006771521100856422,0.0
rand_n20_m20_d5_s42,C_tiny1,123,0.009615283967692309,0.018243808240243176,0.006191248918858091,0.019047421568154463,0.0,0.0,0.006825106994932622,0.0
rand_n20_m20_d5_s42,C_tiny1,456,0.007714038062298272,0.018243808240243176,0.006191248918858091,0.015309974399347169,0.0,0.0,0.0030410925852593232,1.2331865788000033e-16
rand_n20_m20_d5_s42,C_tiny2,42,0.019176620228167903,0.018243808240243176,0.006191248918858091,0.03763159367583362,0.0018305207741439239,0.0018645370301793487,0.025640831170037976,1.229438856276886e-16
rand_n20_m20_d5_s42,C_tiny2,123,0.019230567935384617,0.018243808240243176,0.006191248918858091,0.03773546151454077,0.0019362835577827722,0.0019722651856282827,0.025745993164473575,1.236018087191736e-16
rand_n20_m20_d5_s42,C_tiny2,456,0.015428076124596544,0.018243808240243176,0.006191248918858091,0.03038733414478381,0.0,0.0,0.018306310783585657,-1.2329478713452543e-16
rand_n20_m20_d5_s456,C_small,42,0.04794155057041976,0.09530517256995101,0.030263045657174133,0.09149661170381883,0.0,0.0,0.034792410844861156,3.202896630489902e-16
rand_n20_m20_d5_s456,C_small,123,0.048076419838461545,0.09530517256995101,0.030263045657174133,0.0917422030081957,0.0,0.0,0.0350533307201955,0.0
rand_n20_m20_d5_s456,C_small,456,0.038570190311491365,0.09530517256995101,0.030263045657174133,0.0742755582074299,0.0,0.0,0.016496506017104666,0.0
rand_n20_m20_d5_s456,C_medium,42,0.19176620228167904,0.09530517256995101,0.030263045657174133,0.32181849412164193,0.16187911610020478,0.17893228875868783,0.2794898238892973,0.0
rand_n20_m20_d5_s456,C_medium,123,0.19230567935384618,0.09530517256995101,0.030263045657174133,0.32257781319646756,0.16271080221049233,0.17985158893049283,0.2802965358323165,2.9903212550815613e-05
rand_n20_m20_d5_s456,C_medium,456,0.15428076124596546,0.09530517256995101,0.030263045657174133,0.26731929774075097,0.10218586440330933,0.11295064512923873,0.22158906245312407,0.00020143912973425983
rand_n20_m20_d5_s456,C_large,42,0.47941550570419755,0.09530517256995101,0.030263045657174133,0.6481147505291248,0.5192730935335318,0.5739759726587825,0.6261518474487943,0.008476321950589111
rand_n20_m20_d5_s456,C_large,123,0.4807641983846154,0.09530517256995101,0.030263045657174133,0.6493460591620019,0.5206217522481521,0.5754667059687667,0.6274600081583257,0.0008034753262243042
rand_n20_m20_d5_s456,C_large,456,0.3857019031149136,0.09530517256995101,0.030263045657174133,0.5566881336424463,0.4191330471469816,0.4632866624623085,0.5290188421054697,0.004687511074606947
rand_n20_m20_d5_s456,C_tiny05,42,0.004794155057041976,0.09530517256995101,0.030263045657174133,0.009542561594160174,0.0,0.0,0.0,0.0
rand_n20_m20_d5_s456,C_tiny05,123,0.004807641983846154,0.09530517256995101,0.030263045657174133,0.009569278303564983,0.0,0.0,0.0,0.0
rand_n20_m20_d5_s456,C_tiny05,456,0.003857019031149136,0.09530517256995101,0.030263045657174133,0.007684399188385722,0.0,0.0,0.0,0.0
rand_n20_m20_d5_s456,C_tiny1,42,0.009588310114083952,0.09530517256995101,0.030263045657174133,0.018994495118511166,0.0,0.0,0.0,0.0
rand_n20_m20_d5_s456,C_tiny1,123,0.009615283967692309,0.09530517256995101,0.030263045657174133,0.019047421568154463,0.0,0.0,0.0,-1.591837975373556e-16
rand_n20_m20_d5_s456,C_tiny1,456,0.007714038062298272,0.09530517256995101,0.030263045657174133,0.015309974399347169,0.0,0.0,0.0,0.0
rand_n20_m20_d5_s456,C_tiny2,42,0.019176620228167903,0.09530517256995101,0.030263045657174133,0.03763159367583362,0.0,0.0,0.0,1.5949240176483229e-16
rand_n20_m20_d5_s456,C_tiny2,123,0.019230567935384617,0.09530517256995101,0.030263045657174133,0.03773546151454077,0.0,0.0,0.0,1.5930739278053957e-16
rand_n20_m20_d5_s456,C_tiny2,456,0.015428076124596544,0.09530517256995101,0.030263045657174133,0.03038733414478381,0.0,0.0,0.0,0.0
rand_n20_m20_d5_s789,C_small,42,0.04794155057041976,0.00573868904424,0.0016890754378505338,0.09149661170381883,0.08054430421850862,0.08100919077408662,0.08842235753987067,-3.296974157773987e-16
rand_n20_m20_d5_s789,C_small,123,0.048076419838461545,0.00573868904424,0.0016890754378505338,0.0917422030081957,0.0807913048950133,0.08125761709198008,0.08866877989243056,1.6561569831315353e-16
rand_n20_m20_d5_s789,C_small,456,0.038570190311491365,0.00573868904424,0.0016890754378505338,0.0742755582074299,0.06322442445108971,0.0635893439223875,0.07114303029777988,0.0005537404872070331
rand_n20_m20_d5_s789,C_medium,42,0.19176620228167904,0.00573868904424,0.0016890754378505338,0.32181849412164193,0.31218793229961167,0.3139898222525754,0.3195236184555542,5.743291800744672e-05
rand_n20_m20_d5_s789,C_medium,123,0.19230567935384618,0.00573868904424,0.0016890754378505338,0.32257781319646756,0.3129516088704931,0.31475790662080577,0.32028550696474584,0.0015664992967744879
rand_n20_m20_d5_s789,C_medium,456,0.15428076124596546,0.00573868904424,0.0016890754378505338,0.26731929774075097,0.2573759819775298,0.25886150767560323,0.2648400040707634,0.002987815922991952
rand_n20_m20_d5_s789,C_large,42,0.4794155057041976,0.00573868904424,0.0016890754378505338,0.6481147505291249,0.6403567014589168,0.6440527197456339,0.6469240178281204,0.00018838158134131818
rand_n20_m20_d5_s789,C_large,123,0.4807641983846155,0.00573868904424,0.0016890754378505338,0.6493460591620019,0.6415950761891555,0.6452982421416007,0.6481594930450084,0.006842189943366527
rand_n20_m20_d5_s789,C_large,456,0.3857019031149136,0.00573868904424,0.0016890754378505338,0.5566881336424463,0.5484054156475586,0.5515707084291447,0.5551880254770456,0.009626530467412558
rand_n20_m20_d5_s789,C_tiny05,42,0.004794155057041976,0.00573868904424,0.0016890754378505338,0.009542561594160174,0.0,0.0,0.006190985867026052,1.6532883743752086e-16
rand_n20_m20_d5_s789,C_tiny05,123,0.004807641983846154,0.00573868904424,0.0016890754378505338,0.009569278303564983,0.0,0.0,0.006217792982208311,0.0
rand_n20_m20_d5_s789,C_tiny05,456,0.003857019031149136,0.00573868904424,0.0016890754378505338,0.007684399188385722,0.0,0.0,0.004326535687769591,-1.6524925966059815e-16
rand_n20_m20_d5_s789,C_tiny1,42,0.009588310114083952,0.00573868904424,0.0016890754378505338,0.018994495118511166,0.007626120531068635,0.007670137062597584,0.01567490347241508,-1.6527535164100482e-16
rand_n20_m20_d5_s789,C_tiny1,123,0.009615283967692309,0.00573868904424,0.0016890754378505338,0.019047421568154463,0.007679350709148655,0.007723674475240996,0.015728009018097313,-1.6542897333664884e-16
rand_n20_m20_d5_s789,C_tiny1,456,0.007714038062298272,0.00573868904424,0.0016890754378505338,0.015309974399347169,0.003920455493220297,0.003943083624013948,0.011977914827089263,2.1783992326557152e-05
rand_n20_m20_d5_s789,C_tiny2,42,0.019176620228167903,0.00573868904424,0.0016890754378505338,0.03763159367583362,0.02637017160169842,0.026522375266065015,0.034375067482857326,0.0
rand_n20_m20_d5_s789,C_tiny2,123,0.019230567935384617,0.00573868904424,0.0016890754378505338,0.03773546151454077,0.026474635505633604,0.02662744211598072,0.03447928679646237,0.0
rand_n20_m20_d5_s789,C_tiny2,456,0.015428076124596544,0.00573868904424,0.0016890754378505338,0.03038733414478381,0.019084339517844145,0.019194490731514854,0.0271062943447974,0.0001106878079093496
rand_n20_m20_d8_s1024,C_small,42,0.04794155057041976,0.04612393360977879,0.01405152402645948,0.09149661170381883,0.003468928128007899,0.003636665443484138,0.06560102486565586,-1.8030136494439696e-16
rand_n20_m20_d8_s1024,C_small,123,0.048076419838461545,0.04612393360977879,0.01405152402645948,0.0917422030081957,0.0037258470694029938,0.0039060075000128852,0.06585361639813436,1.8335995411605832e-16
rand_n20_m20_d8_s1024,C_small,456,0.038570190311491365,0.04612393360977879,0.01405152402645948,0.0742755582074299,0.0,0.0,0.04788910992394338,-3.632395197294709e-16
rand_n20_m20_d8_s1024,C_medium,42,0.19176620228167904,0.04612393360977879,0.01405152402645948,0.32181849412164193,0.24441416175934996,0.2562326180216399,0.3024879023993095,0.00044541837365294186
rand_n20_m20_d8_s1024,C_medium,123,0.19230567935384618,0.04612393360977879,0.01405152402645948,0.32257781319646756,0.24520850361677152,0.25706536966035914,0.303268864775958,0.007164626965080151
rand_n20_m20_d8_s1024,C_medium,456,0.15428076124596546,0.04612393360977879,0.01405152402645948,0.26731929774075097,0.1874012480628005,0.1964628893268997,0.24643528454451713,0.002459973226594567
rand_n20_m20_d8_s1024,C_large,42,0.4794155057041976,0.04612393360977879,0.01405152402645948,0.6481147505291249,0.585760485034491,0.6140844766670791,0.6380847658839042,0.020638515567756047
rand_n20_m20_d8_s1024,C_large,123,0.48076419838461554,0.04612393360977879,0.01405152402645948,0.649346059162002,0.5870485864650041,0.6154348632381434,0.6393511712044084,0.024402396148036958
rand_n20_m20_d8_s1024,C_large,456,0.3857019031149136,0.04612393360977879,0.01405152402645948,0.5566881336424463,0.49011691294036464,0.5138161342019274,0.5440521643334274,0.01173196957552516
rand_n20_m20_d8_s1024,C_tiny05,42,0.004794155057041976,0.04612393360977879,0.01405152402645948,0.009542561594160174,0.0,0.0,0.0,0.0
rand_n20_m20_d8_s1024,C_tiny05,123,0.004807641983846154,0.04612393360977879,0.01405152402645948,0.009569278303564983,0.0,0.0,0.0,0.0
rand_n20_m20_d8_s1024,C_tiny05,456,0.003857019031149136,0.04612393360977879,0.01405152402645948,0.007684399188385722,0.0,0.0,0.0,0.0
rand_n20_m20_d8_s1024,C_tiny1,42,0.009588310114083952,0.04612393360977879,0.01405152402645948,0.018994495118511166,0.0,0.0,0.0,0.0
rand_n20_m20_d8_s1024,C_tiny1,123,0.009615283967692309,0.04612393360977879,0.01405152402645948,0.019047421568154463,0.0,0.0,0.0,0.0
rand_n20_m20_d8_s1024,C_tiny1,456,0.007714038062298272,0.04612393360977879,0.01405152402645948,0.015309974399347169,0.0,0.0,0.0,0.0
rand_n20_m20_d8_s1024,C_tiny2,42,0.019176620228167903,0.04612393360977879,0.01405152402645948,0.03763159367583362,0.0,0.0,0.010200661708690042,1.8093707188385144e-16
rand_n20_m20_d8_s1024,C_tiny2,123,0.019230567935384617,0.04612393360977879,0.01405152402645948,0.03773546151454077,0.0,0.0,0.01030749015125578,0.0
rand_n20_m20_d8_s1024,C_tiny2,456,0.015428076124596544,0.04612393360977879,0.01405152402645948,0.03038733414478381,0.0,0.0,0.002749914943601064,-1.8146584071062494e-16
rand_n20_m20_d8_s123,C_small,42,0.04794155057041976,0.28433921826225167,0.091906151597741,0.09149661170381883,0.0,0.0,0.0,0.0
rand_n20_m20_d8_s123,C_small,123,0.048076419838461545,0.28433921826225167,0.091906151597741,0.0917422030081957,0.0,0.0,0.0,0.0
rand_n20_m20_d8_s123,C_small,456,0.038570190311491365,0.28433921826225167,0.091906151597741,0.0742755582074299,0.0,0.0,0.0,1.787787530541822e-16
rand_n20_m20_d8_s123,C_medium,42,0.19176620228167904,0.28433921826225167,0.091906151597741,0.32181849412164193,0.0,0.0,0.18454402100478254,3.713107985239677e-16
rand_n20_m20_d8_s123,C_medium,123,0.19230567935384618,0.28433921826225167,0.091906151597741,0.32257781319646756,0.0,0.0,0.18545703805724506,1.7754298739980522e-16
rand_n20_m20_d8_s123,C_medium,456,0.15428076124596546,0.28433921826225167,0.091906151597741,0.26731929774075097,0.0,0.0,0.11901334056891212,0.0
rand_n20_m20_d8_s123,C_large,42,0.47941550570419755,0.28433921826225167,0.091906151597741,0.6481147505291248,0.2637207555143071,0.36849966107399024,0.5768877090955101,0.008036080266068795
rand_n20_m20_d8_s123,C_large,123,0.4807641983846155,0.28433921826225167,0.091906151597741,0.6493460591620019,0.2653021734812961,0.37070939228651945,0.5783682537254725,0.0
rand_n20_m20_d8_s123,C_large,456,0.3857019031149136,0.28433921826225167,0.091906151597741,0.5566881336424463,0.14629796585370802,0.20442361742733928,0.46695492453367393,-1.605887708257855e-16
rand_n20_m20_d8_s123,C_tiny05,42,0.004794155057041976,0.28433921826225167,0.091906151597741,0.009542561594160174,0.0,0.0,0.0,0.0
rand_n20_m20_d8_s123,C_tiny05,123,0.004807641983846154,0.28433921826225167,0.091906151597741,0.009569278303564983,0.0,0.0,0.0,0.0
rand_n20_m20_d8_s123,C_tiny05,456,0.003857019031149136,0.28433921826225167,0.091906151597741,0.007684399188385722,0.0,0.0,0.0,1.8082699075557578e-16
rand_n20_m20_d8_s123,C_tiny1,42,0.009588310114083952,0.28433921826225167,0.091906151597741,0.018994495118511166,0.0,0.0,0.0,0.0
rand_n20_m20_d8_s123,C_tiny1,123,0.009615283967692309,0.28433921826225167,0.091906151597741,0.019047421568154463,0.0,0.0,0.0,0.0
rand_n20_m20_d8_s123,C_tiny1,456,0.007714038062298272,0.28433921826225167,0.091906151597741,0.015309974399347169,0.0,0.0,0.0,1.805970940750715e-16
rand_n20_m20_d8_s123,C_tiny2,42,0.019176620228167903,0.28433921826225167,0.091906151597741,0.03763159367583362,0.0,0.0,0.0,3.63013984315788e-16
rand_n20_m20_d8_s123,C_tiny2,123,0.019230567935384617,0.28433921826225167,0.091906151597741,0.03773546151454077,0.0,0.0,0.0,0.0
rand_n20_m20_d8_s123,C_tiny2,456,0.015428076124596544,0.28433921826225167,0.091906151597741,0.03038733414478381,0.0,0.0,0.0,0.0
rand_n20_m20_d8_s42,C_small,42,0.04794155057041976,0.02045284913241299,0.005138124919297045,0.09149661170381883,0.052462279834298034,0.05355768712902904,0.08211238658554955,0.00018589945889617245
rand_n20_m20_d8_s42,C_small,123,0.048076419838461545,0.02045284913241299,0.005138124919297045,0.0917422030081957,0.052712894180571554,0.05381353427845065,0.08236051468188235,-1.4042299947827582e-16
rand_n20_m20_d8_s42,C_small,456,0.038570190311491365,0.02045284913241299,0.005138124919297045,0.0742755582074299,0.03488900672884625,0.0356174857922306,0.06471345126189858,6.663733114205335e-05
rand_n20_m20_d8_s42,C_medium,42,0.19176620228167904,0.02045284913241299,0.005138124919297045,0.32181849412164193,0.28749490096510627,0.2934977665041151,0.3148133381649373,0.003140289708040872
rand_n20_m20_d8_s42,C_medium,123,0.19230567935384618,0.02045284913241299,0.005138124919297045,0.32257781319646756,0.2882697502784127,0.29428879459563684,0.3155805004918922,0.0
rand_n20_m20_d8_s42,C_medium,456,0.15428076124596546,0.02045284913241299,0.005138124919297045,0.26731929774075097,0.2318810407427991,0.23672269429544215,0.259751201970952,0.010774732733916598
rand_n20_m20_d8_s42,C_large,42,0.47941550570419755,0.02045284913241299,0.005138124919297045,0.6481147505291248,0.6204648454773626,0.6334200910367771,0.6444800140610243,0.011985622961003263
rand_n20_m20_d8_s42,C_large,123,0.4807641983846155,0.02045284913241299,0.005138124919297045,0.6493460591620019,0.6217213378799433,0.6347028188783801,0.6457240412787189,0.0035346371134732236
rand_n20_m20_d8_s42,C_large,456,0.3857019031149136,0.02045284913241299,0.005138124919297045,0.5566881336424463,0.5271682937888139,0.5381755164331801,0.5521090221002192,0.03859322249041277
rand_n20_m20_d8_s42,C_tiny05,42,0.004794155057041976,0.02045284913241299,0.005138124919297045,0.009542561594160174,0.0,0.0,0.0,-2.7920872114231436e-16
rand_n20_m20_d8_s42,C_tiny05,123,0.004807641983846154,0.02045284913241299,0.005138124919297045,0.009569278303564983,0.0,0.0,0.0,1.3984916852346094e-16
rand_n20_m20_d8_s42,C_tiny05,456,0.003857019031149136,0.02045284913241299,0.005138124919297045,0.007684399188385722,0.0,0.0,0.0,-2.797013432206818e-16
rand_n20_m20_d8_s42,C_tiny1,42,0.009588310114083952,0.02045284913241299,0.005138124919297045,0.018994495118511166,0.0,0.0,0.008861372205965602,-1.3942349212397857e-16
rand_n20_m20_d8_s42,C_tiny1,123,0.009615283967692309,0.02045284913241299,0.005138124919297045,0.019047421568154463,0.0,0.0,0.008914845350012643,0.0
rand_n20_m20_d8_s42,C_tiny1,456,0.007714038062298272,0.02045284913241299,0.005138124919297045,0.015309974399347169,0.0,0.0,0.005138792881487641,-1.39915704753202e-16
rand_n20_m20_d8_s42,C_tiny2,42,0.019176620228167903,0.02045284913241299,0.005138124919297045,0.03763159367583362,0.0,0.0,0.027690979377638175,1.3906315757186465e-16
rand_n20_m20_d8_s42,C_tiny2,123,0.019230567935384617,0.02045284913241299,0.005138124919297045,0.03773546151454077,0.0,0.0,0.02779592010082053,-1.4003992370228697e-16
rand_n20_m20_d8_s42,C_tiny2,456,0.015428076124596544,0.02045284913241299,0.005138124919297045,0.03038733414478381,0.0,0.0,0.02037189154860916,1.3984667444797097e-05
rand_n20_m20_d8_s456,C_small,42,0.04794155057041976,0.03175295168523164,0.005960487253937216,0.09149661170381883,0.030895995824149307,0.031909207343233034,0.08060142535224468,0.0005390616279881129
rand_n20_m20_d8_s456,C_small,123,0.048076419838461545,0.03175295168523164,0.005960487253937216,0.0917422030081957,0.03114938537734838,0.03217090662095362,0.08084996189938232,1.610480767649288e-16
rand_n20_m20_d8_s456,C_small,456,0.038570190311491365,0.03175295168523164,0.005960487253937216,0.0742755582074299,0.013128123048120761,0.01355865021325934,0.06317384914011169,1.5855084194079963e-16
rand_n20_m20_d8_s456,C_medium,42,0.19176620228167904,0.03175295168523164,0.005960487253937216,0.32181849412164193,0.2685312778464371,0.27733756412045374,0.3136854326692315,0.0059100340465284675
rand_n20_m20_d8_s456,C_medium,123,0.19230567935384618,0.03175295168523164,0.005960487253937216,0.32257781319646756,0.26931470754315945,0.27814668581938984,0.3144538578441853,1.9049341932945283e-05
rand_n20_m20_d8_s456,C_medium,456,0.15428076124596546,0.03175295168523164,0.005960487253937216,0.26731929774075097,0.21230157111597978,0.21926384540545743,0.25853265710720574,9.399586909240003e-05
rand_n20_m20_d8_s456,C_large,42,0.47941550570419755,0.03175295168523164,0.005960487253937216,0.6481147505291248,0.6051884035186988,0.6250351132719979,0.6438947823740854,0.019443556454497742
rand_n20_m20_d8_s456,C_large,123,0.4807641983846154,0.03175295168523164,0.005960487253937216,0.6493460591620019,0.6064588098351053,0.6263471816316356,0.6451408574208078,0.0036737294217466976
rand_n20_m20_d8_s456,C_large,456,0.3857019031149136,0.03175295168523164,0.005960487253937216,0.5566881336424463,0.5108587216832733,0.5276119587169635,0.5513717358633605,0.0014209253760821836
rand_n20_m20_d8_s456,C_tiny05,42,0.004794155057041976,0.03175295168523164,0.005960487253937216,0.009542561594160174,0.0,0.0,0.0,0.0
rand_n20_m20_d8_s456,C_tiny05,123,0.004807641983846154,0.03175295168523164,0.005960487253937216,0.009569278303564983,0.0,0.0,0.0,1.6043490106860312e-16
rand_n20_m20_d8_s456,C_tiny05,456,0.003857019031149136,0.03175295168523164,0.005960487253937216,0.007684399188385722,0.0,0.0,0.0,1.6018356657433118e-16
rand_n20_m20_d8_s456,C_tiny1,42,0.009588310114083952,0.03175295168523164,0.005960487253937216,0.018994495118511166,0.0,0.0,0.007229830368444834,-1.6064061020072467e-16
rand_n20_m20_d8_s456,C_tiny1,123,0.009615283967692309,0.03175295168523164,0.005960487253937216,0.019047421568154463,0.0,0.0,0.007283391536174186,0.0
rand_n20_m20_d8_s456,C_tiny1,456,0.007714038062298272,0.03175295168523164,0.005960487253937216,0.015309974399347169,0.0,0.0,0.003501123198939894,0.0
rand_n20_m20_d8_s456,C_tiny2,42,0.019176620228167903,0.03175295168523164,0.005960487253937216,0.03763159367583362,0.0,0.0,0.026090433498728204,5.2050151297280095e-05
rand_n20_m20_d8_s456,C_tiny2,123,0.019230567935384617,0.03175295168523164,0.005960487253937216,0.03773546151454077,0.0,0.0,0.02619554696785702,0.0
rand_n20_m20_d8_s456,C_tiny2,456,0.015428076124596544,0.03175295168523164,0.005960487253937216,0.03038733414478381,0.0,0.0,0.01875929750845244,1.5963560148472699e-16
rand_n20_m20_d8_s789,C_small,42,0.04794155057041976,0.27135900311998107,0.0868654037501299,0.09149661170381883,0.0,0.0,0.0,0.0
rand_n20_m20_d8_s789,C_small,123,0.048076419838461545,0.27135900311998107,0.0868654037501299,0.0917422030081957,0.0,0.0,0.0,1.3935253973750338e-16
rand_n20_m20_d8_s789,C_small,456,0.038570190311491365,0.27135900311998107,0.0868654037501299,0.0742755582074299,0.0,0.0,0.0,0.0
rand_n20_m20_d8_s789,C_medium,42,0.19176620228167904,0.27135900311998107,0.0868654037501299,0.32181849412164193,0.0,0.0,0.19278930047169637,0.0
rand_n20_m20_d8_s789,C_medium,123,0.19230567935384618,0.27135900311998107,0.0868654037501299,0.32257781319646756,0.0,0.0,0.1936930857802641,0.0
rand_n20_m20_d8_s789,C_medium,456,0.15428076124596546,0.27135900311998107,0.0868654037501299,0.26731929774075097,0.0,0.0,0.12792121714439897,-1.340206756525511e-16
rand_n20_m20_d8_s789,C_large,42,0.4794155057041976,0.27135900311998107,0.0868654037501299,0.6481147505291249,0.28126851690010135,0.3860179678394025,0.5811659033503274,0.005187223624032154
rand_n20_m20_d8_s789,C_large,123,0.4807641983846155,0.27135900311998107,0.0868654037501299,0.6493460591620019,0.2828339522161289,0.3881663994027247,0.5826314778230381,0.018678340835527364
rand_n20_m20_d8_s789,C_large,456,0.3857019031149136,0.27135900311998107,0.0868654037501299,0.5566881336424463,0.16503246439642116,0.2264935202700324,0.4723446766832598,3.8016645140098726e-16
rand_n20_m20_d8_s789,C_tiny05,42,0.004794155057041976,0.27135900311998107,0.0868654037501299,0.009542561594160174,0.0,0.0,0.0,-1.3949242496424242e-16
rand_n20_m20_d8_s789,C_tiny05,123,0.004807641983846154,0.27135900311998107,0.0868654037501299,0.009569278303564983,0.0,0.0,0.0,-2.787402360495961e-16
rand_n20_m20_d8_s789,C_tiny05,456,0.003857019031149136,0.27135900311998107,0.0868654037501299,0.007684399188385722,0.0,0.0,0.0,0.0
rand_n20_m20_d8_s789,C_tiny1,42,0.009588310114083952,0.27135900311998107,0.0868654037501299,0.018994495118511166,0.0,0.0,0.0,1.396129865269973e-16
rand_n20_m20_d8_s789,C_tiny1,123,0.009615283967692309,0.27135900311998107,0.0868654037501299,0.019047421568154463,0.0,0.0,0.0,0.0
rand_n20_m20_d8_s789,C_tiny1,456,0.007714038062298272,0.27135900311998107,0.0868654037501299,0.015309974399347169,0.0,0.0,0.0,-1.3909437211139823e-16
rand_n20_m20_d8_s789,C_tiny2,42,0.019176620228167903,0.27135900311998107,0.0868654037501299,0.03763159367583362,0.0,0.0,0.0,2.797094718684206e-16
rand_n20_m20_d8_s789,C_tiny2,123,0.019230567935384617,0.27135900311998107,0.0868654037501299,0.03773546151454077,0.0,0.0,0.0,0.0
rand_n20_m20_d8_s789,C_tiny2,456,0.015428076124596544,0.27135900311998107,0.0868654037501299,0.03038733414478381,0.0,0.0,0.0,0.0
rand_n20_m40_d3_s1024,C_small,42,0.04794155057041976,0.01147579575674505,0.0032195526456727202,0.09149661170381883,0.06959501661867595,0.07040294645284184,0.08562776767672114,-1.572210309061038e-16
rand_n20_m40_d3_s1024,C_small,123,0.048076419838461545,0.01147579575674505,0.0032195526456727202,0.0917422030081957,0.06984342627870149,0.07065423990520166,0.08587494547717318,-3.170806865886929e-16
rand_n20_m40_d3_s1024,C_small,456,0.038570190311491365,0.01147579575674505,0.0032195526456727202,0.0742755582074299,0.05217633782964649,0.052782053899822365,0.06829546784019236,0.000883452804574196
rand_n20_m40_d3_s1024,C_medium,42,0.19176620228167904,0.01147579575674505,0.0032195526456727202,0.32181849412164193,0.3025600259174351,0.30607245085015794,0.31743750718055114,0.0013713846490285922
rand_n20_m40_d3_s1024,C_medium,123,0.19230567935384618,0.01147579575674505,0.0032195526456727202,0.32257781319646756,0.3033280587828776,0.3068493998233299,0.31820173138316643,0.00019308792978018244
rand_n20_m40_d3_s1024,C_medium,456,0.15428076124596546,0.01147579575674505,0.0032195526456727202,0.26731929774075097,0.24743540788997023,0.2503078901132113,0.2625862512616529,0.005754705530119866
rand_n20_m40_d3_s1024,C_large,42,0.4794155057041976,0.01147579575674505,0.0032195526456727202,0.6481147505291249,0.6326007915196409,0.6399446657999799,0.6458416058483397,0.009779540643039054
rand_n20_m40_d3_s1024,C_large,123,0.4807641983846155,0.01147579575674505,0.0032195526456727202,0.6493460591620019,0.6338462303989023,0.6412045630022086,0.6470808686159053,0.004764191590900246
rand_n20_m40_d3_s1024,C_large,456,0.3857019031149136,0.01147579575674505,0.0032195526456727202,0.5566881336424463,0.5401249814508405,0.5463953023429734,0.5538243818584344,0.025117426824732707
rand_n20_m40_d3_s1024,C_tiny05,42,0.004794155057041976,0.01147579575674505,0.0032195526456727202,0.009542561594160174,0.0,0.0,0.0031443023291242334,0.0
rand_n20_m40_d3_s1024,C_tiny05,123,0.004807641983846154,0.01147579575674505,0.0032195526456727202,0.009569278303564983,0.0,0.0,0.0031711916258880253,1.5716262894296346e-16
rand_n20_m40_d3_s1024,C_tiny05,456,0.003857019031149136,0.01147579575674505,0.0032195526456727202,0.007684399188385722,0.0,0.0,0.0012741363739112272,1.5708413894770587e-16
rand_n20_m40_d3_s1024,C_tiny1,42,0.009588310114083952,0.01147579575674505,0.0032195526456727202,0.018994495118511166,0.0,0.0,0.012657294429946736,1.5705298225562784e-16
rand_n20_m40_d3_s1024,C_tiny1,123,0.009615283967692309,0.01147579575674505,0.0032195526456727202,0.019047421568154463,0.0,0.0,0.012710562779336219,0.0
rand_n20_m40_d3_s1024,C_tiny1,456,0.007714038062298272,0.01147579575674505,0.0032195526456727202,0.015309974399347169,0.0,0.0,0.008948972063266667,0.0
rand_n20_m40_d3_s1024,C_tiny2,42,0.019176620228167903,0.01147579575674505,0.0032195526456727202,0.03763159367583362,0.015111854645368204,0.015287288445240231,0.03141478684155707,1.5709496073012824e-16
rand_n20_m40_d3_s1024,C_tiny2,123,0.019230567935384617,0.01147579575674505,0.0032195526456727202,0.03773546151454077,0.015216914450178047,0.015393567891265806,0.031519325656457216,-1.5761919881396536e-16
rand_n20_m40_d3_s1024,C_tiny2,456,0.015428076124596544,0.01147579575674505,0.0032195526456727202,0.03038733414478381,0.007784461471531214,0.007874831428624909,0.024123730094528482,0.00014215657443964675
rand_n20_m40_d3_s123,C_small,42,0.04794155057041976,0.20134350057049732,0.052003937899656044,0.09149661170381883,0.0,0.0,0.0,-2.0831124840344224e-16
rand_n20_m40_d3_s123,C_small,123,0.048076419838461545,0.20134350057049732,0.052003937899656044,0.0917422030081957,0.0,0.0,0.0,2.0961210444581455e-16
rand_n20_m40_d3_s123,C_small,456,0.038570190311491365,0.20134350057049732,0.052003937899656044,0.0742755582074299,0.0,0.0,0.0,0.0
rand_n20_m40_d3_s123,C_medium,42,0.19176620228167904,0.20134350057049732,0.052003937899656044,0.32181849412164193,0.0,0.0,0.2474128919754586,0.0
rand_n20_m40_d3_s123,C_medium,123,0.19230567935384618,0.20134350057049732,0.052003937899656044,0.32257781319646756,0.0,0.0,0.24825551853138447,2.0908712542554723e-16
rand_n20_m40_d3_s123,C_medium,456,0.15428076124596546,0.20134350057049732,0.052003937899656044,0.26731929774075097,0.0,0.0,0.18693440319562304,2.0534604918659738e-16
rand_n20_m40_d3_s123,C_large,42,0.47941550570419755,0.20134350057049732,0.052003937899656044,0.6481147505291248,0.37592144203103883,0.47069227170825945,0.6095082216776339,-1.9590279658044427e-16
rand_n20_m40_d3_s123,C_large,123,0.4807641983846155,0.20134350057049732,0.052003937899656044,0.6493460591620019,0.3774006666543421,0.4725444129283708,0.6108746213730994,2.0804501700829448e-16
rand_n20_m40_d3_s123,C_large,456,0.3857019031149136,0.20134350057049732,0.052003937899656044,0.5566881336424463,0.26608667005507863,0.33316785156716305,0.5080508793543612,0.003261766374608231
rand_n20_m40_d3_s123,C_tiny05,42,0.004794155057041976,0.20134350057049732,0.052003937899656044,0.009542561594160174,0.0,0.0,0.0,0.0
rand_n20_m40_d3_s123,C_tiny05,123,0.004807641983846154,0.20134350057049732,0.052003937899656044,0.009569278303564983,0.0,0.0,0.0,0.0
rand_n20_m40_d3_s123,C_tiny05,456,0.003857019031149136,0.20134350057049732,0.052003937899656044,0.007684399188385722,0.0,0.0,0.0,0.0
rand_n20_m40_d3_s123,C_tiny1,42,0.009588310114083952,0.20134350057049732,0.052003937899656044,0.018994495118511166,0.0,0.0,0.0,0.0
rand_n20_m40_d3_s123,C_tiny1,123,0.009615283967692309,0.20134350057049732,0.052003937899656044,0.019047421568154463,0.0,0.0,0.0,2.0975254438286585e-16
rand_n20_m40_d3_s123,C_tiny1,456,0.007714038062298272,0.20134350057049732,0.052003937899656044,0.015309974399347169,0.0,0.0,0.0,0.0
rand_n20_m40_d3_s123,C_tiny2,42,0.019176620228167903,0.20134350057049732,0.052003937899656044,0.03763159367583362,0.0,0.0,0.0,0.0
rand_n20_m40_d3_s123,C_tiny2,123,0.019230567935384617,0.20134350057049732,0.052003937899656044,0.03773546151454077,0.0,0.0,0.0,2.097174167588123e-16
rand_n20_m40_d3_s123,C_tiny2,456,0.015428076124596544,0.20134350057049732,0.052003937899656044,0.03038733414478381,0.0,0.0,0.0,0.0
rand_n20_m40_d3_s42,C_small,42,0.04794155057041976,0.10437822063049901,0.02729155381712928,0.09149661170381883,0.0,0.0,0.04051634271976988,1.3689235019307591e-16
rand_n20_m40_d3_s42,C_small,123,0.048076419838461545,0.10437822063049901,0.02729155381712928,0.0917422030081957,0.0,0.0,0.040775715272426696,0.0
rand_n20_m40_d3_s42,C_small,456,0.038570190311491365,0.10437822063049901,0.02729155381712928,0.0742755582074299,0.0,0.0,0.022328937363008592,0.0
rand_n20_m40_d3_s42,C_medium,42,0.19176620228167904,0.10437822063049901,0.02729155381712928,0.32181849412164193,0.1466528946430476,0.1637442255438319,0.28376263650450484,8.012080987040247e-05
rand_n20_m40_d3_s42,C_medium,123,0.19230567935384618,0.10437822063049901,0.02729155381712928,0.32257781319646756,0.14749147009179434,0.16468053087724738,0.28456456443602607,1.372518807913134e-16
rand_n20_m40_d3_s42,C_medium,456,0.15428076124596546,0.10437822063049901,0.02729155381712928,0.26731929774075097,0.08646516911812711,0.09654205727220791,0.22620524163288186,-1.416001694213316e-16
rand_n20_m40_d3_s42,C_large,42,0.47941550570419755,0.10437822063049901,0.02729155381712928,0.6481147505291248,0.5070073736927367,0.5660954047473693,0.6283688641618899,0.006739220895493433
rand_n20_m40_d3_s42,C_large,123,0.4807641983846154,0.10437822063049901,0.02729155381712928,0.6493460591620019,0.5083672041297604,0.5676137135562294,0.6296692671384041,0.004890447182859205
rand_n20_m40_d3_s42,C_large,456,0.3857019031149136,0.10437822063049901,0.02729155381712928,0.5566881336424463,0.4060378092171602,0.45335857006849745,0.5318118827865046,-1.4737187512978907e-16
rand_n20_m40_d3_s42,C_tiny05,42,0.004794155057041976,0.10437822063049901,0.02729155381712928,0.009542561594160174,0.0,0.0,0.0,0.0
rand_n20_m40_d3_s42,C_tiny05,123,0.004807641983846154,0.10437822063049901,0.02729155381712928,0.009569278303564983,0.0,0.0,0.0,0.0
rand_n20_m40_d3_s42,C_tiny05,456,0.003857019031149136,0.10437822063049901,0.02729155381712928,0.007684399188385722,0.0,0.0,0.0,-2.7616994997774803e-16
rand_n20_m40_d3_s42,C_tiny1,42,0.009588310114083952,0.10437822063049901,0.02729155381712928,0.018994495118511166,0.0,0.0,0.0,1.3777475395566676e-16
rand_n20_m40_d3_s42,C_tiny1,123,0.009615283967692309,0.10437822063049901,0.02729155381712928,0.019047421568154463,0.0,0.0,0.0,1.3795968036424475e-16
rand_n20_m40_d3_s42,C_tiny1,456,0.007714038062298272,0.10437822063049901,0.02729155381712928,0.015309974399347169,0.0,0.0,0.0,1.381729266260712e-16
rand_n20_m40_d3_s42,C_tiny2,42,0.019176620228167903,0.10437822063049901,0.02729155381712928,0.03763159367583362,0.0,0.0,0.0,0.0
rand_n20_m40_d3_s42,C_tiny2,123,0.019230567935384617,0.10437822063049901,0.02729155381712928,0.03773546151454077,0.0,0.0,0.0,0.0
rand_n20_m40_d3_s42,C_tiny2,456,0.015428076124596544,0.10437822063049901,0.02729155381712928,0.03038733414478381,0.0,0.0,0.0,-1.3834916644789024e-16
rand_n20_m40_d3_s456,C_small,42,0.04794155057041976,0.01172360317644415,0.003290537399384793,0.09149661170381883,0.0691220753185353,0.06994204813623224,0.08549794411044358,1.6178942656613674e-16
rand_n20_m40_d3_s456,C_small,123,0.048076419838461545,0.01172360317644415,0.003290537399384793,0.0917422030081957,0.06937054583790828,0.0701934661809934,0.08574515700546914,1.592244902800756e-16
rand_n20_m40_d3_s456,C_small,456,0.038570190311491365,0.01172360317644415,0.003290537399384793,0.0742755582074299,0.05169912902467439,0.05231241906701593,0.06816318341509053,1.582411392009111e-16
rand_n20_m40_d3_s456,C_medium,42,0.19176620228167904,0.01172360317644415,0.003290537399384793,0.32181849412164193,0.3021441600886766,0.3057283985126082,0.31734059621377786,-1.6785988835989906e-16
rand_n20_m40_d3_s456,C_medium,123,0.19230567935384618,0.01172360317644415,0.003290537399384793,0.32257781319646756,0.3029123811190198,0.30650573270050574,0.3181049289217785,0.00011287066436911484
rand_n20_m40_d3_s456,C_medium,456,0.15428076124596546,0.01172360317644415,0.003290537399384793,0.26731929774075097,0.24700603675598093,0.24993618946065016,0.26248155245377236,0.0012531138225768646
rand_n20_m40_d3_s456,C_large,42,0.47941550570419755,0.01172360317644415,0.003290537399384793,0.6481147505291248,0.6322657843242401,0.6397661487782381,0.6457913220534794,5.292283074597594e-05
rand_n20_m40_d3_s456,C_large,123,0.48076419838461554,0.01172360317644415,0.003290537399384793,0.649346059162002,0.6335115283309168,0.6410266706430531,0.6470307607729239,0.0011627547175613539
rand_n20_m40_d3_s456,C_large,456,0.3857019031149136,0.01172360317644415,0.003290537399384793,0.5566881336424463,0.5397673180614174,0.5461704031344845,0.5537610333578068,0.0040459546012893395
rand_n20_m40_d3_s456,C_tiny05,42,0.004794155057041976,0.01172360317644415,0.003290537399384793,0.009542561594160174,0.0,0.0,0.0030027676705236257,0.0
rand_n20_m40_d3_s456,C_tiny05,123,0.004807641983846154,0.01172360317644415,0.003290537399384793,0.009569278303564983,0.0,0.0,0.003029660785059084,0.0
rand_n20_m40_d3_s456,C_tiny05,456,0.003857019031149136,0.01172360317644415,0.003290537399384793,0.007684399188385722,0.0,0.0,0.0011323361871096818,0.0
rand_n20_m40_d3_s456,C_tiny1,42,0.009588310114083952,0.01172360317644415,0.003290537399384793,0.018994495118511166,0.0,0.0,0.01251711043633446,-1.602440812862069e-16
rand_n20_m40_d3_s456,C_tiny1,123,0.009615283967692309,0.01172360317644415,0.003290537399384793,0.019047421568154463,0.0,0.0,0.012570386348822255,-1.5973436684706783e-16
rand_n20_m40_d3_s456,C_tiny1,456,0.007714038062298272,0.01172360317644415,0.003290537399384793,0.015309974399347169,0.0,0.0,0.008808261558002427,-1.5953545305310295e-16
rand_n20_m40_d3_s456,C_tiny2,42,0.019176620228167903,0.01172360317644415,0.003290537399384793,0.03763159367583362,0.01462556519409798,0.014799063542452678,0.03127726605716443,0.0
rand_n20_m40_d3_s456,C_tiny2,123,0.019230567935384617,0.01172360317644415,0.003290537399384793,0.03773546151454077,0.014730650738128926,0.014905395682296044,0.03138181971459947,1.5960659180919854e-16
rand_n20_m40_d3_s456,C_tiny2,456,0.015428076124596544,0.01172360317644415,0.003290537399384793,0.03038733414478381,0.00729637683899897,0.007382931396976026,0.023985174117951116,-1.5920989363824005e-16
rand_n20_m40_d3_s789,C_small,42,0.04794155057041976,0.20600880076761036,0.05838251629358993,0.09149661170381883,0.0,0.0,0.0,-1.1165431945005436e-16
rand_n20_m40_d3_s789,C_small,123,0.048076419838461545,0.20600880076761036,0.05838251629358993,0.0917422030081957,0.0,0.0,0.0,0.0
rand_n20_m40_d3_s789,C_small,456,0.038570190311491365,0.20600880076761036,0.05838251629358993,0.0742755582074299,0.0,0.0,0.0,-2.2118809946661401e-16
rand_n20_m40_d3_s789,C_medium,42,0.19176620228167904,0.20600880076761036,0.05838251629358993,0.32181849412164193,0.0,0.0,0.23772077184676602,0.0003016589349971431
rand_n20_m40_d3_s789,C_medium,123,0.19230567935384618,0.20600880076761036,0.05838251629358993,0.32257781319646756,0.0,0.0,0.23857425008712357,1.1189040749143068e-16
rand_n20_m40_d3_s789,C_medium,456,0.15428076124596546,0.20600880076761036,0.05838251629358993,0.26731929774075097,0.0,0.0,0.1764634167108556,0.0
rand_n20_m40_d3_s789,C_large,42,0.4794155057041976,0.20600880076761036,0.05838251629358993,0.6481147505291249,0.3696144915102082,0.46551459495715075,0.6044793111576258,0.007174249395013649
rand_n20_m40_d3_s789,C_large,123,0.4807641983846155,0.20600880076761036,0.05838251629358993,0.6493460591620019,0.3710994605579191,0.4673848537826219,0.6058633078991357,0.00041923649221527686
rand_n20_m40_d3_s789,C_large,456,0.3857019031149136,0.20600880076761036,0.05838251629358993,0.5566881336424463,0.25935318692046516,0.3266449139123975,0.5017153602846581,0.008600310032109329
rand_n20_m40_d3_s789,C_tiny05,42,0.004794155057041976,0.20600880076761036,0.05838251629358993,0.009542561594160174,0.0,0.0,0.0,2.2193354152211381e-16
rand_n20_m40_d3_s789,C_tiny05,123,0.004807641983846154,0.20600880076761036,0.05838251629358993,0.009569278303564983,0.0,0.0,0.0,2.2183133766632938e-16
rand_n20_m40_d3_s789,C_tiny05,456,0.003857019031149136,0.20600880076761036,0.05838251629358993,0.007684399188385722,0.0,0.0,0.0,0.0
rand_n20_m40_d3_s789,C_tiny1,42,0.009588310114083952,0.20600880076761036,0.05838251629358993,0.018994495118511166,0.0,0.0,0.0,0.0
rand_n20_m40_d3_s789,C_tiny1,123,0.009615283967692309,0.20600880076761036,0.05838251629358993,0.019047421568154463,0.0,0.0,0.0,-2.2188089987440184e-16
rand_n20_m40_d3_s789,C_tiny1,456,0.007714038062298272,0.20600880076761036,0.05838251629358993,0.015309974399347169,0.0,0.0,0.0,0.0
rand_n20_m40_d3_s789,C_tiny2,42,0.019176620228167903,0.20600880076761036,0.05838251629358993,0.03763159367583362,0.0,0.0,0.0,0.0
rand_n20_m40_d3_s789,C_tiny2,123,0.019230567935384617,0.20600880076761036,0.05838251629358993,0.03773546151454077,0.0,0.0,0.0,-2.219800907602517e-16
rand_n20_m40_d3_s789,C_tiny2,456,0.015428076124596544,0.20600880076761036,0.05838251629358993,0.03038733414478381,0.0,0.0,0.0,0.0
rand_n20_m40_d5_s1024,C_small,42,0.04794155057041976,0.21337401053162694,0.03858302217032121,0.09149661170381883,0.0,0.0,0.01857756163342715,0.0
rand_n20_m40_d5_s1024,C_small,123,0.048076419838461545,0.21337401053162694,0.03858302217032121,0.0917422030081957,0.0,0.0,0.01884286479012226,-1.4218482457050514e-16
rand_n20_m40_d5_s1024,C_small,456,0.038570190311491365,0.21337401053162694,0.03858302217032121,0.0742755582074299,0.0,0.0,0.0,-4.2652147097213603e-16
rand_n20_m40_d5_s1024,C_medium,42,0.19176620228167904,0.21337401053162694,0.03858302217032121,0.32181849412164193,0.0,0.0,0.26738572939998123,1.3946371730531862e-16
rand_n20_m40_d5_s1024,C_medium,123,0.19230567935384618,0.21337401053162694,0.03858302217032121,0.32257781319646756,0.0,0.0,0.26820599357016905,0.0
rand_n20_m40_d5_s1024,C_medium,456,0.15428076124596546,0.21337401053162694,0.03858302217032121,0.26731929774075097,0.0,0.0,0.2085122734611295,0.0009767870330130045
rand_n20_m40_d5_s1024,C_large,42,0.4794155057041976,0.21337401053162694,0.03858302217032121,0.6481147505291249,0.3596575730709754,0.45721547201109314,0.6198714457096234,0.0004818908712023911
rand_n20_m40_d5_s1024,C_large,123,0.4807641983846155,0.21337401053162694,0.03858302217032121,0.6493460591620019,0.36115161096505155,0.4591147709334258,0.6212015826539955,0.006752932618758563
rand_n20_m40_d5_s1024,C_large,456,0.3857019031149136,0.21337401053162694,0.03858302217032121,0.5566881336424463,0.24872289226984753,0.3161895177629999,0.5211066701100432,0.010887100378023123
rand_n20_m40_d5_s1024,C_tiny05,42,0.004794155057041976,0.21337401053162694,0.03858302217032121,0.009542561594160174,0.0,0.0,0.0,1.4106011395700134e-16
rand_n20_m40_d5_s1024,C_tiny05,123,0.004807641983846154,0.21337401053162694,0.03858302217032121,0.009569278303564983,0.0,0.0,0.0,0.0
rand_n20_m40_d5_s1024,C_tiny05,456,0.003857019031149136,0.21337401053162694,0.03858302217032121,0.007684399188385722,0.0,0.0,0.0,1.412080290678853e-16
rand_n20_m40_d5_s1024,C_tiny1,42,0.009588310114083952,0.21337401053162694,0.03858302217032121,0.018994495118511166,0.0,0.0,0.0,0.0
rand_n20_m40_d5_s1024,C_tiny1,123,0.009615283967692309,0.21337401053162694,0.03858302217032121,0.019047421568154463,0.0,0.0,0.0,0.0
rand_n20_m40_d5_s1024,C_tiny1,456,0.007714038062298272,0.21337401053162694,0.03858302217032121,0.015309974399347169,0.0,0.0,0.0,1.413146911184397e-16
rand_n20_m40_d5_s1024,C_tiny2,42,0.019176620228167903,0.21337401053162694,0.03858302217032121,0.03763159367583362,0.0,0.0,0.0,1.409360178334757e-16
rand_n20_m40_d5_s1024,C_tiny2,123,0.019230567935384617,0.21337401053162694,0.03858302217032121,0.03773546151454077,0.0,0.0,0.0,0.0
rand_n20_m40_d5_s1024,C_tiny2,456,0.015428076124596544,0.21337401053162694,0.03858302217032121,0.03038733414478381,0.0,0.0,0.0,-1.4152849935658185e-16
rand_n20_m40_d5_s123,C_small,42,0.04794155057041976,0.0011976562029386074,0.00044465720485312095,0.09149661170381883,0.08921088078249656,0.08931785286301111,0.09068830713088802,6.067503317340921e-16
rand_n20_m40_d5_s123,C_small,123,0.048076419838461545,0.0011976562029386074,0.00044465720485312095,0.0917422030081957,0.0894567662208225,0.08956403314067363,0.09093411694031062,0.0
rand_n20_m40_d5_s123,C_small,456,0.038570190311491365,0.0011976562029386074,0.00044465720485312095,0.0742755582074299,0.07196920238456656,0.07205550010121861,0.07345193189055059,0.0004994703363737334
rand_n20_m40_d5_s123,C_medium,42,0.19176620228167904,0.0011976562029386074,0.00044465720485312095,0.32181849412164193,0.3198086096314699,0.32019208967379964,0.3212151092366316,0.0010847169092249637
rand_n20_m40_d5_s123,C_medium,123,0.19230567935384618,0.0011976562029386074,0.00044465720485312095,0.32257781319646756,0.32056883810949555,0.3209532297359419,0.32197510388525075,0.0
rand_n20_m40_d5_s123,C_medium,456,0.15428076124596546,0.0011976562029386074,0.00044465720485312095,0.26731929774075097,0.2652441419499782,0.26556219415907883,0.2666674243743291,0.002016318186783939
rand_n20_m40_d5_s123,C_large,42,0.47941550570419755,0.0011976562029386074,0.00044465720485312095,0.6481147505291248,0.646495656774435,0.6472708647405728,0.6478016746947819,0.006227412886072092
rand_n20_m40_d5_s123,C_large,123,0.4807641983846155,0.0011976562029386074,0.00044465720485312095,0.6493460591620019,0.6477284400917339,0.6485051262788591,0.6490340788352944,0.00023218962696848613
rand_n20_m40_d5_s123,C_large,456,0.3857019031149136,0.0011976562029386074,0.00044465720485312095,0.5566881336424463,0.5549595422329283,0.5556249899486481,0.5562937146304454,0.005050164831843037
rand_n20_m40_d5_s123,C_tiny05,42,0.004794155057041976,0.0011976562029386074,0.00044465720485312095,0.009542561594160174,0.0071586778963681295,0.007167261811935278,0.008661341681201772,6.084234307791969e-16
rand_n20_m40_d5_s123,C_tiny05,123,0.004807641983846154,0.0011976562029386074,0.00044465720485312095,0.009569278303564983,0.007185426603205678,0.00719404259294132,0.00868808216073079,-2.0285677425279127e-16
rand_n20_m40_d5_s123,C_tiny05,456,0.003857019031149136,0.0011976562029386074,0.00044465720485312095,0.007684399188385722,0.005298290050862333,0.005304643189682833,0.00680152604970556,3.4706713781546106e-05
rand_n20_m40_d5_s123,C_tiny1,42,0.009588310114083952,0.0011976562029386074,0.00044465720485312095,0.018994495118511166,0.016621931587534323,0.016641862817766473,0.01812168468557143,4.054913835784326e-16
rand_n20_m40_d5_s123,C_tiny1,123,0.009615283967692309,0.0011976562029386074,0.00044465720485312095,0.019047421568154463,0.01667492142486834,0.016694916194806588,0.0181746582244076,0.0
rand_n20_m40_d5_s123,C_tiny1,456,0.007714038062298272,0.0011976562029386074,0.00044465720485312095,0.015309974399347169,0.012932998079276165,0.012948505937731275,0.014433885811383771,8.657300819046423e-05
rand_n20_m40_d5_s123,C_tiny2,42,0.019176620228167903,0.0011976562029386074,0.00044465720485312095,0.03763159367583362,0.035281350981548734,0.0353236565779598,0.03677536485632991,4.052431378735007e-16
rand_n20_m40_d5_s123,C_tiny2,123,0.019230567935384617,0.0011976562029386074,0.00044465720485312095,0.03773546151454077,0.03538534321821719,0.03542777351091885,0.0368793251072945,2.0281720688486046e-16
rand_n20_m40_d5_s123,C_tiny2,456,0.015428076124596544,0.0011976562029386074,0.00044465720485312095,0.03038733414478381,0.028028415318135866,0.028062023975216795,0.029524660034946703,0.00019013562287128303
rand_n20_m40_d5_s42,C_small,42,0.04794155057041976,0.005811315613100102,0.001527194345180323,0.09149661170381883,0.08040569616575878,0.08087569032768027,0.08871744490162803,0.00169670591134754
rand_n20_m40_d5_s42,C_small,123,0.048076419838461545,0.005811315613100102,0.001527194345180323,0.0917422030081957,0.08065271467871724,0.08112415273410042,0.08896378748465596,0.00011783155914182017
rand_n20_m40_d5_s42,C_small,456,0.038570190311491365,0.005811315613100102,0.001527194345180323,0.0742755582074299,0.06308456569231226,0.06345331292038944,0.07144371116123288,6.357088176126752e-05
rand_n20_m40_d5_s42,C_medium,42,0.19176620228167904,0.005811315613100102,0.001527194345180323,0.32181849412164193,0.3120660517349152,0.31389016656064767,0.3197438958853804,0.012131684769925051
rand_n20_m40_d5_s42,C_medium,123,0.19230567935384618,0.005811315613100102,0.001527194345180323,0.32257781319646756,0.31282978345253565,0.31465836250736723,0.3205055377631721,0.003408218438569736
rand_n20_m40_d5_s42,C_medium,456,0.15428076124596546,0.005811315613100102,0.001527194345180323,0.26731929774075097,0.2572501433231945,0.2587538435743076,0.26507798316718234,0.00031818466657467816
rand_n20_m40_d5_s42,C_large,42,0.47941550570419755,0.005811315613100102,0.001527194345180323,0.6481147505291248,0.6402585186717551,0.6440010118065186,0.6470383122724177,0.03449754066664888
rand_n20_m40_d5_s42,C_large,123,0.4807641983846154,0.005811315613100102,0.001527194345180323,0.6493460591620019,0.6414969828277148,0.6452467151376962,0.6482733875528602,0.011058233871043028
rand_n20_m40_d5_s42,C_large,456,0.3857019031149136,0.005811315613100102,0.001527194345180323,0.5566881336424463,0.54830059285891,0.5515055657639456,0.5553320158360958,0.006956471027346593
rand_n20_m40_d5_s42,C_tiny05,42,0.004794155057041976,0.005811315613100102,0.001527194345180323,0.009542561594160174,0.0,0.0,0.006512692396905116,1.3602203046328079e-05
rand_n20_m40_d5_s42,C_tiny05,123,0.004807641983846154,0.005811315613100102,0.001527194345180323,0.009569278303564983,0.0,0.0,0.0065394908343395595,0.0
rand_n20_m40_d5_s42,C_tiny05,456,0.003857019031149136,0.005811315613100102,0.001527194345180323,0.007684399188385722,0.0,0.0,0.004648845759967924,0.0
rand_n20_m40_d5_s42,C_tiny1,42,0.009588310114083952,0.005811315613100102,0.001527194345180323,0.018994495118511166,0.0074822468983561175,0.00752598275947015,0.015993539957467526,4.5487554542322855e-05
rand_n20_m40_d5_s42,C_tiny1,123,0.009615283967692309,0.005811315613100102,0.001527194345180323,0.019047421568154463,0.007535480920302578,0.00757952794941494,0.016046628312320756,0.0
rand_n20_m40_d5_s42,C_tiny1,456,0.007714038062298272,0.005811315613100102,0.001527194345180323,0.015309974399347169,0.0037763142664100522,0.0037983878973022562,0.012297748066619854,0.0
rand_n20_m40_d5_s42,C_tiny2,42,0.019176620228167903,0.005811315613100102,0.001527194345180323,0.03763159367583362,0.026227651517507625,0.026380959599919204,0.03468765052626614,0.00036795421530533143
rand_n20_m40_d5_s42,C_tiny2,123,0.019230567935384617,0.005811315613100102,0.001527194345180323,0.03773546151454077,0.02633212296500755,0.026486041712742027,0.0347918361029728,-1.3669939775100153e-16
rand_n20_m40_d5_s42,C_tiny2,456,0.015428076124596544,0.005811315613100102,0.001527194345180323,0.03038733414478381,0.018941293307939675,0.01905201055433503,0.02742123036724893,1.4243897135378372e-05
rand_n20_m40_d5_s456,C_small,42,0.04794155057041976,0.12293553851590977,0.024506200587538916,0.09149661170381883,0.0,0.0,0.04585005550540007,-3.805077801906173e-16
rand_n20_m40_d5_s456,C_small,123,0.048076419838461545,0.12293553851590977,0.024506200587538916,0.0917422030081957,0.0,0.0,0.046107986221408756,-5.616034713730905e-16
rand_n20_m40_d5_s456,C_small,456,0.038570190311491365,0.12293553851590977,0.024506200587538916,0.0742755582074299,0.0,0.0,0.027763752857114063,-7.462434960585681e-16
rand_n20_m40_d5_s456,C_medium,42,0.19176620228167904,0.12293553851590977,0.024506200587538916,0.32181849412164193,0.11551034696904562,0.13170109158634624,0.28774415755933014,0.001529862692887093
rand_n20_m40_d5_s456,C_medium,123,0.19230567935384618,0.12293553851590977,0.024506200587538916,0.32257781319646756,0.11636301334324034,0.1326732736911278,0.28854162762100743,-1.2944923847343044e-15
rand_n20_m40_d5_s456,C_medium,456,0.15428076124596546,0.12293553851590977,0.024506200587538916,0.26731929774075097,0.05431126253238547,0.06192391200127389,0.230506720834576,0.0001266660009340594
rand_n20_m40_d5_s456,C_large,42,0.47941550570419755,0.12293553851590977,0.024506200587538916,0.6481147505291248,0.4819200093737078,0.5494693155828544,0.6304347396207556,0.009741253809054096
rand_n20_m40_d5_s456,C_large,123,0.48076419838461554,0.12293553851590977,0.024506200587538916,0.649346059162002,0.48330268959644707,0.5510458020139652,0.6317279137341937,0.004029428941757004
rand_n20_m40_d5_s456,C_large,456,0.3857019031149136,0.12293553851590977,0.024506200587538916,0.5566881336424463,0.3792538121053776,0.43241270027477585,0.5344145127822465,0.002481060272103121
rand_n20_m40_d5_s456,C_tiny05,42,0.004794155057041976,0.12293553851590977,0.024506200587538916,0.009542561594160174,0.0,0.0,0.0,1.8819729321178345e-16
rand_n20_m40_d5_s456,C_tiny05,123,0.004807641983846154,0.12293553851590977,0.024506200587538916,0.009569278303564983,0.0,0.0,0.0,-1.8789420189505017e-16
rand_n20_m40_d5_s456,C_tiny05,456,0.003857019031149136,0.12293553851590977,0.024506200587538916,0.007684399188385722,0.0,0.0,0.0,-5.634884986018869e-16
rand_n20_m40_d5_s456,C_tiny1,42,0.009588310114083952,0.12293553851590977,0.024506200587538916,0.018994495118511166,0.0,0.0,0.0,0.0
rand_n20_m40_d5_s456,C_tiny1,123,0.009615283967692309,0.12293553851590977,0.024506200587538916,0.019047421568154463,0.0,0.0,0.0,-3.756338872349679e-16
rand_n20_m40_d5_s456,C_tiny1,456,0.007714038062298272,0.12293553851590977,0.024506200587538916,0.015309974399347169,0.0,0.0,0.0,-3.7537537952651803e-16
rand_n20_m40_d5_s456,C_tiny2,42,0.019176620228167903,0.12293553851590977,0.024506200587538916,0.03763159367583362,0.0,0.0,0.0,-1.8887786735259719e-16
rand_n20_m40_d5_s456,C_tiny2,123,0.019230567935384617,0.12293553851590977,0.024506200587538916,0.03773546151454077,0.0,0.0,0.0,-1.8766261750793932e-16
rand_n20_m40_d5_s456,C_tiny2,456,0.015428076124596544,0.12293553851590977,0.024506200587538916,0.03038733414478381,0.0,0.0,0.0,-3.748094232895479e-16
rand_n20_m40_d5_s789,C_small,42,0.04794155057041976,0.014333917270279644,0.003117652056276729,0.09149661170381883,0.06414028202593298,0.06507303350471572,0.08581410069838599,4.066325354478505e-05
rand_n20_m40_d5_s789,C_small,123,0.048076419838461545,0.014333917270279644,0.003117652056276729,0.0917422030081957,0.06438939361574908,0.06532576776653207,0.08606122812833811,0.0014509439107978708
rand_n20_m40_d5_s789,C_small,456,0.038570190311491365,0.014333917270279644,0.003117652056276729,0.0742755582074299,0.04667238337341976,0.047351110270695794,0.06848533288053271,-2.906728042436625e-16
rand_n20_m40_d5_s789,C_medium,42,0.19176620228167904,0.014333917270279644,0.003117652056276729,0.32181849412164193,0.29776357925186825,0.3020937663059652,0.31757660144355054,0.0025193070086821207
rand_n20_m40_d5_s789,C_medium,123,0.19230567935384618,0.014333917270279644,0.003117652056276729,0.32257781319646756,0.2985337823434942,0.30287516997311065,0.31834066991067883,0.010436608392713582
rand_n20_m40_d5_s789,C_medium,456,0.15428076124596546,0.014333917270279644,0.003117652056276729,0.26731929774075097,0.24248319589875686,0.24600947536636325,0.26273652324844593,0.0016569791048101775
rand_n20_m40_d5_s789,C_large,42,0.4794155057041976,0.014333917270279644,0.003117652056276729,0.6481147505291249,0.628736939204298,0.6378802621097232,0.6459137771166671,0.03433336512427348
rand_n20_m40_d5_s789,C_large,123,0.4807641983846155,0.014333917270279644,0.003117652056276729,0.6493460591620019,0.6299858973132529,0.6391473830250497,0.647152787344219,0.029752245570047478
rand_n20_m40_d5_s789,C_large,456,0.3857019031149136,0.014333917270279644,0.003117652056276729,0.5566881336424463,0.5359998207548642,0.5437945265098878,0.5539153046229087,0.010537020238274226
rand_n20_m40_d5_s789,C_tiny05,42,0.004794155057041976,0.014333917270279644,0.003117652056276729,0.009542561594160174,0.0,0.0,0.0033474440341592637,-1.4592032953833797e-16
rand_n20_m40_d5_s789,C_tiny05,123,0.004807641983846154,0.014333917270279644,0.003117652056276729,0.009569278303564983,0.0,0.0,0.0033743278513560493,1.4585971808553365e-16
rand_n20_m40_d5_s789,C_tiny05,456,0.003857019031149136,0.014333917270279644,0.003117652056276729,0.007684399188385722,0.0,0.0,0.0014776591859627778,0.0
rand_n20_m40_d5_s789,C_tiny1,42,0.009588310114083952,0.014333917270279644,0.003117652056276729,0.018994495118511166,0.0,0.0,0.012858497554061921,3.0464437865444677e-06
rand_n20_m40_d5_s789,C_tiny1,123,0.009615283967692309,0.014333917270279644,0.003117652056276729,0.019047421568154463,0.0,0.0,0.012911755048296194,0.0
rand_n20_m40_d5_s789,C_tiny1,456,0.007714038062298272,0.014333917270279644,0.003117652056276729,0.015309974399347169,0.0,0.0,0.009150930878431366,1.4571244561123988e-16
rand_n20_m40_d5_s789,C_tiny2,42,0.019176620228167903,0.014333917270279644,0.003117652056276729,0.03763159367583362,0.00950316728577251,0.009641365825893368,0.03161216751774967,1.2406858216424528e-05
rand_n20_m40_d5_s789,C_tiny2,123,0.019230567935384617,0.014333917270279644,0.003117652056276729,0.03773546151454077,0.009608523957486728,0.009748254632924691,0.03171668502947309,6.9713247266352025e-06
rand_n20_m40_d5_s789,C_tiny2,456,0.015428076124596544,0.014333917270279644,0.003117652056276729,0.03038733414478381,0.0021550691379201977,0.0021864089428256604,0.024322596560191475,1.4561825242397972e-16
rand_n20_m40_d8_s1024,C_small,42,0.04794155057041976,0.04283232802859263,0.010603293961885602,0.09149661170381883,0.009750968532636302,0.010187314948229451,0.07202387961832832,5.297126019910625e-16
rand_n20_m40_d8_s1024,C_small,123,0.048076419838461545,0.04283232802859263,0.010603293961885602,0.0917422030081957,0.010007079084323219,0.010454886199522784,0.0722747348917055,0.0
rand_n20_m40_d8_s1024,C_small,456,0.038570190311491365,0.04283232802859263,0.010603293961885602,0.0742755582074299,0.0,0.0,0.05443371251676728,-1.7618649550347691e-16
rand_n20_m40_d8_s1024,C_medium,42,0.19176620228167904,0.04283232802859263,0.010603293961885602,0.32181849412164193,0.24993807337034252,0.2611225605390157,0.3072824484233748,0.0003948236264230451
rand_n20_m40_d8_s1024,C_medium,123,0.19230567935384618,0.04283232802859263,0.010603293961885602,0.32257781319646756,0.2507299158488595,0.2619498372029737,0.30805804263498254,0.00021554897851551376
rand_n20_m40_d8_s1024,C_medium,456,0.15428076124596546,0.04283232802859263,0.010603293961885602,0.26731929774075097,0.19310454953277056,0.2017457914505694,0.2516151240380414,0.0006041406375851321
rand_n20_m40_d8_s1024,C_large,42,0.4794155057041976,0.04283232802859263,0.010603293961885602,0.6481147505291249,0.5902103580667726,0.6166217010350549,0.6405724922656385,0.014152805107349486
rand_n20_m40_d8_s1024,C_large,123,0.4807641983846155,0.04283232802859263,0.010603293961885602,0.6493460591620019,0.5914944065149175,0.6179632094099671,0.6418301925921861,0.0027078987132581407
rand_n20_m40_d8_s1024,C_large,456,0.3857019031149136,0.04283232802859263,0.010603293961885602,0.5566881336424463,0.4948677263350593,0.5170125787008841,0.5471862503087045,0.00768219285542382
rand_n20_m40_d8_s1024,C_tiny05,42,0.004794155057041976,0.04283232802859263,0.010603293961885602,0.009542561594160174,0.0,0.0,0.0,3.5178104809995843e-16
rand_n20_m40_d8_s1024,C_tiny05,123,0.004807641983846154,0.04283232802859263,0.010603293961885602,0.009569278303564983,0.0,0.0,0.0,1.7585936990110132e-16
rand_n20_m40_d8_s1024,C_tiny05,456,0.003857019031149136,0.04283232802859263,0.010603293961885602,0.007684399188385722,0.0,0.0,0.0,0.0
rand_n20_m40_d8_s1024,C_tiny1,42,0.009588310114083952,0.04283232802859263,0.010603293961885602,0.018994495118511166,0.0,0.0,0.0,1.7596585873090684e-16
rand_n20_m40_d8_s1024,C_tiny1,123,0.009615283967692309,0.04283232802859263,0.010603293961885602,0.019047421568154463,0.0,0.0,0.0,1.7590350810104017e-16
rand_n20_m40_d8_s1024,C_tiny1,456,0.007714038062298272,0.04283232802859263,0.010603293961885602,0.015309974399347169,0.0,0.0,0.0,1.7588937696624088e-16
rand_n20_m40_d8_s1024,C_tiny2,42,0.019176620228167903,0.04283232802859263,0.010603293961885602,0.03763159367583362,0.0,0.0,0.017004326474292314,3.5223344371156312e-16
rand_n20_m40_d8_s1024,C_tiny2,123,0.019230567935384617,0.04283232802859263,0.010603293961885602,0.03773546151454077,0.0,0.0,0.017110420601444278,3.5198370200532256e-16
rand_n20_m40_d8_s1024,C_tiny2,456,0.015428076124596544,0.04283232802859263,0.010603293961885602,0.03038733414478381,0.0,0.0,0.00960479451737907,0.0
rand_n20_m40_d8_s123,C_small,42,0.04794155057041976,0.010705097515905256,0.0038272158446236697,0.09149661170381883,0.0710658968226726,0.07183489639361118,0.08451581757274948,2.9024063006298325e-05
rand_n20_m40_d8_s123,C_small,123,0.048076419838461545,0.010705097515905256,0.0038272158446236697,0.0917422030081957,0.0713141172059119,0.07208580275390476,0.08476329596126748,8.562145772663275e-05
rand_n20_m40_d8_s123,C_small,456,0.038570190311491365,0.010705097515905256,0.0038272158446236697,0.0742755582074299,0.05366049026927822,0.054241147037691256,0.06716244026697565,0.0006385709155558615
rand_n20_m40_d8_s123,C_medium,42,0.19176620228167904,0.010705097515905256,0.0038272158446236697,0.32181849412164193,0.3038533974518254,0.30714137583126844,0.3166074563456419,0.00710044751545044
rand_n20_m40_d8_s123,C_medium,123,0.19230567935384618,0.010705097515905256,0.0038272158446236697,0.32257781319646756,0.3046208451113927,0.30791712799337934,0.31737260990629274,0.003044286676391662
rand_n20_m40_d8_s123,C_medium,456,0.15428076124596546,0.010705097515905256,0.0038272158446236697,0.26731929774075097,0.2487707818591385,0.2514627147420666,0.2616894968922684,0.006426368070680369
rand_n20_m40_d8_s123,C_large,42,0.47941550570419755,0.010705097515905256,0.0038272158446236697,0.6481147505291248,0.6336426871032252,0.6404992945098213,0.6454109207845568,0.027346991786493937
rand_n20_m40_d8_s123,C_large,123,0.4807641983846155,0.010705097515905256,0.0038272158446236697,0.6493460591620019,0.6348871770150895,0.6417572509682438,0.6466516905952221,0.012096379010405257
rand_n20_m40_d8_s123,C_large,456,0.3857019031149136,0.010705097515905256,0.0038272158446236697,0.5566881336424463,0.5412373393672255,0.5470940343553697,0.5532817964567304,0.017453582367830844
rand_n20_m40_d8_s123,C_tiny05,42,0.004794155057041976,0.010705097515905256,0.0038272158446236697,0.009542561594160174,0.0,0.0,0.0019320457037743236,0.0
rand_n20_m40_d8_s123,C_tiny05,123,0.004807641983846154,0.010705097515905256,0.0038272158446236697,0.009569278303564983,0.0,0.0,0.0019589677000835253,-1.944511362397032e-16
rand_n20_m40_d8_s123,C_tiny05,456,0.003857019031149136,0.010705097515905256,0.0038272158446236697,0.007684399188385722,0.0,0.0,5.9605476492643786e-05,-1.943124760750725e-16
rand_n20_m40_d8_s123,C_tiny1,42,0.009588310114083952,0.010705097515905256,0.0038272158446236697,0.018994495118511166,0.0,0.0,0.011456606367356782,0.0
rand_n20_m40_d8_s123,C_tiny1,123,0.009615283967692309,0.010705097515905256,0.0038272158446236697,0.019047421568154463,0.0,0.0,0.011509939495339213,0.0
rand_n20_m40_d8_s123,C_tiny1,456,0.007714038062298272,0.010705097515905256,0.0038272158446236697,0.015309974399347169,0.0,0.0,0.007743774382716517,0.0
rand_n20_m40_d8_s123,C_tiny2,42,0.019176620228167903,0.010705097515905256,0.0038272158446236697,0.03763159367583362,0.01662424852400183,0.016804138464939788,0.030236909396897126,0.0
rand_n20_m40_d8_s123,C_tiny2,123,0.019230567935384617,0.010705097515905256,0.0038272158446236697,0.03773546151454077,0.016729228278051102,0.016910254198262246,0.030341575339395844,0.0
rand_n20_m40_d8_s123,C_tiny2,456,0.015428076124596544,0.010705097515905256,0.0038272158446236697,0.03038733414478381,0.009302438488241607,0.009403099586264334,0.02293698613903047,4.433291153337591e-05
rand_n20_m40_d8_s42,C_small,42,0.04794155057041976,0.027338243236511954,0.009441387087206704,0.09149661170381883,0.03932148185687061,0.04042667616306004,0.07417803600899874,0.000797538083984136
rand_n20_m40_d8_s42,C_small,123,0.048076419838461545,0.027338243236511954,0.009441387087206704,0.0917422030081957,0.03957378719606332,0.040686072954841224,0.074428308959751,-4.180200850704708e-16
rand_n20_m40_d8_s42,C_small,456,0.038570190311491365,0.027338243236511954,0.009441387087206704,0.0742755582074299,0.021629635011208417,0.022237571140023615,0.056628701823331275,-1.4012252068282265e-16
rand_n20_m40_d8_s42,C_medium,42,0.19176620228167904,0.027338243236511954,0.009441387087206704,0.32181849412164193,0.2759399599189235,0.28369570202606503,0.30889048758287885,0.006712264164724552
rand_n20_m40_d8_s42,C_medium,123,0.19230567935384618,0.027338243236511954,0.009441387087206704,0.32257781319646756,0.2767200374433108,0.28449770490009907,0.30966428136967944,0.0018069222381142756
rand_n20_m40_d8_s42,C_medium,456,0.15428076124596546,0.027338243236511954,0.009441387087206704,0.26731929774075097,0.21995085125117728,0.2261329282473891,0.2533523864824365,0.00019273113868499483
rand_n20_m40_d8_s42,C_large,42,0.47941550570419755,0.027338243236511954,0.009441387087206704,0.6481147505291248,0.6111565827512375,0.6283341341442767,0.641406848932543,0.020908969758577915
rand_n20_m40_d8_s42,C_large,123,0.4807641983846154,0.027338243236511954,0.009441387087206704,0.6493460591620019,0.6124215531990194,0.6296346586472562,0.6426616296977609,0.0065183653501790185
rand_n20_m40_d8_s42,C_large,456,0.3857019031149136,0.027338243236511954,0.009441387087206704,0.5566881336424463,0.5172305227738194,0.5317681292363065,0.5482373890301188,0.0009544816288857774
rand_n20_m40_d8_s42,C_tiny05,42,0.004794155057041976,0.027338243236511954,0.009441387087206704,0.009542561594160174,0.0,0.0,0.0,1.388898335346342e-16
rand_n20_m40_d8_s42,C_tiny05,123,0.004807641983846154,0.027338243236511954,0.009441387087206704,0.009569278303564983,0.0,0.0,0.0,2.781853866946246e-16
rand_n20_m40_d8_s42,C_tiny05,456,0.003857019031149136,0.027338243236511954,0.009441387087206704,0.007684399188385722,0.0,0.0,0.0,-1.3917027285988966e-16
rand_n20_m40_d8_s42,C_tiny1,42,0.009588310114083952,0.027338243236511954,0.009441387087206704,0.018994495118511166,0.0,0.0,0.00029382948292359294,0.0
rand_n20_m40_d8_s42,C_tiny1,123,0.009615283967692309,0.027338243236511954,0.009441387087206704,0.019047421568154463,0.0,0.0,0.00034776485640384793,-4.1736039493615544e-16
rand_n20_m40_d8_s42,C_tiny1,456,0.007714038062298272,0.027338243236511954,0.009441387087206704,0.015309974399347169,0.0,0.0,0.0,-1.392754385490944e-16
rand_n20_m40_d8_s42,C_tiny2,42,0.019176620228167903,0.027338243236511954,0.009441387087206704,0.03763159367583362,0.0,0.0,0.01928620244676437,1.9514971099115553e-05
rand_n20_m40_d8_s42,C_tiny2,123,0.019230567935384617,0.027338243236511954,0.009441387087206704,0.03773546151454077,0.0,0.0,0.0193920502924259,-4.1752512219076307e-16
rand_n20_m40_d8_s42,C_tiny2,456,0.015428076124596544,0.027338243236511954,0.009441387087206704,0.03038733414478381,0.0,0.0,0.011903847385573834,-1.39486247467523e-16
rand_n20_m40_d8_s456,C_small,42,0.04794155057041976,0.02117151072861236,0.0034241314490688637,0.09149661170381883,0.05109071174291319,0.05219577515663002,0.08525356464313918,2.5175876001961696e-06
rand_n20_m40_d8_s456,C_small,123,0.048076419838461545,0.02117151072861236,0.0034241314490688637,0.0917422030081957,0.05134150258622553,0.052451990465094356,0.08550084360007815,1.0177416967123106e-05
rand_n20_m40_d8_s456,C_small,456,0.038570190311491365,0.02117151072861236,0.0034241314490688637,0.0742755582074299,0.033505062527667454,0.03422975822108292,0.06791417163498017,4.9183413548353405e-05
rand_n20_m40_d8_s456,C_medium,42,0.19176620228167904,0.02117151072861236,0.0034241314490688637,0.32181849412164193,0.28628885636537943,0.29248112361184414,0.31715817131886015,0.0001260903369004115
rand_n20_m40_d8_s456,C_medium,123,0.19230567935384618,0.02117151072861236,0.0034241314490688637,0.32257781319646756,0.28706425137214414,0.2932732899773143,0.31792270827705227,0.0003419608429148808
rand_n20_m40_d8_s456,C_medium,456,0.15428076124596546,0.02117151072861236,0.0034241314490688637,0.26731929774075097,0.23063582966360968,0.23562435318498803,0.2622844677515808,0.0011647566528391643
rand_n20_m40_d8_s456,C_large,42,0.47941550570419755,0.02117151072861236,0.0034241314490688637,0.6481147505291248,0.6194932974660995,0.6328925897194031,0.6456966679983314,0.000787819861031795
rand_n20_m40_d8_s456,C_large,123,0.48076419838461554,0.02117151072861236,0.0034241314490688637,0.649346059162002,0.6207506747629078,0.6341771633812754,0.6469364379290311,0.0014565576286497146
rand_n20_m40_d8_s456,C_large,456,0.3857019031149136,0.02117151072861236,0.0034241314490688637,0.5566881336424463,0.5261310409791239,0.5375109600362786,0.55364178634217,0.0033848740659548795
rand_n20_m40_d8_s456,C_tiny05,42,0.004794155057041976,0.02117151072861236,0.0034241314490688637,0.009542561594160174,0.0,0.0,0.002736343280363428,0.0
rand_n20_m40_d8_s456,C_tiny05,123,0.004807641983846154,0.02117151072861236,0.0034241314490688637,0.009569278303564983,0.0,0.0,0.0027632435814600987,3.7581295653053185e-16
rand_n20_m40_d8_s456,C_tiny05,456,0.003857019031149136,0.02117151072861236,0.0034241314490688637,0.007684399188385722,0.0,0.0,0.0008654119675104979,0.0
rand_n20_m40_d8_s456,C_tiny1,42,0.009588310114083952,0.02117151072861236,0.0034241314490688637,0.018994495118511166,0.0,0.0,0.01225322853364259,1.8836965326123473e-16
rand_n20_m40_d8_s456,C_tiny1,123,0.009615283967692309,0.02117151072861236,0.0034241314490688637,0.019047421568154463,0.0,0.0,0.012306518682882538,-1.878209119627255e-16
rand_n20_m40_d8_s456,C_tiny1,456,0.007714038062298272,0.02117151072861236,0.0034241314490688637,0.015309974399347169,0.0,0.0,0.008543388551455337,-1.8765092398063022e-16
rand_n20_m40_d8_s456,C_tiny2,42,0.019176620228167903,0.02117151072861236,0.0034241314490688637,0.03763159367583362,0.0,0.0,0.03101839737101772,1.8874870334086902e-16
rand_n20_m40_d8_s456,C_tiny2,123,0.019230567935384617,0.02117151072861236,0.0034241314490688637,0.03773546151454077,0.0,0.0,0.03112297896799312,3.753000258581091e-16
rand_n20_m40_d8_s456,C_tiny2,456,0.015428076124596544,0.02117151072861236,0.0034241314490688637,0.03038733414478381,0.0,0.0,0.023724356789335894,0.0
rand_n20_m40_d8_s789,C_small,42,0.04794155057041976,0.09421843758656907,0.022357276993704538,0.09149661170381883,0.0,0.0,0.04994429115997525,-1.4146313205360364e-16
rand_n20_m40_d8_s789,C_small,123,0.048076419838461545,0.09421843758656907,0.022357276993704538,0.0917422030081957,0.0,0.0,0.050201115101163075,1.4091821345451776e-16
rand_n20_m40_d8_s789,C_small,456,0.038570190311491365,0.09421843758656907,0.022357276993704538,0.0742755582074299,0.0,0.0,0.031935596423935446,-1.4020102431380942e-16
rand_n20_m40_d8_s789,C_medium,42,0.19176620228167904,0.09421843758656907,0.022357276993704538,0.32181849412164193,0.16370285465110737,0.18073105199329237,0.29080043113784476,1.4413266188744105e-16
rand_n20_m40_d8_s789,C_medium,123,0.19230567935384618,0.09421843758656907,0.022357276993704538,0.32257781319646756,0.16453371558279273,0.18164833819800555,0.2915944792736719,-7.094821939666563e-16
rand_n20_m40_d8_s789,C_medium,456,0.15428076124596546,0.09421843758656907,0.022357276993704538,0.26731929774075097,0.10406882913748522,0.11489395838462049,0.23380859894890507,0.0011627794215413724
rand_n20_m40_d8_s789,C_large,42,0.4794155057041976,0.09421843758656907,0.022357276993704538,0.6481147505291249,0.5207422345276499,0.574909289542333,0.6320205357259354,0.0028927742071164233
rand_n20_m40_d8_s789,C_large,123,0.4807641983846155,0.09421843758656907,0.022357276993704538,0.6493460591620019,0.5220895551361036,0.5763967570117123,0.6333081608587405,0.002145560356028976
rand_n20_m40_d8_s789,C_large,456,0.3857019031149136,0.09421843758656907,0.022357276993704538,0.5566881336424463,0.42070154464408255,0.46446247318518447,0.5364123294912643,0.009342327402829002
rand_n20_m40_d8_s789,C_tiny05,42,0.004794155057041976,0.09421843758656907,0.022357276993704538,0.009542561594160174,0.0,0.0,0.0,1.406814494258249e-16
rand_n20_m40_d8_s789,C_tiny05,123,0.004807641983846154,0.09421843758656907,0.022357276993704538,0.009569278303564983,0.0,0.0,0.0,0.0
rand_n20_m40_d8_s789,C_tiny05,456,0.003857019031149136,0.09421843758656907,0.022357276993704538,0.007684399188385722,0.0,0.0,0.0,0.0
rand_n20_m40_d8_s789,C_tiny1,42,0.009588310114083952,0.09421843758656907,0.022357276993704538,0.018994495118511166,0.0,0.0,0.0,0.0
rand_n20_m40_d8_s789,C_tiny1,123,0.009615283967692309,0.09421843758656907,0.022357276993704538,0.019047421568154463,0.0,0.0,0.0,0.0
rand_n20_m40_d8_s789,C_tiny1,456,0.007714038062298272,0.09421843758656907,0.022357276993704538,0.015309974399347169,0.0,0.0,0.0,1.4051613069064826e-16
rand_n20_m40_d8_s789,C_tiny2,42,0.019176620228167903,0.09421843758656907,0.022357276993704538,0.03763159367583362,0.0,0.0,0.0,-1.4094104867662638e-16
rand_n20_m40_d8_s789,C_tiny2,123,0.019230567935384617,0.09421843758656907,0.022357276993704538,0.03773546151454077,0.0,0.0,0.0,-1.4072418467633997e-16
rand_n20_m40_d8_s789,C_tiny2,456,0.015428076124596544,0.09421843758656907,0.022357276993704538,0.03038733414478381,0.0,0.0,0.0,0.0
rand_n50_m100_d3_s1024,C_small,42,0.04794155057041976,0.001995694874513382,0.00027257347941400987,0.09149661170381883,0.08768782127380471,0.08786316935053608,0.09100120881091399,0.0007662211018879035
rand_n50_m100_d3_s1024,C_small,123,0.04855597856107051,0.001995694874513382,0.00027257347941400987,0.09261494770685243,0.08880838913426754,0.08898597799445464,0.09212015463764035,0.0003586840462726374
rand_n50_m100_d3_s1024,C_small,456,0.04918165838785693,0.001995694874513382,0.00027257347941400987,0.0937524174096373,0.08994812887950818,0.09012799686089361,0.09325824459764012,0.0002511951223552994
rand_n50_m100_d3_s1024,C_medium,42,0.19176620228167904,0.001995694874513382,0.00027257347941400987,0.32181849412164193,0.3184693558918574,0.31910619448862376,0.321448684735948,0.005816814540025803
rand_n50_m100_d3_s1024,C_medium,123,0.19422391424428204,0.001995694874513382,0.00027257347941400987,0.3252721904621866,0.3219299447564869,0.3225737034431011,0.32490426436188297,0.004626819523594157
rand_n50_m100_d3_s1024,C_medium,456,0.19672663355142772,0.001995694874513382,0.00027257347941400987,0.3287745555852103,0.3254392995316353,0.32609007582458815,0.3284085393091697,0.004603620249467435
rand_n50_m100_d3_s1024,C_large,42,0.4794155057041976,0.001995694874513382,0.00027257347941400987,0.6481147505291249,0.6454168000658256,0.6467074307707245,0.6479228690537181,0.02522182430537461
rand_n50_m100_d3_s1024,C_large,123,0.485559785610705,0.001995694874513382,0.00027257347941400987,0.6537061521372487,0.65101936040548,0.6523211944698198,0.6535173196284915,0.018372753599526226
rand_n50_m100_d3_s1024,C_large,456,0.4918165838785693,0.001995694874513382,0.00027257347941400987,0.659352616391885,0.6566770932798883,0.6579902410313946,0.659166862875196,0.017582732912710283
rand_n50_m100_d3_s1024,C_tiny05,42,0.004794155057041976,0.001995694874513382,0.00027257347941400987,0.009542561594160174,0.005570215886396604,0.005581354567099004,0.009002469518988506,-3.4795594792017416e-15
rand_n50_m100_d3_s1024,C_tiny05,123,0.00485559785610705,0.001995694874513382,0.00027257347941400987,0.00966426990398746,0.005692167088873996,0.005703549633644394,0.009124244195820643,4.306262946431249e-06
rand_n50_m100_d3_s1024,C_tiny05,456,0.004918165838785693,0.001995694874513382,0.00027257347941400987,0.00978819172739423,0.005816336222428583,0.005827967066431892,0.009248233593251463,2.335247211319781e-06
rand_n50_m100_d3_s1024,C_tiny1,42,0.009588310114083952,0.001995694874513382,0.00027257347941400987,0.018994495118511166,0.015041012586036382,0.015071089882868956,0.01845955714102568,3.712063054250738e-07
rand_n50_m100_d3_s1024,C_tiny1,123,0.0097111957122141,0.001995694874513382,0.00027257347941400987,0.019235590837168387,0.015282589458183598,0.015313149832817608,0.018700784328115526,1.3143759028126729e-05
rand_n50_m100_d3_s1024,C_tiny1,456,0.009836331677571386,0.001995694874513382,0.00027257347941400987,0.019481041370795142,0.015528529836182251,0.015559582014257679,0.018946368704836306,9.197939337835437e-06
rand_n50_m100_d3_s1024,C_tiny2,42,0.019176620228167903,0.001995694874513382,0.00027257347941400987,0.03763159367583362,0.03371530510542549,0.03378272511678816,0.037106818426038087,9.948203171574717e-05
rand_n50_m100_d3_s1024,C_tiny2,123,0.0194223914244282,0.001995694874513382,0.00027257347941400987,0.03810469847987054,0.03418935408229493,0.03425772204258783,0.037580181212039175,5.034932624729461e-05
rand_n50_m100_d3_s1024,C_tiny2,456,0.019672663355142773,0.001995694874513382,0.00027257347941400987,0.03858623274338181,0.03467184934126779,0.03474118214039993,0.03806197805406171,2.2935313836776963e-05
rand_n50_m100_d3_s123,C_small,42,0.04794155057041976,0.001216839402495391,0.00010331649829828004,0.09149661170381883,0.08917426958114408,0.08928291254710094,0.09130886552899972,2.3087100910371562e-05
rand_n50_m100_d3_s123,C_small,123,0.04855597856107051,0.001216839402495391,0.00010331649829828004,0.09261494770685243,0.0902939664194914,0.09040397353663292,0.09242743264103019,1.0285201037412893e-05
rand_n50_m100_d3_s123,C_small,456,0.04918165838785693,0.001216839402495391,0.00010331649829828004,0.0937524174096373,0.09143282024022978,0.09154421484792723,0.09356513740687418,1.6460892285558732e-05
rand_n50_m100_d3_s123,C_medium,42,0.19176620228167904,0.001216839402495391,0.00010331649829828004,0.32181849412164193,0.31977641674075014,0.3201660073538379,0.3216783449651258,0.0010744514887870082
rand_n50_m100_d3_s123,C_medium,123,0.19422391424428204,0.001216839402495391,0.00010331649829828004,0.3252721904621866,0.32323431567508615,0.3236281191221895,0.3251327550270338,0.00044775515787130797
rand_n50_m100_d3_s123,C_medium,456,0.19672663355142772,0.001216839402495391,0.00010331649829828004,0.3287745555852103,0.3267409426139935,0.32713901826150776,0.3286358439290364,0.00024284649198109737
rand_n50_m100_d3_s123,C_large,42,0.47941550570419755,0.001216839402495391,0.00010331649829828004,0.6481147505291248,0.6464697232899165,0.6472573315144572,0.6480420319125358,0.004929132462980797
rand_n50_m100_d3_s123,C_large,123,0.48555978561070506,0.001216839402495391,0.00010331649829828004,0.6537061521372487,0.6520679287358322,0.6528623573766942,0.65363458900811,0.0036475727705019456
rand_n50_m100_d3_s123,C_large,456,0.49181658387856925,0.001216839402495391,0.00010331649829828004,0.6593526163918849,0.6577212638306581,0.6585225800535002,0.6592822201291318,0.012179813838194565
rand_n50_m100_d3_s123,C_tiny05,42,0.004794155057041976,0.001216839402495391,0.00010331649829828004,0.009542561594160174,0.007120494554117906,0.007129169608604727,0.00933787925859885,2.160468550779125e-15
rand_n50_m100_d3_s123,C_tiny05,123,0.00485559785610705,0.001216839402495391,0.00010331649829828004,0.00966426990398746,0.0072423509634122,0.00725117447823168,0.009459612719977474,3.1156731178950712e-15
rand_n50_m100_d3_s123,C_tiny05,456,0.004918165838785693,0.001216839402495391,0.00010331649829828004,0.00978819172739423,0.007366423579776523,0.00737539825498228,0.00958356015236779,1.0455932805327039e-06
rand_n50_m100_d3_s123,C_tiny1,42,0.009588310114083952,0.001216839402495391,0.00010331649829828004,0.018994495118511166,0.016583929563611096,0.016604134128262685,0.018791766066103985,5.450876726045663e-07
rand_n50_m100_d3_s123,C_tiny1,123,0.0097111957122141,0.001216839402495391,0.00010331649829828004,0.019235590837168387,0.01682531865703855,0.016845817311310195,0.019032911608239608,8.37930029387999e-16
rand_n50_m100_d3_s123,C_tiny1,456,0.009836331677571386,0.001216839402495391,0.00010331649829828004,0.019481041370795142,0.017071067864545986,0.01709186592046017,0.01927841286528621,2.5911586999088008e-06
rand_n50_m100_d3_s123,C_tiny2,42,0.019176620228167903,0.001216839402495391,0.00010331649829828004,0.03763159367583362,0.03524370647680629,0.03528664465640606,0.03743271606086624,6.162935245990944e-06
rand_n50_m100_d3_s123,C_tiny2,123,0.0194223914244282,0.001216839402495391,0.00010331649829828004,0.03810469847987054,0.035717386973410266,0.03576090224833483,0.03790591863406769,8.361257939750902e-15
rand_n50_m100_d3_s123,C_tiny2,456,0.019672663355142773,0.001216839402495391,0.00010331649829828004,0.03858623274338181,0.03619950718678703,0.03624360983932819,0.03838755240872793,5.68386543984754e-06
rand_n50_m100_d3_s42,C_small,42,0.047941550570419766,0.02782595183595468,0.0028788463969407116,0.09149661170381884,0.038390688342332994,0.03948952187608172,0.08625062590449227,2.4280590401578977e-06
rand_n50_m100_d3_s42,C_small,123,0.04855597856107051,0.02782595183595468,0.0028788463969407116,0.09261494770685243,0.039540143109123405,0.04067187679386745,0.087375419533184,-1.7353663492911685e-15
rand_n50_m100_d3_s42,C_small,456,0.04918165838785693,0.02782595183595468,0.0028788463969407116,0.0937524174096373,0.04070926398907283,0.04187446071611606,0.08851945734565878,-8.688170348496285e-16
rand_n50_m100_d3_s42,C_medium,42,0.19176620228167907,0.02782595183595468,0.0028788463969407116,0.321818494121642,0.2751214963670809,0.28299613313752714,0.31790245969069064,0.0016365590266203772
rand_n50_m100_d3_s42,C_medium,123,0.19422391424428204,0.02782595183595468,0.0028788463969407116,0.3252721904621866,0.27867129509565347,0.2866475356155879,0.3213760987658371,1.4498915586308712e-13
rand_n50_m100_d3_s42,C_medium,456,0.19672663355142772,0.02782595183595468,0.0028788463969407116,0.3287745555852103,0.28227111686190237,0.2903503929105828,0.3248986876524,1.0582917727441338e-06
rand_n50_m100_d3_s42,C_large,42,0.47941550570419755,0.02782595183595468,0.0028788463969407116,0.6481147505291248,0.6104972566896107,0.6279711517115041,0.6460828538455268,0.008228853929996692
rand_n50_m100_d3_s42,C_large,123,0.48555978561070495,0.02782595183595468,0.0028788463969407116,0.6537061521372486,0.6162442443695776,0.6338826319560344,0.651706541974331,1.2498220817276932e-05
rand_n50_m100_d3_s42,C_large,456,0.4918165838785693,0.02782595183595468,0.0028788463969407116,0.659352616391885,0.622047826866607,0.6398523268969655,0.6573856106987777,0.004238508363433111
rand_n50_m100_d3_s42,C_tiny05,42,0.004794155057041976,0.02782595183595468,0.0028788463969407116,0.009542561594160174,0.0,0.0,0.003823347198648766,-3.042085864299316e-15
rand_n50_m100_d3_s42,C_tiny05,123,0.00485559785610705,0.02782595183595468,0.0028788463969407116,0.00966426990398746,0.0,0.0,0.003945758290736678,2.389993973263644e-15
rand_n50_m100_d3_s42,C_tiny05,456,0.004918165838785693,0.02782595183595468,0.0028788463969407116,0.00978819172739423,0.0,0.0,0.004070395677931317,-4.346011688042326e-16
rand_n50_m100_d3_s42,C_tiny1,42,0.009588310114083952,0.02782595183595468,0.0028788463969407116,0.018994495118511166,0.0,0.0,0.013329859175522556,4.1281757111275054e-15
rand_n50_m100_d3_s42,C_tiny1,123,0.0097111957122141,0.02782595183595468,0.0028788463969407116,0.019235590837168387,0.0,0.0,0.01357234705708489,1.9550977228952104e-15
rand_n50_m100_d3_s42,C_tiny1,456,0.009836331677571386,0.02782595183595468,0.0028788463969407116,0.019481041370795142,0.0,0.0,0.013819214899695221,-2.1728987732880165e-16
rand_n50_m100_d3_s42,C_tiny2,42,0.019176620228167903,0.02782595183595468,0.0028788463969407116,0.03763159367583362,0.0,0.0,0.03207457423227902,2.1723353308159068e-15
rand_n50_m100_d3_s42,C_tiny2,123,0.0194223914244282,0.02782595183595468,0.0028788463969407116,0.03810469847987054,0.0,0.0,0.032550410893032754,2.1715492439094723e-16
rand_n50_m100_d3_s42,C_tiny2,456,0.019672663355142773,0.02782595183595468,0.0028788463969407116,0.03858623274338181,0.0,0.0,0.03303472568762494,-1.955416197125565e-15
rand_n50_m100_d3_s456,C_small,42,0.04794155057041976,0.004822756317203232,0.0005060069554625734,0.09149661170381883,0.08229236493150965,0.08269116426635208,0.09057672816927377,9.562358233051184e-05
rand_n50_m100_d3_s456,C_small,123,0.04855597856107051,0.004822756317203232,0.0005060069554625734,0.09261494770685243,0.08341609439656662,0.08382033946824724,0.09169619651687375,5.828154989217727e-05
rand_n50_m100_d3_s456,C_small,456,0.04918165838785693,0.004822756317203232,0.0005060069554625734,0.0937524174096373,0.08455904983854624,0.08496883381861031,0.09283481793759839,0.00029450407101280817
rand_n50_m100_d3_s456,C_medium,42,0.19176620228167904,0.004822756317203232,0.0005060069554625734,0.32181849412164193,0.3137250336627535,0.3152453853363535,0.3211318175404346,0.001866927734499359
rand_n50_m100_d3_s456,C_medium,123,0.19422391424428204,0.004822756317203232,0.0005060069554625734,0.3252721904621866,0.3171953863391421,0.3187325557860577,0.32458901083920516,0.0015057635903010572
rand_n50_m100_d3_s456,C_medium,456,0.19672663355142772,0.004822756317203232,0.0005060069554625734,0.3287745555852103,0.3207146425156881,0.3222688667285411,0.3280949221988749,0.0035061684093562985
rand_n50_m100_d3_s456,C_large,42,0.47941550570419755,0.004822756317203232,0.0005060069554625734,0.6481147505291248,0.6415949374021054,0.6447041886004052,0.6477584574748473,0.006701946487162864
rand_n50_m100_d3_s456,C_large,123,0.485559785610705,0.004822756317203232,0.0005060069554625734,0.6537061521372487,0.6472133049776567,0.6503497835044445,0.6533555205239087,0.005659169239405515
rand_n50_m100_d3_s456,C_large,456,0.4918165838785693,0.004822756317203232,0.0005060069554625734,0.659352616391885,0.652887000753447,0.6560509747362636,0.6590077019718578,0.011301525600434124
rand_n50_m100_d3_s456,C_tiny05,42,0.004794155057041976,0.004822756317203232,0.0005060069554625734,0.009542561594160174,0.0,0.0,0.008539697432072776,2.059966354402239e-06
rand_n50_m100_d3_s456,C_tiny05,123,0.00485559785610705,0.004822756317203232,0.0005060069554625734,0.00966426990398746,6.536568831160867e-05,6.568245880473865e-05,0.008661528974759367,-9.15510129509098e-16
rand_n50_m100_d3_s456,C_tiny05,456,0.004918165838785693,0.004822756317203232,0.0005060069554625734,0.00978819172739423,0.00018988515647505502,0.00019080536425085203,0.008785576272266058,4.845363739098378e-06
rand_n50_m100_d3_s456,C_tiny1,42,0.009588310114083952,0.004822756317203232,0.0005060069554625734,0.018994495118511166,0.009440588305429586,0.00948633860486332,0.018001201287289537,7.588231356869875e-06
rand_n50_m100_d3_s456,C_tiny1,123,0.0097111957122141,0.004822756317203232,0.0005060069554625734,0.019235590837168387,0.009682846769987015,0.009729771084951908,0.018242541121692168,-1.8305851686452206e-16
rand_n50_m100_d3_s456,C_tiny1,456,0.009836331677571386,0.004822756317203232,0.0005060069554625734,0.019481041370795142,0.009929481051725378,0.009977600587991645,0.01848824018042883,1.7270443676016074e-05
rand_n50_m100_d3_s456,C_tiny2,42,0.019176620228167903,0.004822756317203232,0.0005060069554625734,0.03763159367583362,0.028167569047553707,0.02830407269293615,0.03665717039624166,2.0407623919511443e-05
rand_n50_m100_d3_s456,C_tiny2,123,0.0194223914244282,0.004822756317203232,0.0005060069554625734,0.03810469847987054,0.028642955520773,0.028781762949859676,0.03713075423131463,2.012687168719055e-15
rand_n50_m100_d3_s456,C_tiny2,456,0.019672663355142773,0.004822756317203232,0.0005060069554625734,0.03858623274338181,0.029126812106695564,0.029267964366736926,0.03761277606091099,7.926479654692485e-05
rand_n50_m100_d3_s789,C_small,42,0.04794155057041976,0.0018053212400366715,0.000164973486806623,0.09149661170381883,0.0880511500002458,0.0882103981055378,0.09119680430006037,9.724646805011975e-15
rand_n50_m100_d3_s789,C_small,123,0.04855597856107051,0.0018053212400366715,0.000164973486806623,0.09261494770685243,0.08917150495901915,0.0893327793229624,0.09231550935555752,4.739605269993574e-15
rand_n50_m100_d3_s789,C_small,456,0.04918165838785693,0.0018053212400366715,0.000164973486806623,0.0937524174096373,0.09031102816001838,0.0904743634500335,0.09345335442495394,8.096435501530377e-05
rand_n50_m100_d3_s789,C_medium,42,0.19176620228167904,0.0018053212400366715,0.000164973486806623,0.32181849412164193,0.31878883740444297,0.31936539453452883,0.3215946932650092,0.0013951604575129716
rand_n50_m100_d3_s789,C_medium,123,0.19422391424428204,0.0018053212400366715,0.000164973486806623,0.3252721904621866,0.32224876877634784,0.32283158349097874,0.3250495293302335,0.0001812588938585988
rand_n50_m100_d3_s789,C_medium,456,0.19672663355142772,0.0018053212400366715,0.000164973486806623,0.3287745555852103,0.32575745679351853,0.3263466172732961,0.328553050238704,0.0014579377942512846
rand_n50_m100_d3_s789,C_large,42,0.47941550570419755,0.0018053212400366715,0.000164973486806623,0.6481147505291248,0.6456741633741628,0.6468419208327884,0.6479986278988477,0.004983575156128339
rand_n50_m100_d3_s789,C_large,123,0.48555978561070495,0.0018053212400366715,0.000164973486806623,0.6537061521372486,0.6512756592583713,0.6524535475058207,0.6535918746774144,0.003787680309043353
rand_n50_m100_d3_s789,C_large,456,0.4918165838785693,0.0018053212400366715,0.000164973486806623,0.659352616391885,0.6569323171948577,0.6581204359964642,0.6592402022732452,0.015432684943279743
rand_n50_m100_d3_s789,C_tiny05,42,0.004794155057041976,0.0018053212400366715,0.000164973486806623,0.009542561594160174,0.005949146503217127,0.005959906048194554,0.009215709237892555,2.7661732947237018e-15
rand_n50_m100_d3_s789,C_tiny05,123,0.00485559785610705,0.0018053212400366715,0.000164973486806623,0.00966426990398746,0.006071074535641233,0.0060820545979900454,0.009337457711634313,4.9371593956380915e-15
rand_n50_m100_d3_s789,C_tiny05,456,0.004918165838785693,0.0018053212400366715,0.000164973486806623,0.00978819172739423,0.006195220077747906,0.006206424668025777,0.009461420429418168,8.493995444166918e-15
rand_n50_m100_d3_s789,C_tiny1,42,0.009588310114083952,0.0018053212400366715,0.000164973486806623,0.018994495118511166,0.015418143803919041,0.015446028847872325,0.01867076191368199,-3.301273027484919e-14
rand_n50_m100_d3_s789,C_tiny1,123,0.0097111957122141,0.0018053212400366715,0.000164973486806623,0.019235590837168387,0.01565967477779804,0.015687996651366377,0.018911937194267543,7.109498237938864e-15
rand_n50_m100_d3_s789,C_tiny1,456,0.009836331677571386,0.0018053212400366715,0.000164973486806623,0.019481041370795142,0.015905568428486526,0.01593433502194751,0.019157468726917728,4.1448164568298484e-06
rand_n50_m100_d3_s789,C_tiny2,42,0.019176620228167903,0.0018053212400366715,0.000164973486806623,0.03763159367583362,0.03408888831111968,0.034150541008160465,0.037314010739901676,8.904407965082339e-15
rand_n50_m100_d3_s789,C_tiny2,123,0.0194223914244282,0.0018053212400366715,0.000164973486806623,0.03810469847987054,0.0345628472213081,0.03462535711394977,0.03778727166919342,5.134621306018056e-15
rand_n50_m100_d3_s789,C_tiny2,456,0.019672663355142773,0.0018053212400366715,0.000164973486806623,0.03858623274338181,0.03504525080885309,0.035108633170023586,0.03826896483969306,1.3686147524804097e-05
rand_n50_m100_d5_s1024,C_small,42,0.04794155057041976,0.004694864262491949,0.0004800479712714477,0.09149661170381883,0.08253644735126228,0.0829257725974697,0.09062394236378292,3.115432351138395e-05
rand_n50_m100_d5_s1024,C_small,123,0.04855597856107051,0.004694864262491949,0.0004800479712714477,0.09261494770685243,0.08366003379002998,0.08405465900468705,0.09174335259235522,0.0001181895960834944
rand_n50_m100_d5_s1024,C_small,456,0.04918165838785693,0.004694864262491949,0.0004800479712714477,0.0937524174096373,0.08480284375867214,0.0852028596193612,0.09288191489968908,0.00034612347967981913
rand_n50_m100_d5_s1024,C_medium,42,0.19176620228167904,0.004694864262491949,0.0004800479712714477,0.32181849412164193,0.31393965974371874,0.31542051625313233,0.3211670620909158,0.0008482090548558952
rand_n50_m100_d5_s1024,C_medium,123,0.19422391424428204,0.004694864262491949,0.0004800479712714477,0.3252721904621866,0.3174095707197861,0.3189067948339177,0.32462407590384956,0.001051464156803448
rand_n50_m100_d5_s1024,C_medium,456,0.19672663355142772,0.004694864262491949,0.0004800479712714477,0.3287745555852103,0.32092837897166004,0.3224422013394479,0.32812980524840496,0.0015534495830822027
rand_n50_m100_d5_s1024,C_large,42,0.4794155057041976,0.004694864262491949,0.0004800479712714477,0.6481147505291249,0.6417678327843941,0.6447950580591073,0.6477767446698403,0.01004236384087616
rand_n50_m100_d5_s1024,C_large,123,0.485559785610705,0.004694864262491949,0.0004800479712714477,0.6537061521372487,0.647385485264105,0.6504392090616521,0.6533735171382316,0.005146671612437171
rand_n50_m100_d5_s1024,C_large,456,0.4918165838785693,0.004694864262491949,0.0004800479712714477,0.659352616391885,0.6530584589019799,0.6561389421728164,0.6590254051439492,0.004490580297881438
rand_n50_m100_d5_s1024,C_tiny05,42,0.004794155057041976,0.004694864262491949,0.0004800479712714477,0.009542561594160174,0.00019763410057732647,0.0001985663426029468,0.00859117071302292,1.3556149229736235e-14
rand_n50_m100_d5_s1024,C_tiny05,123,0.00485559785610705,0.004694864262491949,0.0004800479712714477,0.00966426990398746,0.00031991381439886823,0.0003214228510554367,0.008712995930625985,2.4040676818356277e-15
rand_n50_m100_d5_s1024,C_tiny05,456,0.004918165838785693,0.004694864262491949,0.0004800479712714477,0.00978819172739423,0.0004444174339456955,0.000446513755418722,0.008837036788014624,8.32126918264674e-06
rand_n50_m100_d5_s1024,C_tiny1,42,0.009588310114083952,0.004694864262491949,0.0004800479712714477,0.018994495118511166,0.00969394316984324,0.009739669596560615,0.018052183358813652,1.927447038708041e-06
rand_n50_m100_d5_s1024,C_tiny1,123,0.0097111957122141,0.004694864262491949,0.0004800479712714477,0.019235590837168387,0.009936170800173828,0.009983039817041893,0.01829351066366461,4.043137132780565e-06
rand_n50_m100_d5_s1024,C_tiny1,456,0.009836331677571386,0.004694864262491949,0.0004800479712714477,0.019481041370795142,0.010182773690739116,0.010230805935904084,0.018539196966533337,4.108310172323168e-05
rand_n50_m100_d5_s1024,C_tiny2,42,0.019176620228167903,0.004694864262491949,0.0004800479712714477,0.03763159367583362,0.028418540375139013,0.028552590913821875,0.03670718391265889,9.202898230015514e-06
rand_n50_m100_d5_s1024,C_tiny2,123,0.0194223914244282,0.004694864262491949,0.0004800479712714477,0.03810469847987054,0.028893866342012818,0.02903015899802712,0.037180743160853555,3.25348742538862e-05
rand_n50_m100_d5_s1024,C_tiny2,456,0.019672663355142773,0.004694864262491949,0.0004800479712714477,0.03858623274338181,0.029377661343529014,0.029516236065395714,0.03766273996549935,0.00011227623151851675
rand_n50_m100_d5_s123,C_small,42,0.04794155057041976,0.11105788095338331,0.008898175612947458,0.09149661170381883,0.0,0.0,0.07518340856948541,-1.1023768228898014e-15
rand_n50_m100_d5_s123,C_small,123,0.04855597856107051,0.11105788095338331,0.008898175612947458,0.09261494770685243,0.0,0.0,0.07632182555694346,-8.672826265092222e-16
rand_n50_m100_d5_s123,C_small,456,0.04918165838785693,0.11105788095338331,0.008898175612947458,0.0937524174096373,0.0,0.0,0.07747971981131474,-4.4033328691138054e-16
rand_n50_m100_d5_s123,C_medium,42,0.19176620228167904,0.11105788095338331,0.008898175612947458,0.32181849412164193,0.1354432122236337,0.15236448956754964,0.3096409801906372,0.0005754574626946278
rand_n50_m100_d5_s123,C_medium,123,0.19422391424428204,0.11105788095338331,0.008898175612947458,0.3252721904621866,0.13928046876121566,0.15668114467406816,0.3131566915447672,0.001705924163449185
rand_n50_m100_d5_s123,C_medium,456,0.19672663355142772,0.11105788095338331,0.008898175612947458,0.3287745555852103,0.14317179913312744,0.16105862920150307,0.3167219455842645,0.0011791856935117564
rand_n50_m100_d5_s123,C_large,42,0.47941550570419755,0.11105788095338331,0.008898175612947458,0.6481147505291248,0.4979772394307535,0.5601908479315054,0.6417962539461242,0.005201587598803615
rand_n50_m100_d5_s123,C_large,123,0.48555978561070506,0.11105788095338331,0.008898175612947458,0.6537061521372487,0.504189610253035,0.5671793466078244,0.6474880554772577,0.01497162642291761
rand_n50_m100_d5_s123,C_large,456,0.49181658387856925,0.11105788095338331,0.008898175612947458,0.6593526163918849,0.51046315886267,0.5742366661736511,0.6532359083668327,0.008661068097247041
rand_n50_m100_d5_s123,C_tiny05,42,0.004794155057041976,0.11105788095338331,0.008898175612947458,0.009542561594160174,0.0,0.0,0.0,-1.9739509594416816e-15
rand_n50_m100_d5_s123,C_tiny05,123,0.00485559785610705,0.11105788095338331,0.008898175612947458,0.00966426990398746,0.0,0.0,0.0,-2.1896072719905807e-16
rand_n50_m100_d5_s123,C_tiny05,456,0.004918165838785693,0.11105788095338331,0.008898175612947458,0.00978819172739423,0.0,0.0,0.0,-6.578918826402668e-16
rand_n50_m100_d5_s123,C_tiny1,42,0.009588310114083952,0.11105788095338331,0.008898175612947458,0.018994495118511166,0.0,0.0,0.0013794346980498752,-1.7556383359932794e-15
rand_n50_m100_d5_s123,C_tiny1,123,0.0097111957122141,0.11105788095338331,0.008898175612947458,0.019235590837168387,0.0,0.0,0.0016248595622930595,2.1872085764349866e-16
rand_n50_m100_d5_s123,C_tiny1,456,0.009836331677571386,0.11105788095338331,0.008898175612947458,0.019481041370795142,0.0,0.0,0.0018747174371208117,-1.0969677469591883e-15
rand_n50_m100_d5_s123,C_tiny2,42,0.019176620228167903,0.11105788095338331,0.008898175612947458,0.03763159367583362,0.0,0.0,0.020351183382732205,-4.394180966624676e-16
rand_n50_m100_d5_s123,C_tiny2,123,0.0194223914244282,0.11105788095338331,0.008898175612947458,0.03810469847987054,0.0,0.0,0.02083278331719077,-2.6189123008257817e-15
rand_n50_m100_d5_s123,C_tiny2,456,0.019672663355142773,0.11105788095338331,0.008898175612947458,0.03858623274338181,0.0,0.0,0.02132296407157703,8.783452538580667e-16
rand_n50_m100_d5_s42,C_small,42,0.047941550570419766,0.033378361805706885,0.0031808257439716234,0.09149661170381884,0.027793895101851412,0.02875364465642634,0.08569858726646845,-3.484573925974862e-15
rand_n50_m100_d5_s42,C_small,123,0.04855597856107051,0.033378361805706885,0.0031808257439716234,0.09261494770685243,0.028949559328614597,0.029949215064845953,0.08682406043548103,-3.6934035179467976e-15
rand_n50_m100_d5_s42,C_small,456,0.04918165838785693,0.033378361805706885,0.0031808257439716234,0.0937524174096373,0.030124995906682064,0.031165240582610325,0.08796878941458613,5.246894469814496e-05
rand_n50_m100_d5_s42,C_medium,42,0.19176620228167907,0.033378361805706885,0.0031808257439716234,0.321818494121642,0.2658035446427881,0.2749819930984837,0.31749037273574804,0.0010379402122115394
rand_n50_m100_d5_s42,C_medium,123,0.19422391424428204,0.033378361805706885,0.0031808257439716234,0.3252721904621866,0.26937251970935444,0.27867420825852646,0.320966110398361,0.0007813260387894921
rand_n50_m100_d5_s42,C_medium,456,0.19672663355142772,0.033378361805706885,0.0031808257439716234,0.3287745555852103,0.27299178804263013,0.2824184533594707,0.32449082744525576,0.0010099343010473293
rand_n50_m100_d5_s42,C_large,42,0.47941550570419755,0.033378361805706885,0.0031808257439716234,0.6481147505291248,0.6029910355524877,0.6238128878212481,0.6458690359815968,0.007114333049997532
rand_n50_m100_d5_s42,C_large,123,0.48555978561070495,0.033378361805706885,0.0031808257439716234,0.6537061521372486,0.6087690689864883,0.6297904422289834,0.6514961216428353,0.005248268530908798
rand_n50_m100_d5_s42,C_large,456,0.4918165838785693,0.033378361805706885,0.0031808257439716234,0.659352616391885,0.614604002967939,0.6358268620140306,0.6571786213577185,0.006922089251567295
rand_n50_m100_d5_s42,C_tiny05,42,0.004794155057041976,0.033378361805706885,0.0031808257439716234,0.009542561594160174,0.0,0.0,0.003221510394997948,-3.924093163945693e-15
rand_n50_m100_d5_s42,C_tiny05,123,0.00485559785610705,0.033378361805706885,0.0031808257439716234,0.00966426990398746,0.0,0.0,0.0033439954413390406,1.438484985015093e-14
rand_n50_m100_d5_s42,C_tiny05,456,0.004918165838785693,0.033378361805706885,0.0031808257439716234,0.00978819172739423,0.0,0.0,0.0034687081277956252,-1.3643170714299045e-13
rand_n50_m100_d5_s42,C_tiny1,42,0.009588310114083952,0.033378361805706885,0.0031808257439716234,0.018994495118511166,0.0,0.0,0.01273376569938894,-4.795577307388326e-15
rand_n50_m100_d5_s42,C_tiny1,123,0.0097111957122141,0.033378361805706885,0.0031808257439716234,0.019235590837168387,0.0,0.0,0.012976400079196494,-6.7541257873226155e-15
rand_n50_m100_d5_s42,C_tiny1,456,0.009836331677571386,0.033378361805706885,0.0031808257439716234,0.019481041370795142,0.0,0.0,0.01322341706619091,-3.2678182252344603e-15
rand_n50_m100_d5_s42,C_tiny2,42,0.019176620228167903,0.033378361805706885,0.0031808257439716234,0.03763159367583362,0.0,0.0,0.0314898053132542,-8.935213021565082e-15
rand_n50_m100_d5_s42,C_tiny2,123,0.0194223914244282,0.033378361805706885,0.0031808257439716234,0.03810469847987054,0.0,0.0,0.03196592944914015,-4.572134687867927e-15
rand_n50_m100_d5_s42,C_tiny2,456,0.019672663355142773,0.033378361805706885,0.0031808257439716234,0.03858623274338181,0.0,0.0,0.03245053684090084,-2.176798071599723e-15
rand_n50_m100_d5_s456,C_small,42,0.04794155057041976,0.007222771565845392,0.0006417866941191939,0.09149661170381883,0.07771192769751357,0.07827730680334373,0.09032973204363792,0.000241302107876451
rand_n50_m100_d5_s456,C_small,123,0.04855597856107051,0.007222771565845392,0.0006417866941191939,0.09261494770685243,0.07883834118603095,0.07941191530992077,0.09144950443485894,2.6250993987565584e-05
rand_n50_m100_d5_s456,C_small,456,0.04918165838785693,0.007222771565845392,0.0006417866941191939,0.0937524174096373,0.07998402657264211,0.08056593592380831,0.09258843510111113,0.00010481062527790186
rand_n50_m100_d5_s456,C_medium,42,0.19176620228167904,0.007222771565845392,0.0006417866941191939,0.32181849412164193,0.30969737245865614,0.3119505198030402,0.32094743935694325,0.0012668804862503865
rand_n50_m100_d5_s456,C_medium,123,0.19422391424428204,0.007222771565845392,0.0006417866941191939,0.3252721904621866,0.3131760140589263,0.3154544696325068,0.3244055716171158,0.00017754441327518918
rand_n50_m100_d5_s456,C_medium,456,0.19672663355142772,0.007222771565845392,0.0006417866941191939,0.3287745555852103,0.31670367596517374,0.3190077964063405,0.32791243516983964,0.0014233767176415556
rand_n50_m100_d5_s456,C_large,42,0.47941550570419755,0.007222771565845392,0.0006417866941191939,0.6481147505291248,0.6383503921889608,0.6429945952686595,0.6476627899248883,0.007426671237108076
rand_n50_m100_d5_s456,C_large,123,0.485559785610705,0.007222771565845392,0.0006417866941191939,0.6537061521372487,0.643982179213633,0.6486673553435002,0.653261373116364,0.001363919819725336
rand_n50_m100_d5_s456,C_large,456,0.4918165838785693,0.007222771565845392,0.0006417866941191939,0.659352616391885,0.6496694265897353,0.6543959792615491,0.6589150896766884,0.008849461939922905
rand_n50_m100_d5_s456,C_tiny05,42,0.004794155057041976,0.007222771565845392,0.0006417866941191939,0.009542561594160174,0.0,0.0,0.00827042034071017,6.341866038519634e-16
rand_n50_m100_d5_s456,C_tiny05,123,0.00485559785610705,0.007222771565845392,0.0006417866941191939,0.00966426990398746,0.0,0.0,0.008392284972410378,2.3235052280094324e-15
rand_n50_m100_d5_s456,C_tiny05,456,0.004918165838785693,0.007222771565845392,0.0006417866941191939,0.00978819172739423,0.0,0.0,0.008516365960721813,-1.477537633508275e-15
rand_n50_m100_d5_s456,C_tiny1,42,0.009588310114083952,0.007222771565845392,0.0006417866941191939,0.018994495118511166,0.004686144886069952,0.004720238087512458,0.017734493906717618,0.0
rand_n50_m100_d5_s456,C_tiny1,123,0.0097111957122141,0.007222771565845392,0.0006417866941191939,0.019235590837168387,0.004928981984028539,0.004964841902954115,0.017975899288160783,1.4989906015997417e-06
rand_n50_m100_d5_s456,C_tiny1,456,0.009836331677571386,0.007222771565845392,0.0006417866941191939,0.019481041370795142,0.005176205350790395,0.005213863898706159,0.018221665077887802,-4.217555951797248e-16
rand_n50_m100_d5_s456,C_tiny2,42,0.019176620228167903,0.007222771565845392,0.0006417866941191939,0.03763159367583362,0.023457854948922094,0.023628518339326443,0.03639552991051687,5.7721684220943065e-05
rand_n50_m100_d5_s456,C_tiny2,123,0.0194223914244282,0.007222771565845392,0.0006417866941191939,0.03810469847987054,0.02393437688088528,0.024108507120611012,0.036869242369274816,7.695613030852767e-06
rand_n50_m100_d5_s456,C_tiny2,456,0.019672663355142773,0.007222771565845392,0.0006417866941191939,0.03858623274338181,0.024419389156383014,0.02459704801539233,0.037351395114285445,-2.1048090684345977e-16
rand_n50_m100_d5_s789,C_small,42,0.04794155057041976,0.011261441287060104,0.0013070325126036907,0.09149661170381883,0.0700041128503661,0.0708014390998282,0.08911861665434691,2.760815640355963e-05
rand_n50_m100_d5_s789,C_small,123,0.04855597856107051,0.011261441287060104,0.0013070325126036907,0.09261494770685243,0.07113504292863708,0.07194525013895983,0.09023987988639597,2.4608096094935525e-05
rand_n50_m100_d5_s789,C_small,456,0.04918165838785693,0.011261441287060104,0.0013070325126036907,0.0937524174096373,0.07228532217969567,0.07310863073226442,0.09138032690039066,1.4187395772233e-05
rand_n50_m100_d5_s789,C_medium,42,0.19176620228167904,0.011261441287060104,0.0013070325126036907,0.32181849412164193,0.3029197516241627,0.3063699184731697,0.3200433634128323,0.00030756797204885153
rand_n50_m100_d5_s789,C_medium,123,0.19422391424428204,0.011261441287060104,0.0013070325126036907,0.3252721904621866,0.3064123415632697,0.30990228798412855,0.3235060997557655,0.0009007734644299502
rand_n50_m100_d5_s789,C_medium,456,0.19672663355142772,0.011261441287060104,0.0013070325126036907,0.3287745555852103,0.3099541483654922,0.3134844349237937,0.3270176322710425,0.00017958679973828623
rand_n50_m100_d5_s789,C_large,42,0.47941550570419755,0.011261441287060104,0.0013070325126036907,0.6481147505291248,0.6328905741653661,0.640099011602432,0.6471936957570638,0.0010397925845666751
rand_n50_m100_d5_s789,C_large,123,0.48555978561070495,0.011261441287060104,0.0013070325126036907,0.6537061521372486,0.638544943014412,0.6458177820490972,0.6527997327815381,0.009070322003402955
rand_n50_m100_d5_s789,C_large,456,0.4918165838785693,0.011261441287060104,0.0013070325126036907,0.659352616391885,0.6442549945947313,0.6515928694369628,0.6584609765782407,0.0014572807898787761
rand_n50_m100_d5_s789,C_tiny05,42,0.004794155057041976,0.011261441287060104,0.0013070325126036907,0.009542561594160174,0.0,0.0,0.006950052952382964,-3.9825337480200188e-16
rand_n50_m100_d5_s789,C_tiny05,123,0.00485559785610705,0.011261441287060104,0.0013070325126036907,0.00966426990398746,0.0,0.0,0.007072079832027355,1.991735218074953e-15
rand_n50_m100_d5_s789,C_tiny05,456,0.004918165838785693,0.011261441287060104,0.0013070325126036907,0.00978819172739423,0.0,0.0,0.0071963260190924016,3.980905838928523e-15
rand_n50_m100_d5_s789,C_tiny1,42,0.009588310114083952,0.011261441287060104,0.0013070325126036907,0.018994495118511166,0.0,0.0,0.016426726781963854,1.493905193106529e-14
rand_n50_m100_d5_s789,C_tiny1,123,0.0097111957122141,0.011261441287060104,0.0013070325126036907,0.019235590837168387,0.0,0.0,0.01666845356532904,1.3949677493157768e-15
rand_n50_m100_d5_s789,C_tiny1,456,0.009836331677571386,0.011261441287060104,0.0013070325126036907,0.019481041370795142,0.0,0.0,0.016914546562331684,0.0
rand_n50_m100_d5_s789,C_tiny2,42,0.019176620228167903,0.011261441287060104,0.0013070325126036907,0.03763159367583362,0.015532497084432311,0.015709407656409467,0.03511260768691074,5.901902747724278e-06
rand_n50_m100_d5_s789,C_tiny2,123,0.0194223914244282,0.011261441287060104,0.0013070325126036907,0.03810469847987054,0.016010929730442523,0.016193289509498103,0.035586950836226684,4.685267498778543e-06
rand_n50_m100_d5_s789,C_tiny2,456,0.019672663355142773,0.011261441287060104,0.0013070325126036907,0.03858623274338181,0.016497886763790028,0.016685792840187855,0.036069745509010535,0.0
rand_n50_m100_d8_s1024,C_small,42,0.04794155057041976,0.002791828936512711,0.00031392174717437786,0.09149661170381883,0.086168396718941,0.08640963764571388,0.09092603464533618,-6.217443613468694e-16
rand_n50_m100_d8_s1024,C_small,123,0.04855597856107051,0.002791828936512711,0.00031392174717437786,0.09261494770685243,0.0872898549247886,0.08753423553649492,0.09204507300883999,1.2911533803944201e-06
rand_n50_m100_d8_s1024,C_small,456,0.04918165838785693,0.002791828936512711,0.00031392174717437786,0.0937524174096373,0.08843050024840413,0.08867807426216345,0.09318325708883632,5.17338158880357e-05
rand_n50_m100_d8_s1024,C_medium,42,0.19176620228167904,0.002791828936512711,0.00031392174717437786,0.32181849412164193,0.31713329843281024,0.31802115910722917,0.32139256856789455,0.0007848096636400502
rand_n50_m100_d8_s1024,C_medium,123,0.19422391424428204,0.002791828936512711,0.00031392174717437786,0.3252721904621866,0.3205966369027364,0.3214941936956166,0.3248484339701337,0.002578426270929866
rand_n50_m100_d8_s1024,C_medium,456,0.19672663355142772,0.002791828936512711,0.00031392174717437786,0.3287745555852103,0.3241087800300568,0.3250161695771167,0.3283529987208257,0.002829691066945832
rand_n50_m100_d8_s1024,C_large,42,0.4794155057041976,0.002791828936512711,0.00031392174717437786,0.6481147505291249,0.6443405181708075,0.6461444429237289,0.6478937522883335,0.005706942050780988
rand_n50_m100_d8_s1024,C_large,123,0.485559785610705,0.002791828936512711,0.00031392174717437786,0.6537061521372487,0.6499475300157364,0.6517671524117079,0.6534886655239575,0.013514459021838291
rand_n50_m100_d8_s1024,C_large,456,0.4918165838785693,0.002791828936512711,0.00031392174717437786,0.659352616391885,0.6556097582326678,0.6574452328579329,0.6591386759876743,0.01301295128971769
rand_n50_m100_d8_s1024,C_tiny05,42,0.004794155057041976,0.002791828936512711,0.00031392174717437786,0.009542561594160174,0.003985544920721783,0.003996703031896881,0.008920514060779228,-6.164125214238918e-16
rand_n50_m100_d8_s1024,C_tiny05,123,0.00485559785610705,0.002791828936512711,0.00031392174717437786,0.00966426990398746,0.004107593019330258,0.004119092821862516,0.009042298808372524,9.240978276421324e-15
rand_n50_m100_d8_s1024,C_tiny05,456,0.004918165838785693,0.002791828936512711,0.00031392174717437786,0.00978819172739423,0.0042318608112694835,0.004243708519512383,0.009166298459721813,1.0036482043089167e-06
rand_n50_m100_d8_s1024,C_tiny1,42,0.009588310114083952,0.002791828936512711,0.00031392174717437786,0.018994495118511166,0.01346386662659205,0.013501560674370843,0.0183783837836043,2.8793353299372844e-15
rand_n50_m100_d8_s1024,C_tiny1,123,0.0097111957122141,0.002791828936512711,0.00031392174717437786,0.019235590837168387,0.013705635443253091,0.01374400635790671,0.01861963092017337,-1.848914666655171e-15
rand_n50_m100_d8_s1024,C_tiny1,456,0.009836331677571386,0.002791828936512711,0.00031392174717437786,0.019481041370795142,0.013951771232782106,0.0139908312402846,0.0188652356067128,3.6367948364359195e-06
rand_n50_m100_d8_s1024,C_tiny2,42,0.019176620228167903,0.002791828936512711,0.00031392174717437786,0.03763159367583362,0.032152996774959475,0.032243013753757606,0.0370271871964182,1.6484789637988817e-15
rand_n50_m100_d8_s1024,C_tiny2,123,0.0194223914244282,0.002791828936512711,0.00031392174717437786,0.03810469847987054,0.03262742240667831,0.03271876760885575,0.03750058912950374,2.467139158698669e-15
rand_n50_m100_d8_s1024,C_tiny2,456,0.019672663355142773,0.002791828936512711,0.00031392174717437786,0.03858623274338181,0.033110301031480376,0.03320299812241752,0.037982425816106856,9.603221760901879e-06
rand_n50_m100_d8_s123,C_small,42,0.04794155057041976,0.024363099442610718,0.002702026590794305,0.09149661170381883,0.04499955386819947,0.046123259424167805,0.08657370926451795,9.175788744205613e-05
rand_n50_m100_d8_s123,C_small,123,0.04855597856107051,0.024363099442610718,0.002702026590794305,0.09261494770685243,0.046145136002485224,0.0472974484422659,0.08769810518885532,2.8647353675181827e-14
rand_n50_m100_d8_s123,C_small,456,0.04918165838785693,0.024363099442610718,0.002702026590794305,0.0937524174096373,0.04731031799275201,0.04849172675379872,0.08884173849262023,3.710451052753283e-05
rand_n50_m100_d8_s123,C_medium,42,0.19176620228167904,0.024363099442610718,0.002702026590794305,0.32181849412164193,0.2809327912111773,0.2879480993909498,0.31814363563174836,0.0007317732759714692
rand_n50_m100_d8_s123,C_medium,123,0.19422391424428204,0.024363099442610718,0.002702026590794305,0.3252721904621866,0.2844706302991112,0.2915742835645011,0.3216160464981368,0.0006930118272474161
rand_n50_m100_d8_s123,C_medium,456,0.19672663355142772,0.024363099442610718,0.002702026590794305,0.3287745555852103,0.28805832389191144,0.29525156718379697,0.32513738986827506,0.0007516122195274307
rand_n50_m100_d8_s123,C_large,42,0.47941550570419755,0.024363099442610718,0.002702026590794305,0.6481147505291248,0.6151786357612673,0.6305405580803789,0.6462079918144183,0.006739519768401707
rand_n50_m100_d8_s123,C_large,123,0.48555978561070506,0.024363099442610718,0.002702026590794305,0.6537061521372487,0.6209062612427935,0.6364112108593523,0.6518296915204582,0.007532344655643647
rand_n50_m100_d8_s123,C_large,456,0.49181658387856925,0.024363099442610718,0.002702026590794305,0.6593526163918849,0.6266902908675646,0.6423396762766264,0.657506752240678,0.005162599687144017
rand_n50_m100_d8_s123,C_tiny05,42,0.004794155057041976,0.024363099442610718,0.002702026590794305,0.009542561594160174,0.0,0.0,0.004175575182919386,-1.1709176447248837e-16
rand_n50_m100_d8_s123,C_tiny05,123,0.00485559785610705,0.024363099442610718,0.002702026590794305,0.00966426990398746,0.0,0.0,0.004297942992912604,-1.8705032557792585e-14
rand_n50_m100_d8_s123,C_tiny05,456,0.004918165838785693,0.024363099442610718,0.002702026590794305,0.00978819172739423,0.0,0.0,0.004422536310839474,-8.195829415066509e-16
rand_n50_m100_d8_s123,C_tiny1,42,0.009588310114083952,0.024363099442610718,0.002702026590794305,0.018994495118511166,0.0,0.0,0.013678725848783081,3.513607283357747e-15
rand_n50_m100_d8_s123,C_tiny1,123,0.0097111957122141,0.024363099442610718,0.002702026590794305,0.019235590837168387,0.0,0.0,0.01392112799151838,-8.17250186881887e-16
rand_n50_m100_d8_s123,C_tiny1,456,0.009836331677571386,0.024363099442610718,0.002702026590794305,0.019481041370795142,0.0,0.0,0.014167908546635737,-1.2881358767586725e-15
rand_n50_m100_d8_s123,C_tiny2,42,0.019176620228167903,0.024363099442610718,0.002702026590794305,0.03763159367583362,0.0,0.0,0.032416813152136965,1.5017619090863356e-05
rand_n50_m100_d8_s123,C_tiny2,123,0.0194223914244282,0.024363099442610718,0.002702026590794305,0.03810469847987054,0.0,0.0,0.03289248156663901,-8.150689792707262e-16
rand_n50_m100_d8_s123,C_tiny2,456,0.019672663355142773,0.024363099442610718,0.002702026590794305,0.03858623274338181,0.0,0.0,0.03337662511728226,0.0
rand_n50_m100_d8_s42,C_small,42,0.047941550570419766,0.04474190894725318,0.003389749135744701,0.09149661170381884,0.006106526879146919,0.00639254138367694,0.08531646540765643,5.292936730603691e-15
rand_n50_m100_d8_s42,C_small,123,0.04855597856107051,0.04474190894725318,0.003389749135744701,0.09261494770685243,0.007274899369800666,0.007615637530778021,0.08644240895535747,9.202972041771781e-15
rand_n50_m100_d8_s42,C_small,456,0.04918165838785693,0.04474190894725318,0.003389749135744701,0.0937524174096373,0.008463261638457809,0.008859659727279388,0.08758761636089749,7.775999971305587e-15
rand_n50_m100_d8_s42,C_medium,42,0.19176620228167907,0.04474190894725318,0.003389749135744701,0.321818494121642,0.24673344998866822,0.2582898300466154,0.3172051256128681,7.266610516760063e-05
rand_n50_m100_d8_s42,C_medium,123,0.19422391424428204,0.04474190894725318,0.003389749135744701,0.3252721904621866,0.25034167129641294,0.2620670514504857,0.32068231592043805,0.0018313850137690463
rand_n50_m100_d8_s42,C_medium,456,0.19672663355142772,0.04474190894725318,0.003389749135744701,0.3287745555852103,0.254000738920871,0.26589750068585993,0.3242085060826655,0.002460711390023972
rand_n50_m100_d8_s42,C_large,42,0.47941550570419755,0.04474190894725318,0.003389749135744701,0.6481147505291248,0.5876288237901643,0.6151518938118232,0.6457210309798009,0.004606718711131996
rand_n50_m100_d8_s42,C_large,123,0.48555978561070495,0.04474190894725318,0.003389749135744701,0.6537061521372486,0.5934703953799263,0.6212670700604999,0.6513504684173822,0.012042044193084855
rand_n50_m100_d8_s42,C_large,456,0.4918165838785693,0.04474190894725318,0.003389749135744701,0.659352616391885,0.5993694932241176,0.6274424669500359,0.6570353430682804,0.012240313734330495
rand_n50_m100_d8_s42,C_tiny05,42,0.004794155057041976,0.04474190894725318,0.003389749135744701,0.009542561594160174,0.0,0.0,0.0028049181815691755,8.91719675139721e-15
rand_n50_m100_d8_s42,C_tiny05,123,0.00485559785610705,0.04474190894725318,0.003389749135744701,0.00966426990398746,0.0,0.0,0.002927454419139914,1.2847729787931621e-13
rand_n50_m100_d8_s42,C_tiny05,456,0.004918165838785693,0.04474190894725318,0.003389749135744701,0.00978819172739423,0.0,0.0,0.0030522192278429508,7.382263232619612e-15
rand_n50_m100_d8_s42,C_tiny1,42,0.009588310114083952,0.04474190894725318,0.003389749135744701,0.018994495118511166,0.0,0.0,0.012321149024691473,5.573055069378437e-15
rand_n50_m100_d8_s42,C_tiny1,123,0.0097111957122141,0.04474190894725318,0.003389749135744701,0.019235590837168387,0.0,0.0,0.012563884810773734,4.180697987025013e-15
rand_n50_m100_d8_s42,C_tiny1,456,0.009836331677571386,0.04474190894725318,0.003389749135744701,0.019481041370795142,0.0,0.0,0.012811005035703598,7.379719049805745e-15
rand_n50_m100_d8_s42,C_tiny2,42,0.019176620228167903,0.04474190894725318,0.003389749135744701,0.03763159367583362,0.0,0.0,0.031085027511625708,7.383786834353112e-15
rand_n50_m100_d8_s42,C_tiny2,123,0.0194223914244282,0.04474190894725318,0.003389749135744701,0.03810469847987054,0.0,0.0,0.03156135063816977,7.386990706060051e-15
rand_n50_m100_d8_s42,C_tiny2,456,0.019672663355142773,0.04474190894725318,0.003389749135744701,0.03858623274338181,0.0,0.0,0.032046160566068696,5.983195197767075e-15
rand_n50_m100_d8_s456,C_small,42,0.04794155057041976,0.011018126955282306,0.0008092553890333858,0.09149661170381883,0.07046847907698506,0.07125355984537722,0.09002499826684685,0.0001957133415811297
rand_n50_m100_d8_s456,C_small,123,0.04855597856107051,0.011018126955282306,0.0008092553890333858,0.09261494770685243,0.07159913704807876,0.07239681433963079,0.0911451457747249,1.967694287164646e-07
rand_n50_m100_d8_s456,C_small,456,0.04918165838785693,0.011018126955282306,0.0008092553890333858,0.0937524174096373,0.0727491395364567,0.07355962886608668,0.09228445797553492,5.82179934861265e-06
rand_n50_m100_d8_s456,C_medium,42,0.19176620228167904,0.011018126955282306,0.0008092553890333858,0.32181849412164193,0.30332807723586735,0.3067074185111501,0.3207199610510849,0.002522312953591064
rand_n50_m100_d8_s456,C_medium,123,0.19422391424428204,0.011018126955282306,0.0008092553890333858,0.3252721904621866,0.3068198268411571,0.31023806927478836,0.32417925176365653,0.0006477455018585414
rand_n50_m100_d8_s456,C_medium,456,0.19672663355142772,0.011018126955282306,0.0008092553890333858,0.3287745555852103,0.31036078146775004,0.31381847324689716,0.32768729009345376,0.0004552047188493936
rand_n50_m100_d8_s456,C_large,42,0.47941550570419755,0.011018126955282306,0.0008092553890333858,0.6481147505291248,0.6332195072214812,0.6402741288594374,0.647544759191652,0.014122640470713847
rand_n50_m100_d8_s456,C_large,123,0.485559785610705,0.011018126955282306,0.0008092553890333858,0.6537061521372487,0.6388725156023813,0.6459901167202627,0.6531452178730284,0.002884301360081967
rand_n50_m100_d8_s456,C_large,456,0.4918165838785693,0.011018126955282306,0.0008092553890333858,0.659352616391885,0.6445811933170237,0.6517623941201178,0.658800828392583,0.004572470910267447
rand_n50_m100_d8_s456,C_tiny05,42,0.004794155057041976,0.011018126955282306,0.0008092553890333858,0.009542561594160174,0.0,0.0,0.007938197214363592,3.3184528465257753e-15
rand_n50_m100_d8_s456,C_tiny05,123,0.00485559785610705,0.011018126955282306,0.0008092553890333858,0.00966426990398746,0.0,0.0,0.008060102669943376,2.5501042952659887e-15
rand_n50_m100_d8_s456,C_tiny05,456,0.004918165838785693,0.011018126955282306,0.0008092553890333858,0.00978819172739423,0.0,0.0,0.008184225224599814,6.7549100867917555e-15
rand_n50_m100_d8_s456,C_tiny1,42,0.009588310114083952,0.011018126955282306,0.0008092553890333858,0.018994495118511166,0.0,0.0,0.01740544118505853,5.317829551686375e-07
rand_n50_m100_d8_s456,C_tiny1,123,0.0097111957122141,0.011018126955282306,0.0008092553890333858,0.019235590837168387,0.0,0.0,0.01764692743577512,3.5688886912686506e-15
rand_n50_m100_d8_s456,C_tiny1,456,0.009836331677571386,0.011018126955282306,0.0008092553890333858,0.019481041370795142,0.0,0.0,0.01789277555548471,2.9291022161083865e-15
rand_n50_m100_d8_s456,C_tiny2,42,0.019176620228167903,0.011018126955282306,0.0008092553890333858,0.03763159367583362,0.01600996944191894,0.016188334567376887,0.036072728517697016,2.1398574261713595e-05
rand_n50_m100_d8_s456,C_tiny2,123,0.0194223914244282,0.011018126955282306,0.0008092553890333858,0.03810469847987054,0.0164882869747499,0.016671980977758894,0.03654659966712757,5.731676842481004e-15
rand_n50_m100_d8_s456,C_tiny2,456,0.019672663355142773,0.011018126955282306,0.0008092553890333858,0.03858623274338181,0.01697512684390985,0.017164244670784076,0.03702891393025323,6.675637646281177e-14
rand_n50_m100_d8_s789,C_small,42,0.04794155057041976,0.003380423669554241,0.0003046146027580823,0.09149661170381883,0.08504506167659795,0.08533352514480395,0.09094295625482375,0.0001689158620801141
rand_n50_m100_d8_s789,C_small,123,0.04855597856107051,0.003380423669554241,0.0003046146027580823,0.09261494770685243,0.08616717812912672,0.08645944769256325,0.09206197378841613,0.0004743099849446782
rand_n50_m100_d8_s789,C_small,456,0.04918165838785693,0.003380423669554241,0.0003046146027580823,0.0937524174096373,0.0873084929614183,0.0876046337388718,0.0932001366821204,-3.374943761558139e-16
rand_n50_m100_d8_s789,C_medium,42,0.19176620228167904,0.003380423669554241,0.0003046146027580823,0.32181849412164193,0.3161455296373626,0.3172178604010677,0.3214052002462703,0.0017994904467788998
rand_n50_m100_d8_s789,C_medium,123,0.19422391424428204,0.003380423669554241,0.0003046146027580823,0.3252721904621866,0.3196109009347642,0.32069498585565803,0.3248610013206252,0.0027556250609808612
rand_n50_m100_d8_s789,C_medium,456,0.19672663355142772,0.003380423669554241,0.0003046146027580823,0.3287745555852103,0.32312510553574925,0.3242211102510109,0.3283655008369376,1.0650505171916648e-14
rand_n50_m100_d8_s789,C_large,42,0.47941550570419755,0.003380423669554241,0.0003046146027580823,0.6481147505291248,0.6435448056332923,0.6457276386269922,0.6479003064353545,0.009259156069830467
rand_n50_m100_d8_s789,C_large,123,0.48555978561070495,0.003380423669554241,0.0003046146027580823,0.6537061521372486,0.649155108547758,0.6513569710700925,0.6534951155266067,0.008202595403627753
rand_n50_m100_d8_s789,C_large,456,0.4918165838785693,0.003380423669554241,0.0003046146027580823,0.659352616391885,0.65482066024381,0.657041739692552,0.6591450208203657,0.0011966909833533226
rand_n50_m100_d8_s789,C_tiny05,42,0.004794155057041976,0.003380423669554241,0.0003046146027580823,0.009542561594160174,0.00281397215613277,0.0028235168392876826,0.008938962130651807,1.126808125784456e-15
rand_n50_m100_d8_s789,C_tiny05,123,0.00485559785610705,0.003380423669554241,0.0003046146027580823,0.00966426990398746,0.0029360918916113772,0.0029460507914384646,0.009060744611329517,6.429295453791247e-07
rand_n50_m100_d8_s789,C_tiny05,456,0.004918165838785693,0.003380423669554241,0.0003046146027580823,0.00978819172739423,0.0030604326232831673,0.0030708132731565273,0.009184741954534743,2.252298235724803e-15
rand_n50_m100_d8_s789,C_tiny1,42,0.009588310114083952,0.003380423669554241,0.0003046146027580823,0.018994495118511166,0.01229785722029253,0.012339570195453368,0.018396655803579798,-1.1273377186881177e-15
rand_n50_m100_d8_s789,C_tiny1,123,0.0097111957122141,0.003380423669554241,0.0003046146027580823,0.019235590837168387,0.01253976794462373,0.012582301454277238,0.01863789844954636,4.548888423481612e-06
rand_n50_m100_d8_s789,C_tiny1,456,0.009836331677571386,0.003380423669554241,0.0003046146027580823,0.019481041370795142,0.012786048205044061,0.012829417070174664,0.018883498564371323,1.2048405819497803e-14
rand_n50_m100_d8_s789,C_tiny2,42,0.019176620228167903,0.003380423669554241,0.0003046146027580823,0.03763159367583362,0.030997957066709974,0.031103098717812153,0.037045112085378196,0.0
rand_n50_m100_d8_s789,C_tiny2,123,0.0194223914244282,0.003380423669554241,0.0003046146027580823,0.03810469847987054,0.031472661165424645,0.03157941296046683,0.0375185052065046,9.856456551425122e-05
rand_n50_m100_d8_s789,C_tiny2,456,0.019672663355142773,0.003380423669554241,0.0003046146027580823,0.03858623274338181,0.03195582321875798,0.032064213846189286,0.038000332924143065,1.2045627297716672e-14
rand_n50_m50_d3_s1024,C_small,42,0.04794155057041976,0.09467621186350109,0.015544582042733953,0.09149661170381883,0.0,0.0,0.06280601749737849,3.435780865943776e-16
rand_n50_m50_d3_s1024,C_small,123,0.04855597856107051,0.09467621186350109,0.015544582042733953,0.09261494770685243,0.0,0.0,0.06395967062180406,-1.015131224163033e-15
rand_n50_m50_d3_s1024,C_small,456,0.04918165838785693,0.09467621186350109,0.015544582042733953,0.0937524174096373,0.0,0.0,0.06513306168942383,-6.818552901620715e-16
rand_n50_m50_d3_s1024,C_medium,42,0.19176620228167904,0.09467621186350109,0.015544582042733953,0.32181849412164193,0.16293462632569322,0.17997387063149498,0.300401479464207,0.0006423332620780322
rand_n50_m50_d3_s1024,C_medium,123,0.19422391424428204,0.09467621186350109,0.015544582042733953,0.3252721904621866,0.16671530555268743,0.18414992264353403,0.3039642437526485,0.0003077553049126297
rand_n50_m50_d3_s1024,C_medium,456,0.19672663355142772,0.09467621186350109,0.015544582042733953,0.3287745555852103,0.1705492613381219,0.18838482272643825,0.3075772137867842,0.000256960007068875
rand_n50_m50_d3_s1024,C_large,42,0.47941550570419755,0.09467621186350109,0.015544582042733953,0.6481147505291248,0.5201233762350783,0.5745164139624457,0.6370021921943291,0.009309507758395839
rand_n50_m50_d3_s1024,C_large,123,0.485559785610705,0.09467621186350109,0.015544582042733953,0.6537061521372487,0.5262441505664668,0.5812772816338755,0.6427701706173008,0.0026120404564523086
rand_n50_m50_d3_s1024,C_large,456,0.4918165838785693,0.09467621186350109,0.015544582042733953,0.659352616391885,0.5324252006671547,0.5881047285447878,0.648594950568629,0.005123074004619317
rand_n50_m50_d3_s1024,C_tiny05,42,0.004794155057041976,0.09467621186350109,0.015544582042733953,0.009542561594160174,0.0,0.0,0.0,0.0
rand_n50_m50_d3_s1024,C_tiny05,123,0.00485559785610705,0.09467621186350109,0.015544582042733953,0.00966426990398746,0.0,0.0,0.0,1.7009026661017167e-16
rand_n50_m50_d3_s1024,C_tiny05,456,0.004918165838785693,0.09467621186350109,0.015544582042733953,0.00978819172739423,0.0,0.0,0.0,1.7021829015243879e-16
rand_n50_m50_d3_s1024,C_tiny1,42,0.009588310114083952,0.09467621186350109,0.015544582042733953,0.018994495118511166,0.0,0.0,0.0,0.0
rand_n50_m50_d3_s1024,C_tiny1,123,0.0097111957122141,0.09467621186350109,0.015544582042733953,0.019235590837168387,0.0,0.0,0.0,-1.6998960008818918e-16
rand_n50_m50_d3_s1024,C_tiny1,456,0.009836331677571386,0.09467621186350109,0.015544582042733953,0.019481041370795142,0.0,0.0,0.0,-5.107366097818975e-16
rand_n50_m50_d3_s1024,C_tiny2,42,0.019176620228167903,0.09467621186350109,0.015544582042733953,0.03763159367583362,0.0,0.0,0.007239938808450877,0.0
rand_n50_m50_d3_s1024,C_tiny2,123,0.0194223914244282,0.09467621186350109,0.015544582042733953,0.03810469847987054,0.0,0.0,0.007727984291988396,-1.697886240934972e-16
rand_n50_m50_d3_s1024,C_tiny2,456,0.019672663355142773,0.09467621186350109,0.015544582042733953,0.03858623274338181,0.0,0.0,0.008224725437861222,-8.515002782652126e-16
rand_n50_m50_d3_s123,C_small,42,0.04794155057041976,0.0031080250942863096,0.0004045334595743482,0.09149661170381883,0.08556493528046384,0.08583170236530052,0.09076127419778862,0.00023890357529949885
rand_n50_m50_d3_s123,C_small,123,0.04855597856107051,0.0031080250942863096,0.0004045334595743482,0.09261494770685243,0.08668674709985873,0.08695701167426649,0.09188051537566028,2.1232241607817062e-05
rand_n50_m50_d3_s123,C_small,456,0.04918165838785693,0.0031080250942863096,0.0004045334595743482,0.0937524174096373,0.08782775208702384,0.08810157398983035,0.0930189057399916,3.696422258553782e-06
rand_n50_m50_d3_s123,C_medium,42,0.19176620228167904,0.0031080250942863096,0.0004045334595743482,0.32181849412164193,0.3166026638886048,0.317589740772614,0.32126957784505694,0.0020521379220308396
rand_n50_m50_d3_s123,C_medium,123,0.19422391424428204,0.0031080250942863096,0.0004045334595743482,0.3252721904621866,0.3200670944040439,0.32106497239514437,0.32472606958789324,0.00012395052458478086
rand_n50_m50_d3_s123,C_medium,456,0.19672663355142772,0.0031080250942863096,0.0004045334595743482,0.3287745555852103,0.3235803449657593,0.32458917627094314,0.328231269505446,0.0001792863454183549
rand_n50_m50_d3_s123,C_large,42,0.47941550570419755,0.0031080250942863096,0.0004045334595743482,0.6481147505291248,0.6439130572491739,0.6459205946663131,0.6478299365976765,0.013204157709584217
rand_n50_m50_d3_s123,C_large,123,0.48555978561070495,0.0031080250942863096,0.0004045334595743482,0.6537061521372486,0.6495218370738078,0.651546861068111,0.6534258638546495,0.004304368404391805
rand_n50_m50_d3_s123,C_large,456,0.49181658387856936,0.0031080250942863096,0.0004045334595743482,0.659352616391885,0.6551858506810417,0.6572285334557031,0.65907689832553,0.013832066397282806
rand_n50_m50_d3_s123,C_tiny05,42,0.004794155057041976,0.0031080250942863096,0.0004045334595743482,0.009542561594160174,0.0033561699264859773,0.003366633507911832,0.008740890943319427,-3.3101204851808057e-16
rand_n50_m50_d3_s123,C_tiny05,123,0.00485559785610705,0.0031080250942863096,0.0004045334595743482,0.00966426990398746,0.0034782565087943897,0.0034891007213929707,0.008862697763164576,-6.606059129759351e-16
rand_n50_m50_d3_s123,C_tiny05,456,0.004918165838785693,0.0031080250942863096,0.0004045334595743482,0.00978819172739423,0.0036025634843380385,0.003613795250662711,0.00898671988819459,0.0
rand_n50_m50_d3_s123,C_tiny1,42,0.009588310114083952,0.0031080250942863096,0.0004045334595743482,0.018994495118511166,0.012837480297420175,0.012877503902701542,0.0182004748092261,1.8602360822344523e-05
rand_n50_m50_d3_s123,C_tiny1,123,0.0097111957122141,0.0031080250942863096,0.0004045334595743482,0.019235590837168387,0.01307932534762111,0.013120102956850623,0.01844176566939491,0.0
rand_n50_m50_d3_s123,C_tiny1,456,0.009836331677571386,0.0031080250942863096,0.0004045334595743482,0.019481041370795142,0.013325538747665781,0.013367083980113409,0.018687414869295864,-1.6543217567485646e-16
rand_n50_m50_d3_s123,C_tiny2,42,0.019176620228167903,0.0031080250942863096,0.0004045334595743482,0.03763159367583362,0.03153250342474347,0.03163081278463079,0.03685265812875124,5.800551471163907e-05
rand_n50_m50_d3_s123,C_tiny2,123,0.0194223914244282,0.0031080250942863096,0.0004045334595743482,0.03810469847987054,0.032007078650383575,0.03210686760058513,0.03732614586114173,3.2088850726767136e-06
rand_n50_m50_d3_s123,C_tiny2,456,0.019672663355142773,0.0031080250942863096,0.0004045334595743482,0.03858623274338181,0.03249010953446959,0.03259140443731882,0.037808069875763406,-3.3093785647093223e-16
rand_n50_m50_d3_s42,C_small,42,0.04794155057041976,0.005618056513925616,0.0011820921537588668,0.09149661170381883,0.08077453181135234,0.08123089155076112,0.0893462002653936,0.00017652298795230815
rand_n50_m50_d3_s42,C_small,123,0.04855597856107051,0.005618056513925616,0.0011820921537588668,0.09261494770685243,0.08189915068925256,0.08236186429746802,0.0904671833499504,3.168342986178281e-05
rand_n50_m50_d3_s42,C_small,456,0.04918165838785693,0.005618056513925616,0.0011820921537588668,0.0937524174096373,0.08304301076111056,0.08351218694698022,0.09160734542338707,8.808623898132881e-05
rand_n50_m50_d3_s42,C_medium,42,0.19176620228167904,0.005618056513925616,0.0011820921537588668,0.32181849412164193,0.3123903755809926,0.31415531791116774,0.3202132505019078,0.0013329686761152067
rand_n50_m50_d3_s42,C_medium,123,0.19422391424428204,0.005618056513925616,0.0011820921537588668,0.3252721904621866,0.3158634749827603,0.3176480396208881,0.3236751216805557,0.0005966350494627865
rand_n50_m50_d3_s42,C_medium,456,0.19672663355142772,0.005618056513925616,0.0011820921537588668,0.3287745555852103,0.3193855165909775,0.3211899800506085,0.32718577683982925,0.0009738927428352748
rand_n50_m50_d3_s42,C_large,42,0.4794155057041975,0.005618056513925616,0.0011820921537588668,0.6481147505291248,0.640519782797255,0.644138589797538,0.6472818443724462,0.011864765936819543
rand_n50_m50_d3_s42,C_large,123,0.485559785610705,0.005618056513925616,0.0011820921537588668,0.6537061521372487,0.6461425972156053,0.6497931719781416,0.6528864807292015,0.012458285064585331
rand_n50_m50_d3_s42,C_large,456,0.4918165838785693,0.005618056513925616,0.0011820921537588668,0.659352616391885,0.6518207836255281,0.6555034389908513,0.6585463100647789,0.006572430310903639
rand_n50_m50_d3_s42,C_tiny05,42,0.004794155057041976,0.005618056513925616,0.0011820921537588668,0.009542561594160174,0.0,0.0,0.007198166369816869,-3.9810875543499723e-16
rand_n50_m50_d3_s42,C_tiny05,123,0.00485559785610705,0.005618056513925616,0.0011820921537588668,0.00966426990398746,0.0,0.0,0.007320162761059123,3.751155395339081e-07
rand_n50_m50_d3_s42,C_tiny05,456,0.004918165838785693,0.005618056513925616,0.0011820921537588668,0.00978819172739423,0.0,0.0,0.007444377905228324,0.0
rand_n50_m50_d3_s42,C_tiny1,42,0.009588310114083952,0.005618056513925616,0.0011820921537588668,0.018994495118511166,0.007865094237689212,0.007909530426624603,0.016672472453508686,0.0
rand_n50_m50_d3_s42,C_tiny1,123,0.0097111957122141,0.005618056513925616,0.0011820921537588668,0.019235590837168387,0.008107544445719116,0.008153350429208249,0.01691413884146427,3.850131733912036e-06
rand_n50_m50_d3_s42,C_tiny1,456,0.009836331677571386,0.005618056513925616,0.0011820921537588668,0.019481041370795142,0.008354373934315158,0.008401574454405968,0.01716017035215933,0.0
rand_n50_m50_d3_s42,C_tiny2,42,0.019176620228167903,0.005618056513925616,0.0011820921537588668,0.03763159367583362,0.026606897067962303,0.026757220645705463,0.03535368469321585,0.0
rand_n50_m50_d3_s42,C_tiny2,123,0.0194223914244282,0.005618056513925616,0.0011820921537588668,0.03810469847987054,0.027082659801525317,0.027235671342321185,0.03582790932794936,1.0802925972982514e-05
rand_n50_m50_d3_s42,C_tiny2,456,0.019672663355142773,0.005618056513925616,0.0011820921537588668,0.03858623274338181,0.02756689935174238,0.02772264674788761,0.036310583374538595,5.675910105479568e-06
rand_n50_m50_d3_s456,C_small,42,0.04794155057041976,0.02140749321362729,0.003153285930420689,0.09149661170381883,0.050640338370683644,0.05174813624619186,0.08574894576557525,0.0009860634133910902
rand_n50_m50_d3_s456,C_small,123,0.04855597856107051,0.02140749321362729,0.003153285930420689,0.09261494770685243,0.05178261514411274,0.05291540123698996,0.08687435694503082,3.4709339611429183e-16
rand_n50_m50_d3_s456,C_small,456,0.04918165838785693,0.02140749321362729,0.003153285930420689,0.0937524174096373,0.05294443522184069,0.05410263705748821,0.0880190228739946,0.0
rand_n50_m50_d3_s456,C_medium,42,0.19176620228167904,0.02140749321362729,0.003153285930420689,0.32181849412164193,0.2858928349233162,0.2921469691834936,0.3175279644532892,0.0063284415966821704
rand_n50_m50_d3_s456,C_medium,123,0.19422391424428204,0.02140749321362729,0.003153285930420689,0.3252721904621866,0.289420466244833,0.29575177025958327,0.32100351067691985,0.00023782543109464064
rand_n50_m50_d3_s456,C_medium,456,0.19672663355142772,0.02140749321362729,0.003153285930420689,0.3287745555852103,0.2929978082254594,0.2994073694551812,0.3245280335871134,-1.710463929008935e-16
rand_n50_m50_d3_s456,C_large,42,0.47941550570419755,0.02140749321362729,0.003153285930420689,0.6481147505291248,0.6191742762254744,0.6327192083851102,0.6458885410415112,0.03126136605833059
rand_n50_m50_d3_s456,C_large,123,0.485559785610705,0.02140749321362729,0.003153285930420689,0.6537061521372487,0.6248853757255787,0.6385552427513034,0.6515153167703968,0.0012896062269457458
rand_n50_m50_d3_s456,C_large,456,0.4918165838785693,0.02140749321362729,0.003153285930420689,0.659352616391885,0.6306527166254271,0.6444487488428102,0.6571975035007949,0.0036693196853843472
rand_n50_m50_d3_s456,C_tiny05,42,0.004794155057041976,0.02140749321362729,0.003153285930420689,0.009542561594160174,0.0,0.0,0.0032764116212012345,1.740003792831586e-16
rand_n50_m50_d3_s456,C_tiny05,123,0.0048555978561070495,0.02140749321362729,0.003153285930420689,0.009664269903987457,0.0,0.0,0.0033988899212297734,-1.7387712810615217e-16
rand_n50_m50_d3_s456,C_tiny05,456,0.004918165838785693,0.02140749321362729,0.003153285930420689,0.00978819172739423,0.0,0.0,0.0035235957386783707,1.7384106077125938e-16
rand_n50_m50_d3_s456,C_tiny1,42,0.009588310114083952,0.02140749321362729,0.003153285930420689,0.018994495118511166,0.0,0.0,0.012788143003290916,4.224711369038848e-06
rand_n50_m50_d3_s456,C_tiny1,123,0.009711195712214099,0.02140749321362729,0.003153285930420689,0.019235590837168384,0.0,0.0,0.013030764019121307,0.0
rand_n50_m50_d3_s456,C_tiny1,456,0.009836331677571386,0.02140749321362729,0.003153285930420689,0.019481041370795142,0.0,0.0,0.01327776740075042,-1.7376826232116524e-16
rand_n50_m50_d3_s456,C_tiny2,42,0.019176620228167903,0.02140749321362729,0.003153285930420689,0.03763159367583362,0.0,0.0,0.03154314955957693,0.00021898039150321474
rand_n50_m50_d3_s456,C_tiny2,123,0.019422391424428198,0.02140749321362729,0.003153285930420689,0.03810469847987053,0.0,0.0,0.03201924747118219,-1.7376684503774417e-16
rand_n50_m50_d3_s456,C_tiny2,456,0.019672663355142773,0.02140749321362729,0.003153285930420689,0.03858623274338181,0.0,0.0,0.03250382817141581,1.7362284818031266e-16
rand_n50_m50_d3_s789,C_small,42,0.04794155057041976,0.0002902980976190155,6.349729367653606e-05,0.09149661170381883,0.090942576800897,0.09096898492416283,0.091381229364447,4.4415039560243035e-05
rand_n50_m50_d3_s789,C_small,123,0.04855597856107051,0.0002902980976190155,6.349729367653606e-05,0.09261494770685243,0.09206123745474477,0.09208797041737053,0.09249970739911843,0.0004233996346127833
rand_n50_m50_d3_s789,C_small,456,0.04918165838785693,0.0002902980976190155,6.349729367653606e-05,0.0937524174096373,0.09319903736282048,0.09322610072250866,0.09363732156357177,0.0005614764820945291
rand_n50_m50_d3_s789,C_medium,42,0.19176620228167904,0.0002902980976190155,6.349729367653606e-05,0.32181849412164193,0.32133132122302605,0.3214246301816957,0.32173236327207655,0.0013665434891236253
rand_n50_m50_d3_s789,C_medium,123,0.19422391424428204,0.0002902980976190155,6.349729367653606e-05,0.3252721904621866,0.3247860201650481,0.32488033230747076,0.32518649824121454,0.0032364436190976437
rand_n50_m50_d3_s789,C_medium,456,0.19672663355142772,0.0002902980976190155,6.349729367653606e-05,0.3287745555852103,0.32828940201800416,0.3283847314808402,0.328689308173896,0.005452022372356216
rand_n50_m50_d3_s789,C_large,42,0.47941550570419755,0.0002902980976190155,6.349729367653606e-05,0.6481147505291248,0.6477223008130044,0.6479103879660585,0.6480700601693558,0.015369405986589299
rand_n50_m50_d3_s789,C_large,123,0.485559785610705,0.0002902980976190155,6.349729367653606e-05,0.6537061521372487,0.653315325594378,0.6535050368633638,0.6536621719003104,0.013241960049949358
rand_n50_m50_d3_s789,C_large,456,0.4918165838785693,0.0002902980976190155,6.349729367653606e-05,0.659352616391885,0.6589634290068456,0.6591547803856281,0.6593093532708796,0.019543731989625644
rand_n50_m50_d3_s789,C_tiny05,42,0.004794155057041976,0.0002902980976190155,6.349729367653606e-05,0.009542561594160174,0.008964735586399339,0.00896733878779014,0.009416770873108686,4.10079726949722e-06
rand_n50_m50_d3_s789,C_tiny05,123,0.00485559785610705,0.0002902980976190155,6.349729367653606e-05,0.00966426990398746,0.009086479227917433,0.009089117781518441,0.009538494640214052,0.0
rand_n50_m50_d3_s789,C_tiny05,456,0.004918165838785693,0.0002902980976190155,6.349729367653606e-05,0.00978819172739423,0.009210437025593793,0.00921311157435698,0.009662432202020996,7.2908605015985445e-06
rand_n50_m50_d3_s789,C_tiny1,42,0.009588310114083952,0.0002902980976190155,6.349729367653606e-05,0.018994495118511166,0.018419412989071272,0.018424761662330934,0.018869904818080752,8.55430865653138e-06
rand_n50_m50_d3_s789,C_tiny1,123,0.0097111957122141,0.0002902980976190155,6.349729367653606e-05,0.019235590837168387,0.018660578697356968,0.018665997400892607,0.019111031156533554,0.0
rand_n50_m50_d3_s789,C_tiny1,456,0.009836331677571386,0.0002902980976190155,6.349729367653606e-05,0.019481041370795142,0.018906100484806693,0.018911590483547017,0.019356512863028936,1.4930934649484018e-05
rand_n50_m50_d3_s789,C_tiny2,42,0.019176620228167903,0.0002902980976190155,6.349729367653606e-05,0.03763159367583362,0.03706192186065006,0.03707268399028608,0.03750937033633957,1.748063405469461e-05
rand_n50_m50_d3_s789,C_tiny2,123,0.0194223914244282,0.0002902980976190155,6.349729367653606e-05,0.03810469847987054,0.037535164006111565,0.037546063556935225,0.03798253522594112,2.184749932293255e-05
rand_n50_m50_d3_s789,C_tiny2,456,0.019672663355142773,0.0002902980976190155,6.349729367653606e-05,0.03858623274338181,0.038016838058103464,0.038027877478591994,0.03846413064558073,0.00012263656594457476
rand_n50_m50_d5_s1024,C_small,42,0.04794155057041976,0.056670663233606956,0.014387803101473473,0.09149661170381883,0.0,0.0,0.06497224865522983,0.0
rand_n50_m50_d5_s1024,C_small,123,0.04855597856107051,0.056670663233606956,0.014387803101473473,0.09261494770685243,0.0,0.0,0.06612323522460901,0.0
rand_n50_m50_d5_s1024,C_small,456,0.04918165838785693,0.056670663233606956,0.014387803101473473,0.0937524174096373,0.0,0.0,0.06729391411487973,1.6278221707484083e-16
rand_n50_m50_d5_s1024,C_medium,42,0.19176620228167904,0.056670663233606956,0.014387803101473473,0.32181849412164193,0.22671483515714214,0.24033476572910398,0.3020185322211234,1.6501528041055953e-16
rand_n50_m50_d5_s1024,C_medium,123,0.19422391424428204,0.056670663233606956,0.014387803101473473,0.3252721904621866,0.23036425475991293,0.24420342480768253,0.3055730615324377,0.0017308158774422453
rand_n50_m50_d5_s1024,C_medium,456,0.19672663355142772,0.056670663233606956,0.014387803101473473,0.3287745555852103,0.23406510123734464,0.24812660023877608,0.3091776805438327,0.0025316733585658536
rand_n50_m50_d5_s1024,C_large,42,0.47941550570419755,0.056670663233606956,0.014387803101473473,0.6481147505291248,0.5715025168258802,0.6058356234153752,0.6378412257094619,0.0030046610581414826
rand_n50_m50_d5_s1024,C_large,123,0.485559785610705,0.056670663233606956,0.014387803101473473,0.6537061521372487,0.5774107868715418,0.6120988337443515,0.6435958720210341,0.008594003576834047
rand_n50_m50_d5_s1024,C_large,456,0.4918165838785693,0.056670663233606956,0.014387803101473473,0.659352616391885,0.5833772400004132,0.6184237225147183,0.6494071885698504,0.012123073309528203
rand_n50_m50_d5_s1024,C_tiny05,42,0.004794155057041976,0.056670663233606956,0.014387803101473473,0.009542561594160174,0.0,0.0,0.0,3.251349314596576e-16
rand_n50_m50_d5_s1024,C_tiny05,123,0.00485559785610705,0.056670663233606956,0.014387803101473473,0.00966426990398746,0.0,0.0,0.0,3.24952961551572e-16
rand_n50_m50_d5_s1024,C_tiny05,456,0.004918165838785693,0.056670663233606956,0.014387803101473473,0.00978819172739423,0.0,0.0,0.0,0.0
rand_n50_m50_d5_s1024,C_tiny1,42,0.009588310114083952,0.056670663233606956,0.014387803101473473,0.018994495118511166,0.0,0.0,0.0,3.2525864539309046e-16
rand_n50_m50_d5_s1024,C_tiny1,123,0.0097111957122141,0.056670663233606956,0.014387803101473473,0.019235590837168387,0.0,0.0,0.0,0.0
rand_n50_m50_d5_s1024,C_tiny1,456,0.009836331677571386,0.056670663233606956,0.014387803101473473,0.019481041370795142,0.0,0.0,0.0,3.251217857019064e-16
rand_n50_m50_d5_s1024,C_tiny2,42,0.019176620228167903,0.056670663233606956,0.014387803101473473,0.03763159367583362,0.0,0.0,0.009534605459084768,0.0
rand_n50_m50_d5_s1024,C_tiny2,123,0.0194223914244282,0.056670663233606956,0.014387803101473473,0.03810469847987054,0.0,0.0,0.010021522873777817,3.2477803704426444e-16
rand_n50_m50_d5_s1024,C_tiny2,456,0.019672663355142773,0.056670663233606956,0.014387803101473473,0.03858623274338181,0.0,0.0,0.010517115851643093,-1.6261616746525474e-16
rand_n50_m50_d5_s123,C_small,42,0.04794155057041976,0.0022126035449007457,0.0005244906522422372,0.09149661170381883,0.0872738503414196,0.08746738097863613,0.09054310853093428,9.170111241165367e-05
rand_n50_m50_d5_s123,C_small,123,0.04855597856107051,0.0022126035449007457,0.0005244906522422372,0.09261494770685243,0.0883946607786579,0.0885906768242444,0.09166261826313717,1.6429888065574512e-16
rand_n50_m50_d5_s123,C_small,456,0.04918165838785693,0.0022126035449007457,0.0005244906522422372,0.0937524174096373,0.08953464725093939,0.0897331912279456,0.09280128177651718,1.1879790233842934e-05
rand_n50_m50_d5_s123,C_medium,42,0.19176620228167904,0.0022126035449007457,0.0005244906522422372,0.32181849412164193,0.3181053437727486,0.31881074555852384,0.32110672108262295,0.004032925496385519
rand_n50_m50_d5_s123,C_medium,123,0.19422391424428204,0.0022126035449007457,0.0005244906522422372,0.3252721904621866,0.3215666817740593,0.32227975911151924,0.324564042187215,0.0013323073658489484
rand_n50_m50_d5_s123,C_medium,456,0.19672663355142772,0.0022126035449007457,0.0005244906522422372,0.3287745555852103,0.32507679624256974,0.3257976572940189,0.32807008315371977,0.0007002827404007098
rand_n50_m50_d5_s123,C_large,42,0.47941550570419755,0.0022126035449007457,0.0005244906522422372,0.6481147505291248,0.6451235644338466,0.6465541323991632,0.6477454357789718,0.027401736386891005
rand_n50_m50_d5_s123,C_large,123,0.48555978561070495,0.0022126035449007457,0.0005244906522422372,0.6537061521372486,0.6507273375969893,0.6521703319854194,0.653342705740745,0.007311045674907074
rand_n50_m50_d5_s123,C_large,456,0.49181658387856936,0.0022126035449007457,0.0005244906522422372,0.659352616391885,0.6563862952384517,0.6578418384221286,0.658995096139028,0.011208022425012633
rand_n50_m50_d5_s123,C_tiny05,42,0.004794155057041976,0.0022126035449007457,0.0005244906522422372,0.009542561594160174,0.005138468409969355,0.0051498630151323894,0.00850304504167023,1.6642194475430747e-16
rand_n50_m50_d5_s123,C_tiny05,123,0.00485559785610705,0.0022126035449007457,0.0005244906522422372,0.00966426990398746,0.005260446012034408,0.0052721111037516795,0.008624881088235852,1.660672275761496e-16
rand_n50_m50_d5_s123,C_tiny05,456,0.004918165838785693,0.0022126035449007457,0.0005244906522422372,0.00978819172739423,0.00538464202530694,0.0053965825229275195,0.008748932971533792,3.325870211770405e-16
rand_n50_m50_d5_s123,C_tiny1,42,0.009588310114083952,0.0022126035449007457,0.0005244906522422372,0.018994495118511166,0.01461131531594249,0.014643716053994076,0.01796489867058161,0.0
rand_n50_m50_d5_s123,C_tiny1,123,0.0097111957122141,0.0022126035449007457,0.0005244906522422372,0.019235590837168387,0.014852944483841474,0.014885881036992897,0.018206247426856163,1.6586886705775107e-16
rand_n50_m50_d5_s123,C_tiny1,456,0.009836331677571386,0.0022126035449007457,0.0005244906522422372,0.019481041370795142,0.015098938102189029,0.015132420148652867,0.018451955568616923,6.652838685773528e-16
rand_n50_m50_d5_s123,C_tiny2,42,0.019176620228167903,0.0022126035449007457,0.0005244906522422372,0.03763159367583362,0.03328965038359954,0.03336347051673506,0.03662155745501681,-3.3378269684928267e-16
rand_n50_m50_d5_s123,C_tiny2,123,0.0194223914244282,0.0022126035449007457,0.0005244906522422372,0.03810469847987054,0.03376380198100298,0.03383867355005457,0.03709515879757804,9.928413854050066e-16
rand_n50_m50_d5_s123,C_tiny2,456,0.019672663355142773,0.0022126035449007457,0.0005244906522422372,0.03858623274338181,0.034246401688932684,0.03432234342767005,0.03757719844659917,8.318795373245324e-16
rand_n50_m50_d5_s42,C_small,42,0.04794155057041976,0.020849740480453953,0.004513111677044502,0.09149661170381883,0.05170481135177641,0.05280579854735183,0.08325908030396012,4.239721160902074e-05
rand_n50_m50_d5_s42,C_small,123,0.04855597856107051,0.020849740480453953,0.004513111677044502,0.09261494770685243,0.05284646437024321,0.053971761592724446,0.084387556421009,2.0157660622063865e-16
rand_n50_m50_d5_s42,C_small,456,0.04918165838785693,0.020849740480453953,0.004513111677044502,0.0937524174096373,0.05400765002113553,0.0551576731927092,0.08553533972582748,1.3969029323850576e-05
rand_n50_m50_d5_s42,C_medium,42,0.19176620228167904,0.020849740480453953,0.004513111677044502,0.32181849412164193,0.28682884524498076,0.2929364951460292,0.3156693244856833,0.004290359603178858
rand_n50_m50_d5_s42,C_medium,123,0.19422391424428204,0.020849740480453953,0.004513111677044502,0.3252721904621866,0.29035455025792406,0.2965372754947709,0.31915433598962445,0.0017282785978839825
rand_n50_m50_d5_s42,C_medium,456,0.19672663355142772,0.020849740480453953,0.004513111677044502,0.3287745555852103,0.2939299387848306,0.3001887973037534,0.3226884575629227,0.0008807904772531693
rand_n50_m50_d5_s42,C_large,42,0.4794155057041975,0.020849740480453953,0.004513111677044502,0.6481147505291248,0.6199282939183033,0.6331288664749908,0.644924156163704,0.020924751255321884
rand_n50_m50_d5_s42,C_large,123,0.485559785610705,0.020849740480453953,0.004513111677044502,0.6537061521372487,0.6256362747988785,0.6389583914381727,0.6505662558175473,0.01666204362858296
rand_n50_m50_d5_s42,C_large,456,0.4918165838785693,0.020849740480453953,0.004513111677044502,0.659352616391885,0.6314004663678562,0.6448453240237864,0.6562639173788696,0.024733493733453186
rand_n50_m50_d5_s42,C_tiny05,42,0.004794155057041976,0.020849740480453953,0.004513111677044502,0.009542561594160174,0.0,0.0,0.0005619409886684596,0.0
rand_n50_m50_d5_s42,C_tiny05,123,0.00485559785610705,0.020849740480453953,0.004513111677044502,0.00966426990398746,0.0,0.0,0.0006847528453143279,2.008363149868851e-16
rand_n50_m50_d5_s42,C_tiny05,456,0.004918165838785693,0.020849740480453953,0.004513111677044502,0.00978819172739423,0.0,0.0,0.0008097982857869155,-2.0100428043869177e-16
rand_n50_m50_d5_s42,C_tiny1,42,0.009588310114083952,0.020849740480453953,0.004513111677044502,0.018994495118511166,0.0,0.0,0.010099576559042898,-6.021942347943862e-16
rand_n50_m50_d5_s42,C_tiny1,123,0.0097111957122141,0.020849740480453953,0.004513111677044502,0.019235590837168387,0.0,0.0,0.010342858327392832,0.0
rand_n50_m50_d5_s42,C_tiny1,456,0.009836331677571386,0.020849740480453953,0.004513111677044502,0.019481041370795142,0.0,0.0,0.010590534396448413,2.0125478781560414e-16
rand_n50_m50_d5_s42,C_tiny2,42,0.019176620228167903,0.020849740480453953,0.004513111677044502,0.03763159367583362,0.0,0.0,0.0289056603799824,2.0070843254522973e-16
rand_n50_m50_d5_s42,C_tiny2,123,0.0194223914244282,0.020849740480453953,0.004513111677044502,0.03810469847987054,0.0,0.0,0.029383054893588795,2.0108247383013072e-16
rand_n50_m50_d5_s42,C_tiny2,456,0.019672663355142773,0.020849740480453953,0.004513111677044502,0.03858623274338181,0.0,0.0,0.029868955297795718,0.0
rand_n50_m50_d5_s456,C_small,42,0.04794155057041976,0.006793618339241499,0.0008011946269143902,0.09149661170381883,0.07853096808458536,0.07906812676059562,0.0900396683421529,0.00016961894291012047
rand_n50_m50_d5_s456,C_small,123,0.04855597856107051,0.006793618339241499,0.0008011946269143902,0.09261494770685243,0.0796569016355986,0.0802017617953711,0.09115979779167963,0.0001048098984751928
rand_n50_m50_d5_s456,C_small,456,0.04918165838785693,0.006793618339241499,0.0008011946269143902,0.0937524174096373,0.08080209887341665,0.08135479228225052,0.09229909162517651,6.744906287024251e-05
rand_n50_m50_d5_s456,C_medium,42,0.19176620228167904,0.006793618339241499,0.0008011946269143902,0.32181849412164193,0.3104175694667308,0.31254085273563786,0.32073091199952447,0.0038052037041363283
rand_n50_m50_d5_s456,C_medium,123,0.19422391424428204,0.006793618339241499,0.0008011946269143902,0.3252721904621866,0.31389472890207276,0.31604179624500967,0.3241901469434705,0.000997486765938003
rand_n50_m50_d5_s456,C_medium,456,0.19672663355142772,0.006793618339241499,0.0008011946269143902,0.3287745555852103,0.3174208877570269,0.31959207433430065,0.32769812871876197,0.0013095031757117152
rand_n50_m50_d5_s456,C_large,42,0.47941550570419755,0.006793618339241499,0.0008011946269143902,0.6481147505291248,0.6389305581057695,0.6433008988901199,0.6475504412652417,0.027051487680427026
rand_n50_m50_d5_s456,C_large,123,0.485559785610705,0.006793618339241499,0.0008011946269143902,0.6537061521372487,0.6445599455624003,0.6489687918482963,0.653150809659357,0.016691463724658257
rand_n50_m50_d5_s456,C_large,456,0.4918165838785693,0.006793618339241499,0.0008011946269143902,0.659352616391885,0.6502447697401488,0.6546925007196013,0.6588063290025253,0.00625318204144318
rand_n50_m50_d5_s456,C_tiny05,42,0.004794155057041976,0.006793618339241499,0.0008011946269143902,0.009542561594160174,0.0,0.0,0.007954190644213231,0.0
rand_n50_m50_d5_s456,C_tiny05,123,0.0048555978561070495,0.006793618339241499,0.0008011946269143902,0.009664269903987457,0.0,0.0,0.008076094134505824,-5.089411406755304e-16
rand_n50_m50_d5_s456,C_tiny05,456,0.004918165838785693,0.006793618339241499,0.0008011946269143902,0.00978819172739423,0.0,0.0,0.008200214688132323,3.3911212677419774e-16
rand_n50_m50_d5_s456,C_tiny1,42,0.009588310114083952,0.006793618339241499,0.0008011946269143902,0.018994495118511166,0.005536299790409918,0.005574168564193647,0.017421281989636345,6.2267435977459875e-06
rand_n50_m50_d5_s456,C_tiny1,123,0.009711195712214099,0.006793618339241499,0.0008011946269143902,0.019235590837168384,0.005779033421362919,0.005818562514368557,0.017662764347255343,1.0367361619388414e-05
rand_n50_m50_d5_s456,C_tiny1,456,0.009836331677571386,0.006793618339241499,0.0008011946269143902,0.019481041370795142,0.0060261514522363,0.006067370854141979,0.017908608503547897,2.9681493957626512e-06
rand_n50_m50_d5_s456,C_tiny2,42,0.019176620228167903,0.006793618339241499,0.0008011946269143902,0.03763159367583362,0.02430001168228165,0.02446622588313333,0.03608826837938035,3.5875888666116725e-05
rand_n50_m50_d5_s456,C_tiny2,123,0.019422391424428198,0.006793618339241499,0.0008011946269143902,0.03810469847987053,0.024776330579791655,0.024945802843476195,0.0365621318893423,3.39679791456855e-05
rand_n50_m50_d5_s456,C_tiny2,456,0.019672663355142773,0.006793618339241499,0.0008011946269143902,0.03858623274338181,0.025261136203306493,0.025433924579770506,0.037044438376884516,1.9132997593427908e-05
rand_n50_m50_d5_s789,C_small,42,0.04794155057041976,0.003456044812339496,0.001048565330411657,0.09149661170381883,0.08490073846936545,0.0851951768182445,0.08958936151633802,1.3896088870317682e-16
rand_n50_m50_d5_s789,C_small,123,0.04855597856107051,0.003456044812339496,0.001048565330411657,0.09261494770685243,0.0860229394917408,0.08632126966797135,0.09071004527787085,0.0
rand_n50_m50_d5_s789,C_small,456,0.04918165838785693,0.003456044812339496,0.001048565330411657,0.0937524174096373,0.0871643403407912,0.08746662892995738,0.09184990290714211,9.934547752568506e-05
rand_n50_m50_d5_s789,C_medium,42,0.19176620228167904,0.003456044812339496,0.001048565330411657,0.32181849412164193,0.316018623634087,0.31711458585344293,0.320394766020134,0.0010050473862308167
rand_n50_m50_d5_s789,C_medium,123,0.19422391424428204,0.003456044812339496,0.001048565330411657,0.3252721904621866,0.3194842561039527,0.3205922372423504,0.3238557128157433,0.0006496427179418931
rand_n50_m50_d5_s789,C_medium,456,0.19672663355142772,0.003456044812339496,0.001048565330411657,0.3287745555852103,0.3229987255577908,0.32411889498337926,0.3273654305657617,0.001607167993123052
rand_n50_m50_d5_s789,C_large,42,0.47941550570419755,0.003456044812339496,0.001048565330411657,0.6481147505291248,0.6434425745258128,0.645674052987101,0.6473760265830495,0.00928322962688052
rand_n50_m50_d5_s789,C_large,123,0.485559785610705,0.003456044812339496,0.001048565330411657,0.6537061521372487,0.649053300268458,0.6513042368976428,0.6529791663992006,0.006836951689023796
rand_n50_m50_d5_s789,C_large,456,0.4918165838785693,0.003456044812339496,0.001048565330411657,0.659352616391885,0.6547192789565897,0.6569898653725701,0.6586374844566372,0.021715380433995908
rand_n50_m50_d5_s789,C_tiny05,42,0.004794155057041976,0.003456044812339496,0.001048565330411657,0.009542561594160174,0.0026634514899751094,0.0026726884209272543,0.0074632626510554665,-1.3830027965808727e-16
rand_n50_m50_d5_s789,C_tiny05,123,0.00485559785610705,0.003456044812339496,0.001048565330411657,0.00966426990398746,0.0027855804291751917,0.0027952409070111065,0.007585226467025851,-1.38198194177674e-16
rand_n50_m50_d5_s789,C_tiny05,456,0.004918165838785693,0.003456044812339496,0.001048565330411657,0.00978819172739423,0.0029099305319568846,0.0029200222597395727,0.007709408443475495,-4.1486497826387614e-16
rand_n50_m50_d5_s789,C_tiny1,42,0.009588310114083952,0.003456044812339496,0.001048565330411657,0.018994495118511166,0.01214805132014951,0.012190181132413668,0.016935038921419964,0.0
rand_n50_m50_d5_s789,C_tiny1,123,0.0097111957122141,0.003456044812339496,0.001048565330411657,0.019235590837168387,0.012389980276414475,0.01243294910567322,0.017176640780021776,-8.290148065157116e-16
rand_n50_m50_d5_s789,C_tiny1,456,0.009836331677571386,0.003456044812339496,0.001048565330411657,0.019481041370795142,0.012636279098084659,0.012680102099164411,0.01742260659579531,0.0
rand_n50_m50_d5_s789,C_tiny2,42,0.019176620228167903,0.003456044812339496,0.001048565330411657,0.03763159367583362,0.03084956052525806,0.030956547741487976,0.0356112629351529,0.0
rand_n50_m50_d5_s789,C_tiny2,123,0.0194223914244282,0.003456044812339496,0.001048565330411657,0.03810469847987054,0.03132430040069867,0.03143293402928719,0.03608536094321946,0.0
rand_n50_m50_d5_s789,C_tiny2,456,0.019672663355142773,0.003456044812339496,0.001048565330411657,0.03858623274338181,0.031807498868203304,0.03191780824380556,0.036567906106993946,-1.3847182996253278e-16
rand_n50_m50_d8_s1024,C_small,42,0.04794155057041976,0.024908484944144705,0.0040474690781313934,0.09149661170381883,0.04395868379059424,0.04508159809807821,0.08411244577755168,2.3249605997218705e-05
rand_n50_m50_d8_s1024,C_small,123,0.04855597856107051,0.024908484944144705,0.0040474690781313934,0.09261494770685243,0.0451048758491219,0.04625706936495924,0.08523987143144857,1.0954339179893102e-05
rand_n50_m50_d8_s1024,C_small,456,0.04918165838785693,0.024908484944144705,0.0040474690781313934,0.0937524174096373,0.04627067819887301,0.04745265186337154,0.08638658630065732,-8.876800294324768e-16
rand_n50_m50_d8_s1024,C_medium,42,0.19176620228167904,0.024908484944144705,0.0040474690781313934,0.32181849412164193,0.28001753534892876,0.2871705178696881,0.3163063465258875,0.0014523818773693532
rand_n50_m50_d8_s1024,C_medium,123,0.19422391424428204,0.024908484944144705,0.0040474690781313934,0.3252721904621866,0.2835572580327735,0.29080066194251597,0.31978811394152784,0.0003774679399887333
rand_n50_m50_d8_s1024,C_medium,456,0.19672663355142772,0.024908484944144705,0.0040474690781313934,0.3287745555852103,0.28714686176473286,0.294481961263179,0.32331894571149633,0.0014110447706523212
rand_n50_m50_d8_s1024,C_large,42,0.47941550570419755,0.024908484944144705,0.0040474690781313934,0.6481147505291248,0.6144413371464682,0.6301370975536298,0.6452546851704564,0.010519754122517641
rand_n50_m50_d8_s1024,C_large,123,0.485559785610705,0.024908484944144705,0.0040474690781313934,0.6537061521372487,0.6201720120973646,0.636014161257305,0.6508915327700499,0.012866942869292658
rand_n50_m50_d8_s1024,C_large,456,0.4918165838785693,0.024908484944144705,0.0040474690781313934,0.659352616391885,0.6259591212218752,0.6419491007323748,0.6565838905562791,0.017064832131522892
rand_n50_m50_d8_s1024,C_tiny05,42,0.004794155057041976,0.024908484944144705,0.0040474690781313934,0.009542561594160174,0.0,0.0,0.0014922866449269647,-1.772280698790367e-16
rand_n50_m50_d8_s1024,C_tiny05,123,0.00485559785610705,0.024908484944144705,0.0040474690781313934,0.00966426990398746,0.0,0.0,0.0016149841798534057,0.0
rand_n50_m50_d8_s1024,C_tiny05,456,0.004918165838785693,0.024908484944144705,0.0040474690781313934,0.00978819172739423,0.0,0.0,0.001739913219433182,1.7709838862830004e-16
rand_n50_m50_d8_s1024,C_tiny1,42,0.009588310114083952,0.024908484944144705,0.0040474690781313934,0.018994495118511166,0.0,0.0,0.011021043928404212,-3.902945224141658e-15
rand_n50_m50_d8_s1024,C_tiny1,123,0.0097111957122141,0.024908484944144705,0.0040474690781313934,0.019235590837168387,0.0,0.0,0.01126409923335865,-7.079525693424499e-16
rand_n50_m50_d8_s1024,C_tiny1,456,0.009836331677571386,0.024908484944144705,0.0040474690781313934,0.019481041370795142,0.0,0.0,0.011511544748501532,-7.085876248008387e-16
rand_n50_m50_d8_s1024,C_tiny2,42,0.019176620228167903,0.024908484944144705,0.0040474690781313934,0.03763159367583362,0.0,0.0,0.029809621753613118,1.7776474477604595e-16
rand_n50_m50_d8_s1024,C_tiny2,123,0.0194223914244282,0.024908484944144705,0.0040474690781313934,0.03810469847987054,0.0,0.0,0.030286571875585585,-7.077057204459101e-16
rand_n50_m50_d8_s1024,C_tiny2,456,0.019672663355142773,0.024908484944144705,0.0040474690781313934,0.03858623274338181,0.0,0.0,0.030772019970290835,-7.089760845539834e-16
rand_n50_m50_d8_s123,C_small,42,0.04794155057041976,0.08623048742537354,0.009681533927752456,0.09149661170381883,0.0,0.0,0.07373322209006633,1.1822468253601472e-06
rand_n50_m50_d8_s123,C_small,123,0.04855597856107051,0.08623048742537354,0.009681533927752456,0.09261494770685243,0.0,0.0,0.07487342420653095,-3.3371831620995357e-15
rand_n50_m50_d8_s123,C_small,456,0.04918165838785693,0.08623048742537354,0.009681533927752456,0.0937524174096373,0.0,0.0,0.07603313413182321,-2.7066837325214773e-15
rand_n50_m50_d8_s123,C_medium,42,0.19176620228167904,0.08623048742537354,0.009681533927752456,0.32181849412164193,0.17710808488150379,0.19382139855212072,0.308558441960085,0.003295186365777326
rand_n50_m50_d8_s123,C_medium,123,0.19422391424428204,0.08623048742537354,0.009681533927752456,0.3252721904621866,0.1808595951409128,0.19792693086391652,0.31207966623117445,0.0021762502912699064
rand_n50_m50_d8_s123,C_medium,456,0.19672663355142772,0.08623048742537354,0.009681533927752456,0.3287745555852103,0.18466397091563647,0.2020903174973844,0.3156505108745295,0.00015733764673238915
rand_n50_m50_d8_s123,C_large,42,0.47941550570419755,0.08623048742537354,0.009681533927752456,0.6481147505291248,0.5315410265240786,0.5817014238376313,0.6412345617855185,0.04409664897862347
rand_n50_m50_d8_s123,C_large,123,0.48555978561070495,0.08623048742537354,0.009681533927752456,0.6537061521372486,0.5376145774182619,0.5883481228252901,0.6469352885172814,0.016027650886237494
rand_n50_m50_d8_s123,C_large,456,0.49181658387856936,0.08623048742537354,0.009681533927752456,0.659352616391885,0.5437479390378056,0.5950602767493826,0.6526921545005051,0.004806346160418543
rand_n50_m50_d8_s123,C_tiny05,42,0.004794155057041976,0.08623048742537354,0.009681533927752456,0.009542561594160174,0.0,0.0,0.0,-2.3621025093893682e-15
rand_n50_m50_d8_s123,C_tiny05,123,0.00485559785610705,0.08623048742537354,0.009681533927752456,0.00966426990398746,0.0,0.0,0.0,-1.0102590342211552e-15
rand_n50_m50_d8_s123,C_tiny05,456,0.004918165838785693,0.08623048742537354,0.009681533927752456,0.00978819172739423,0.0,0.0,0.0,-1.6860869270186567e-15
rand_n50_m50_d8_s123,C_tiny1,42,0.009588310114083952,0.08623048742537354,0.009681533927752456,0.018994495118511166,0.0,0.0,0.0,-5.4046967522807486e-15
rand_n50_m50_d8_s123,C_tiny1,123,0.0097111957122141,0.08623048742537354,0.009681533927752456,0.019235590837168387,0.0,0.0,5.9327387084792276e-05,-3.5323375525948366e-15
rand_n50_m50_d8_s123,C_tiny1,456,0.009836331677571386,0.08623048742537354,0.009681533927752456,0.019481041370795142,0.0,0.0,0.0003095770590701748,2.2601863856156977e-14
rand_n50_m50_d8_s123,C_tiny2,42,0.019176620228167903,0.08623048742537354,0.009681533927752456,0.03763159367583362,0.0,0.0,0.018815015582974447,-1.692481983050336e-15
rand_n50_m50_d8_s123,C_tiny2,123,0.0194223914244282,0.08623048742537354,0.009681533927752456,0.03810469847987054,0.0,0.0,0.019297370704699238,-2.3501473266138542e-15
rand_n50_m50_d8_s123,C_tiny2,456,0.019672663355142773,0.08623048742537354,0.009681533927752456,0.03858623274338181,0.0,0.0,0.019788320101764564,-3.544687199934159e-15
rand_n50_m50_d8_s42,C_small,42,0.04794155057041976,0.016518816812020852,0.0025491641177790235,0.09149661170381883,0.0599703938474331,0.06097767285494732,0.0868529257094572,-6.092009000076321e-16
rand_n50_m50_d8_s42,C_small,123,0.04855597856107051,0.016518816812020852,0.0025491641177790235,0.09261494770685243,0.0611072034380351,0.06213357660789661,0.0879769779280836,-6.123201265301686e-16
rand_n50_m50_d8_s42,C_small,456,0.04918165838785693,0.016518816812020852,0.0025491641177790235,0.0937524174096373,0.06226346279446952,0.06330925681022276,0.08912026164564912,0.0007738852118684687
rand_n50_m50_d8_s42,C_medium,42,0.19176620228167904,0.016518816812020852,0.0025491641177790235,0.32181849412164193,0.294096921248716,0.2990366529386901,0.3183520657064562,-8.056443783801958e-16
rand_n50_m50_d8_s42,C_medium,123,0.19422391424428204,0.016518816812020852,0.0025491641177790235,0.3252721904621866,0.29760766856643445,0.30260636772096816,0.32182341512516427,-4.111312701345936e-16
rand_n50_m50_d8_s42,C_medium,456,0.19672663355142772,0.016518816812020852,0.0025491641177790235,0.3287745555852103,0.3011678886173342,0.30622638619387804,0.32534368208991854,0.007426345410103407
rand_n50_m50_d8_s42,C_large,42,0.4794155057041975,0.016518816812020852,0.0025491641177790235,0.6481147505291248,0.6257832057422422,0.6362940302668021,0.6463161390702784,0.004968425120553632
rand_n50_m50_d8_s42,C_large,123,0.485559785610705,0.016518816812020852,0.0025491641177790235,0.6537061521372487,0.6314669706892532,0.642073261272104,0.6519361203333282,0.0008506039920245761
rand_n50_m50_d8_s42,C_large,456,0.4918165838785693,0.016518816812020852,0.0025491641177790235,0.659352616391885,0.6372067078525475,0.6479094046182213,0.657611445687785,0.03165084613623289
rand_n50_m50_d8_s42,C_tiny05,42,0.004794155057041976,0.016518816812020852,0.0025491641177790235,0.009542561594160174,0.0,0.0,0.004479979116221126,-2.035690506882803e-16
rand_n50_m50_d8_s42,C_tiny05,123,0.00485559785610705,0.016518816812020852,0.0025491641177790235,0.00966426990398746,0.0,0.0,0.00460230952078248,-6.110191815929792e-16
rand_n50_m50_d8_s42,C_tiny05,456,0.004918165838785693,0.016518816812020852,0.0025491641177790235,0.00978819172739423,0.0,0.0,0.004726864752983499,-6.116387389161533e-16
rand_n50_m50_d8_s42,C_tiny1,42,0.009588310114083952,0.016518816812020852,0.0025491641177790235,0.018994495118511166,0.0,0.0,0.01398022485590571,-1.2210788460048973e-15
rand_n50_m50_d8_s42,C_tiny1,123,0.0097111957122141,0.016518816812020852,0.0025491641177790235,0.019235590837168387,0.0,0.0,0.014222552901075365,-6.111634579775408e-16
rand_n50_m50_d8_s42,C_tiny1,456,0.009836331677571386,0.016518816812020852,0.0025491641177790235,0.019481041370795142,0.0,0.0,0.01446925802023256,-6.124044167564377e-16
rand_n50_m50_d8_s42,C_tiny2,42,0.019176620228167903,0.016518816812020852,0.0025491641177790235,0.03763159367583362,0.0052155894540674135,0.005303191909743457,0.032712584294652604,-4.0680282741594224e-16
rand_n50_m50_d8_s42,C_tiny2,123,0.0194223914244282,0.016518816812020852,0.0025491641177790235,0.03810469847987054,0.00569650938969511,0.0057921895071034605,0.03318810730667936,-4.0763481016404673e-16
rand_n50_m50_d8_s42,C_tiny2,456,0.019672663355142773,0.016518816812020852,0.0025491641177790235,0.03858623274338181,0.006185998029494029,0.006289899730914993,0.03367210286416496,1.444360562349272e-05
rand_n50_m50_d8_s456,C_small,42,0.04794155057041976,0.0015174740581255868,0.0002103384268209582,0.09149661170381883,0.08860050732223458,0.08873516062652897,0.09111434495152007,0.0011120758716587674
rand_n50_m50_d8_s456,C_small,123,0.04855597856107051,0.0015174740581255868,0.0002103384268209582,0.09261494770685243,0.08972054037114106,0.08985689587958202,0.09223315151160097,0.00022929520743270984
rand_n50_m50_d8_s456,C_small,456,0.04918165838785693,0.0015174740581255868,0.0002103384268209582,0.0937524174096373,0.09085973615469183,0.09099782299042569,0.09337109982223113,0.0002798842372045891
rand_n50_m50_d8_s456,C_medium,42,0.19176620228167904,0.0015174740581255868,0.0002103384268209582,0.32181849412164193,0.3192718972216454,0.31975712035668763,0.3215331388383695,0.00831263502120234
rand_n50_m50_d8_s456,C_medium,123,0.19422391424428204,0.0015174740581255868,0.0002103384268209582,0.3252721904621866,0.32273083445679146,0.3232213144164517,0.324988288374687,0.002784996996717605
rand_n50_m50_d8_s456,C_medium,456,0.19672663355142772,0.0015174740581255868,0.0002103384268209582,0.3287745555852103,0.3262385143280314,0.32673432519040707,0.32849212717162124,0.00312583757095498
rand_n50_m50_d8_s456,C_large,42,0.47941550570419755,0.0015174740581255868,0.0002103384268209582,0.6481147505291248,0.6460632997334902,0.6470451739994697,0.6479666894065909,0.039118100628663055
rand_n50_m50_d8_s456,C_large,123,0.485559785610705,0.0015174740581255868,0.0002103384268209582,0.6537061521372487,0.6516631861485028,0.6526535710114558,0.6535604436828071,0.016771723360740298
rand_n50_m50_d8_s456,C_large,456,0.4918165838785693,0.0015174740581255868,0.0002103384268209582,0.659352616391885,0.6573182187661657,0.6583171980362037,0.65920928377399,0.01869512584365299
rand_n50_m50_d8_s456,C_tiny05,42,0.004794155057041976,0.0015174740581255868,0.0002103384268209582,0.009542561594160174,0.006522094067576204,0.006532006217558864,0.009125811416728675,-1.820903878766612e-16
rand_n50_m50_d8_s456,C_tiny05,123,0.0048555978561070495,0.0015174740581255868,0.0002103384268209582,0.009664269903987457,0.006643987066606308,0.006654084467165809,0.009247570937196364,-7.279965391732229e-16
rand_n50_m50_d8_s456,C_tiny05,456,0.004918165838785693,0.0015174740581255868,0.0002103384268209582,0.00978819172739423,0.0067680969381653374,0.006778382958460842,0.009371544902613375,6.945063284672303e-06
rand_n50_m50_d8_s456,C_tiny1,42,0.009588310114083952,0.0015174740581255868,0.0002103384268209582,0.018994495118511166,0.015988370655849526,0.016012669466366074,0.01858172198726116,3.579419116540056e-06
rand_n50_m50_d8_s456,C_tiny1,123,0.009711195712214099,0.0015174740581255868,0.0002103384268209582,0.019235590837168384,0.01622983223100533,0.016254498010063456,0.018822919150644456,1.819617149061019e-16
rand_n50_m50_d8_s456,C_tiny1,456,0.009836331677571386,0.0015174740581255868,0.0002103384268209582,0.019481041370795142,0.01647565522944942,0.016500694605454252,0.019068472961352563,3.7170426599817034e-05
rand_n50_m50_d8_s456,C_tiny2,42,0.019176620228167903,0.0015174740581255868,0.0002103384268209582,0.03763159367583362,0.03465375052675145,0.03470641661361311,0.03722666239000715,0.0001815336613505993
rand_n50_m50_d8_s456,C_tiny2,123,0.019422391424428198,0.0015174740581255868,0.0002103384268209582,0.03810469847987053,0.035127573255055264,0.03518095944835812,0.037699966260155725,9.73173400316451e-06
rand_n50_m50_d8_s456,C_tiny2,456,0.019672663355142773,0.0015174740581255868,0.0002103384268209582,0.03858623274338181,0.03560983823431951,0.035663957364430135,0.038181703136603184,9.755057826363378e-05
rand_n50_m50_d8_s789,C_small,42,0.04794155057041976,0.006962151527826204,0.0012178474904205548,0.09149661170381883,0.07820932192313108,0.0787576445786624,0.08928107637673065,0.00023960611551619764
rand_n50_m50_d8_s789,C_small,123,0.04855597856107051,0.006962151527826204,0.0012178474904205548,0.09261494770685243,0.07933544395087681,0.07989166180618129,0.09040213962652435,0.00018363918573340552
rand_n50_m50_d8_s789,C_small,456,0.04918165838785693,0.006962151527826204,0.0012178474904205548,0.0937524174096373,0.0804808328900908,0.08104508102477019,0.09154238323675137,0.00032418883995505185
rand_n50_m50_d8_s789,C_medium,42,0.19176620228167904,0.006962151527826204,0.0012178474904205548,0.32181849412164193,0.31013474018652126,0.3123090833483087,0.3201646366855467,0.0012059292259904279
rand_n50_m50_d8_s789,C_medium,123,0.19422391424428204,0.006962151527826204,0.0012178474904205548,0.3252721904621866,0.3136124816843199,0.3158112071627728,0.3236267554341418,0.0008650663032275084
rand_n50_m50_d8_s789,C_medium,456,0.19672663355142772,0.006962151527826204,0.0012178474904205548,0.3287745555852103,0.3171392308040358,0.31936268218977404,0.32713766165206776,0.004613416714420213
rand_n50_m50_d8_s789,C_large,42,0.47941550570419755,0.006962151527826204,0.0012178474904205548,0.6481147505291248,0.6387027205740755,0.6431806416610845,0.6472566203214368,0.0077279208520669666
rand_n50_m50_d8_s789,C_large,123,0.485559785610705,0.006962151527826204,0.0012178474904205548,0.6537061521372487,0.6443330503674479,0.6488504454878318,0.6528616574844196,0.003911852631812168
rand_n50_m50_d8_s789,C_large,456,0.4918165838785693,0.006962151527826204,0.0012178474904205548,0.659352616391885,0.6500188261618215,0.654576084045437,0.6585218915732585,0.01776773297725485
rand_n50_m50_d8_s789,C_tiny05,42,0.004794155057041976,0.006962151527826204,0.0012178474904205548,0.009542561594160174,0.0,0.0,0.007127167801429471,0.0
rand_n50_m50_d8_s789,C_tiny05,123,0.00485559785610705,0.006962151527826204,0.0012178474904205548,0.00966426990398746,0.0,0.0,0.007249172917040309,-1.5057969300842968e-16
rand_n50_m50_d8_s789,C_tiny05,456,0.004918165838785693,0.006962151527826204,0.0012178474904205548,0.00978819172739423,0.0,0.0,0.007373396944248511,0.0
rand_n50_m50_d8_s789,C_tiny1,42,0.009588310114083952,0.006962151527826204,0.0012178474904205548,0.018994495118511166,0.005202434616068385,0.005238908692224096,0.016602151424329643,1.5729141602199897e-05
rand_n50_m50_d8_s789,C_tiny1,123,0.0097111957122141,0.006962151527826204,0.0012178474904205548,0.019235590837168387,0.00544520887965161,0.005483385037165773,0.016843835094654164,5.76326641291833e-06
rand_n50_m50_d8_s789,C_tiny1,456,0.009836331677571386,0.006962151527826204,0.0012178474904205548,0.019481041370795142,0.00569236827708606,0.00573227725996948,0.01708988419988264,3.013752010509179e-16
rand_n50_m50_d8_s789,C_tiny2,42,0.019176620228167903,0.006962151527826204,0.0012178474904205548,0.03763159367583362,0.02396928747758595,0.024137335263166058,0.035284699619793365,7.024332007621065e-05
rand_n50_m50_d8_s789,C_tiny2,123,0.0194223914244282,0.006962151527826204,0.0012178474904205548,0.03810469847987054,0.024445686108957122,0.024617073907674043,0.03575895816791121,5.0233599865589146e-05
rand_n50_m50_d8_s789,C_tiny2,456,0.019672663355142773,0.006962151527826204,0.0012178474904205548,0.03858623274338181,0.024930572886976792,0.0251053602089119,0.03624166673213039,0.0
