base_instance,perturbation,change_type,magnitude,should_reoptimize,recommended_method,oguz_bound,within_sensitivity,actual_loss,oracle_decision,correct,delta_max_b,delta_max_c
rand_n10_m10_d3_s42,R_small,TYPE_R,0.05,False,recompute,,True,0.004856,False,True,0.854743,0.000000
rand_n10_m10_d3_s42,R_medium,TYPE_R,0.2,False,recompute,,True,0.008832,False,True,3.190722,0.000000
rand_n10_m10_d3_s42,R_small,TYPE_R,0.05,False,recompute,,True,0.007256,False,True,0.785676,0.000000
rand_n10_m10_d3_s42,R_large,TYPE_R,0.5,True,warm_start,,False,0.027060,True,True,8.547430,0.000000
rand_n10_m10_d3_s42,R_single,TYPE_R,0.2,False,recompute,,True,0.028301,True,False,3.555768,0.000000
rand_n10_m10_d3_s42,R_large,TYPE_R,0.5,True,warm_start,,False,0.008557,False,False,7.976806,0.000000
rand_n10_m10_d3_s42,R_single,TYPE_R,0.2,False,recompute,,True,0.000000,False,True,1.282041,0.000000
rand_n10_m10_d3_s42,R_all,TYPE_R,0.1,False,recompute,,True,0.035733,True,False,2.280190,0.000000
rand_n10_m10_d3_s42,R_all,TYPE_R,0.1,False,recompute,,True,0.035733,True,False,2.280190,0.000000
rand_n10_m10_d3_s42,R_all,TYPE_R,0.1,False,recompute,,True,0.035733,True,False,2.280190,0.000000
rand_n10_m10_d3_s42,C_small,TYPE_C,0,False,none,0.000000,True,0.000000,False,True,0.000000,0.094732
rand_n10_m10_d3_s42,C_small,TYPE_C,0,False,none,0.000000,True,0.000000,False,True,0.000000,0.149471
rand_n10_m10_d3_s42,R_small,TYPE_R,0.05,False,recompute,,True,0.002223,False,True,0.797681,0.000000
rand_n10_m10_d3_s42,C_medium,TYPE_C,0,False,none,0.000000,True,0.000000,False,True,0.000000,0.771577
rand_n10_m10_d3_s42,C_medium,TYPE_C,0,False,none,0.000000,True,0.000000,False,True,0.000000,0.378929
rand_n10_m10_d3_s42,C_medium,TYPE_C,0,False,none,0.000000,True,0.000000,False,True,0.000000,0.597884
rand_n10_m10_d3_s42,C_large,TYPE_C,0,False,none,0.000000,True,0.000000,False,True,0.000000,0.947323
rand_n10_m10_d3_s42,R_single,TYPE_R,0.2,False,recompute,,True,0.019357,True,False,1.890270,0.000000
rand_n10_m10_d3_s42,C_large,TYPE_C,0,False,none,0.000000,True,0.000000,False,True,0.000000,1.494711
rand_n10_m10_d3_s42,RC_small,TYPE_RC,0.05,False,recompute,,True,0.004616,False,True,0.854743,0.098027
rand_n10_m10_d3_s42,RC_small,TYPE_RC,0.05,False,recompute,,True,0.002178,False,True,0.797681,0.104683
rand_n10_m10_d3_s42,R_medium,TYPE_R,0.2,False,recompute,,True,0.029669,True,False,3.142704,0.000000
rand_n10_m10_d3_s42,RC_medium,TYPE_RC,0.2,False,recompute,,True,0.033287,True,False,3.142704,0.924646
rand_n10_m10_d3_s42,RC_medium,TYPE_RC,0.2,False,recompute,,True,0.008134,False,True,3.190722,0.418733
rand_n10_m10_d3_s42,R_large,TYPE_R,0.5,False,recompute,,True,0.077627,True,False,7.856761,0.000000
rand_n10_m10_d3_s42,RC_large,TYPE_RC,0.5,False,recompute,,True,0.103235,True,False,7.856761,2.311616
rand_n10_m10_d3_s42,RC_asym_bc,TYPE_RC,0.05,False,recompute,,True,0.009446,False,True,0.785676,2.311616
rand_n10_m10_d3_s42,RC_medium,TYPE_RC,0.2,False,recompute,,True,0.015370,True,False,3.418972,0.392110
rand_n10_m10_d3_s42,RC_asym_bc,TYPE_RC,0.05,False,recompute,,True,0.002400,False,True,0.854743,0.980275
rand_n10_m10_d3_s42,RC_asym_bc,TYPE_RC,0.05,False,recompute,,True,0.001797,False,True,0.797681,1.046833
rand_n10_m10_d3_s42,RC_asym_cb,TYPE_RC,0.5,False,recompute,,True,0.080085,True,False,7.856761,0.231162
rand_n10_m10_d3_s42,RC_asym_cb,TYPE_RC,0.5,True,parametric_lp,,False,0.025225,True,True,8.547430,0.098027
rand_n10_m10_d3_s42,RC_large,TYPE_RC,0.5,True,parametric_lp,,False,0.000515,False,False,7.976806,1.046833
rand_n10_m10_d3_s42,RC_asym_cb,TYPE_RC,0.5,True,parametric_lp,,False,0.007605,False,False,7.976806,0.104683
rand_n10_m10_d3_s42,R_medium,TYPE_R,0.2,False,recompute,,True,0.019147,True,False,3.418972,0.000000
rand_n10_m10_d3_s42,C_small,TYPE_C,0,False,none,0.000000,True,0.000000,False,True,0.000000,0.192894
rand_n10_m10_d3_s123,R_medium,TYPE_R,0.2,False,recompute,,True,0.003736,False,True,3.258798,0.000000
rand_n10_m10_d3_s123,R_small,TYPE_R,0.05,False,recompute,,True,0.001515,False,True,0.822077,0.000000
rand_n10_m10_d3_s123,R_medium,TYPE_R,0.2,True,warm_start,,False,0.006781,False,False,3.288309,0.000000
rand_n10_m10_d3_s123,R_large,TYPE_R,0.5,False,recompute,,True,0.034182,True,False,7.488682,0.000000
rand_n10_m10_d3_s123,R_small,TYPE_R,0.05,False,recompute,,True,0.000931,False,True,0.814699,0.000000
rand_n10_m10_d3_s123,R_medium,TYPE_R,0.2,False,recompute,,True,0.010768,True,False,2.995473,0.000000
rand_n10_m10_d3_s42,RC_large,TYPE_RC,0.5,True,parametric_lp,,False,0.008040,False,False,8.547430,0.980275
rand_n10_m10_d3_s123,R_large,TYPE_R,0.5,True,warm_start,,False,0.020478,True,True,8.220773,0.000000
rand_n10_m10_d3_s123,R_small,TYPE_R,0.05,False,recompute,,True,0.002670,False,True,0.748868,0.000000
rand_n10_m10_d3_s123,R_single,TYPE_R,0.2,False,recompute,,True,0.000000,False,True,3.389185,0.000000
rand_n10_m10_d3_s123,R_single,TYPE_R,0.2,False,recompute,,True,0.000000,False,True,0.573067,0.000000
rand_n10_m10_d3_s123,R_large,TYPE_R,0.5,False,recompute,,True,0.009392,False,True,8.146995,0.000000
rand_n10_m10_d3_s123,C_small,TYPE_C,0,False,none,0.000000,True,0.000000,False,True,0.000000,0.109012
rand_n10_m10_d3_s123,R_all,TYPE_R,0.1,False,recompute,,True,0.017826,True,False,2.349929,0.000000
rand_n10_m10_d3_s123,R_all,TYPE_R,0.1,False,recompute,,True,0.017826,True,False,2.349929,0.000000
rand_n10_m10_d3_s123,R_all,TYPE_R,0.1,False,recompute,,True,0.017826,True,False,2.349929,0.000000
rand_n10_m10_d3_s123,C_small,TYPE_C,0,False,none,0.000000,True,0.000000,False,True,0.000000,0.088124
rand_n10_m10_d3_s123,C_medium,TYPE_C,0,False,none,0.000000,True,0.000000,False,True,0.000000,0.436050
rand_n10_m10_d3_s123,C_small,TYPE_C,0,False,none,0.000000,True,0.000000,False,True,0.000000,0.157624
rand_n10_m10_d3_s123,R_single,TYPE_R,0.2,False,recompute,,True,0.019812,True,False,2.561106,0.000000
rand_n10_m10_d3_s123,C_large,TYPE_C,0,False,none,0.240380,True,0.000000,False,True,0.000000,1.090124
rand_n10_m10_d3_s123,C_medium,TYPE_C,0,False,none,0.000000,True,0.000000,False,True,0.000000,0.630495
rand_n10_m10_d3_s123,C_large,TYPE_C,0,False,none,0.276087,True,0.000000,False,True,0.000000,0.881242
rand_n10_m10_d3_s123,C_large,TYPE_C,0,False,none,0.157826,True,0.000000,False,True,0.000000,1.576237
rand_n10_m10_d3_s42,RC_small,TYPE_RC,0.05,False,recompute,,True,0.007470,False,True,0.785676,0.231162
rand_n10_m10_d3_s123,RC_small,TYPE_RC,0.05,False,recompute,,True,0.000925,False,True,0.814699,0.215972
rand_n10_m10_d3_s42,C_large,TYPE_C,0,False,none,0.000000,True,0.000000,False,True,0.000000,1.928943
rand_n10_m10_d3_s123,RC_small,TYPE_RC,0.05,False,recompute,,True,0.001492,False,True,0.822077,0.173587
rand_n10_m10_d3_s123,RC_medium,TYPE_RC,0.2,False,recompute,,True,0.012633,True,False,2.995473,0.860147
rand_n10_m10_d3_s123,RC_medium,TYPE_RC,0.2,False,recompute,,True,0.003625,False,True,3.258798,0.863886
rand_n10_m10_d3_s123,RC_medium,TYPE_RC,0.2,True,parametric_lp,,False,0.006585,False,False,3.288309,0.694349
rand_n10_m10_d3_s123,C_medium,TYPE_C,0,False,none,0.000000,True,0.000000,False,True,0.000000,0.352497
rand_n10_m10_d3_s123,RC_large,TYPE_RC,0.5,False,recompute,,True,0.045846,True,False,7.488682,2.150367
rand_n10_m10_d3_s123,RC_large,TYPE_RC,0.5,False,recompute,,True,0.003131,False,True,8.146995,2.159715
rand_n10_m10_d3_s123,RC_asym_bc,TYPE_RC,0.05,False,recompute,,True,0.004052,False,True,0.748868,2.150367
rand_n10_m10_d3_s123,RC_large,TYPE_RC,0.5,True,parametric_lp,,False,0.021424,True,True,8.220773,1.735873
rand_n10_m10_d3_s123,RC_asym_bc,TYPE_RC,0.05,False,recompute,,True,0.013277,True,False,0.814699,2.159715
rand_n10_m10_d3_s123,RC_asym_bc,TYPE_RC,0.05,False,recompute,,True,0.001281,False,True,0.822077,1.735873
rand_n10_m10_d3_s123,RC_asym_cb,TYPE_RC,0.5,False,recompute,,True,0.035064,True,False,7.488682,0.215037
rand_n10_m10_d3_s123,RC_small,TYPE_RC,0.05,False,recompute,,True,0.002776,False,True,0.748868,0.215037
rand_n10_m10_d3_s123,RC_asym_cb,TYPE_RC,0.5,False,recompute,,True,0.009325,False,True,8.146995,0.215972
rand_n10_m10_d3_s456,R_small,TYPE_R,0.05,False,recompute,,True,0.000440,False,True,0.380612,0.000000
rand_n10_m10_d3_s456,R_small,TYPE_R,0.05,False,recompute,,True,0.005604,False,True,0.956054,0.000000
rand_n10_m10_d3_s456,R_medium,TYPE_R,0.2,False,recompute,,True,0.018626,True,False,1.456262,0.000000
rand_n10_m10_d3_s456,R_medium,TYPE_R,0.2,True,warm_start,,False,0.025029,True,True,3.824218,0.000000
rand_n10_m10_d3_s456,R_large,TYPE_R,0.5,True,warm_start,,False,0.040484,True,True,3.640656,0.000000
rand_n10_m10_d3_s456,R_large,TYPE_R,0.5,True,warm_start,,False,0.090953,True,True,9.560544,0.000000
rand_n10_m10_d3_s456,R_small,TYPE_R,0.05,False,recompute,,True,0.004722,False,True,0.364066,0.000000
rand_n10_m10_d3_s456,R_single,TYPE_R,0.2,False,recompute,,True,0.000000,False,True,1.352582,0.000000
rand_n10_m10_d3_s456,R_single,TYPE_R,0.2,False,recompute,,True,0.000000,False,True,1.272815,0.000000
rand_n10_m10_d3_s456,R_single,TYPE_R,0.2,False,recompute,,True,0.000000,False,True,1.246655,0.000000
rand_n10_m10_d3_s456,R_medium,TYPE_R,0.2,False,recompute,,True,0.001764,False,True,1.522447,0.000000
rand_n10_m10_d3_s456,R_all,TYPE_R,0.1,False,recompute,,True,0.038418,True,False,2.998023,0.000000
rand_n10_m10_d3_s456,C_small,TYPE_C,0,False,none,0.000000,True,0.000000,False,True,0.000000,0.127120
rand_n10_m10_d3_s456,R_all,TYPE_R,0.1,False,recompute,,True,0.038418,True,False,2.998023,0.000000
rand_n10_m10_d3_s456,C_small,TYPE_C,0,False,none,0.000000,True,0.000000,False,True,0.000000,0.081901
rand_n10_m10_d3_s456,C_small,TYPE_C,0,False,none,0.000000,True,0.000000,False,True,0.000000,0.161830
rand_n10_m10_d3_s456,R_all,TYPE_R,0.1,False,recompute,,True,0.038418,True,False,2.998023,0.000000
rand_n10_m10_d3_s456,C_medium,TYPE_C,0,False,none,0.000000,True,0.000000,False,True,0.000000,0.327604
rand_n10_m10_d3_s456,R_large,TYPE_R,0.5,False,recompute,,True,0.004421,False,True,3.806118,0.000000
rand_n10_m10_d3_s456,C_medium,TYPE_C,0,False,none,0.000000,True,0.000000,False,True,0.000000,0.647319
rand_n10_m10_d3_s456,C_large,TYPE_C,0,False,none,0.011199,True,0.000000,False,True,0.000000,0.819009
rand_n10_m10_d3_s456,C_large,TYPE_C,0,False,none,0.000000,True,0.000000,False,True,0.000000,1.271201
rand_n10_m10_d3_s123,RC_asym_cb,TYPE_RC,0.5,True,parametric_lp,,False,0.020572,True,True,8.220773,0.173587
rand_n10_m10_d3_s456,RC_small,TYPE_RC,0.05,False,recompute,,True,0.000523,False,True,0.380612,0.097833
rand_n10_m10_d3_s456,RC_medium,TYPE_RC,0.2,False,recompute,,True,0.018516,True,False,1.456262,0.639879
rand_n10_m10_d3_s456,RC_small,TYPE_RC,0.05,False,recompute,,True,0.005589,False,True,0.956054,0.104231
rand_n10_m10_d3_s456,RC_medium,TYPE_RC,0.2,False,recompute,,True,0.003127,False,True,1.522447,0.391333
rand_n10_m10_d3_s456,RC_medium,TYPE_RC,0.2,True,parametric_lp,,False,0.025058,True,True,3.824218,0.416925
rand_n10_m10_d3_s456,RC_large,TYPE_RC,0.5,True,parametric_lp,,False,0.041193,True,True,3.640656,1.599697
rand_n10_m10_d3_s456,RC_large,TYPE_RC,0.5,False,recompute,,True,0.013416,True,False,3.806118,0.978333
rand_n10_m10_d3_s456,C_medium,TYPE_C,0,False,none,0.000000,True,0.000000,False,True,0.000000,0.508480
rand_n10_m10_d3_s456,RC_large,TYPE_RC,0.5,True,parametric_lp,,False,0.095100,True,True,9.560544,1.042312
rand_n10_m10_d3_s456,RC_asym_bc,TYPE_RC,0.05,False,recompute,,True,0.001326,False,True,0.380612,0.978333
rand_n10_m10_d3_s456,RC_asym_bc,TYPE_RC,0.05,False,recompute,,True,0.005456,False,True,0.956054,1.042312
rand_n10_m10_d3_s456,RC_asym_cb,TYPE_RC,0.5,False,recompute,,True,0.005260,False,True,3.806118,0.097833
rand_n10_m10_d3_s456,RC_asym_cb,TYPE_RC,0.5,True,parametric_lp,,False,0.040546,True,True,3.640656,0.159970
rand_n10_m10_d3_s789,R_small,TYPE_R,0.05,False,recompute,,True,0.007548,False,True,0.805070,0.000000
rand_n10_m10_d3_s789,R_small,TYPE_R,0.05,False,recompute,,True,0.005630,False,True,0.595003,0.000000
rand_n10_m10_d3_s456,RC_asym_cb,TYPE_RC,0.5,True,parametric_lp,,False,0.091368,True,True,9.560544,0.104231
rand_n10_m10_d3_s789,R_medium,TYPE_R,0.2,False,recompute,,True,0.030893,True,False,3.220280,0.000000
rand_n10_m10_d3_s456,RC_small,TYPE_RC,0.05,False,recompute,,True,0.004716,False,True,0.364066,0.159970
rand_n10_m10_d3_s789,R_medium,TYPE_R,0.2,False,recompute,,True,0.022147,True,False,2.380011,0.000000
rand_n10_m10_d3_s789,R_large,TYPE_R,0.5,False,recompute,,True,0.080987,True,False,8.050701,0.000000
rand_n10_m10_d3_s456,RC_asym_bc,TYPE_RC,0.05,False,recompute,,True,0.004645,False,True,0.364066,1.599697
rand_n10_m10_d3_s789,R_small,TYPE_R,0.05,False,recompute,,True,0.000276,False,True,0.477352,0.000000
rand_n10_m10_d3_s789,R_large,TYPE_R,0.5,True,warm_start,,False,0.051852,True,True,5.950029,0.000000
rand_n10_m10_d3_s789,R_large,TYPE_R,0.5,True,warm_start,,False,0.211964,True,True,4.773520,0.000000
rand_n10_m10_d3_s456,C_large,TYPE_C,0,False,none,0.000000,True,0.000000,False,True,0.000000,1.618297
rand_n10_m10_d3_s789,R_single,TYPE_R,0.2,False,recompute,,True,0.001912,False,True,2.475238,0.000000
rand_n10_m10_d3_s789,R_medium,TYPE_R,0.2,False,recompute,,True,0.001105,False,True,1.909408,0.000000
rand_n10_m10_d3_s789,R_single,TYPE_R,0.2,False,recompute,,True,0.002671,False,True,0.146895,0.000000
rand_n10_m10_d3_s789,R_all,TYPE_R,0.1,False,recompute,,True,0.033411,True,False,2.340447,0.000000
rand_n10_m10_d3_s789,R_all,TYPE_R,0.1,False,recompute,,True,0.033411,True,False,2.340447,0.000000
rand_n10_m10_d3_s789,C_small,TYPE_C,0,False,none,0.000000,True,0.000000,False,True,0.000000,0.171448
rand_n10_m10_d3_s789,R_all,TYPE_R,0.1,False,recompute,,True,0.033411,True,False,2.340447,0.000000
rand_n10_m10_d3_s789,C_small,TYPE_C,0,False,none,0.000000,True,0.000000,False,True,0.000000,0.109388
rand_n10_m10_d3_s789,C_small,TYPE_C,0,False,none,0.000000,True,0.000000,False,True,0.000000,0.124213
rand_n10_m10_d3_s789,R_single,TYPE_R,0.2,True,warm_start,,False,0.012875,True,True,2.706434,0.000000
rand_n10_m10_d3_s789,C_medium,TYPE_C,0,False,none,0.017028,True,0.000000,False,True,0.000000,0.437554
rand_n10_m10_d3_s789,C_medium,TYPE_C,0,False,none,0.000000,True,0.000000,False,True,0.000000,0.496852
rand_n10_m10_d3_s789,C_large,TYPE_C,0,False,none,0.293783,True,0.000000,False,True,0.000000,1.242130
rand_n10_m10_d3_s789,RC_small,TYPE_RC,0.05,False,recompute,,True,0.007880,False,True,0.805070,0.237019
rand_n10_m10_d3_s789,RC_small,TYPE_RC,0.05,False,recompute,,True,0.005530,False,True,0.595003,0.093185
rand_n10_m10_d3_s789,RC_small,TYPE_RC,0.05,False,recompute,,True,0.000191,False,True,0.477352,0.093002
rand_n10_m10_d3_s789,RC_medium,TYPE_RC,0.2,False,recompute,,True,0.035664,True,False,3.220280,0.948076
rand_n10_m10_d3_s789,RC_medium,TYPE_RC,0.2,False,recompute,,True,0.000250,False,True,1.909408,0.372009
rand_n10_m10_d3_s789,RC_large,TYPE_RC,0.5,True,parametric_lp,,False,0.117984,True,True,8.050701,2.370191
rand_n10_m10_d3_s789,RC_medium,TYPE_RC,0.2,False,recompute,,True,0.021705,True,False,2.380011,0.372740
rand_n10_m10_d3_s789,RC_large,TYPE_RC,0.5,True,parametric_lp,,False,0.232153,True,True,4.773520,0.930023
rand_n10_m10_d3_s789,C_medium,TYPE_C,0,False,none,0.000000,True,0.000000,False,True,0.000000,0.685794
rand_n10_m10_d3_s789,RC_asym_bc,TYPE_RC,0.05,True,parametric_lp,,False,0.009413,False,False,0.805070,2.370191
rand_n10_m10_d3_s789,RC_asym_bc,TYPE_RC,0.05,True,parametric_lp,,False,0.022222,True,True,0.595003,0.931851
rand_n10_m10_d3_s789,RC_asym_bc,TYPE_RC,0.05,True,parametric_lp,,False,0.006637,False,False,0.477352,0.930023
rand_n10_m10_d3_s789,RC_asym_cb,TYPE_RC,0.5,False,recompute,,True,0.084816,True,False,8.050701,0.237019
rand_n10_m10_d3_s789,RC_large,TYPE_RC,0.5,True,parametric_lp,,False,0.062558,True,True,5.950029,0.931851
rand_n10_m10_d3_s789,RC_asym_cb,TYPE_RC,0.5,True,parametric_lp,,False,0.051415,True,True,5.950029,0.093185
rand_n10_m10_d3_s1024,R_small,TYPE_R,0.05,False,recompute,,True,0.005615,False,True,0.707657,0.000000
rand_n10_m10_d3_s1024,R_small,TYPE_R,0.05,False,recompute,,True,0.000726,False,True,0.451504,0.000000
rand_n10_m10_d3_s1024,R_small,TYPE_R,0.05,False,recompute,,True,0.001016,False,True,0.358590,0.000000
rand_n10_m10_d3_s1024,R_medium,TYPE_R,0.2,False,recompute,,True,0.022845,True,False,2.830629,0.000000
rand_n10_m10_d3_s1024,R_medium,TYPE_R,0.2,True,warm_start,,False,0.004052,False,False,1.434360,0.000000
rand_n10_m10_d3_s1024,R_large,TYPE_R,0.5,False,recompute,,True,0.059139,True,False,7.076573,0.000000
rand_n10_m10_d3_s1024,R_large,TYPE_R,0.5,False,recompute,,True,0.007312,False,True,4.515036,0.000000
rand_n10_m10_d3_s1024,R_large,TYPE_R,0.5,True,warm_start,,False,0.010070,True,True,3.585901,0.000000
rand_n10_m10_d3_s1024,R_single,TYPE_R,0.2,False,recompute,,True,0.000000,False,True,1.110849,0.000000
rand_n10_m10_d3_s1024,R_single,TYPE_R,0.2,False,recompute,,True,0.000000,False,True,1.052341,0.000000
rand_n10_m10_d3_s1024,R_single,TYPE_R,0.2,True,warm_start,,False,0.029446,True,True,2.212670,0.000000
rand_n10_m10_d3_s1024,R_all,TYPE_R,0.1,True,warm_start,,False,0.017376,True,True,2.057255,0.000000
rand_n10_m10_d3_s1024,R_all,TYPE_R,0.1,True,warm_start,,False,0.017376,True,True,2.057255,0.000000
rand_n10_m10_d3_s789,RC_asym_cb,TYPE_RC,0.5,True,parametric_lp,,False,0.214035,True,True,4.773520,0.093002
rand_n10_m10_d3_s1024,R_medium,TYPE_R,0.2,False,recompute,,True,0.002912,False,True,1.806014,0.000000
rand_n10_m10_d3_s1024,C_small,TYPE_C,0,True,warm_start,0.053923,False,0.003934,False,False,0.000000,0.126178
rand_n10_m10_d3_s789,C_large,TYPE_C,0,False,none,0.370245,True,0.000000,False,True,0.000000,1.714484
rand_n10_m10_d3_s1024,C_medium,TYPE_C,0,True,warm_start,0.276867,False,0.023010,True,True,0.000000,0.504712
rand_n10_m10_d3_s1024,C_medium,TYPE_C,0,True,warm_start,0.294239,False,0.000000,False,False,0.000000,0.466907
rand_n10_m10_d3_s1024,C_small,TYPE_C,0,False,none,0.041740,False,0.000125,False,True,0.000000,0.121212
rand_n10_m10_d3_s1024,C_medium,TYPE_C,0,True,warm_start,0.238046,False,0.007548,False,False,0.000000,0.484847
rand_n10_m10_d3_s1024,C_large,TYPE_C,0,True,warm_start,0.598077,False,0.062474,True,True,0.000000,1.261780
rand_n10_m10_d3_s789,C_large,TYPE_C,0,False,none,0.403319,True,0.000000,False,True,0.000000,1.093885
rand_n10_m10_d3_s1024,C_large,TYPE_C,0,True,warm_start,0.626527,False,0.000000,False,False,0.000000,1.167269
rand_n10_m10_d3_s1024,C_large,TYPE_C,0,True,warm_start,0.532303,False,0.021208,True,True,0.000000,1.212117
rand_n10_m10_d3_s1024,RC_small,TYPE_RC,0.05,True,parametric_lp,,False,0.005500,False,False,0.707657,0.142066
rand_n10_m10_d3_s1024,RC_small,TYPE_RC,0.05,False,recompute,,True,0.001044,False,True,0.358590,0.093649
rand_n10_m10_d3_s1024,RC_medium,TYPE_RC,0.2,True,parametric_lp,,False,0.020903,True,True,2.830629,0.568262
rand_n10_m10_d3_s1024,RC_medium,TYPE_RC,0.2,True,parametric_lp,,False,0.004485,False,False,1.434360,0.374597
rand_n10_m10_d3_s1024,C_small,TYPE_C,0,False,none,0.059502,True,0.000000,False,True,0.000000,0.116727
rand_n10_m10_d3_s1024,RC_medium,TYPE_RC,0.2,True,parametric_lp,,False,0.002541,False,False,1.806014,0.466061
rand_n10_m10_d3_s1024,R_all,TYPE_R,0.1,True,warm_start,,False,0.017376,True,True,2.057255,0.000000
rand_n10_m10_d3_s1024,RC_large,TYPE_RC,0.5,True,parametric_lp,,False,0.044448,True,True,7.076573,1.420655
rand_n10_m10_d3_s1024,RC_large,TYPE_RC,0.5,True,parametric_lp,,False,0.004989,False,False,4.515036,1.165152
rand_n10_m10_d3_s1024,RC_large,TYPE_RC,0.5,True,parametric_lp,,False,0.012614,True,True,3.585901,0.936492
rand_n10_m10_d3_s1024,RC_asym_bc,TYPE_RC,0.05,True,parametric_lp,,False,0.001662,False,False,0.707657,1.420655
rand_n10_m10_d3_s1024,RC_asym_bc,TYPE_RC,0.05,True,parametric_lp,,False,0.000497,False,False,0.451504,1.165152
rand_n10_m10_d3_s1024,RC_asym_cb,TYPE_RC,0.5,True,parametric_lp,,False,0.057867,True,True,7.076573,0.142066
rand_n10_m10_d3_s1024,RC_asym_bc,TYPE_RC,0.05,False,recompute,,True,0.001276,False,True,0.358590,0.936492
rand_n10_m10_d3_s1024,RC_small,TYPE_RC,0.05,False,recompute,,True,0.000703,False,True,0.451504,0.116515
rand_n10_m10_d3_s1024,RC_asym_cb,TYPE_RC,0.5,True,parametric_lp,,False,0.010343,True,True,3.585901,0.093649
rand_n10_m10_d5_s42,R_small,TYPE_R,0.05,False,recompute,,True,0.008748,False,True,0.871741,0.000000
rand_n10_m10_d5_s42,R_small,TYPE_R,0.05,False,recompute,,True,0.000361,False,True,0.854743,0.000000
rand_n10_m10_d5_s42,R_small,TYPE_R,0.05,False,recompute,,True,0.002439,False,True,0.730211,0.000000
rand_n10_m10_d5_s42,R_medium,TYPE_R,0.2,False,recompute,,True,0.035936,True,False,3.486964,0.000000
rand_n10_m10_d5_s42,R_medium,TYPE_R,0.2,False,recompute,,True,0.008502,False,True,2.920844,0.000000
rand_n10_m10_d5_s42,R_medium,TYPE_R,0.2,False,recompute,,True,0.001446,False,True,3.418972,0.000000
rand_n10_m10_d5_s42,R_large,TYPE_R,0.5,True,warm_start,,False,0.002904,False,False,7.302110,0.000000
rand_n10_m10_d3_s1024,RC_asym_cb,TYPE_RC,0.5,False,recompute,,True,0.007077,False,True,4.515036,0.116515
rand_n10_m10_d5_s42,R_large,TYPE_R,0.5,False,recompute,,True,0.094958,True,False,8.717410,0.000000
rand_n10_m10_d5_s42,R_large,TYPE_R,0.5,False,recompute,,True,0.003623,False,True,8.547430,0.000000
rand_n10_m10_d5_s42,R_single,TYPE_R,0.2,False,recompute,,True,0.000000,False,True,1.927420,0.000000
rand_n10_m10_d5_s42,R_single,TYPE_R,0.2,False,recompute,,True,0.010783,True,False,3.555768,0.000000
rand_n10_m10_d5_s42,C_small,TYPE_C,0,False,none,0.000000,True,0.000000,False,True,0.000000,0.192894
rand_n10_m10_d5_s42,R_all,TYPE_R,0.1,True,warm_start,,False,0.033294,True,True,2.261755,0.000000
rand_n10_m10_d5_s42,C_small,TYPE_C,0,False,none,0.000000,True,0.000000,False,True,0.000000,0.149471
rand_n10_m10_d5_s42,R_all,TYPE_R,0.1,True,warm_start,,False,0.033294,True,True,2.261755,0.000000
rand_n10_m10_d5_s42,C_medium,TYPE_C,0,False,none,0.000000,True,0.000000,False,True,0.000000,0.771577
rand_n10_m10_d5_s42,C_medium,TYPE_C,0,False,none,0.000000,True,0.000000,False,True,0.000000,0.378929
rand_n10_m10_d5_s42,C_medium,TYPE_C,0,False,none,0.000000,True,0.000000,False,True,0.000000,0.597884
rand_n10_m10_d5_s42,C_large,TYPE_C,0,False,none,0.000000,True,0.000000,False,True,0.000000,0.947323
rand_n10_m10_d5_s42,C_large,TYPE_C,0,False,none,0.000000,True,0.000000,False,True,0.000000,1.928943
rand_n10_m10_d5_s42,RC_small,TYPE_RC,0.05,False,recompute,,True,0.009126,False,True,0.871741,0.231162
rand_n10_m10_d5_s42,RC_small,TYPE_RC,0.05,False,recompute,,True,0.000517,False,True,0.854743,0.098027
rand_n10_m10_d5_s42,RC_small,TYPE_RC,0.05,False,recompute,,True,0.002157,False,True,0.730211,0.104683
rand_n10_m10_d5_s42,RC_medium,TYPE_RC,0.2,False,recompute,,True,0.042363,True,False,3.486964,0.924646
rand_n10_m10_d5_s42,RC_medium,TYPE_RC,0.2,False,recompute,,True,0.003949,False,True,3.418972,0.392110
rand_n10_m10_d5_s42,C_small,TYPE_C,0,False,none,0.000000,True,0.000000,False,True,0.000000,0.094732
rand_n10_m10_d5_s42,C_large,TYPE_C,0,False,none,0.000000,True,0.000000,False,True,0.000000,1.494711
rand_n10_m10_d5_s42,RC_medium,TYPE_RC,0.2,False,recompute,,True,0.004161,False,True,2.920844,0.418733
rand_n10_m10_d5_s42,RC_large,TYPE_RC,0.5,False,recompute,,True,0.141647,True,False,8.717410,2.311616
rand_n10_m10_d5_s42,RC_large,TYPE_RC,0.5,False,recompute,,True,0.019410,True,False,8.547430,0.980275
rand_n10_m10_d5_s42,RC_large,TYPE_RC,0.5,True,parametric_lp,,False,0.018693,True,True,7.302110,1.046833
rand_n10_m10_d5_s42,RC_asym_bc,TYPE_RC,0.05,False,recompute,,True,0.012563,True,False,0.871741,2.311616
rand_n10_m10_d5_s42,RC_asym_bc,TYPE_RC,0.05,False,recompute,,True,0.000304,False,True,0.730211,1.046833
rand_n10_m10_d5_s42,RC_asym_cb,TYPE_RC,0.5,False,recompute,,True,0.099427,True,False,8.717410,0.231162
rand_n10_m10_d5_s42,R_all,TYPE_R,0.1,True,warm_start,,False,0.033294,True,True,2.261755,0.000000
rand_n10_m10_d5_s42,R_single,TYPE_R,0.2,True,warm_start,,False,0.029708,True,True,4.523510,0.000000
rand_n10_m10_d5_s42,RC_asym_cb,TYPE_RC,0.5,False,recompute,,True,0.005199,False,True,8.547430,0.098027
rand_n10_m10_d5_s42,RC_asym_cb,TYPE_RC,0.5,True,parametric_lp,,False,0.000667,False,False,7.302110,0.104683
rand_n10_m10_d5_s123,R_small,TYPE_R,0.05,False,recompute,,True,0.001675,False,True,1.228737,0.000000
rand_n10_m10_d5_s42,RC_asym_bc,TYPE_RC,0.05,False,recompute,,True,0.001908,False,True,0.854743,0.980275
rand_n10_m10_d5_s123,R_small,TYPE_R,0.05,False,recompute,,True,0.000292,False,True,1.336752,0.000000
rand_n10_m10_d5_s123,R_small,TYPE_R,0.05,False,recompute,,True,0.005033,False,True,1.072434,0.000000
rand_n10_m10_d5_s123,R_medium,TYPE_R,0.2,True,warm_start,,False,0.006733,False,False,4.914947,0.000000
rand_n10_m10_d5_s123,R_medium,TYPE_R,0.2,False,recompute,,True,0.001167,False,True,5.347009,0.000000
rand_n10_m10_d5_s123,R_large,TYPE_R,0.5,True,warm_start,,False,0.018948,True,True,12.287368,0.000000
rand_n10_m10_d5_s123,R_large,TYPE_R,0.5,False,recompute,,True,0.002912,False,True,13.367522,0.000000
rand_n10_m10_d5_s123,R_large,TYPE_R,0.5,True,warm_start,,False,0.030775,True,True,10.724340,0.000000
rand_n10_m10_d5_s123,R_single,TYPE_R,0.2,False,recompute,,True,0.000000,False,True,0.153277,0.000000
rand_n10_m10_d5_s123,R_single,TYPE_R,0.2,True,warm_start,,False,0.017886,True,True,1.755631,0.000000
rand_n10_m10_d5_s123,R_single,TYPE_R,0.2,False,recompute,,True,0.000000,False,True,5.560947,0.000000
rand_n10_m10_d5_s123,R_all,TYPE_R,0.1,True,warm_start,,False,0.033716,True,True,2.780474,0.000000
rand_n10_m10_d5_s123,R_all,TYPE_R,0.1,True,warm_start,,False,0.033716,True,True,2.780474,0.000000
rand_n10_m10_d5_s123,R_all,TYPE_R,0.1,True,warm_start,,False,0.033716,True,True,2.780474,0.000000
rand_n10_m10_d5_s123,C_small,TYPE_C,0,False,none,0.000000,True,0.000000,False,True,0.000000,0.109012
rand_n10_m10_d5_s123,R_medium,TYPE_R,0.2,True,warm_start,,False,0.019834,True,True,4.289736,0.000000
rand_n10_m10_d5_s123,C_medium,TYPE_C,0,False,none,0.000000,True,0.000000,False,True,0.000000,0.436050
rand_n10_m10_d5_s123,C_small,TYPE_C,0,False,none,0.000000,True,0.000000,False,True,0.000000,0.157624
rand_n10_m10_d5_s123,C_medium,TYPE_C,0,False,none,0.000000,True,0.000000,False,True,0.000000,0.352497
rand_n10_m10_d5_s123,C_medium,TYPE_C,0,False,none,0.000000,True,0.000000,False,True,0.000000,0.630495
rand_n10_m10_d5_s123,C_small,TYPE_C,0,False,none,0.000000,True,0.000000,False,True,0.000000,0.088124
rand_n10_m10_d5_s123,C_large,TYPE_C,0,False,none,0.025393,True,0.000550,False,True,0.000000,1.090124
rand_n10_m10_d5_s123,C_large,TYPE_C,0,False,none,0.000000,True,0.000000,False,True,0.000000,1.576237
rand_n10_m10_d5_s123,C_large,TYPE_C,0,False,none,0.065463,True,0.000000,False,True,0.000000,0.881242
rand_n10_m10_d5_s123,RC_small,TYPE_RC,0.05,False,recompute,,True,0.005167,False,True,1.072434,0.173587
rand_n10_m10_d5_s123,RC_medium,TYPE_RC,0.2,True,parametric_lp,,False,0.007983,False,False,4.914947,0.860147
rand_n10_m10_d5_s123,RC_medium,TYPE_RC,0.2,False,recompute,,True,0.001560,False,True,5.347009,0.863886
rand_n10_m10_d5_s123,RC_small,TYPE_RC,0.05,False,recompute,,True,0.001746,False,True,1.228737,0.215037
rand_n10_m10_d5_s123,RC_medium,TYPE_RC,0.2,True,parametric_lp,,False,0.021910,True,True,4.289736,0.694349
rand_n10_m10_d5_s123,RC_large,TYPE_RC,0.5,True,parametric_lp,,False,0.025048,True,True,12.287368,2.150367
rand_n10_m10_d5_s123,RC_asym_bc,TYPE_RC,0.05,False,recompute,,True,0.001476,False,True,1.228737,2.150367
rand_n10_m10_d5_s123,RC_large,TYPE_RC,0.5,True,parametric_lp,,False,0.039726,True,True,10.724340,1.735873
rand_n10_m10_d5_s123,RC_asym_bc,TYPE_RC,0.05,True,parametric_lp,,False,0.000564,False,False,1.336752,2.159715
rand_n10_m10_d5_s123,RC_large,TYPE_RC,0.5,True,parametric_lp,,False,0.005608,False,False,13.367522,2.159715
rand_n10_m10_d5_s123,RC_asym_cb,TYPE_RC,0.5,True,parametric_lp,,False,0.019628,True,True,12.287368,0.215037
rand_n10_m10_d5_s123,RC_asym_bc,TYPE_RC,0.05,False,recompute,,True,0.009186,False,True,1.072434,1.735873
rand_n10_m10_d5_s123,RC_small,TYPE_RC,0.05,False,recompute,,True,0.000315,False,True,1.336752,0.215972
rand_n10_m10_d5_s456,R_small,TYPE_R,0.05,False,recompute,,True,0.016769,True,False,1.120205,0.000000
rand_n10_m10_d5_s123,RC_asym_cb,TYPE_RC,0.5,False,recompute,,True,0.003146,False,True,13.367522,0.215972
rand_n10_m10_d5_s123,RC_asym_cb,TYPE_RC,0.5,True,parametric_lp,,False,0.031664,True,True,10.724340,0.173587
rand_n10_m10_d5_s456,R_small,TYPE_R,0.05,True,warm_start,,False,0.016718,True,True,1.218680,0.000000
rand_n10_m10_d5_s456,R_medium,TYPE_R,0.2,False,recompute,,True,0.070631,True,False,4.480821,0.000000
rand_n10_m10_d5_s456,R_medium,TYPE_R,0.2,True,warm_start,,False,0.038368,True,True,3.910833,0.000000
rand_n10_m10_d5_s456,R_large,TYPE_R,0.5,True,warm_start,,False,0.214193,True,True,11.202052,0.000000
rand_n10_m10_d5_s456,R_large,TYPE_R,0.5,True,warm_start,,False,0.131165,True,True,12.186797,0.000000
rand_n10_m10_d5_s456,R_large,TYPE_R,0.5,True,warm_start,,False,0.085582,True,True,9.777082,0.000000
rand_n10_m10_d5_s456,R_single,TYPE_R,0.2,True,warm_start,,False,0.061747,True,True,5.069761,0.000000
rand_n10_m10_d5_s456,R_small,TYPE_R,0.05,True,warm_start,,False,0.010948,True,True,0.977708,0.000000
rand_n10_m10_d5_s456,R_single,TYPE_R,0.2,False,recompute,,True,0.000000,False,True,1.110692,0.000000
rand_n10_m10_d5_s456,R_single,TYPE_R,0.2,False,recompute,,True,0.000000,False,True,0.040305,0.000000
rand_n10_m10_d5_s456,R_medium,TYPE_R,0.2,True,warm_start,,False,0.059822,True,True,4.874719,0.000000
rand_n10_m10_d5_s456,R_all,TYPE_R,0.1,True,warm_start,,False,0.041045,True,True,2.534880,0.000000
rand_n10_m10_d5_s456,R_all,TYPE_R,0.1,True,warm_start,,False,0.041045,True,True,2.534880,0.000000
rand_n10_m10_d5_s456,C_small,TYPE_C,0,False,none,0.000000,True,0.000000,False,True,0.000000,0.127120
rand_n10_m10_d5_s456,C_small,TYPE_C,0,False,none,0.000000,True,0.000000,False,True,0.000000,0.081901
rand_n10_m10_d5_s456,C_small,TYPE_C,0,False,none,0.000000,True,0.000000,False,True,0.000000,0.161830
rand_n10_m10_d5_s456,R_all,TYPE_R,0.1,True,warm_start,,False,0.041045,True,True,2.534880,0.000000
rand_n10_m10_d5_s456,C_medium,TYPE_C,0,False,none,0.039813,True,0.000000,False,True,0.000000,0.327604
rand_n10_m10_d5_s456,C_medium,TYPE_C,0,False,none,0.000000,True,0.003864,False,True,0.000000,0.647319
rand_n10_m10_d5_s456,C_large,TYPE_C,0,True,warm_start,0.313388,False,0.045283,True,True,0.000000,1.618297
rand_n10_m10_d5_s456,RC_small,TYPE_RC,0.05,False,recompute,,True,0.016778,True,False,1.120205,0.159970
rand_n10_m10_d5_s456,C_large,TYPE_C,0,False,none,0.421665,True,0.000000,False,True,0.000000,0.819009
rand_n10_m10_d5_s456,C_medium,TYPE_C,0,False,none,0.019851,True,0.000000,False,True,0.000000,0.508480
rand_n10_m10_d5_s456,C_large,TYPE_C,0,True,warm_start,0.388972,False,0.002737,False,False,0.000000,1.271201
rand_n10_m10_d5_s456,RC_small,TYPE_RC,0.05,True,parametric_lp,,False,0.011124,True,True,0.977708,0.104231
rand_n10_m10_d5_s456,RC_medium,TYPE_RC,0.2,True,parametric_lp,,False,0.060017,True,True,4.874719,0.391333
rand_n10_m10_d5_s456,RC_small,TYPE_RC,0.05,True,parametric_lp,,False,0.016799,True,True,1.218680,0.097833
rand_n10_m10_d5_s456,RC_medium,TYPE_RC,0.2,False,recompute,,True,0.070794,True,False,4.480821,0.639879
rand_n10_m10_d5_s456,RC_large,TYPE_RC,0.5,True,parametric_lp,,False,0.224549,True,True,11.202052,1.599697
rand_n10_m10_d5_s456,RC_medium,TYPE_RC,0.2,True,parametric_lp,,False,0.040183,True,True,3.910833,0.416925
rand_n10_m10_d5_s456,RC_asym_bc,TYPE_RC,0.05,True,parametric_lp,,False,0.002496,False,False,1.120205,1.599697
rand_n10_m10_d5_s456,RC_large,TYPE_RC,0.5,True,parametric_lp,,False,0.129839,True,True,12.186797,0.978333
rand_n10_m10_d5_s456,RC_asym_bc,TYPE_RC,0.05,True,parametric_lp,,False,0.018680,True,True,1.218680,0.978333
rand_n10_m10_d5_s456,RC_asym_bc,TYPE_RC,0.05,True,parametric_lp,,False,0.012722,True,True,0.977708,1.042312
rand_n10_m10_d5_s456,RC_large,TYPE_RC,0.5,True,parametric_lp,,False,0.093137,True,True,9.777082,1.042312
rand_n10_m10_d5_s456,RC_asym_cb,TYPE_RC,0.5,True,parametric_lp,,False,0.130871,True,True,12.186797,0.097833
rand_n10_m10_d5_s456,RC_asym_cb,TYPE_RC,0.5,True,parametric_lp,,False,0.086335,True,True,9.777082,0.104231
rand_n10_m10_d5_s456,RC_asym_cb,TYPE_RC,0.5,True,parametric_lp,,False,0.215014,True,True,11.202052,0.159970
rand_n10_m10_d5_s789,R_small,TYPE_R,0.05,False,recompute,,True,0.013641,True,False,1.267515,0.000000
rand_n10_m10_d5_s789,R_small,TYPE_R,0.05,False,recompute,,True,0.006009,False,True,0.463180,0.000000
rand_n10_m10_d5_s789,R_medium,TYPE_R,0.2,True,warm_start,,False,0.057723,True,True,5.070060,0.000000
rand_n10_m10_d5_s789,R_medium,TYPE_R,0.2,False,recompute,,True,0.043224,True,False,3.234829,0.000000
rand_n10_m10_d5_s789,R_medium,TYPE_R,0.2,False,recompute,,True,0.023611,True,False,1.852720,0.000000
rand_n10_m10_d5_s789,R_large,TYPE_R,0.5,True,warm_start,,False,0.164319,True,True,12.675150,0.000000
rand_n10_m10_d5_s789,R_single,TYPE_R,0.2,False,recompute,,True,0.012833,True,False,2.401751,0.000000
rand_n10_m10_d5_s789,R_large,TYPE_R,0.5,True,warm_start,,False,0.043330,True,True,4.631799,0.000000
rand_n10_m10_d5_s789,R_single,TYPE_R,0.2,False,recompute,,True,0.000000,False,True,0.814385,0.000000
rand_n10_m10_d5_s789,R_single,TYPE_R,0.2,False,recompute,,True,0.008436,False,True,1.739789,0.000000
rand_n10_m10_d5_s789,R_small,TYPE_R,0.05,False,recompute,,True,0.011168,True,False,0.808707,0.000000
rand_n10_m10_d5_s789,R_large,TYPE_R,0.5,True,warm_start,,False,0.085543,True,True,8.087072,0.000000
rand_n10_m10_d5_s789,C_small,TYPE_C,0,False,none,0.000000,True,0.000000,False,True,0.000000,0.208744
rand_n10_m10_d5_s789,R_all,TYPE_R,0.1,True,warm_start,,False,0.040326,True,True,3.684836,0.000000
rand_n10_m10_d5_s789,R_all,TYPE_R,0.1,True,warm_start,,False,0.040326,True,True,3.684836,0.000000
rand_n10_m10_d5_s789,R_all,TYPE_R,0.1,True,warm_start,,False,0.040326,True,True,3.684836,0.000000
rand_n10_m10_d5_s789,C_medium,TYPE_C,0,False,none,0.000000,True,0.000000,False,True,0.000000,0.624189
rand_n10_m10_d5_s789,C_medium,TYPE_C,0,False,none,0.000000,True,0.000000,False,True,0.000000,0.396190
rand_n10_m10_d5_s789,C_large,TYPE_C,0,False,none,0.208618,True,0.000000,False,True,0.000000,2.087440
rand_n10_m10_d5_s789,C_large,TYPE_C,0,False,none,0.244972,True,0.000000,False,True,0.000000,0.990475
rand_n10_m10_d5_s789,C_small,TYPE_C,0,False,none,0.000000,True,0.000000,False,True,0.000000,0.156047
rand_n10_m10_d5_s789,C_medium,TYPE_C,0,False,none,0.000000,True,0.000000,False,True,0.000000,0.834976
rand_n10_m10_d5_s789,C_small,TYPE_C,0,False,none,0.000000,True,0.000000,False,True,0.000000,0.099047
rand_n10_m10_d5_s789,RC_small,TYPE_RC,0.05,False,recompute,,True,0.011045,True,False,0.808707,0.160116
rand_n10_m10_d5_s789,RC_small,TYPE_RC,0.05,False,recompute,,True,0.005947,False,True,0.463180,0.071882
rand_n10_m10_d5_s789,C_large,TYPE_C,0,False,none,0.124573,True,0.000000,False,True,0.000000,1.560474
rand_n10_m10_d5_s789,RC_medium,TYPE_RC,0.2,True,parametric_lp,,False,0.060098,True,True,5.070060,0.870537
rand_n10_m10_d5_s789,RC_medium,TYPE_RC,0.2,False,recompute,,True,0.041338,True,False,3.234829,0.640466
rand_n10_m10_d5_s789,RC_medium,TYPE_RC,0.2,False,recompute,,True,0.022650,True,False,1.852720,0.287527
rand_n10_m10_d5_s789,RC_large,TYPE_RC,0.5,True,parametric_lp,,False,0.081040,True,True,8.087072,1.601164
rand_n10_m10_d5_s789,RC_large,TYPE_RC,0.5,True,parametric_lp,,False,0.184635,True,True,12.675150,2.176342
rand_n10_m10_d5_s789,RC_asym_bc,TYPE_RC,0.05,False,recompute,,True,0.009880,False,True,0.808707,1.601164
rand_n10_m10_d5_s789,RC_asym_bc,TYPE_RC,0.05,False,recompute,,True,0.005376,False,True,0.463180,0.718818
rand_n10_m10_d5_s789,RC_small,TYPE_RC,0.05,False,recompute,,True,0.013778,True,False,1.267515,0.217634
rand_n10_m10_d5_s789,RC_large,TYPE_RC,0.5,True,parametric_lp,,False,0.038526,True,True,4.631799,0.718818
rand_n10_m10_d5_s789,RC_asym_cb,TYPE_RC,0.5,True,parametric_lp,,False,0.167066,True,True,12.675150,0.217634
rand_n10_m10_d5_s789,RC_asym_cb,TYPE_RC,0.5,True,parametric_lp,,False,0.085126,True,True,8.087072,0.160116
rand_n10_m10_d5_s789,RC_asym_bc,TYPE_RC,0.05,False,recompute,,True,0.015011,True,False,1.267515,2.176342
rand_n10_m10_d5_s1024,R_small,TYPE_R,0.05,False,recompute,,True,0.006678,False,True,0.780290,0.000000
rand_n10_m10_d5_s1024,R_small,TYPE_R,0.05,False,recompute,,True,0.000802,False,True,0.497845,0.000000
rand_n10_m10_d5_s1024,R_small,TYPE_R,0.05,False,recompute,,True,0.003561,False,True,0.462875,0.000000
rand_n10_m10_d5_s1024,R_medium,TYPE_R,0.2,False,recompute,,True,0.027281,True,False,3.121158,0.000000
rand_n10_m10_d5_s789,RC_asym_cb,TYPE_RC,0.5,True,parametric_lp,,False,0.042865,True,True,4.631799,0.071882
rand_n10_m10_d5_s1024,R_large,TYPE_R,0.5,True,warm_start,,False,0.071652,True,True,7.802896,0.000000
rand_n10_m10_d5_s1024,R_medium,TYPE_R,0.2,False,recompute,,True,0.014399,True,False,1.851500,0.000000
rand_n10_m10_d5_s1024,R_large,TYPE_R,0.5,True,warm_start,,False,0.001250,False,False,4.978448,0.000000
rand_n10_m10_d5_s1024,R_single,TYPE_R,0.2,False,recompute,,True,0.000000,False,True,1.250652,0.000000
rand_n10_m10_d5_s1024,R_single,TYPE_R,0.2,True,warm_start,,False,0.006173,False,False,2.506212,0.000000
rand_n10_m10_d5_s1024,R_large,TYPE_R,0.5,True,warm_start,,False,0.037276,True,True,4.628751,0.000000
rand_n10_m10_d5_s1024,R_single,TYPE_R,0.2,True,warm_start,,False,0.034639,True,True,1.846953,0.000000
rand_n10_m10_d5_s1024,R_all,TYPE_R,0.1,False,recompute,,True,0.038430,True,False,2.268407,0.000000
rand_n10_m10_d5_s1024,R_all,TYPE_R,0.1,False,recompute,,True,0.038430,True,False,2.268407,0.000000
rand_n10_m10_d5_s1024,R_medium,TYPE_R,0.2,True,warm_start,,False,0.002178,False,False,1.991379,0.000000
rand_n10_m10_d5_s1024,C_small,TYPE_C,0,True,warm_start,0.058117,False,0.000414,False,False,0.000000,0.126178
rand_n10_m10_d5_s1024,C_small,TYPE_C,0,False,none,0.063684,True,0.000000,False,True,0.000000,0.116727
rand_n10_m10_d5_s1024,C_medium,TYPE_C,0,True,warm_start,0.280581,False,0.002314,False,False,0.000000,0.504712
rand_n10_m10_d5_s1024,C_small,TYPE_C,0,False,none,0.045961,True,0.000000,False,True,0.000000,0.121212
rand_n10_m10_d5_s1024,C_medium,TYPE_C,0,True,warm_start,0.297915,False,0.000121,False,False,0.000000,0.466907
rand_n10_m10_d5_s1024,C_large,TYPE_C,0,True,warm_start,0.601099,False,0.024010,True,True,0.000000,1.261780
rand_n10_m10_d5_s1024,R_all,TYPE_R,0.1,False,recompute,,True,0.038430,True,False,2.268407,0.000000
rand_n10_m10_d5_s1024,C_medium,TYPE_C,0,False,none,0.241843,True,0.000000,False,True,0.000000,0.484847
rand_n10_m10_d5_s1024,RC_small,TYPE_RC,0.05,True,parametric_lp,,False,0.006518,False,False,0.780290,0.142066
rand_n10_m10_d5_s1024,C_large,TYPE_C,0,False,none,0.535467,True,0.005860,False,True,0.000000,1.212117
rand_n10_m10_d5_s1024,RC_small,TYPE_RC,0.05,False,recompute,,True,0.000794,False,True,0.497845,0.116515
rand_n10_m10_d5_s1024,C_large,TYPE_C,0,True,warm_start,0.629487,False,0.000628,False,False,0.000000,1.167269
rand_n10_m10_d5_s1024,RC_medium,TYPE_RC,0.2,True,parametric_lp,,False,0.002032,False,False,1.991379,0.466061
rand_n10_m10_d5_s1024,RC_medium,TYPE_RC,0.2,True,parametric_lp,,False,0.024608,True,True,3.121158,0.568262
rand_n10_m10_d5_s1024,RC_medium,TYPE_RC,0.2,True,parametric_lp,,False,0.011153,True,True,1.851500,0.374597
rand_n10_m10_d5_s1024,RC_large,TYPE_RC,0.5,True,parametric_lp,,False,0.053328,True,True,7.802896,1.420655
rand_n10_m10_d5_s1024,RC_large,TYPE_RC,0.5,True,parametric_lp,,False,0.001040,False,False,4.978448,1.165152
rand_n10_m10_d5_s1024,RC_large,TYPE_RC,0.5,True,parametric_lp,,False,0.019731,True,True,4.628751,0.936492
rand_n10_m10_d5_s1024,RC_asym_bc,TYPE_RC,0.05,True,parametric_lp,,False,0.002824,False,False,0.780290,1.420655
rand_n10_m10_d5_s1024,RC_asym_bc,TYPE_RC,0.05,True,parametric_lp,,False,0.002635,False,False,0.497845,1.165152
rand_n10_m10_d5_s1024,RC_small,TYPE_RC,0.05,True,parametric_lp,,False,0.003371,False,False,0.462875,0.093649
rand_n10_m10_d5_s1024,RC_asym_cb,TYPE_RC,0.5,True,parametric_lp,,False,0.001361,False,False,4.978448,0.116515
rand_n10_m10_d5_s1024,RC_asym_cb,TYPE_RC,0.5,True,parametric_lp,,False,0.070816,True,True,7.802896,0.142066
rand_n10_m10_d8_s42,R_small,TYPE_R,0.05,False,recompute,,True,0.006705,False,True,1.079431,0.000000
rand_n10_m10_d5_s1024,RC_asym_bc,TYPE_RC,0.05,True,parametric_lp,,False,0.000860,False,False,0.462875,0.936492
rand_n10_m10_d8_s42,R_small,TYPE_R,0.05,False,recompute,,True,0.001211,False,True,0.512182,0.000000
rand_n10_m10_d5_s1024,RC_asym_cb,TYPE_RC,0.5,True,parametric_lp,,False,0.036180,True,True,4.628751,0.093649
rand_n10_m10_d8_s42,R_small,TYPE_R,0.05,False,recompute,,True,0.003139,False,True,0.806933,0.000000
rand_n10_m10_d8_s42,R_medium,TYPE_R,0.2,False,recompute,,True,0.004863,False,True,2.048729,0.000000
rand_n10_m10_d8_s42,R_large,TYPE_R,0.5,False,recompute,,True,0.071353,True,False,10.794309,0.000000
rand_n10_m10_d8_s42,R_large,TYPE_R,0.5,False,recompute,,True,0.012248,True,False,5.121821,0.000000
rand_n10_m10_d8_s42,R_large,TYPE_R,0.5,False,recompute,,True,0.030528,True,False,8.069327,0.000000
rand_n10_m10_d8_s42,R_single,TYPE_R,0.2,False,recompute,,True,0.000542,False,True,1.632470,0.000000
rand_n10_m10_d8_s42,R_medium,TYPE_R,0.2,False,recompute,,True,0.012439,True,False,3.227731,0.000000
rand_n10_m10_d8_s42,R_single,TYPE_R,0.2,False,recompute,,True,0.000000,False,True,0.633513,0.000000
rand_n10_m10_d8_s42,R_medium,TYPE_R,0.2,False,recompute,,True,0.027369,True,False,4.317724,0.000000
rand_n10_m10_d8_s42,R_all,TYPE_R,0.1,False,recompute,,True,0.018768,True,False,2.394934,0.000000
rand_n10_m10_d8_s42,R_all,TYPE_R,0.1,False,recompute,,True,0.018768,True,False,2.394934,0.000000
rand_n10_m10_d8_s42,R_all,TYPE_R,0.1,False,recompute,,True,0.018768,True,False,2.394934,0.000000
rand_n10_m10_d8_s42,C_small,TYPE_C,0,False,none,0.000000,True,0.000000,False,True,0.000000,0.094732
rand_n10_m10_d8_s42,C_small,TYPE_C,0,False,none,0.000000,True,0.000000,False,True,0.000000,0.192894
rand_n10_m10_d8_s42,R_single,TYPE_R,0.2,False,recompute,,True,0.036548,True,False,4.145650,0.000000
rand_n10_m10_d8_s42,C_small,TYPE_C,0,False,none,0.000000,True,0.000000,False,True,0.000000,0.149471
rand_n10_m10_d8_s42,C_large,TYPE_C,0,True,warm_start,0.384908,False,0.000000,False,False,0.000000,1.928943
rand_n10_m10_d8_s42,C_large,TYPE_C,0,False,none,0.417684,True,0.000231,False,True,0.000000,0.947323
rand_n10_m10_d8_s42,C_medium,TYPE_C,0,False,none,0.014856,False,0.000000,False,True,0.000000,0.771577
rand_n10_m10_d8_s42,C_large,TYPE_C,0,True,warm_start,0.309133,False,0.004055,False,False,0.000000,1.494711
rand_n10_m10_d8_s42,RC_small,TYPE_RC,0.05,False,recompute,,True,0.006857,False,True,1.079431,0.231162
rand_n10_m10_d8_s42,C_medium,TYPE_C,0,False,none,0.034868,True,0.000000,False,True,0.000000,0.378929
rand_n10_m10_d8_s42,C_medium,TYPE_C,0,False,none,0.000000,True,0.000000,False,True,0.000000,0.597884
rand_n10_m10_d8_s42,RC_small,TYPE_RC,0.05,False,recompute,,True,0.001262,False,True,0.512182,0.098027
rand_n10_m10_d8_s42,RC_small,TYPE_RC,0.05,False,recompute,,True,0.003074,False,True,0.806933,0.104683
rand_n10_m10_d8_s42,RC_medium,TYPE_RC,0.2,True,parametric_lp,,False,0.027694,True,True,4.317724,0.924646
rand_n10_m10_d8_s42,RC_medium,TYPE_RC,0.2,False,recompute,,True,0.002629,False,True,2.048729,0.392110
rand_n10_m10_d8_s42,RC_large,TYPE_RC,0.5,True,parametric_lp,,False,0.006030,False,False,5.121821,0.980275
rand_n10_m10_d8_s42,RC_medium,TYPE_RC,0.2,False,recompute,,True,0.011432,True,False,3.227731,0.418733
rand_n10_m10_d8_s42,RC_large,TYPE_RC,0.5,True,parametric_lp,,False,0.059242,True,True,10.794309,2.311616
rand_n10_m10_d8_s42,RC_asym_bc,TYPE_RC,0.05,True,parametric_lp,,False,0.009452,False,False,1.079431,2.311616
rand_n10_m10_d8_s42,RC_asym_bc,TYPE_RC,0.05,True,parametric_lp,,False,0.014902,True,True,0.512182,0.980275
rand_n10_m10_d8_s42,RC_large,TYPE_RC,0.5,True,parametric_lp,,False,0.024576,True,True,8.069327,1.046833
rand_n10_m10_d8_s42,RC_asym_bc,TYPE_RC,0.05,True,parametric_lp,,False,0.002513,False,False,0.806933,1.046833
rand_n10_m10_d8_s42,RC_asym_cb,TYPE_RC,0.5,False,recompute,,True,0.073076,True,False,10.794309,0.231162
rand_n10_m10_d8_s123,R_small,TYPE_R,0.05,False,recompute,,True,0.017440,True,False,1.376923,0.000000
rand_n10_m10_d8_s123,R_small,TYPE_R,0.05,False,recompute,,True,0.003922,False,True,1.497965,0.000000
rand_n10_m10_d8_s123,R_small,TYPE_R,0.05,False,recompute,,True,0.009227,False,True,1.201770,0.000000
rand_n10_m10_d8_s123,R_medium,TYPE_R,0.2,True,warm_start,,False,0.080865,True,True,5.507691,0.000000
rand_n10_m10_d8_s123,R_medium,TYPE_R,0.2,False,recompute,,True,0.015505,True,False,5.991859,0.000000
rand_n10_m10_d8_s42,RC_asym_cb,TYPE_RC,0.5,False,recompute,,True,0.029914,True,False,8.069327,0.104683
rand_n10_m10_d8_s123,R_medium,TYPE_R,0.2,False,recompute,,True,0.034485,True,False,4.807079,0.000000
rand_n10_m10_d8_s123,R_large,TYPE_R,0.5,True,warm_start,,False,0.661550,True,True,13.769228,0.000000
rand_n10_m10_d8_s42,RC_asym_cb,TYPE_RC,0.5,False,recompute,,True,0.012769,True,False,5.121821,0.098027
rand_n10_m10_d8_s123,R_large,TYPE_R,0.5,True,warm_start,,False,0.050500,True,True,12.017697,0.000000
rand_n10_m10_d8_s123,R_single,TYPE_R,0.2,False,recompute,,True,0.000000,False,True,6.231599,0.000000
rand_n10_m10_d8_s123,R_single,TYPE_R,0.2,False,recompute,,True,0.000000,False,True,3.822264,0.000000
rand_n10_m10_d8_s123,R_single,TYPE_R,0.2,False,recompute,,True,0.040619,True,False,4.541156,0.000000
rand_n10_m10_d8_s123,R_large,TYPE_R,0.5,True,warm_start,,False,0.029384,True,True,14.979648,0.000000
rand_n10_m10_d8_s123,R_all,TYPE_R,0.1,False,recompute,,True,0.038201,True,False,3.115799,0.000000
rand_n10_m10_d8_s123,R_all,TYPE_R,0.1,False,recompute,,True,0.038201,True,False,3.115799,0.000000
rand_n10_m10_d8_s123,C_small,TYPE_C,0,False,none,0.000000,True,0.000000,False,True,0.000000,0.109012
rand_n10_m10_d8_s123,R_all,TYPE_R,0.1,False,recompute,,True,0.038201,True,False,3.115799,0.000000
rand_n10_m10_d8_s123,C_small,TYPE_C,0,False,none,0.000000,True,0.000000,False,True,0.000000,0.157624
rand_n10_m10_d8_s123,C_medium,TYPE_C,0,False,none,0.000000,True,0.000000,False,True,0.000000,0.436050
rand_n10_m10_d8_s123,C_small,TYPE_C,0,False,none,0.000000,True,0.000000,False,True,0.000000,0.088124
rand_n10_m10_d8_s123,C_medium,TYPE_C,0,False,none,0.000000,True,0.000000,False,True,0.000000,0.352497
rand_n10_m10_d8_s123,C_medium,TYPE_C,0,False,none,0.000000,True,0.000000,False,True,0.000000,0.630495
rand_n10_m10_d8_s123,C_large,TYPE_C,0,False,none,0.000000,True,0.000000,False,True,0.000000,1.090124
rand_n10_m10_d8_s123,C_large,TYPE_C,0,False,none,0.000000,True,0.000000,False,True,0.000000,0.881242
rand_n10_m10_d8_s123,RC_small,TYPE_RC,0.05,False,recompute,,True,0.003857,False,True,1.497965,0.215972
rand_n10_m10_d8_s123,C_large,TYPE_C,0,False,none,0.000000,True,0.000000,False,True,0.000000,1.576237
rand_n10_m10_d8_s123,RC_small,TYPE_RC,0.05,False,recompute,,True,0.009199,False,True,1.201770,0.173587
rand_n10_m10_d8_s123,RC_medium,TYPE_RC,0.2,True,parametric_lp,,False,0.079877,True,True,5.507691,0.860147
rand_n10_m10_d8_s123,RC_medium,TYPE_RC,0.2,False,recompute,,True,0.014439,True,False,5.991859,0.863886
rand_n10_m10_d8_s123,RC_large,TYPE_RC,0.5,True,parametric_lp,,False,0.473461,True,True,13.769228,2.150367
rand_n10_m10_d8_s123,RC_medium,TYPE_RC,0.2,False,recompute,,True,0.033836,True,False,4.807079,0.694349
rand_n10_m10_d8_s123,RC_large,TYPE_RC,0.5,True,parametric_lp,,False,0.052011,True,True,12.017697,1.735873
rand_n10_m10_d8_s123,RC_asym_bc,TYPE_RC,0.05,False,recompute,,True,0.017008,True,False,1.376923,2.150367
rand_n10_m10_d8_s123,RC_asym_bc,TYPE_RC,0.05,False,recompute,,True,0.003176,False,True,1.497965,2.159715
rand_n10_m10_d8_s123,RC_small,TYPE_RC,0.05,False,recompute,,True,0.017408,True,False,1.376923,0.215037
rand_n10_m10_d8_s123,RC_asym_bc,TYPE_RC,0.05,False,recompute,,True,0.008937,False,True,1.201770,1.735873
rand_n10_m10_d8_s123,RC_asym_cb,TYPE_RC,0.5,True,parametric_lp,,False,0.645803,True,True,13.769228,0.215037
rand_n10_m10_d8_s123,RC_large,TYPE_RC,0.5,True,parametric_lp,,False,0.024073,True,True,14.979648,2.159715
rand_n10_m10_d8_s123,RC_asym_cb,TYPE_RC,0.5,True,parametric_lp,,False,0.028920,True,True,14.979648,0.215972
rand_n10_m10_d8_s123,RC_asym_cb,TYPE_RC,0.5,True,parametric_lp,,False,0.050648,True,True,12.017697,0.173587
rand_n10_m10_d8_s456,R_small,TYPE_R,0.05,False,recompute,,True,0.017238,True,False,1.682683,0.000000
rand_n10_m10_d8_s456,R_medium,TYPE_R,0.2,True,warm_start,,False,0.065923,True,True,7.322416,0.000000
rand_n10_m10_d8_s456,R_small,TYPE_R,0.05,False,recompute,,True,0.014225,True,False,1.468636,0.000000
rand_n10_m10_d8_s456,R_medium,TYPE_R,0.2,False,recompute,,True,0.072711,True,False,6.730733,0.000000
rand_n10_m10_d8_s456,R_small,TYPE_R,0.05,False,recompute,,True,0.017646,True,False,1.830604,0.000000
rand_n10_m10_d8_s456,R_medium,TYPE_R,0.2,True,warm_start,,False,0.054572,True,True,5.874543,0.000000
rand_n10_m10_d8_s456,R_large,TYPE_R,0.5,True,warm_start,,False,0.227801,True,True,16.826833,0.000000
rand_n10_m10_d8_s456,R_large,TYPE_R,0.5,True,warm_start,,False,0.121850,True,True,14.686356,0.000000
rand_n10_m10_d8_s456,R_single,TYPE_R,0.2,True,warm_start,,False,0.068674,True,True,7.615392,0.000000
rand_n10_m10_d8_s456,R_single,TYPE_R,0.2,False,recompute,,True,0.002380,False,True,0.812673,0.000000
rand_n10_m10_d8_s456,R_all,TYPE_R,0.1,False,recompute,,True,0.037909,True,False,3.807696,0.000000
rand_n10_m10_d8_s456,R_all,TYPE_R,0.1,False,recompute,,True,0.037909,True,False,3.807696,0.000000
rand_n10_m10_d8_s456,R_single,TYPE_R,0.2,False,recompute,,True,0.000000,False,True,0.262478,0.000000
rand_n10_m10_d8_s456,R_all,TYPE_R,0.1,False,recompute,,True,0.037909,True,False,3.807696,0.000000
rand_n10_m10_d8_s456,C_small,TYPE_C,0,False,none,0.000000,True,0.000000,False,True,0.000000,0.127120
rand_n10_m10_d8_s456,C_small,TYPE_C,0,False,none,0.000000,True,0.000000,False,True,0.000000,0.081901
rand_n10_m10_d8_s456,C_small,TYPE_C,0,False,none,0.000000,True,0.000398,False,True,0.000000,0.161830
rand_n10_m10_d8_s456,C_medium,TYPE_C,0,True,warm_start,0.173557,False,0.011580,True,True,0.000000,0.647319
rand_n10_m10_d8_s456,C_large,TYPE_C,0,True,warm_start,0.546765,False,0.005681,False,False,0.000000,1.271201
rand_n10_m10_d8_s456,C_medium,TYPE_C,0,True,warm_start,0.231806,False,0.008491,False,False,0.000000,0.327604
rand_n10_m10_d8_s456,R_large,TYPE_R,0.5,True,warm_start,,False,0.144356,True,True,18.306040,0.000000
rand_n10_m10_d8_s456,C_medium,TYPE_C,0,False,none,0.213799,True,0.000000,False,True,0.000000,0.508480
rand_n10_m10_d8_s456,C_large,TYPE_C,0,True,warm_start,0.576256,False,0.038292,True,True,0.000000,0.819009
rand_n10_m10_d8_s456,RC_small,TYPE_RC,0.05,False,recompute,,True,0.014248,True,False,1.468636,0.104231
rand_n10_m10_d8_s456,RC_small,TYPE_RC,0.05,False,recompute,,True,0.017749,True,False,1.830604,0.097833
rand_n10_m10_d8_s456,RC_small,TYPE_RC,0.05,False,recompute,,True,0.017666,True,False,1.682683,0.159970
rand_n10_m10_d8_s456,RC_medium,TYPE_RC,0.2,True,parametric_lp,,False,0.065401,True,True,7.322416,0.391333
rand_n10_m10_d8_s456,C_large,TYPE_C,0,True,warm_start,0.478585,False,0.035753,True,True,0.000000,1.618297
rand_n10_m10_d8_s456,RC_medium,TYPE_RC,0.2,True,parametric_lp,,False,0.080257,True,True,6.730733,0.639879
rand_n10_m10_d8_s456,RC_large,TYPE_RC,0.5,True,parametric_lp,,False,0.304679,True,True,16.826833,1.599697
rand_n10_m10_d8_s456,RC_medium,TYPE_RC,0.2,True,parametric_lp,,False,0.054905,True,True,5.874543,0.416925
rand_n10_m10_d8_s456,RC_large,TYPE_RC,0.5,True,parametric_lp,,False,0.112508,True,True,14.686356,1.042312
rand_n10_m10_d8_s456,RC_asym_bc,TYPE_RC,0.05,False,recompute,,True,0.018696,True,False,1.830604,0.978333
rand_n10_m10_d8_s456,RC_asym_bc,TYPE_RC,0.05,True,parametric_lp,,False,0.018505,True,True,1.682683,1.599697
rand_n10_m10_d8_s456,RC_large,TYPE_RC,0.5,True,parametric_lp,,False,0.115843,True,True,18.306040,0.978333
rand_n10_m10_d8_s456,RC_asym_cb,TYPE_RC,0.5,True,parametric_lp,,False,0.234226,True,True,16.826833,0.159970
rand_n10_m10_d8_s456,RC_asym_cb,TYPE_RC,0.5,True,parametric_lp,,False,0.120054,True,True,14.686356,0.104231
rand_n10_m10_d8_s789,R_small,TYPE_R,0.05,False,recompute,,True,0.007583,False,True,0.969200,0.000000
rand_n10_m10_d8_s789,R_small,TYPE_R,0.05,False,recompute,,True,0.001873,False,True,0.669474,0.000000
rand_n10_m10_d8_s456,RC_asym_bc,TYPE_RC,0.05,True,parametric_lp,,False,0.014447,True,True,1.468636,1.042312
rand_n10_m10_d8_s789,R_small,TYPE_R,0.05,True,warm_start,,False,0.014216,True,True,1.519061,0.000000
rand_n10_m10_d8_s456,RC_asym_cb,TYPE_RC,0.5,True,parametric_lp,,False,0.141493,True,True,18.306040,0.097833
rand_n10_m10_d8_s789,R_medium,TYPE_R,0.2,True,warm_start,,False,0.024193,True,True,3.876801,0.000000
rand_n10_m10_d8_s789,R_medium,TYPE_R,0.2,True,warm_start,,False,0.004322,False,False,2.677895,0.000000
rand_n10_m10_d8_s789,R_large,TYPE_R,0.5,True,warm_start,,False,0.054555,True,True,9.692003,0.000000
rand_n10_m10_d8_s789,R_medium,TYPE_R,0.2,True,warm_start,,False,0.067489,True,True,6.076245,0.000000
rand_n10_m10_d8_s789,R_large,TYPE_R,0.5,True,warm_start,,False,0.222178,True,True,15.190613,0.000000
rand_n10_m10_d8_s789,R_large,TYPE_R,0.5,True,warm_start,,False,0.006531,False,False,6.694736,0.000000
rand_n10_m10_d8_s789,R_single,TYPE_R,0.2,False,recompute,,True,0.001950,False,True,0.640650,0.000000
rand_n10_m10_d8_s789,R_single,TYPE_R,0.2,False,recompute,,True,0.000539,False,True,0.135990,0.000000
rand_n10_m10_d8_s789,R_all,TYPE_R,0.1,True,warm_start,,False,0.046707,True,True,4.416115,0.000000
rand_n10_m10_d8_s789,R_all,TYPE_R,0.1,True,warm_start,,False,0.046707,True,True,4.416115,0.000000
rand_n10_m10_d8_s789,C_small,TYPE_C,0,False,none,0.000000,True,0.000000,False,True,0.000000,0.208744
rand_n10_m10_d8_s789,R_all,TYPE_R,0.1,True,warm_start,,False,0.046707,True,True,4.416115,0.000000
rand_n10_m10_d8_s789,R_single,TYPE_R,0.2,True,warm_start,,False,0.004345,False,False,3.029207,0.000000
rand_n10_m10_d8_s789,C_small,TYPE_C,0,False,none,0.000000,True,0.000000,False,True,0.000000,0.099047
rand_n10_m10_d8_s789,C_small,TYPE_C,0,False,none,0.000000,True,0.000000,False,True,0.000000,0.156047
rand_n10_m10_d8_s789,C_medium,TYPE_C,0,False,none,0.000000,True,0.000000,False,True,0.000000,0.834976
rand_n10_m10_d8_s789,C_medium,TYPE_C,0,False,none,0.000000,True,0.000000,False,True,0.000000,0.396190
rand_n10_m10_d8_s789,C_medium,TYPE_C,0,False,none,0.000000,True,0.000000,False,True,0.000000,0.624189
rand_n10_m10_d8_s789,C_large,TYPE_C,0,False,none,0.225002,True,0.000000,False,True,0.000000,0.990475
rand_n10_m10_d8_s789,C_large,TYPE_C,0,False,none,0.103233,True,0.000000,False,True,0.000000,1.560474
rand_n10_m10_d8_s789,RC_small,TYPE_RC,0.05,True,parametric_lp,,False,0.014448,True,True,1.519061,0.217634
rand_n10_m10_d8_s789,RC_small,TYPE_RC,0.05,False,recompute,,True,0.007629,False,True,0.969200,0.160116
rand_n10_m10_d8_s789,RC_small,TYPE_RC,0.05,False,recompute,,True,0.001484,False,True,0.669474,0.071882
rand_n10_m10_d8_s789,RC_large,TYPE_RC,0.5,True,parametric_lp,,False,0.208494,True,True,15.190613,2.176342
rand_n10_m10_d8_s789,RC_medium,TYPE_RC,0.2,True,parametric_lp,,False,0.000752,False,False,2.677895,0.287527
rand_n10_m10_d8_s789,RC_medium,TYPE_RC,0.2,True,parametric_lp,,False,0.070109,True,True,6.076245,0.870537
rand_n10_m10_d8_s789,RC_large,TYPE_RC,0.5,True,parametric_lp,,False,0.022300,True,True,6.694736,0.718818
rand_n10_m10_d8_s789,C_large,TYPE_C,0,True,warm_start,0.188234,False,0.000000,False,False,0.000000,2.087440
rand_n10_m10_d8_s789,RC_asym_bc,TYPE_RC,0.05,True,parametric_lp,,False,0.007221,False,False,1.519061,2.176342
rand_n10_m10_d8_s789,RC_asym_bc,TYPE_RC,0.05,True,parametric_lp,,False,0.002184,False,False,0.669474,0.718818
rand_n10_m10_d8_s789,RC_asym_bc,TYPE_RC,0.05,True,parametric_lp,,False,0.009558,False,False,0.969200,1.601164
rand_n10_m10_d8_s789,RC_large,TYPE_RC,0.5,True,parametric_lp,,False,0.076952,True,True,9.692003,1.601164
rand_n10_m10_d8_s789,RC_asym_cb,TYPE_RC,0.5,True,parametric_lp,,False,0.222614,True,True,15.190613,0.217634
rand_n10_m10_d8_s789,RC_asym_cb,TYPE_RC,0.5,True,parametric_lp,,False,0.003827,False,False,6.694736,0.071882
rand_n10_m10_d8_s789,RC_medium,TYPE_RC,0.2,True,parametric_lp,,False,0.027177,True,True,3.876801,0.640466
rand_n10_m10_d8_s789,RC_asym_cb,TYPE_RC,0.5,True,parametric_lp,,False,0.056642,True,True,9.692003,0.160116
rand_n10_m10_d8_s1024,R_small,TYPE_R,0.05,False,recompute,,True,0.014714,True,False,1.022740,0.000000
rand_n10_m10_d8_s1024,R_medium,TYPE_R,0.2,True,warm_start,,False,0.101051,True,True,3.310595,0.000000
rand_n10_m10_d8_s1024,R_small,TYPE_R,0.05,False,recompute,,True,0.007795,False,True,0.896027,0.000000
rand_n10_m10_d8_s1024,R_small,TYPE_R,0.05,False,recompute,,True,0.023483,True,False,0.827649,0.000000
rand_n10_m10_d8_s1024,R_medium,TYPE_R,0.2,False,recompute,,True,0.030468,True,False,3.584107,0.000000
rand_n10_m10_d8_s1024,R_medium,TYPE_R,0.2,False,recompute,,True,0.056369,True,False,4.090961,0.000000
rand_n10_m10_d8_s1024,R_large,TYPE_R,0.5,True,warm_start,,False,0.320357,True,True,8.276489,0.000000
rand_n10_m10_d8_s1024,R_large,TYPE_R,0.5,True,warm_start,,False,0.125253,True,True,10.227402,0.000000
rand_n10_m10_d8_s1024,R_single,TYPE_R,0.2,False,recompute,,True,0.047776,True,False,3.727510,0.000000
rand_n10_m10_d8_s1024,R_single,TYPE_R,0.2,False,recompute,,True,0.000000,False,True,0.041231,0.000000
rand_n10_m10_d8_s1024,R_single,TYPE_R,0.2,False,recompute,,True,0.090058,True,False,4.811835,0.000000
rand_n10_m10_d8_s1024,R_large,TYPE_R,0.5,True,warm_start,,False,0.069446,True,True,8.960266,0.000000
rand_n10_m10_d8_s1024,R_all,TYPE_R,0.1,False,recompute,,True,0.084578,True,False,3.207138,0.000000
rand_n10_m10_d8_s1024,R_all,TYPE_R,0.1,False,recompute,,True,0.084578,True,False,3.207138,0.000000
rand_n10_m10_d8_s1024,C_small,TYPE_C,0,False,none,0.000000,True,0.000000,False,True,0.000000,0.126178
rand_n10_m10_d8_s1024,R_all,TYPE_R,0.1,False,recompute,,True,0.084578,True,False,3.207138,0.000000
rand_n10_m10_d8_s1024,C_small,TYPE_C,0,False,none,0.000000,True,0.000000,False,True,0.000000,0.116727
rand_n10_m10_d8_s1024,C_small,TYPE_C,0,False,none,0.000000,True,0.000000,False,True,0.000000,0.121212
rand_n10_m10_d8_s1024,C_medium,TYPE_C,0,False,none,0.000000,True,0.000000,False,True,0.000000,0.466907
rand_n10_m10_d8_s1024,C_medium,TYPE_C,0,False,none,0.000000,True,0.000000,False,True,0.000000,0.504712
rand_n10_m10_d8_s1024,C_large,TYPE_C,0,False,none,0.171048,True,0.000000,False,True,0.000000,1.261780
rand_n10_m10_d8_s1024,C_large,TYPE_C,0,False,none,0.208164,True,0.000000,False,True,0.000000,1.167269
rand_n10_m10_d8_s1024,C_large,TYPE_C,0,False,none,0.085240,True,0.009623,False,True,0.000000,1.212117
rand_n10_m10_d8_s1024,RC_small,TYPE_RC,0.05,False,recompute,,True,0.007695,False,True,0.896027,0.116515
rand_n10_m10_d8_s1024,RC_small,TYPE_RC,0.05,False,recompute,,True,0.023557,True,False,0.827649,0.142066
rand_n10_m10_d8_s1024,C_medium,TYPE_C,0,False,none,0.000000,True,0.000000,False,True,0.000000,0.484847
rand_n10_m10_d8_s1024,RC_medium,TYPE_RC,0.2,True,parametric_lp,,False,0.102452,True,True,3.310595,0.568262
rand_n10_m10_d8_s1024,RC_small,TYPE_RC,0.05,False,recompute,,True,0.014798,True,False,1.022740,0.093649
rand_n10_m10_d8_s1024,RC_medium,TYPE_RC,0.2,False,recompute,,True,0.028933,True,False,3.584107,0.466061
rand_n10_m10_d8_s1024,RC_large,TYPE_RC,0.5,True,parametric_lp,,False,0.062126,True,True,8.960266,1.165152
rand_n10_m10_d8_s1024,RC_asym_cb,TYPE_RC,0.5,True,parametric_lp,,False,0.068723,True,True,8.960266,0.116515
rand_n10_m10_d8_s1024,RC_asym_cb,TYPE_RC,0.5,True,parametric_lp,,False,0.321006,True,True,8.276489,0.142066
rand_n10_m10_d8_s1024,RC_asym_bc,TYPE_RC,0.05,False,recompute,,True,0.015491,True,False,1.022740,0.936492
rand_n10_m10_d8_s1024,RC_asym_bc,TYPE_RC,0.05,False,recompute,,True,0.006787,False,True,0.896027,1.165152
rand_n10_m10_d8_s1024,RC_large,TYPE_RC,0.5,True,parametric_lp,,False,0.129718,True,True,10.227402,0.936492
rand_n10_m10_d8_s1024,RC_asym_bc,TYPE_RC,0.05,False,recompute,,True,0.024264,True,False,0.827649,1.420655
rand_n10_m20_d3_s42,R_small,TYPE_R,0.05,False,recompute,,True,0.005568,False,True,1.073654,0.000000
rand_n10_m10_d8_s1024,RC_large,TYPE_RC,0.5,True,parametric_lp,,False,0.327198,True,True,8.276489,1.420655
rand_n10_m10_d8_s1024,RC_asym_cb,TYPE_RC,0.5,True,parametric_lp,,False,0.125738,True,True,10.227402,0.093649
rand_n10_m20_d3_s42,R_medium,TYPE_R,0.2,True,warm_start,,False,0.031516,True,True,4.294617,0.000000
rand_n10_m20_d3_s42,R_small,TYPE_R,0.05,False,recompute,,True,0.001947,False,True,0.904204,0.000000
rand_n10_m20_d3_s42,R_medium,TYPE_R,0.2,True,warm_start,,False,0.007835,False,False,3.616816,0.000000
rand_n10_m20_d3_s42,R_large,TYPE_R,0.5,True,warm_start,,False,0.221751,True,True,10.736543,0.000000
rand_n10_m20_d3_s42,R_small,TYPE_R,0.05,False,recompute,,True,0.004356,False,True,1.067845,0.000000
rand_n10_m20_d3_s42,R_single,TYPE_R,0.2,True,warm_start,,False,0.004126,False,False,4.442281,0.000000
rand_n10_m20_d3_s42,R_medium,TYPE_R,0.2,True,warm_start,,False,0.005832,False,False,4.271380,0.000000
rand_n10_m20_d3_s42,R_single,TYPE_R,0.2,False,recompute,,True,0.000000,False,True,1.695465,0.000000
rand_n10_m20_d3_s42,R_single,TYPE_R,0.2,False,recompute,,True,0.000000,False,True,6.242077,0.000000
rand_n10_m10_d8_s1024,RC_medium,TYPE_RC,0.2,False,recompute,,True,0.057568,True,False,4.090961,0.374597
rand_n10_m20_d3_s42,R_large,TYPE_R,0.5,True,warm_start,,False,0.003461,False,False,10.678449,0.000000
rand_n10_m20_d3_s42,R_all,TYPE_R,0.1,True,warm_start,,False,0.032523,True,True,3.121038,0.000000
rand_n10_m20_d3_s42,R_large,TYPE_R,0.5,True,warm_start,,False,0.040161,True,True,9.042040,0.000000
rand_n10_m20_d3_s42,R_all,TYPE_R,0.1,True,warm_start,,False,0.032523,True,True,3.121038,0.000000
rand_n10_m20_d3_s42,C_small,TYPE_C,0,False,none,0.000000,True,0.000000,False,True,0.000000,0.146808
rand_n10_m20_d3_s42,C_small,TYPE_C,0,False,none,0.000000,True,0.000000,False,True,0.000000,0.117779
rand_n10_m20_d3_s42,C_medium,TYPE_C,0,False,none,0.000000,True,0.000000,False,True,0.000000,0.539780
rand_n10_m20_d3_s42,C_medium,TYPE_C,0,False,none,0.000000,True,0.000000,False,True,0.000000,0.587231
rand_n10_m20_d3_s42,R_all,TYPE_R,0.1,True,warm_start,,False,0.032523,True,True,3.121038,0.000000
rand_n10_m20_d3_s42,C_medium,TYPE_C,0,False,none,0.000000,True,0.000000,False,True,0.000000,0.471117
rand_n10_m20_d3_s42,RC_small,TYPE_RC,0.05,False,recompute,,True,0.004216,False,True,1.067845,0.052093
rand_n10_m20_d3_s42,C_large,TYPE_C,0,False,none,0.000000,True,0.000000,False,True,0.000000,1.177791
rand_n10_m20_d3_s42,RC_medium,TYPE_RC,0.2,True,parametric_lp,,False,0.032376,True,True,4.294617,0.366834
rand_n10_m20_d3_s42,C_large,TYPE_C,0,False,none,0.000000,True,0.000000,False,True,0.000000,1.468076
rand_n10_m20_d3_s42,RC_small,TYPE_RC,0.05,False,recompute,,True,0.005677,False,True,1.073654,0.091709
rand_n10_m20_d3_s42,RC_large,TYPE_RC,0.5,True,parametric_lp,,False,0.203313,True,True,10.736543,0.917085
rand_n10_m20_d3_s42,RC_medium,TYPE_RC,0.2,True,parametric_lp,,False,0.005278,False,False,4.271380,0.208374
rand_n10_m20_d3_s42,RC_large,TYPE_RC,0.5,True,parametric_lp,,False,0.002792,False,False,10.678449,0.520934
rand_n10_m20_d3_s42,C_large,TYPE_C,0,False,none,0.000000,True,0.000127,False,True,0.000000,1.349450
rand_n10_m20_d3_s42,C_small,TYPE_C,0,False,none,0.000000,True,0.000000,False,True,0.000000,0.134945
rand_n10_m20_d3_s42,RC_medium,TYPE_RC,0.2,True,parametric_lp,,False,0.004948,False,False,3.616816,0.299436
rand_n10_m20_d3_s42,RC_asym_bc,TYPE_RC,0.05,False,recompute,,True,0.006815,False,True,1.073654,0.917085
rand_n10_m20_d3_s42,RC_small,TYPE_RC,0.05,False,recompute,,True,0.001783,False,True,0.904204,0.074859
rand_n10_m20_d3_s42,RC_asym_bc,TYPE_RC,0.05,False,recompute,,True,0.003109,False,True,1.067845,0.520934
rand_n10_m20_d3_s42,RC_asym_bc,TYPE_RC,0.05,False,recompute,,True,0.000230,False,True,0.904204,0.748591
rand_n10_m20_d3_s42,RC_large,TYPE_RC,0.5,True,parametric_lp,,False,0.016305,True,True,9.042040,0.748591
rand_n10_m20_d3_s42,RC_asym_cb,TYPE_RC,0.5,True,parametric_lp,,False,0.221837,True,True,10.736543,0.091709
rand_n10_m20_d3_s42,RC_asym_cb,TYPE_RC,0.5,True,parametric_lp,,False,0.003385,False,False,10.678449,0.052093
rand_n10_m20_d3_s42,RC_asym_cb,TYPE_RC,0.5,True,parametric_lp,,False,0.038328,True,True,9.042040,0.074859
rand_n10_m20_d3_s123,R_small,TYPE_R,0.05,False,recompute,,True,0.003220,False,True,0.974997,0.000000
rand_n10_m20_d3_s123,R_small,TYPE_R,0.05,False,recompute,,True,0.013716,True,False,1.041192,0.000000
rand_n10_m20_d3_s123,R_medium,TYPE_R,0.2,True,warm_start,,False,0.043845,True,True,3.899987,0.000000
rand_n10_m20_d3_s123,R_medium,TYPE_R,0.2,True,warm_start,,False,0.000858,False,False,3.341262,0.000000
rand_n10_m20_d3_s123,R_large,TYPE_R,0.5,True,warm_start,,False,0.217289,True,True,9.749966,0.000000
rand_n10_m20_d3_s123,R_medium,TYPE_R,0.2,True,warm_start,,False,0.040694,True,True,4.164769,0.000000
rand_n10_m20_d3_s123,R_large,TYPE_R,0.5,True,warm_start,,False,0.005379,False,False,10.411922,0.000000
rand_n10_m20_d3_s123,R_single,TYPE_R,0.2,True,warm_start,,False,0.021593,True,True,3.404943,0.000000
rand_n10_m20_d3_s123,R_single,TYPE_R,0.2,False,recompute,,True,0.000000,False,True,5.668495,0.000000
rand_n10_m20_d3_s123,R_all,TYPE_R,0.1,True,warm_start,,False,0.080594,True,True,3.156087,0.000000
rand_n10_m20_d3_s123,R_all,TYPE_R,0.1,True,warm_start,,False,0.080594,True,True,3.156087,0.000000
rand_n10_m20_d3_s123,C_small,TYPE_C,0,False,none,0.000000,True,0.000000,False,True,0.000000,0.122239
rand_n10_m20_d3_s123,R_all,TYPE_R,0.1,True,warm_start,,False,0.080594,True,True,3.156087,0.000000
rand_n10_m20_d3_s123,C_small,TYPE_C,0,False,none,0.000000,True,0.000000,False,True,0.000000,0.087145
rand_n10_m20_d3_s123,C_small,TYPE_C,0,False,none,0.000000,True,0.000000,False,True,0.000000,0.159278
rand_n10_m20_d3_s123,C_medium,TYPE_C,0,True,warm_start,0.210402,False,0.005443,False,False,0.000000,0.488958
rand_n10_m20_d3_s123,C_medium,TYPE_C,0,False,none,0.170085,True,0.000000,False,True,0.000000,0.637114
rand_n10_m20_d3_s123,C_medium,TYPE_C,0,False,none,0.228444,True,0.000000,False,True,0.000000,0.348581
rand_n10_m20_d3_s123,C_large,TYPE_C,0,True,warm_start,0.544002,False,0.018428,True,True,0.000000,1.222394
rand_n10_m20_d3_s123,R_small,TYPE_R,0.05,False,recompute,,True,0.001398,False,True,0.835316,0.000000
rand_n10_m20_d3_s123,C_large,TYPE_C,0,True,warm_start,0.573550,False,0.008568,False,False,0.000000,0.871453
rand_n10_m20_d3_s123,RC_small,TYPE_RC,0.05,False,recompute,,True,0.001952,False,True,0.835316,0.152569
rand_n10_m20_d3_s123,RC_medium,TYPE_RC,0.2,True,parametric_lp,,False,0.059592,True,True,3.899987,0.405339
rand_n10_m20_d3_s123,RC_small,TYPE_RC,0.05,False,recompute,,True,0.013403,True,False,1.041192,0.103034
rand_n10_m20_d3_s123,R_single,TYPE_R,0.2,False,recompute,,True,0.000000,False,True,4.331405,0.000000
rand_n10_m20_d3_s123,RC_medium,TYPE_RC,0.2,True,parametric_lp,,False,0.042188,True,True,4.164769,0.412135
rand_n10_m20_d3_s123,RC_large,TYPE_RC,0.5,True,parametric_lp,,False,0.218394,True,True,9.749966,1.013349
rand_n10_m20_d3_s123,RC_large,TYPE_RC,0.5,True,parametric_lp,,False,0.009230,False,False,10.411922,1.030336
rand_n10_m20_d3_s123,RC_medium,TYPE_RC,0.2,True,parametric_lp,,False,0.011867,True,True,3.341262,0.610274
rand_n10_m20_d3_s123,RC_large,TYPE_RC,0.5,True,parametric_lp,,False,0.012467,True,True,8.353155,1.525685
rand_n10_m20_d3_s123,C_large,TYPE_C,0,True,warm_start,0.475692,False,0.001984,False,False,0.000000,1.592785
rand_n10_m20_d3_s123,RC_asym_bc,TYPE_RC,0.05,True,parametric_lp,,False,0.011237,True,True,0.974997,1.013349
rand_n10_m20_d3_s123,RC_asym_bc,TYPE_RC,0.05,True,parametric_lp,,False,0.025545,True,True,1.041192,1.030336
rand_n10_m20_d3_s123,RC_asym_bc,TYPE_RC,0.05,True,parametric_lp,,False,0.017103,True,True,0.835316,1.525685
rand_n10_m20_d3_s123,RC_asym_cb,TYPE_RC,0.5,True,parametric_lp,,False,0.222581,True,True,9.749966,0.101335
rand_n10_m20_d3_s123,RC_asym_cb,TYPE_RC,0.5,True,parametric_lp,,False,0.069615,True,True,8.353155,0.152569
rand_n10_m20_d3_s123,RC_asym_cb,TYPE_RC,0.5,True,parametric_lp,,False,0.005769,False,False,10.411922,0.103034
rand_n10_m20_d3_s123,RC_small,TYPE_RC,0.05,False,recompute,,True,0.004005,False,True,0.974997,0.101335
rand_n10_m20_d3_s456,R_medium,TYPE_R,0.2,False,recompute,,True,0.012991,True,False,1.671352,0.000000
rand_n10_m20_d3_s456,R_small,TYPE_R,0.05,False,recompute,,True,0.006413,False,True,0.531771,0.000000
rand_n10_m20_d3_s123,R_large,TYPE_R,0.5,True,warm_start,,False,0.076887,True,True,8.353155,0.000000
rand_n10_m20_d3_s456,R_medium,TYPE_R,0.2,False,recompute,,True,0.024096,True,False,1.735567,0.000000
rand_n10_m20_d3_s456,R_medium,TYPE_R,0.2,True,warm_start,,False,0.024722,True,True,2.127083,0.000000
rand_n10_m20_d3_s456,R_large,TYPE_R,0.5,True,warm_start,,False,0.047039,True,True,5.317708,0.000000
rand_n10_m20_d3_s456,R_large,TYPE_R,0.5,True,warm_start,,False,0.042259,True,True,4.338918,0.000000
rand_n10_m20_d3_s456,R_single,TYPE_R,0.2,False,recompute,,True,0.000000,False,True,0.331413,0.000000
rand_n10_m20_d3_s456,R_single,TYPE_R,0.2,False,recompute,,True,0.000000,False,True,0.037788,0.000000
rand_n10_m20_d3_s456,R_single,TYPE_R,0.2,False,recompute,,True,0.000000,False,True,1.064271,0.000000
rand_n10_m20_d3_s456,R_all,TYPE_R,0.1,False,recompute,,True,0.028856,True,False,1.599587,0.000000
rand_n10_m20_d3_s456,R_large,TYPE_R,0.5,True,warm_start,,False,0.036375,True,True,4.178380,0.000000
rand_n10_m20_d3_s456,R_small,TYPE_R,0.05,False,recompute,,True,0.003216,False,True,0.417838,0.000000
rand_n10_m20_d3_s456,R_all,TYPE_R,0.1,False,recompute,,True,0.028856,True,False,1.599587,0.000000
rand_n10_m20_d3_s456,C_small,TYPE_C,0,False,none,0.000000,True,0.000000,False,True,0.000000,0.182191
rand_n10_m20_d3_s456,C_small,TYPE_C,0,False,none,0.000000,True,0.000000,False,True,0.000000,0.134589
rand_n10_m20_d3_s456,C_medium,TYPE_C,0,False,none,0.000000,True,0.000000,False,True,0.000000,0.728766
rand_n10_m20_d3_s456,C_large,TYPE_C,0,False,none,0.000000,True,0.000000,False,True,0.000000,1.821914
rand_n10_m20_d3_s456,C_large,TYPE_C,0,False,none,0.000000,True,0.000000,False,True,0.000000,1.289242
rand_n10_m20_d3_s456,R_small,TYPE_R,0.05,False,recompute,,True,0.006135,False,True,0.433892,0.000000
rand_n10_m20_d3_s456,C_medium,TYPE_C,0,False,none,0.000000,True,0.000000,False,True,0.000000,0.538355
rand_n10_m20_d3_s456,RC_small,TYPE_RC,0.05,False,recompute,,True,0.006312,False,True,0.531771,0.086215
rand_n10_m20_d3_s456,R_all,TYPE_R,0.1,False,recompute,,True,0.028856,True,False,1.599587,0.000000
rand_n10_m20_d3_s456,RC_small,TYPE_RC,0.05,False,recompute,,True,0.003374,False,True,0.417838,0.135203
rand_n10_m20_d3_s456,C_medium,TYPE_C,0,False,none,0.000000,True,0.000000,False,True,0.000000,0.515697
rand_n10_m20_d3_s456,RC_small,TYPE_RC,0.05,False,recompute,,True,0.006051,False,True,0.433892,0.177677
rand_n10_m20_d3_s456,RC_medium,TYPE_RC,0.2,True,parametric_lp,,False,0.023151,True,True,2.127083,0.344862
rand_n10_m20_d3_s456,RC_medium,TYPE_RC,0.2,False,recompute,,True,0.015591,True,False,1.671352,0.540812
rand_n10_m20_d3_s456,RC_medium,TYPE_RC,0.2,False,recompute,,True,0.022795,True,False,1.735567,0.710709
rand_n10_m20_d3_s456,C_large,TYPE_C,0,False,none,0.000000,True,0.000000,False,True,0.000000,1.345886
rand_n10_m20_d3_s456,RC_large,TYPE_RC,0.5,True,parametric_lp,,False,0.053491,True,True,4.178380,1.352030
rand_n10_m20_d3_s456,RC_asym_bc,TYPE_RC,0.05,False,recompute,,True,0.005299,False,True,0.531771,0.862155
rand_n10_m20_d3_s456,RC_large,TYPE_RC,0.5,True,parametric_lp,,False,0.035756,True,True,4.338918,1.776773
rand_n10_m20_d3_s456,RC_asym_bc,TYPE_RC,0.05,False,recompute,,True,0.004832,False,True,0.417838,1.352030
rand_n10_m20_d3_s456,RC_asym_bc,TYPE_RC,0.05,False,recompute,,True,0.005276,False,True,0.433892,1.776773
rand_n10_m20_d3_s456,RC_asym_cb,TYPE_RC,0.5,True,parametric_lp,,False,0.041630,True,True,4.338918,0.177677
rand_n10_m20_d3_s456,C_small,TYPE_C,0,False,none,0.000000,True,0.000000,False,True,0.000000,0.128924
rand_n10_m20_d3_s789,R_small,TYPE_R,0.05,False,recompute,,True,0.009488,False,True,1.147650,0.000000
rand_n10_m20_d3_s789,R_small,TYPE_R,0.05,False,recompute,,True,0.010874,True,False,0.746371,0.000000
rand_n10_m20_d3_s789,R_medium,TYPE_R,0.2,False,recompute,,True,0.039065,True,False,4.590600,0.000000
rand_n10_m20_d3_s789,R_small,TYPE_R,0.05,False,recompute,,True,0.007756,False,True,0.615820,0.000000
rand_n10_m20_d3_s789,R_medium,TYPE_R,0.2,False,recompute,,True,0.044965,True,False,2.985482,0.000000
rand_n10_m20_d3_s789,R_large,TYPE_R,0.5,True,warm_start,,False,0.149814,True,True,11.476500,0.000000
rand_n10_m20_d3_s789,R_medium,TYPE_R,0.2,False,recompute,,True,0.031764,True,False,2.463281,0.000000
rand_n10_m20_d3_s789,R_large,TYPE_R,0.5,False,recompute,,True,0.120542,True,False,7.463705,0.000000
rand_n10_m20_d3_s456,RC_asym_cb,TYPE_RC,0.5,True,parametric_lp,,False,0.038024,True,True,4.178380,0.135203
rand_n10_m20_d3_s789,R_large,TYPE_R,0.5,False,recompute,,True,0.083382,True,False,6.158202,0.000000
rand_n10_m20_d3_s789,R_single,TYPE_R,0.2,False,recompute,,True,0.000000,False,True,0.554078,0.000000
rand_n10_m20_d3_s789,R_single,TYPE_R,0.2,False,recompute,,True,0.053302,True,False,3.390112,0.000000
rand_n10_m20_d3_s789,R_single,TYPE_R,0.2,False,recompute,,True,0.000000,False,True,0.473645,0.000000
rand_n10_m20_d3_s789,R_all,TYPE_R,0.1,True,warm_start,,False,0.036457,True,True,2.393852,0.000000
rand_n10_m20_d3_s789,C_small,TYPE_C,0,False,none,0.000000,True,0.000000,False,True,0.000000,0.201113
rand_n10_m20_d3_s789,C_small,TYPE_C,0,False,none,0.000000,True,0.000000,False,True,0.000000,0.218792
rand_n10_m20_d3_s789,R_all,TYPE_R,0.1,True,warm_start,,False,0.036457,True,True,2.393852,0.000000
rand_n10_m20_d3_s789,C_small,TYPE_C,0,False,none,0.000000,True,0.000000,False,True,0.000000,0.175530
rand_n10_m20_d3_s456,RC_large,TYPE_RC,0.5,True,parametric_lp,,False,0.039792,True,True,5.317708,0.862155
rand_n10_m20_d3_s789,C_medium,TYPE_C,0,False,none,0.000000,True,0.000000,False,True,0.000000,0.702119
rand_n10_m20_d3_s456,RC_asym_cb,TYPE_RC,0.5,True,parametric_lp,,False,0.046386,True,True,5.317708,0.086215
rand_n10_m20_d3_s789,C_large,TYPE_C,0,False,none,0.000000,True,0.000000,False,True,0.000000,1.755298
rand_n10_m20_d3_s789,C_large,TYPE_C,0,False,none,0.000000,True,0.000000,False,True,0.000000,2.187918
rand_n10_m20_d3_s789,C_large,TYPE_C,0,False,none,0.000000,True,0.000000,False,True,0.000000,2.011125
rand_n10_m20_d3_s789,RC_small,TYPE_RC,0.05,False,recompute,,True,0.010662,True,False,0.746371,0.111480
rand_n10_m20_d3_s789,RC_small,TYPE_RC,0.05,False,recompute,,True,0.009583,False,True,1.147650,0.136676
rand_n10_m20_d3_s789,RC_small,TYPE_RC,0.05,False,recompute,,True,0.007649,False,True,0.615820,0.152051
rand_n10_m20_d3_s789,R_all,TYPE_R,0.1,True,warm_start,,False,0.036457,True,True,2.393852,0.000000
rand_n10_m20_d3_s789,RC_medium,TYPE_RC,0.2,False,recompute,,True,0.040705,True,False,4.590600,0.546704
rand_n10_m20_d3_s789,C_medium,TYPE_C,0,False,none,0.000000,True,0.000000,False,True,0.000000,0.804450
rand_n10_m20_d3_s789,RC_medium,TYPE_RC,0.2,False,recompute,,True,0.041422,True,False,2.985482,0.445922
rand_n10_m20_d3_s789,RC_large,TYPE_RC,0.5,True,parametric_lp,,False,0.159071,True,True,11.476500,1.366760
rand_n10_m20_d3_s789,RC_medium,TYPE_RC,0.2,False,recompute,,True,0.029833,True,False,2.463281,0.608203
rand_n10_m20_d3_s789,C_medium,TYPE_C,0,False,none,0.000000,True,0.000000,False,True,0.000000,0.875167
rand_n10_m20_d3_s789,RC_large,TYPE_RC,0.5,False,recompute,,True,0.096524,True,False,7.463705,1.114804
rand_n10_m20_d3_s789,RC_large,TYPE_RC,0.5,False,recompute,,True,0.067752,True,False,6.158202,1.520508
rand_n10_m20_d3_s789,RC_asym_bc,TYPE_RC,0.05,False,recompute,,True,0.010488,True,False,1.147650,1.366760
rand_n10_m20_d3_s789,RC_asym_bc,TYPE_RC,0.05,False,recompute,,True,0.006386,False,True,0.615820,1.520508
rand_n10_m20_d3_s789,RC_asym_cb,TYPE_RC,0.5,True,parametric_lp,,False,0.150688,True,True,11.476500,0.136676
rand_n10_m20_d3_s1024,R_small,TYPE_R,0.05,False,recompute,,True,0.004097,False,True,1.179294,0.000000
rand_n10_m20_d3_s789,RC_asym_cb,TYPE_RC,0.5,False,recompute,,True,0.082149,True,False,6.158202,0.152051
rand_n10_m20_d3_s789,RC_asym_cb,TYPE_RC,0.5,False,recompute,,True,0.117940,True,False,7.463705,0.111480
rand_n10_m20_d3_s1024,R_small,TYPE_R,0.05,False,recompute,,True,0.004158,False,True,1.084002,0.000000
rand_n10_m20_d3_s1024,R_small,TYPE_R,0.05,False,recompute,,True,0.007166,False,True,0.946111,0.000000
rand_n10_m20_d3_s1024,R_medium,TYPE_R,0.2,True,warm_start,,False,0.010472,True,True,4.336010,0.000000
rand_n10_m20_d3_s1024,R_medium,TYPE_R,0.2,False,recompute,,True,0.016591,True,False,4.717178,0.000000
rand_n10_m20_d3_s1024,R_medium,TYPE_R,0.2,False,recompute,,True,0.029294,True,False,3.784443,0.000000
rand_n10_m20_d3_s1024,R_large,TYPE_R,0.5,True,warm_start,,False,0.018914,True,True,10.840024,0.000000
rand_n10_m20_d3_s1024,R_large,TYPE_R,0.5,True,warm_start,,False,0.090464,True,True,9.461106,0.000000
rand_n10_m20_d3_s1024,R_large,TYPE_R,0.5,False,recompute,,True,0.042536,True,False,11.792945,0.000000
rand_n10_m20_d3_s1024,R_single,TYPE_R,0.2,False,recompute,,True,0.003904,False,True,4.905916,0.000000
rand_n10_m20_d3_s1024,R_single,TYPE_R,0.2,False,recompute,,True,0.000000,False,True,0.705513,0.000000
rand_n10_m20_d3_s1024,R_single,TYPE_R,0.2,False,recompute,,True,0.009698,False,True,1.590174,0.000000
rand_n10_m20_d3_s1024,R_all,TYPE_R,0.1,False,recompute,,True,0.038114,True,False,2.452958,0.000000
rand_n10_m20_d3_s1024,R_all,TYPE_R,0.1,False,recompute,,True,0.038114,True,False,2.452958,0.000000
rand_n10_m20_d3_s789,RC_asym_bc,TYPE_RC,0.05,False,recompute,,True,0.008881,False,True,0.746371,1.114804
rand_n10_m20_d3_s1024,C_small,TYPE_C,0,False,none,0.000000,True,0.000000,False,True,0.000000,0.158027
rand_n10_m20_d3_s1024,C_medium,TYPE_C,0,False,none,0.000000,True,0.000000,False,True,0.000000,0.761530
rand_n10_m20_d3_s1024,C_medium,TYPE_C,0,False,none,0.000000,True,0.000000,False,True,0.000000,0.787900
rand_n10_m20_d3_s1024,C_small,TYPE_C,0,False,none,0.000000,True,0.000000,False,True,0.000000,0.190382
rand_n10_m20_d3_s1024,C_small,TYPE_C,0,False,none,0.000000,True,0.000000,False,True,0.000000,0.196975
rand_n10_m20_d3_s1024,C_large,TYPE_C,0,False,none,0.177267,True,0.000758,False,True,0.000000,1.903824
rand_n10_m20_d3_s1024,C_large,TYPE_C,0,False,none,0.214257,True,0.000000,False,True,0.000000,1.969750
rand_n10_m20_d3_s1024,RC_small,TYPE_RC,0.05,False,recompute,,True,0.004266,False,True,1.084002,0.152278
rand_n10_m20_d3_s1024,C_medium,TYPE_C,0,False,none,0.000000,True,0.000000,False,True,0.000000,0.632107
rand_n10_m20_d3_s1024,C_large,TYPE_C,0,False,none,0.091750,True,0.000000,False,True,0.000000,1.580268
rand_n10_m20_d3_s1024,RC_small,TYPE_RC,0.05,False,recompute,,True,0.004028,False,True,1.179294,0.147601
rand_n10_m20_d3_s1024,RC_medium,TYPE_RC,0.2,True,parametric_lp,,False,0.013475,True,True,4.336010,0.609113
rand_n10_m20_d3_s1024,RC_medium,TYPE_RC,0.2,False,recompute,,True,0.015514,True,False,4.717178,0.590402
rand_n10_m20_d3_s1024,RC_large,TYPE_RC,0.5,True,parametric_lp,,False,0.000927,False,False,10.840024,1.522784
rand_n10_m20_d3_s1024,RC_medium,TYPE_RC,0.2,False,recompute,,True,0.027136,True,False,3.784443,0.710469
rand_n10_m20_d3_s1024,RC_asym_bc,TYPE_RC,0.05,False,recompute,,True,0.005354,False,True,1.084002,1.522784
rand_n10_m20_d3_s1024,RC_large,TYPE_RC,0.5,True,parametric_lp,,False,0.072541,True,True,9.461106,1.776173
rand_n10_m20_d3_s1024,RC_asym_bc,TYPE_RC,0.05,False,recompute,,True,0.003488,False,True,1.179294,1.476005
rand_n10_m20_d3_s1024,RC_asym_bc,TYPE_RC,0.05,True,parametric_lp,,False,0.005528,False,False,0.946111,1.776173
rand_n10_m20_d3_s1024,RC_small,TYPE_RC,0.05,False,recompute,,True,0.007049,False,True,0.946111,0.177617
rand_n10_m20_d3_s1024,RC_asym_cb,TYPE_RC,0.5,True,parametric_lp,,False,0.017270,True,True,10.840024,0.152278
rand_n10_m20_d3_s1024,RC_asym_cb,TYPE_RC,0.5,True,parametric_lp,,False,0.089166,True,True,9.461106,0.177617
rand_n10_m20_d3_s1024,RC_asym_cb,TYPE_RC,0.5,False,recompute,,True,0.041799,True,False,11.792945,0.147601
rand_n10_m20_d3_s1024,R_all,TYPE_R,0.1,False,recompute,,True,0.038114,True,False,2.452958,0.000000
rand_n10_m20_d5_s42,R_small,TYPE_R,0.05,False,recompute,,True,0.011766,True,False,0.949816,0.000000
rand_n10_m20_d5_s42,R_small,TYPE_R,0.05,False,recompute,,True,0.005356,False,True,1.288187,0.000000
rand_n10_m20_d3_s1024,RC_large,TYPE_RC,0.5,False,recompute,,True,0.036006,True,False,11.792945,1.476005
rand_n10_m20_d5_s42,R_small,TYPE_R,0.05,False,recompute,,True,0.001637,False,True,0.743333,0.000000
rand_n10_m20_d5_s42,R_medium,TYPE_R,0.2,True,warm_start,,False,0.021086,True,True,5.152750,0.000000
rand_n10_m20_d5_s42,R_medium,TYPE_R,0.2,True,warm_start,,False,0.005409,False,False,2.973332,0.000000
rand_n10_m20_d5_s42,R_large,TYPE_R,0.5,True,warm_start,,False,0.147780,True,True,9.498163,0.000000
rand_n10_m20_d5_s42,R_medium,TYPE_R,0.2,True,warm_start,,False,0.050533,True,True,3.799265,0.000000
rand_n10_m20_d5_s42,R_large,TYPE_R,0.5,True,warm_start,,False,0.012868,True,True,7.433331,0.000000
rand_n10_m20_d5_s42,R_single,TYPE_R,0.2,False,recompute,,True,0.000000,False,True,3.854443,0.000000
rand_n10_m20_d5_s42,R_single,TYPE_R,0.2,True,warm_start,,False,0.001370,False,False,5.522100,0.000000
rand_n10_m20_d5_s42,R_all,TYPE_R,0.1,True,warm_start,,False,0.064018,True,True,3.969171,0.000000
rand_n10_m20_d5_s42,R_all,TYPE_R,0.1,True,warm_start,,False,0.064018,True,True,3.969171,0.000000
rand_n10_m20_d5_s42,R_large,TYPE_R,0.5,True,warm_start,,False,0.051072,True,True,12.881875,0.000000
rand_n10_m20_d5_s42,C_small,TYPE_C,0,False,none,0.025718,True,0.000000,False,True,0.000000,0.188012
rand_n10_m20_d5_s42,C_small,TYPE_C,0,False,none,0.043625,True,0.000000,False,True,0.000000,0.234350
rand_n10_m20_d5_s42,C_medium,TYPE_C,0,False,none,0.262768,True,0.000000,False,True,0.000000,0.861655
rand_n10_m20_d5_s42,C_medium,TYPE_C,0,True,warm_start,0.280281,False,0.000000,False,False,0.000000,0.937401
rand_n10_m20_d5_s42,C_medium,TYPE_C,0,False,none,0.223629,True,0.003614,False,True,0.000000,0.752047
rand_n10_m20_d5_s42,C_small,TYPE_C,0,False,none,0.038000,True,0.000000,False,True,0.000000,0.215414
rand_n10_m20_d5_s42,C_large,TYPE_C,0,True,warm_start,0.615289,False,0.000439,False,False,0.000000,2.343502
rand_n10_m20_d5_s42,RC_small,TYPE_RC,0.05,False,recompute,,True,0.011738,True,False,0.949816,0.146395
rand_n10_m20_d5_s42,RC_small,TYPE_RC,0.05,True,parametric_lp,,False,0.005761,False,False,1.288187,0.134032
rand_n10_m20_d5_s42,RC_small,TYPE_RC,0.05,False,recompute,,True,0.001598,False,True,0.743333,0.176139
rand_n10_m20_d5_s42,R_single,TYPE_R,0.2,False,recompute,,True,0.000000,False,True,1.254860,0.000000
rand_n10_m20_d5_s42,RC_medium,TYPE_RC,0.2,True,parametric_lp,,False,0.023358,True,True,5.152750,0.536129
rand_n10_m20_d5_s42,RC_medium,TYPE_RC,0.2,True,parametric_lp,,False,0.014724,True,True,2.973332,0.704556
rand_n10_m20_d5_s42,R_all,TYPE_R,0.1,True,warm_start,,False,0.064018,True,True,3.969171,0.000000
rand_n10_m20_d5_s42,RC_large,TYPE_RC,0.5,True,parametric_lp,,False,0.144818,True,True,9.498163,1.463951
rand_n10_m20_d5_s42,RC_large,TYPE_RC,0.5,True,parametric_lp,,False,0.048780,True,True,12.881875,1.340323
rand_n10_m20_d5_s42,C_large,TYPE_C,0,True,warm_start,0.520294,False,0.023322,True,True,0.000000,1.880117
rand_n10_m20_d5_s42,RC_asym_bc,TYPE_RC,0.05,True,parametric_lp,,False,0.010574,True,True,0.949816,1.463951
rand_n10_m20_d5_s42,RC_large,TYPE_RC,0.5,True,parametric_lp,,False,0.047999,True,True,7.433331,1.761389
rand_n10_m20_d5_s42,RC_medium,TYPE_RC,0.2,True,parametric_lp,,False,0.050068,True,True,3.799265,0.585580
rand_n10_m20_d5_s42,RC_asym_bc,TYPE_RC,0.05,True,parametric_lp,,False,0.016392,True,True,1.288187,1.340323
rand_n10_m20_d5_s42,RC_asym_bc,TYPE_RC,0.05,True,parametric_lp,,False,0.045995,True,True,0.743333,1.761389
rand_n10_m20_d5_s42,RC_asym_cb,TYPE_RC,0.5,True,parametric_lp,,False,0.147517,True,True,9.498163,0.146395
rand_n10_m20_d5_s42,RC_asym_cb,TYPE_RC,0.5,True,parametric_lp,,False,0.050839,True,True,12.881875,0.134032
rand_n10_m20_d5_s42,C_large,TYPE_C,0,True,warm_start,0.586606,False,0.003770,False,False,0.000000,2.154137
rand_n10_m20_d5_s123,R_small,TYPE_R,0.05,False,recompute,,True,0.012425,True,False,1.107786,0.000000
rand_n10_m20_d5_s42,RC_asym_cb,TYPE_RC,0.5,True,parametric_lp,,False,0.013128,True,True,7.433331,0.176139
rand_n10_m20_d5_s123,R_small,TYPE_R,0.05,False,recompute,,True,0.000068,False,True,1.205169,0.000000
rand_n10_m20_d5_s123,R_medium,TYPE_R,0.2,True,warm_start,,False,0.024206,True,True,4.820677,0.000000
rand_n10_m20_d5_s123,R_medium,TYPE_R,0.2,True,warm_start,,False,0.027773,True,True,3.867477,0.000000
rand_n10_m20_d5_s123,R_small,TYPE_R,0.05,False,recompute,,True,0.003040,False,True,0.966869,0.000000
rand_n10_m20_d5_s123,R_large,TYPE_R,0.5,True,warm_start,,False,0.152338,True,True,12.051693,0.000000
rand_n10_m20_d5_s123,R_single,TYPE_R,0.2,False,recompute,,True,0.000000,False,True,5.013557,0.000000
rand_n10_m20_d5_s123,R_single,TYPE_R,0.2,True,warm_start,,False,0.019014,True,True,5.046482,0.000000
rand_n10_m20_d5_s123,R_single,TYPE_R,0.2,False,recompute,,True,0.001874,False,True,5.668495,0.000000
rand_n10_m20_d5_s123,R_all,TYPE_R,0.1,False,recompute,,True,0.041809,True,False,2.834247,0.000000
rand_n10_m20_d5_s123,R_all,TYPE_R,0.1,False,recompute,,True,0.041809,True,False,2.834247,0.000000
rand_n10_m20_d5_s123,R_all,TYPE_R,0.1,False,recompute,,True,0.041809,True,False,2.834247,0.000000
rand_n10_m20_d5_s123,C_small,TYPE_C,0,False,none,0.000000,True,0.000000,False,True,0.000000,0.159278
rand_n10_m20_d5_s123,C_medium,TYPE_C,0,True,warm_start,0.203196,False,0.002836,False,False,0.000000,0.488958
rand_n10_m20_d5_s123,C_small,TYPE_C,0,False,none,0.000000,True,0.000000,False,True,0.000000,0.122239
rand_n10_m20_d5_s123,C_medium,TYPE_C,0,False,none,0.221310,True,0.000000,False,True,0.000000,0.348581
rand_n10_m20_d5_s123,C_small,TYPE_C,0,False,none,0.000000,True,0.000000,False,True,0.000000,0.087145
rand_n10_m20_d5_s123,R_large,TYPE_R,0.5,True,warm_start,,False,0.131634,True,True,9.668692,0.000000
rand_n10_m20_d5_s123,C_large,TYPE_C,0,False,none,0.567806,True,0.000000,False,True,0.000000,0.871453
rand_n10_m20_d5_s123,C_medium,TYPE_C,0,False,none,0.162716,True,0.000000,False,True,0.000000,0.637114
rand_n10_m20_d5_s123,RC_small,TYPE_RC,0.05,False,recompute,,True,0.012807,True,False,1.107786,0.101335
rand_n10_m20_d5_s123,C_large,TYPE_C,0,True,warm_start,0.538139,False,0.008872,False,False,0.000000,1.222394
rand_n10_m20_d5_s123,RC_small,TYPE_RC,0.05,False,recompute,,True,0.002958,False,True,0.966869,0.152569
rand_n10_m20_d5_s123,C_large,TYPE_C,0,True,warm_start,0.469554,False,0.008971,False,False,0.000000,1.592785
rand_n10_m20_d5_s123,RC_small,TYPE_RC,0.05,False,recompute,,True,0.000061,False,True,1.205169,0.103034
rand_n10_m20_d5_s123,RC_medium,TYPE_RC,0.2,True,parametric_lp,,False,0.036616,True,True,4.431146,0.405339
rand_n10_m20_d5_s123,RC_medium,TYPE_RC,0.2,True,parametric_lp,,False,0.024244,True,True,4.820677,0.412135
rand_n10_m20_d5_s123,R_medium,TYPE_R,0.2,True,warm_start,,False,0.033495,True,True,4.431146,0.000000
rand_n10_m20_d5_s123,RC_medium,TYPE_RC,0.2,True,parametric_lp,,False,0.023964,True,True,3.867477,0.610274
rand_n10_m20_d5_s123,RC_large,TYPE_RC,0.5,True,parametric_lp,,False,0.054863,True,True,11.077864,1.013349
rand_n10_m20_d5_s123,RC_large,TYPE_RC,0.5,True,parametric_lp,,False,0.141473,True,True,12.051693,1.030336
rand_n10_m20_d5_s123,RC_large,TYPE_RC,0.5,True,parametric_lp,,False,0.087921,True,True,9.668692,1.525685
rand_n10_m20_d5_s123,RC_asym_bc,TYPE_RC,0.05,True,parametric_lp,,False,0.018940,True,True,1.107786,1.013349
rand_n10_m20_d5_s123,RC_asym_bc,TYPE_RC,0.05,True,parametric_lp,,False,0.007452,False,False,1.205169,1.030336
rand_n10_m20_d5_s123,RC_asym_bc,TYPE_RC,0.05,True,parametric_lp,,False,0.001141,False,False,0.966869,1.525685
rand_n10_m20_d5_s123,RC_asym_cb,TYPE_RC,0.5,True,parametric_lp,,False,0.039406,True,True,11.077864,0.101335
rand_n10_m20_d5_s456,R_small,TYPE_R,0.05,True,warm_start,,False,0.003965,False,False,0.856988,0.000000
rand_n10_m20_d5_s456,R_small,TYPE_R,0.05,False,recompute,,True,0.006874,False,True,0.932324,0.000000
rand_n10_m20_d5_s456,R_medium,TYPE_R,0.2,True,warm_start,,False,0.000881,False,False,3.427952,0.000000
rand_n10_m20_d5_s123,RC_asym_cb,TYPE_RC,0.5,True,parametric_lp,,False,0.128173,True,True,9.668692,0.152569
rand_n10_m20_d5_s456,R_medium,TYPE_R,0.2,True,warm_start,,False,0.026939,True,True,3.729296,0.000000
rand_n10_m20_d5_s456,R_medium,TYPE_R,0.2,True,warm_start,,False,0.000753,False,False,2.991896,0.000000
rand_n10_m20_d5_s456,R_large,TYPE_R,0.5,True,warm_start,,False,0.039144,True,True,8.569881,0.000000
rand_n10_m20_d5_s123,R_large,TYPE_R,0.5,True,warm_start,,False,0.037970,True,True,11.077864,0.000000
rand_n10_m20_d5_s456,R_large,TYPE_R,0.5,True,warm_start,,False,0.064732,True,True,9.323239,0.000000
rand_n10_m20_d5_s456,R_large,TYPE_R,0.5,True,warm_start,,False,0.018743,True,True,7.479740,0.000000
rand_n10_m20_d5_s456,R_single,TYPE_R,0.2,False,recompute,,True,0.000000,False,True,1.972079,0.000000
rand_n10_m20_d5_s456,R_single,TYPE_R,0.2,False,recompute,,True,0.000000,False,True,3.878508,0.000000
rand_n10_m20_d5_s456,R_single,TYPE_R,0.2,False,recompute,,True,0.000000,False,True,2.077572,0.000000
rand_n10_m20_d5_s456,R_all,TYPE_R,0.1,True,warm_start,,False,0.045044,True,True,2.170397,0.000000
rand_n10_m20_d5_s456,R_small,TYPE_R,0.05,False,recompute,,True,0.000188,False,True,0.747974,0.000000
rand_n10_m20_d5_s456,C_small,TYPE_C,0,False,none,0.000000,True,0.000000,False,True,0.000000,0.135102
rand_n10_m20_d5_s456,R_all,TYPE_R,0.1,True,warm_start,,False,0.045044,True,True,2.170397,0.000000
rand_n10_m20_d5_s456,C_medium,TYPE_C,0,False,none,0.000000,True,0.000000,False,True,0.000000,0.722904
rand_n10_m20_d5_s456,C_small,TYPE_C,0,False,none,0.000000,True,0.000000,False,True,0.000000,0.129398
rand_n10_m20_d5_s123,RC_asym_cb,TYPE_RC,0.5,True,parametric_lp,,False,0.151268,True,True,12.051693,0.103034
rand_n10_m20_d5_s456,R_all,TYPE_R,0.1,True,warm_start,,False,0.045044,True,True,2.170397,0.000000
rand_n10_m20_d5_s456,C_medium,TYPE_C,0,False,none,0.000000,True,0.000000,False,True,0.000000,0.540409
rand_n10_m20_d5_s456,C_large,TYPE_C,0,False,none,0.000000,True,0.000000,False,True,0.000000,1.807259
rand_n10_m20_d5_s456,C_large,TYPE_C,0,False,none,0.000000,True,0.000000,False,True,0.000000,1.293980
rand_n10_m20_d5_s456,C_large,TYPE_C,0,False,none,0.000000,True,0.000000,False,True,0.000000,1.351024
rand_n10_m20_d5_s456,RC_small,TYPE_RC,0.05,False,recompute,,True,0.000339,False,True,0.747974,0.153110
rand_n10_m20_d5_s456,RC_small,TYPE_RC,0.05,True,parametric_lp,,False,0.003934,False,False,0.856988,0.144555
rand_n10_m20_d5_s456,RC_medium,TYPE_RC,0.2,True,parametric_lp,,False,0.001353,False,False,3.427952,0.578218
rand_n10_m20_d5_s456,RC_medium,TYPE_RC,0.2,True,parametric_lp,,False,0.025193,True,True,3.729296,0.560456
rand_n10_m20_d5_s456,RC_medium,TYPE_RC,0.2,True,parametric_lp,,False,0.003424,False,False,2.991896,0.612438
rand_n10_m20_d5_s456,RC_large,TYPE_RC,0.5,True,parametric_lp,,False,0.039454,True,True,8.569881,1.445546
rand_n10_m20_d5_s456,RC_large,TYPE_RC,0.5,True,parametric_lp,,False,0.055134,True,True,9.323239,1.401140
rand_n10_m20_d5_s456,RC_asym_bc,TYPE_RC,0.05,True,parametric_lp,,False,0.003620,False,False,0.856988,1.445546
rand_n10_m20_d5_s456,RC_large,TYPE_RC,0.5,True,parametric_lp,,False,0.033047,True,True,7.479740,1.531096
rand_n10_m20_d5_s456,RC_asym_bc,TYPE_RC,0.05,False,recompute,,True,0.005801,False,True,0.932324,1.401140
rand_n10_m20_d5_s456,RC_asym_bc,TYPE_RC,0.05,False,recompute,,True,0.002275,False,True,0.747974,1.531096
rand_n10_m20_d5_s456,C_medium,TYPE_C,0,False,none,0.000000,True,0.000000,False,True,0.000000,0.517592
rand_n10_m20_d5_s456,RC_small,TYPE_RC,0.05,False,recompute,,True,0.006757,False,True,0.932324,0.140114
rand_n10_m20_d5_s456,RC_asym_cb,TYPE_RC,0.5,True,parametric_lp,,False,0.039172,True,True,8.569881,0.144555
rand_n10_m20_d5_s456,RC_asym_cb,TYPE_RC,0.5,True,parametric_lp,,False,0.063694,True,True,9.323239,0.140114
rand_n10_m20_d5_s456,RC_asym_cb,TYPE_RC,0.5,True,parametric_lp,,False,0.019767,True,True,7.479740,0.153110
rand_n10_m20_d5_s789,R_small,TYPE_R,0.05,True,warm_start,,False,0.024046,True,True,1.149692,0.000000
rand_n10_m20_d5_s789,R_small,TYPE_R,0.05,True,warm_start,,False,0.021044,True,True,0.924066,0.000000
rand_n10_m20_d5_s789,R_medium,TYPE_R,0.2,True,warm_start,,False,0.106466,True,True,4.598768,0.000000
rand_n10_m20_d5_s789,R_medium,TYPE_R,0.2,True,warm_start,,False,0.098648,True,True,3.696264,0.000000
rand_n10_m20_d5_s789,R_large,TYPE_R,0.5,True,warm_start,,False,0.156343,True,True,10.463404,0.000000
rand_n10_m20_d5_s789,R_large,TYPE_R,0.5,True,warm_start,,False,0.374273,True,True,11.496920,0.000000
rand_n10_m20_d5_s456,C_small,TYPE_C,0,False,none,0.000000,True,0.000000,False,True,0.000000,0.180726
rand_n10_m20_d5_s789,R_large,TYPE_R,0.5,True,warm_start,,False,0.346372,True,True,9.240660,0.000000
rand_n10_m20_d5_s789,R_single,TYPE_R,0.2,False,recompute,,True,0.000000,False,True,1.008821,0.000000
rand_n10_m20_d5_s789,R_small,TYPE_R,0.05,False,recompute,,True,0.009798,False,True,1.046340,0.000000
rand_n10_m20_d5_s789,C_small,TYPE_C,0,False,none,0.064045,True,0.000000,False,True,0.000000,0.170857
rand_n10_m20_d5_s789,R_all,TYPE_R,0.1,True,warm_start,,False,0.075140,True,True,2.611025,0.000000
rand_n10_m20_d5_s789,C_small,TYPE_C,0,True,warm_start,0.069596,False,0.000213,False,False,0.000000,0.072565
rand_n10_m20_d5_s789,R_all,TYPE_R,0.1,True,warm_start,,False,0.075140,True,True,2.611025,0.000000
rand_n10_m20_d5_s789,R_medium,TYPE_R,0.2,True,warm_start,,False,0.040629,True,True,4.185362,0.000000
rand_n10_m20_d5_s789,C_small,TYPE_C,0,True,warm_start,0.051926,False,0.000455,False,False,0.000000,0.159205
rand_n10_m20_d5_s789,C_medium,TYPE_C,0,True,warm_start,0.247211,False,0.020740,True,True,0.000000,0.636820
rand_n10_m20_d5_s789,C_medium,TYPE_C,0,True,warm_start,0.303110,False,0.001121,False,False,0.000000,0.290260
rand_n10_m20_d5_s789,R_single,TYPE_R,0.2,True,warm_start,,False,0.112928,True,True,5.222050,0.000000
rand_n10_m20_d5_s789,R_single,TYPE_R,0.2,False,recompute,,True,0.000000,False,True,3.051756,0.000000
rand_n10_m20_d5_s789,C_large,TYPE_C,0,True,warm_start,0.605369,False,0.000441,False,False,0.000000,1.708575
rand_n10_m20_d5_s789,RC_small,TYPE_RC,0.05,True,parametric_lp,,False,0.008347,False,False,1.046340,0.206407
rand_n10_m20_d5_s789,RC_small,TYPE_RC,0.05,True,parametric_lp,,False,0.023493,True,True,1.149692,0.088615
rand_n10_m20_d5_s789,RC_small,TYPE_RC,0.05,True,parametric_lp,,False,0.020933,True,True,0.924066,0.175801
rand_n10_m20_d5_s789,RC_medium,TYPE_RC,0.2,True,parametric_lp,,False,0.015397,True,True,4.185362,0.825627
rand_n10_m20_d5_s789,R_all,TYPE_R,0.1,True,warm_start,,False,0.075140,True,True,2.611025,0.000000
rand_n10_m20_d5_s789,RC_medium,TYPE_RC,0.2,True,parametric_lp,,False,0.101404,True,True,4.598768,0.354459
rand_n10_m20_d5_s789,C_large,TYPE_C,0,True,warm_start,0.539937,False,0.070089,True,True,0.000000,1.592051
rand_n10_m20_d5_s789,RC_medium,TYPE_RC,0.2,True,parametric_lp,,False,0.096473,True,True,3.696264,0.703203
rand_n10_m20_d5_s789,RC_large,TYPE_RC,0.5,True,parametric_lp,,False,0.080464,True,True,10.463404,2.064067
rand_n10_m20_d5_s789,RC_large,TYPE_RC,0.5,True,parametric_lp,,False,0.312372,True,True,9.240660,1.758007
rand_n10_m20_d5_s789,RC_large,TYPE_RC,0.5,True,parametric_lp,,False,0.342489,True,True,11.496920,0.886148
rand_n10_m20_d5_s789,RC_asym_bc,TYPE_RC,0.05,True,parametric_lp,,False,0.049309,True,True,1.046340,2.064067
rand_n10_m20_d5_s789,RC_asym_bc,TYPE_RC,0.05,True,parametric_lp,,False,0.018794,True,True,1.149692,0.886148
rand_n10_m20_d5_s789,RC_asym_bc,TYPE_RC,0.05,True,parametric_lp,,False,0.006368,False,False,0.924066,1.758007
rand_n10_m20_d5_s789,RC_asym_cb,TYPE_RC,0.5,True,parametric_lp,,False,0.149105,True,True,10.463404,0.206407
rand_n10_m20_d5_s789,RC_asym_cb,TYPE_RC,0.5,True,parametric_lp,,False,0.371224,True,True,11.496920,0.088615
rand_n10_m20_d5_s789,RC_asym_cb,TYPE_RC,0.5,True,parametric_lp,,False,0.343828,True,True,9.240660,0.175801
rand_n10_m20_d5_s1024,R_small,TYPE_R,0.05,True,warm_start,,False,0.007329,False,False,0.686726,0.000000
rand_n10_m20_d5_s1024,R_small,TYPE_R,0.05,False,recompute,,True,0.009700,False,True,0.844401,0.000000
rand_n10_m20_d5_s1024,R_small,TYPE_R,0.05,False,recompute,,True,0.007306,False,True,0.599370,0.000000
rand_n10_m20_d5_s789,C_large,TYPE_C,0,True,warm_start,0.633671,False,0.005673,False,False,0.000000,0.725651
rand_n10_m20_d5_s1024,R_medium,TYPE_R,0.2,True,warm_start,,False,0.037538,True,True,3.377604,0.000000
rand_n10_m20_d5_s1024,R_medium,TYPE_R,0.2,False,recompute,,True,0.028598,True,False,2.397481,0.000000
rand_n10_m20_d5_s789,C_medium,TYPE_C,0,False,none,0.285829,True,0.000000,False,True,0.000000,0.683430
rand_n10_m20_d5_s1024,R_single,TYPE_R,0.2,False,recompute,,True,0.022723,True,False,3.107945,0.000000
rand_n10_m20_d5_s1024,R_single,TYPE_R,0.2,False,recompute,,True,0.000000,False,True,2.584906,0.000000
rand_n10_m20_d5_s1024,R_all,TYPE_R,0.1,False,recompute,,True,0.071941,True,False,2.601773,0.000000
rand_n10_m20_d5_s1024,R_single,TYPE_R,0.2,False,recompute,,True,0.006062,False,True,0.878158,0.000000
rand_n10_m20_d5_s1024,R_large,TYPE_R,0.5,True,warm_start,,False,0.091090,True,True,6.867259,0.000000
rand_n10_m20_d5_s1024,R_all,TYPE_R,0.1,False,recompute,,True,0.071941,True,False,2.601773,0.000000
rand_n10_m20_d5_s1024,C_small,TYPE_C,0,False,none,0.000000,True,0.000000,False,True,0.000000,0.152907
rand_n10_m20_d5_s1024,C_small,TYPE_C,0,False,none,0.000000,True,0.000000,False,True,0.000000,0.166348
rand_n10_m20_d5_s1024,R_all,TYPE_R,0.1,False,recompute,,True,0.071941,True,False,2.601773,0.000000
rand_n10_m20_d5_s1024,R_large,TYPE_R,0.5,True,warm_start,,False,0.064998,True,True,5.993702,0.000000
rand_n10_m20_d5_s1024,R_large,TYPE_R,0.5,True,warm_start,,False,0.087356,True,True,8.444010,0.000000
rand_n10_m20_d5_s1024,C_medium,TYPE_C,0,False,none,0.000000,True,0.000000,False,True,0.000000,0.611626
rand_n10_m20_d5_s1024,R_medium,TYPE_R,0.2,True,warm_start,,False,0.033783,True,True,2.746904,0.000000
rand_n10_m20_d5_s1024,C_medium,TYPE_C,0,False,none,0.000000,True,0.000000,False,True,0.000000,0.611546
rand_n10_m20_d5_s1024,C_large,TYPE_C,0,False,none,0.064469,True,0.006563,False,True,0.000000,1.663483
rand_n10_m20_d5_s1024,C_large,TYPE_C,0,False,none,0.000000,True,0.000000,False,True,0.000000,1.528865
rand_n10_m20_d5_s1024,RC_small,TYPE_RC,0.05,True,parametric_lp,,False,0.007200,False,False,0.686726,0.198215
rand_n10_m20_d5_s1024,RC_medium,TYPE_RC,0.2,True,parametric_lp,,False,0.031849,True,True,2.746904,0.792859
rand_n10_m20_d5_s1024,C_large,TYPE_C,0,False,none,0.024377,True,0.000000,False,True,0.000000,1.529066
rand_n10_m20_d5_s1024,RC_medium,TYPE_RC,0.2,True,parametric_lp,,False,0.037736,True,True,3.377604,0.382682
rand_n10_m20_d5_s1024,RC_medium,TYPE_RC,0.2,False,recompute,,True,0.025187,True,False,2.397481,0.901378
rand_n10_m20_d5_s1024,RC_large,TYPE_RC,0.5,True,parametric_lp,,False,0.077289,True,True,6.867259,1.982148
rand_n10_m20_d5_s1024,RC_large,TYPE_RC,0.5,True,parametric_lp,,False,0.088646,True,True,8.444010,0.956704
rand_n10_m20_d5_s1024,RC_small,TYPE_RC,0.05,False,recompute,,True,0.009712,False,True,0.844401,0.095670
rand_n10_m20_d5_s1024,RC_asym_bc,TYPE_RC,0.05,True,parametric_lp,,False,0.005893,False,False,0.686726,1.982148
rand_n10_m20_d5_s1024,RC_large,TYPE_RC,0.5,True,parametric_lp,,False,0.039239,True,True,5.993702,2.253446
rand_n10_m20_d5_s1024,RC_asym_bc,TYPE_RC,0.05,False,recompute,,True,0.004476,False,True,0.599370,2.253446
rand_n10_m20_d5_s1024,RC_small,TYPE_RC,0.05,False,recompute,,True,0.007106,False,True,0.599370,0.225345
rand_n10_m20_d5_s1024,RC_asym_cb,TYPE_RC,0.5,True,parametric_lp,,False,0.087494,True,True,8.444010,0.095670
rand_n10_m20_d5_s1024,C_small,TYPE_C,0,False,none,0.000000,True,0.000000,False,True,0.000000,0.152887
rand_n10_m20_d5_s1024,RC_asym_cb,TYPE_RC,0.5,True,parametric_lp,,False,0.062937,True,True,5.993702,0.225345
rand_n10_m20_d8_s42,R_small,TYPE_R,0.05,False,recompute,,True,0.012509,True,False,1.406854,0.000000
rand_n10_m20_d8_s42,R_small,TYPE_R,0.05,False,recompute,,True,0.014682,True,False,1.022924,0.000000
rand_n10_m20_d5_s1024,C_medium,TYPE_C,0,False,none,0.000000,True,0.000000,False,True,0.000000,0.665393
rand_n10_m20_d5_s1024,RC_asym_bc,TYPE_RC,0.05,False,recompute,,True,0.009818,False,True,0.844401,0.956704
rand_n10_m20_d8_s42,R_medium,TYPE_R,0.2,False,recompute,,True,0.061434,True,False,4.091696,0.000000
rand_n10_m20_d8_s42,R_medium,TYPE_R,0.2,False,recompute,,True,0.037138,True,False,5.627417,0.000000
rand_n10_m20_d5_s1024,RC_asym_cb,TYPE_RC,0.5,True,parametric_lp,,False,0.089830,True,True,6.867259,0.198215
rand_n10_m20_d8_s42,R_large,TYPE_R,0.5,True,warm_start,,False,0.040206,True,True,14.068542,0.000000
rand_n10_m20_d8_s42,R_large,TYPE_R,0.5,True,warm_start,,False,0.029917,True,True,8.884081,0.000000
rand_n10_m20_d8_s42,R_single,TYPE_R,0.2,True,warm_start,,False,0.020483,True,True,4.606709,0.000000
rand_n10_m20_d8_s42,R_single,TYPE_R,0.2,False,recompute,,True,0.000000,False,True,5.947138,0.000000
rand_n10_m20_d8_s42,R_all,TYPE_R,0.1,True,warm_start,,False,0.085013,True,True,4.334808,0.000000
rand_n10_m20_d8_s42,R_large,TYPE_R,0.5,True,warm_start,,False,0.218424,True,True,10.229241,0.000000
rand_n10_m20_d8_s42,R_all,TYPE_R,0.1,True,warm_start,,False,0.085013,True,True,4.334808,0.000000
rand_n10_m20_d8_s42,R_all,TYPE_R,0.1,True,warm_start,,False,0.085013,True,True,4.334808,0.000000
rand_n10_m20_d8_s42,C_small,TYPE_C,0,False,none,0.000000,True,0.000000,False,True,0.000000,0.215414
rand_n10_m20_d8_s42,C_small,TYPE_C,0,False,none,0.000000,True,0.000000,False,True,0.000000,0.234350
rand_n10_m20_d8_s42,C_small,TYPE_C,0,False,none,0.000000,True,0.000000,False,True,0.000000,0.188012
rand_n10_m20_d8_s42,C_medium,TYPE_C,0,False,none,0.037342,True,0.000000,False,True,0.000000,0.937401
rand_n10_m20_d8_s42,C_medium,TYPE_C,0,False,none,0.000000,True,0.010417,True,False,0.000000,0.752047
rand_n10_m20_d8_s42,C_medium,TYPE_C,0,False,none,0.017355,True,0.000000,False,True,0.000000,0.861655
rand_n10_m20_d8_s42,R_single,TYPE_R,0.2,False,recompute,,True,0.000000,False,True,1.966014,0.000000
rand_n10_m20_d8_s42,C_large,TYPE_C,0,False,none,0.386941,True,0.000000,False,True,0.000000,2.154137
rand_n10_m20_d8_s42,C_large,TYPE_C,0,True,warm_start,0.419675,False,0.018376,True,True,0.000000,2.343502
rand_n10_m20_d8_s42,RC_small,TYPE_RC,0.05,False,recompute,,True,0.014153,True,False,1.022924,0.146395
rand_n10_m20_d8_s42,RC_small,TYPE_RC,0.05,False,recompute,,True,0.012488,True,False,1.406854,0.134032
rand_n10_m20_d8_s42,RC_small,TYPE_RC,0.05,False,recompute,,True,0.005071,False,True,0.888408,0.176139
rand_n10_m20_d8_s42,RC_medium,TYPE_RC,0.2,True,parametric_lp,,False,0.051934,True,True,4.091696,0.585580
rand_n10_m20_d8_s42,RC_medium,TYPE_RC,0.2,True,parametric_lp,,False,0.012659,True,True,3.553633,0.704556
rand_n10_m20_d8_s42,RC_large,TYPE_RC,0.5,True,parametric_lp,,False,0.085271,True,True,14.068542,1.340323
rand_n10_m20_d8_s42,R_medium,TYPE_R,0.2,True,warm_start,,False,0.016416,True,True,3.553633,0.000000
rand_n10_m20_d8_s42,R_small,TYPE_R,0.05,False,recompute,,True,0.005588,False,True,0.888408,0.000000
rand_n10_m20_d8_s42,RC_asym_bc,TYPE_RC,0.05,False,recompute,,True,0.023129,True,False,1.406854,1.340323
rand_n10_m20_d8_s42,RC_asym_bc,TYPE_RC,0.05,True,parametric_lp,,False,0.001127,False,False,1.022924,1.463951
rand_n10_m20_d8_s42,RC_medium,TYPE_RC,0.2,False,recompute,,True,0.045922,True,False,5.627417,0.536129
rand_n10_m20_d8_s42,RC_large,TYPE_RC,0.5,True,parametric_lp,,False,0.018059,True,True,8.884081,1.761389
rand_n10_m20_d8_s42,RC_asym_cb,TYPE_RC,0.5,True,parametric_lp,,False,0.212479,True,True,10.229241,0.146395
rand_n10_m20_d8_s42,RC_asym_bc,TYPE_RC,0.05,True,parametric_lp,,False,0.020337,True,True,0.888408,1.761389
rand_n10_m20_d8_s42,RC_asym_cb,TYPE_RC,0.5,True,parametric_lp,,False,0.044332,True,True,14.068542,0.134032
rand_n10_m20_d8_s123,R_small,TYPE_R,0.05,False,recompute,,True,0.001749,False,True,1.323946,0.000000
rand_n10_m20_d8_s42,C_large,TYPE_C,0,True,warm_start,0.311262,False,0.045001,True,True,0.000000,1.880117
rand_n10_m20_d8_s123,R_small,TYPE_R,0.05,False,recompute,,True,0.020246,True,False,1.030191,0.000000
rand_n10_m20_d8_s123,R_small,TYPE_R,0.05,True,warm_start,,False,0.021496,True,True,1.281729,0.000000
rand_n10_m20_d8_s42,RC_asym_cb,TYPE_RC,0.5,True,parametric_lp,,False,0.027972,True,True,8.884081,0.176139
rand_n10_m20_d8_s123,R_medium,TYPE_R,0.2,True,warm_start,,False,0.005945,False,False,5.295783,0.000000
rand_n10_m20_d8_s123,R_medium,TYPE_R,0.2,True,warm_start,,False,0.098258,True,True,5.126918,0.000000
rand_n10_m20_d8_s42,RC_large,TYPE_RC,0.5,True,parametric_lp,,False,0.155433,True,True,10.229241,1.463951
rand_n10_m20_d8_s123,R_medium,TYPE_R,0.2,True,warm_start,,False,0.091956,True,True,4.120765,0.000000
rand_n10_m20_d8_s123,R_large,TYPE_R,0.5,True,warm_start,,False,0.321331,True,True,12.817294,0.000000
rand_n10_m20_d8_s123,R_single,TYPE_R,0.2,False,recompute,,True,0.010291,True,False,3.903435,0.000000
rand_n10_m20_d8_s123,R_single,TYPE_R,0.2,True,warm_start,,False,0.000853,False,False,5.340937,0.000000
rand_n10_m20_d8_s123,R_single,TYPE_R,0.2,True,warm_start,,False,0.083066,True,True,5.821781,0.000000
rand_n10_m20_d8_s123,R_all,TYPE_R,0.1,True,warm_start,,False,0.052211,True,True,2.910891,0.000000
rand_n10_m20_d8_s123,R_large,TYPE_R,0.5,True,warm_start,,False,0.051704,True,True,13.239457,0.000000
rand_n10_m20_d8_s123,R_all,TYPE_R,0.1,True,warm_start,,False,0.052211,True,True,2.910891,0.000000
rand_n10_m20_d8_s123,R_large,TYPE_R,0.5,True,warm_start,,False,0.271150,True,True,10.301912,0.000000
rand_n10_m20_d8_s123,C_small,TYPE_C,0,False,none,0.043141,True,0.000000,False,True,0.000000,0.122239
rand_n10_m20_d8_s123,C_small,TYPE_C,0,False,none,0.048751,True,0.000000,False,True,0.000000,0.087145
rand_n10_m20_d8_s123,R_all,TYPE_R,0.1,True,warm_start,,False,0.052211,True,True,2.910891,0.000000
rand_n10_m20_d8_s123,C_small,TYPE_C,0,False,none,0.030891,True,0.000000,False,True,0.000000,0.159278
rand_n10_m20_d8_s123,C_medium,TYPE_C,0,True,warm_start,0.267319,False,0.000157,False,False,0.000000,0.488958
rand_n10_m20_d8_s123,C_medium,TYPE_C,0,False,none,0.284787,True,0.000000,False,True,0.000000,0.348581
rand_n10_m20_d8_s123,C_large,TYPE_C,0,True,warm_start,0.590309,False,0.003401,False,False,0.000000,1.222394
rand_n10_m20_d8_s123,C_large,TYPE_C,0,True,warm_start,0.524172,False,0.036781,True,True,0.000000,1.592785
rand_n10_m20_d8_s123,RC_small,TYPE_RC,0.05,True,parametric_lp,,False,0.020480,True,True,1.281729,0.103034
rand_n10_m20_d8_s123,C_medium,TYPE_C,0,True,warm_start,0.228284,False,0.000000,False,False,0.000000,0.637114
rand_n10_m20_d8_s123,RC_small,TYPE_RC,0.05,True,parametric_lp,,False,0.020024,True,True,1.030191,0.152569
rand_n10_m20_d8_s123,RC_small,TYPE_RC,0.05,False,recompute,,True,0.002014,False,True,1.323946,0.101335
rand_n10_m20_d8_s123,RC_medium,TYPE_RC,0.2,True,parametric_lp,,False,0.097368,True,True,5.126918,0.412135
rand_n10_m20_d8_s123,RC_medium,TYPE_RC,0.2,True,parametric_lp,,False,0.085163,True,True,4.120765,0.610274
rand_n10_m20_d8_s123,RC_large,TYPE_RC,0.5,True,parametric_lp,,False,0.009570,False,False,13.239457,1.013349
rand_n10_m20_d8_s123,RC_large,TYPE_RC,0.5,True,parametric_lp,,False,0.332932,True,True,12.817294,1.030336
rand_n10_m20_d8_s123,RC_large,TYPE_RC,0.5,True,parametric_lp,,False,0.195589,True,True,10.301912,1.525685
rand_n10_m20_d8_s123,RC_asym_bc,TYPE_RC,0.05,True,parametric_lp,,False,0.011209,True,True,1.281729,1.030336
rand_n10_m20_d8_s123,RC_asym_bc,TYPE_RC,0.05,True,parametric_lp,,False,0.016297,True,True,1.030191,1.525685
rand_n10_m20_d8_s123,C_large,TYPE_C,0,True,warm_start,0.618917,False,0.000000,False,False,0.000000,0.871453
rand_n10_m20_d8_s123,RC_asym_cb,TYPE_RC,0.5,True,parametric_lp,,False,0.322732,True,True,12.817294,0.103034
rand_n10_m20_d8_s123,RC_asym_cb,TYPE_RC,0.5,True,parametric_lp,,False,0.265347,True,True,10.301912,0.152569
rand_n10_m20_d8_s456,R_small,TYPE_R,0.05,False,recompute,,True,0.002633,False,True,2.851150,0.000000
rand_n10_m20_d8_s123,RC_asym_cb,TYPE_RC,0.5,True,parametric_lp,,False,0.047317,True,True,13.239457,0.101335
rand_n10_m20_d8_s123,RC_asym_bc,TYPE_RC,0.05,True,parametric_lp,,False,0.008771,False,False,1.323946,1.013349
rand_n10_m20_d8_s456,R_medium,TYPE_R,0.2,False,recompute,,True,0.011883,True,False,4.858095,0.000000
rand_n10_m20_d8_s456,R_small,TYPE_R,0.05,False,recompute,,True,0.005271,False,True,1.029985,0.000000
rand_n10_m20_d8_s456,R_medium,TYPE_R,0.2,True,warm_start,,False,0.005164,False,False,11.404599,0.000000
rand_n10_m20_d8_s456,R_medium,TYPE_R,0.2,False,recompute,,True,0.020755,True,False,4.119938,0.000000
rand_n10_m20_d8_s456,R_large,TYPE_R,0.5,True,warm_start,,False,0.035991,True,True,12.145237,0.000000
rand_n10_m20_d8_s456,R_single,TYPE_R,0.2,False,recompute,,True,0.000000,False,True,5.052472,0.000000
rand_n10_m20_d8_s456,R_single,TYPE_R,0.2,False,recompute,,True,0.000000,False,True,1.783162,0.000000
rand_n10_m20_d8_s456,R_large,TYPE_R,0.5,True,warm_start,,False,0.001727,False,False,10.299846,0.000000
rand_n10_m20_d8_s456,R_large,TYPE_R,0.5,True,warm_start,,False,0.060371,True,True,28.511498,0.000000
rand_n10_m20_d8_s456,R_all,TYPE_R,0.1,True,warm_start,,False,0.056500,True,True,5.947137,0.000000
rand_n10_m20_d8_s456,R_all,TYPE_R,0.1,True,warm_start,,False,0.056500,True,True,5.947137,0.000000
rand_n10_m20_d8_s456,R_small,TYPE_R,0.05,False,recompute,,True,0.002567,False,True,1.214524,0.000000
rand_n10_m20_d8_s456,R_single,TYPE_R,0.2,False,recompute,,True,0.000000,False,True,1.594299,0.000000
rand_n10_m20_d8_s456,R_all,TYPE_R,0.1,True,warm_start,,False,0.056500,True,True,5.947137,0.000000
rand_n10_m20_d8_s456,C_small,TYPE_C,0,False,none,0.000000,True,0.000000,False,True,0.000000,0.129398
rand_n10_m20_d8_s456,C_small,TYPE_C,0,False,none,0.000000,True,0.000000,False,True,0.000000,0.180726
rand_n10_m20_d8_s456,C_small,TYPE_C,0,False,none,0.000000,True,0.000000,False,True,0.000000,0.135102
rand_n10_m20_d8_s456,C_large,TYPE_C,0,True,warm_start,0.544809,False,0.000000,False,False,0.000000,1.807259
rand_n10_m20_d8_s456,C_medium,TYPE_C,0,True,warm_start,0.171098,False,0.004265,False,False,0.000000,0.540409
rand_n10_m20_d8_s456,C_medium,TYPE_C,0,False,none,0.229426,True,0.000000,False,True,0.000000,0.517592
rand_n10_m20_d8_s456,C_medium,TYPE_C,0,True,warm_start,0.211394,False,0.000000,False,False,0.000000,0.722904
rand_n10_m20_d8_s456,C_large,TYPE_C,0,True,warm_start,0.574340,False,0.000000,False,False,0.000000,1.293980
rand_n10_m20_d8_s456,C_large,TYPE_C,0,True,warm_start,0.476536,False,0.015800,True,True,0.000000,1.351024
rand_n10_m20_d8_s456,RC_medium,TYPE_RC,0.2,True,parametric_lp,,False,0.005041,False,False,11.404599,0.578218
rand_n10_m20_d8_s456,RC_small,TYPE_RC,0.05,False,recompute,,True,0.002047,False,True,2.851150,0.144555
rand_n10_m20_d8_s456,RC_small,TYPE_RC,0.05,False,recompute,,True,0.002682,False,True,1.214524,0.140114
rand_n10_m20_d8_s456,RC_small,TYPE_RC,0.05,False,recompute,,True,0.005081,False,True,1.029985,0.153110
rand_n10_m20_d8_s456,RC_medium,TYPE_RC,0.2,True,parametric_lp,,False,0.008875,False,False,4.858095,0.560456
rand_n10_m20_d8_s456,RC_medium,TYPE_RC,0.2,True,parametric_lp,,False,0.017501,True,True,4.119938,0.612438
rand_n10_m20_d8_s456,RC_large,TYPE_RC,0.5,True,parametric_lp,,False,0.030944,True,True,28.511498,1.445546
rand_n10_m20_d8_s456,RC_large,TYPE_RC,0.5,True,parametric_lp,,False,0.007714,False,False,12.145237,1.401140
rand_n10_m20_d8_s456,RC_asym_bc,TYPE_RC,0.05,True,parametric_lp,,False,0.002622,False,False,1.029985,1.531096
rand_n10_m20_d8_s456,RC_asym_cb,TYPE_RC,0.5,True,parametric_lp,,False,0.057616,True,True,28.511498,0.144555
rand_n10_m20_d8_s456,RC_asym_cb,TYPE_RC,0.5,True,parametric_lp,,False,0.001247,False,False,10.299846,0.153110
rand_n10_m20_d8_s456,RC_large,TYPE_RC,0.5,True,parametric_lp,,False,0.005012,False,False,10.299846,1.531096
rand_n10_m20_d8_s456,RC_asym_cb,TYPE_RC,0.5,True,parametric_lp,,False,0.033792,True,True,12.145237,0.140114
rand_n10_m20_d8_s789,R_small,TYPE_R,0.05,False,recompute,,True,0.008808,False,True,1.008436,0.000000
rand_n10_m20_d8_s789,R_small,TYPE_R,0.05,False,recompute,,True,0.026866,True,False,1.254662,0.000000
rand_n10_m20_d8_s789,R_medium,TYPE_R,0.2,False,recompute,,True,0.050601,True,False,4.753478,0.000000
rand_n10_m20_d8_s456,RC_asym_bc,TYPE_RC,0.05,True,parametric_lp,,False,0.015244,True,True,2.851150,1.445546
rand_n10_m20_d8_s789,R_large,TYPE_R,0.5,True,warm_start,,False,0.265546,True,True,11.883696,0.000000
rand_n10_m20_d8_s456,RC_asym_bc,TYPE_RC,0.05,True,parametric_lp,,False,0.008599,False,False,1.214524,1.401140
rand_n10_m20_d8_s789,R_large,TYPE_R,0.5,True,warm_start,,False,0.453950,True,True,12.546624,0.000000
rand_n10_m20_d8_s789,R_medium,TYPE_R,0.2,True,warm_start,,False,0.014010,True,True,4.033744,0.000000
rand_n10_m20_d8_s789,R_small,TYPE_R,0.05,False,recompute,,True,0.003194,False,True,1.188370,0.000000
rand_n10_m20_d8_s789,R_large,TYPE_R,0.5,True,warm_start,,False,0.196646,True,True,10.084361,0.000000
rand_n10_m20_d8_s789,R_medium,TYPE_R,0.2,True,warm_start,,False,0.116885,True,True,5.018650,0.000000
rand_n10_m20_d8_s789,R_single,TYPE_R,0.2,True,warm_start,,False,0.076221,True,True,5.698839,0.000000
rand_n10_m20_d8_s789,R_single,TYPE_R,0.2,False,recompute,,True,0.001324,False,True,0.984020,0.000000
rand_n10_m20_d8_s789,R_all,TYPE_R,0.1,False,recompute,,True,0.083571,True,False,3.454750,0.000000
rand_n10_m20_d8_s789,R_single,TYPE_R,0.2,False,recompute,,True,0.000000,False,True,2.945524,0.000000
rand_n10_m20_d8_s789,R_all,TYPE_R,0.1,False,recompute,,True,0.083571,True,False,3.454750,0.000000
rand_n10_m20_d8_s789,C_small,TYPE_C,0,True,warm_start,0.083700,False,0.000000,False,False,0.000000,0.170857
rand_n10_m20_d8_s789,C_small,TYPE_C,0,True,warm_start,0.089194,False,0.000000,False,False,0.000000,0.072565
rand_n10_m20_d8_s789,C_small,TYPE_C,0,True,warm_start,0.071704,False,0.000616,False,False,0.000000,0.159205
rand_n10_m20_d8_s789,C_medium,TYPE_C,0,True,warm_start,0.320337,False,0.002195,False,False,0.000000,0.290260
rand_n10_m20_d8_s789,C_medium,TYPE_C,0,True,warm_start,0.265006,False,0.004092,False,False,0.000000,0.636820
rand_n10_m20_d8_s789,R_all,TYPE_R,0.1,False,recompute,,True,0.083571,True,False,3.454750,0.000000
rand_n10_m20_d8_s789,C_large,TYPE_C,0,True,warm_start,0.619528,False,0.032449,True,True,0.000000,1.708575
rand_n10_m20_d8_s789,C_large,TYPE_C,0,True,warm_start,0.647542,False,0.007594,False,False,0.000000,0.725651
rand_n10_m20_d8_s789,C_medium,TYPE_C,0,True,warm_start,0.303232,False,0.006062,False,False,0.000000,0.683430
rand_n10_m20_d8_s789,C_large,TYPE_C,0,True,warm_start,0.554760,False,0.017025,True,True,0.000000,1.592051
rand_n10_m20_d8_s789,RC_small,TYPE_RC,0.05,True,parametric_lp,,False,0.026304,True,True,1.254662,0.088615
rand_n10_m20_d8_s789,RC_small,TYPE_RC,0.05,True,parametric_lp,,False,0.008816,False,False,1.008436,0.175801
rand_n10_m20_d8_s789,RC_small,TYPE_RC,0.05,True,parametric_lp,,False,0.003122,False,False,1.188370,0.206407
rand_n10_m20_d8_s789,RC_medium,TYPE_RC,0.2,True,parametric_lp,,False,0.008847,False,False,4.033744,0.703203
rand_n10_m20_d8_s789,RC_large,TYPE_RC,0.5,True,parametric_lp,,False,0.214205,True,True,11.883696,2.064067
rand_n10_m20_d8_s789,RC_asym_bc,TYPE_RC,0.05,True,parametric_lp,,False,0.025539,True,True,1.188370,2.064067
rand_n10_m20_d8_s789,RC_large,TYPE_RC,0.5,True,parametric_lp,,False,0.404968,True,True,12.546624,0.886148
rand_n10_m20_d8_s789,RC_asym_bc,TYPE_RC,0.05,True,parametric_lp,,False,0.011619,True,True,1.008436,1.758007
rand_n10_m20_d8_s789,RC_asym_cb,TYPE_RC,0.5,True,parametric_lp,,False,0.261142,True,True,11.883696,0.206407
rand_n10_m20_d8_s789,RC_medium,TYPE_RC,0.2,True,parametric_lp,,False,0.106459,True,True,5.018650,0.354459
rand_n10_m20_d8_s789,RC_asym_cb,TYPE_RC,0.5,True,parametric_lp,,False,0.448915,True,True,12.546624,0.088615
rand_n10_m20_d8_s789,RC_large,TYPE_RC,0.5,True,parametric_lp,,False,0.189163,True,True,10.084361,1.758007
rand_n10_m20_d8_s789,RC_asym_cb,TYPE_RC,0.5,True,parametric_lp,,False,0.196102,True,True,10.084361,0.175801
rand_n10_m20_d8_s789,RC_medium,TYPE_RC,0.2,True,parametric_lp,,False,0.042330,True,True,4.753478,0.825627
rand_n10_m20_d8_s1024,R_medium,TYPE_R,0.2,True,warm_start,,False,0.102482,True,True,4.438235,0.000000
rand_n10_m20_d8_s1024,R_small,TYPE_R,0.05,False,recompute,,True,0.020068,True,False,0.944984,0.000000
rand_n10_m20_d8_s1024,R_small,TYPE_R,0.05,False,recompute,,True,0.026115,True,False,0.758131,0.000000
rand_n10_m20_d8_s1024,R_medium,TYPE_R,0.2,True,warm_start,,False,0.059756,True,True,3.779938,0.000000
rand_n10_m20_d8_s1024,R_medium,TYPE_R,0.2,True,warm_start,,False,0.079667,True,True,3.032524,0.000000
rand_n10_m20_d8_s1024,R_large,TYPE_R,0.5,True,warm_start,,False,0.130211,True,True,9.449844,0.000000
rand_n10_m20_d8_s789,RC_asym_bc,TYPE_RC,0.05,True,parametric_lp,,False,0.019612,True,True,1.254662,0.886148
rand_n10_m20_d8_s1024,R_large,TYPE_R,0.5,True,warm_start,,False,0.139705,True,True,7.581311,0.000000
rand_n10_m20_d8_s1024,R_single,TYPE_R,0.2,False,recompute,,True,0.001243,False,True,0.171269,0.000000
rand_n10_m20_d8_s1024,R_single,TYPE_R,0.2,True,warm_start,,False,0.011956,True,True,6.450820,0.000000
rand_n10_m20_d8_s1024,R_single,TYPE_R,0.2,True,warm_start,,False,0.059673,True,True,3.931176,0.000000
rand_n10_m20_d8_s1024,R_all,TYPE_R,0.1,True,warm_start,,False,0.088155,True,True,3.225410,0.000000
rand_n10_m20_d8_s1024,R_all,TYPE_R,0.1,True,warm_start,,False,0.088155,True,True,3.225410,0.000000
rand_n10_m20_d8_s1024,C_small,TYPE_C,0,True,warm_start,0.070345,False,0.000000,False,False,0.000000,0.152907
rand_n10_m20_d8_s1024,R_small,TYPE_R,0.05,True,warm_start,,False,0.023792,True,True,1.109559,0.000000
rand_n10_m20_d8_s1024,C_small,TYPE_C,0,True,warm_start,0.075878,False,0.000000,False,False,0.000000,0.166348
rand_n10_m20_d8_s1024,R_all,TYPE_R,0.1,True,warm_start,,False,0.088155,True,True,3.225410,0.000000
rand_n10_m20_d8_s1024,C_small,TYPE_C,0,True,warm_start,0.058266,False,0.000106,False,False,0.000000,0.152887
rand_n10_m20_d8_s1024,R_large,TYPE_R,0.5,True,warm_start,,False,0.313161,True,True,11.095587,0.000000
rand_n10_m20_d8_s1024,C_medium,TYPE_C,0,True,warm_start,0.308633,False,0.000016,False,False,0.000000,0.665393
rand_n10_m20_d8_s1024,C_medium,TYPE_C,0,True,warm_start,0.252915,False,0.002552,False,False,0.000000,0.611546
rand_n10_m20_d8_s1024,C_large,TYPE_C,0,True,warm_start,0.638118,False,0.000126,False,False,0.000000,1.663483
rand_n10_m20_d8_s1024,RC_small,TYPE_RC,0.05,False,recompute,,True,0.019964,True,False,0.944984,0.095670
rand_n10_m20_d8_s1024,C_large,TYPE_C,0,True,warm_start,0.544689,False,0.019520,True,True,0.000000,1.528865
rand_n10_m20_d8_s1024,RC_small,TYPE_RC,0.05,True,parametric_lp,,False,0.026139,True,True,0.758131,0.225345
rand_n10_m20_d8_s1024,RC_medium,TYPE_RC,0.2,True,parametric_lp,,False,0.058254,True,True,3.779938,0.382682
rand_n10_m20_d8_s1024,RC_medium,TYPE_RC,0.2,True,parametric_lp,,False,0.079525,True,True,3.032524,0.901378
rand_n10_m20_d8_s1024,C_large,TYPE_C,0,True,warm_start,0.609908,False,0.000000,False,False,0.000000,1.529066
rand_n10_m20_d8_s1024,RC_medium,TYPE_RC,0.2,True,parametric_lp,,False,0.103339,True,True,4.438235,0.792859
rand_n10_m20_d8_s1024,C_medium,TYPE_C,0,True,warm_start,0.291408,False,0.000000,False,False,0.000000,0.611626
rand_n10_m20_d8_s1024,RC_large,TYPE_RC,0.5,True,parametric_lp,,False,0.122553,True,True,9.449844,0.956704
rand_n10_m20_d8_s1024,RC_large,TYPE_RC,0.5,True,parametric_lp,,False,0.335641,True,True,11.095587,1.982148
rand_n10_m20_d8_s1024,RC_large,TYPE_RC,0.5,True,parametric_lp,,False,0.145270,True,True,7.581311,2.253446
rand_n10_m20_d8_s1024,RC_asym_bc,TYPE_RC,0.05,True,parametric_lp,,False,0.014712,True,True,1.109559,1.982148
rand_n10_m20_d8_s1024,RC_asym_cb,TYPE_RC,0.5,True,parametric_lp,,False,0.315289,True,True,11.095587,0.198215
rand_n10_m20_d8_s1024,RC_asym_cb,TYPE_RC,0.5,True,parametric_lp,,False,0.129383,True,True,9.449844,0.095670
rand_n10_m20_d8_s1024,RC_asym_bc,TYPE_RC,0.05,True,parametric_lp,,False,0.026664,True,True,0.758131,2.253446
rand_n20_m20_d3_s42,R_small,TYPE_R,0.05,False,recompute,,True,0.000204,False,True,0.927366,0.000000
rand_n10_m20_d8_s1024,RC_small,TYPE_RC,0.05,True,parametric_lp,,False,0.023704,True,True,1.109559,0.198215
rand_n10_m20_d8_s1024,RC_asym_bc,TYPE_RC,0.05,True,parametric_lp,,False,0.019113,True,True,0.944984,0.956704
rand_n20_m20_d3_s42,R_small,TYPE_R,0.05,False,recompute,,True,0.001134,False,True,0.827263,0.000000
rand_n10_m20_d8_s123,RC_medium,TYPE_RC,0.2,True,parametric_lp,,False,0.002260,False,False,5.295783,0.405339
rand_n10_m20_d8_s1024,RC_asym_cb,TYPE_RC,0.5,True,parametric_lp,,False,0.140081,True,True,7.581311,0.225345
rand_n20_m20_d3_s42,R_small,TYPE_R,0.05,False,recompute,,True,0.006418,False,True,0.792885,0.000000
rand_n20_m20_d3_s42,R_medium,TYPE_R,0.2,False,recompute,,True,0.025186,True,False,3.171540,0.000000
rand_n20_m20_d3_s42,R_large,TYPE_R,0.5,True,warm_start,,False,0.056235,True,True,7.928851,0.000000
rand_n20_m20_d3_s42,R_medium,TYPE_R,0.2,False,recompute,,True,0.004520,False,True,3.309052,0.000000
rand_n20_m20_d3_s42,R_large,TYPE_R,0.5,True,warm_start,,False,0.007826,False,False,9.273661,0.000000
rand_n20_m20_d3_s42,R_large,TYPE_R,0.5,True,warm_start,,False,0.011223,True,True,8.272631,0.000000
rand_n20_m20_d3_s42,R_medium,TYPE_R,0.2,False,recompute,,True,0.001454,False,True,3.709464,0.000000
rand_n20_m20_d3_s42,R_single,TYPE_R,0.2,False,recompute,,True,0.000811,False,True,1.859136,0.000000
rand_n20_m20_d3_s42,C_small,TYPE_C,0,False,none,0.000000,True,0.000000,False,True,0.000000,0.142126
rand_n20_m20_d3_s42,C_small,TYPE_C,0,False,none,0.000000,True,0.000000,False,True,0.000000,0.170734
rand_n20_m20_d3_s42,R_all,TYPE_R,0.1,False,recompute,,True,0.034957,True,False,3.550116,0.000000
rand_n20_m20_d3_s42,R_all,TYPE_R,0.1,False,recompute,,True,0.034957,True,False,3.550116,0.000000
rand_n20_m20_d3_s42,R_all,TYPE_R,0.1,False,recompute,,True,0.034957,True,False,3.550116,0.000000
rand_n20_m20_d3_s42,C_medium,TYPE_C,0,False,none,0.165120,True,0.000000,False,True,0.000000,0.568503
rand_n20_m20_d3_s42,C_medium,TYPE_C,0,True,warm_start,0.165949,False,0.003139,False,False,0.000000,0.682934
rand_n20_m20_d3_s42,C_medium,TYPE_C,0,False,none,0.105534,True,0.002028,False,True,0.000000,0.578847
rand_n20_m20_d3_s42,R_single,TYPE_R,0.2,False,recompute,,True,0.000000,False,True,0.276885,0.000000
rand_n20_m20_d3_s42,RC_small,TYPE_RC,0.05,False,recompute,,True,0.000174,False,True,0.927366,0.174054
rand_n20_m20_d3_s42,C_large,TYPE_C,0,True,warm_start,0.421919,False,0.020938,True,True,0.000000,1.447118
rand_n20_m20_d3_s42,C_small,TYPE_C,0,False,none,0.000000,True,0.000000,False,True,0.000000,0.144712
rand_n20_m20_d3_s42,RC_small,TYPE_RC,0.05,False,recompute,,True,0.001196,False,True,0.827263,0.154264
rand_n20_m20_d3_s42,RC_small,TYPE_RC,0.05,False,recompute,,True,0.006663,False,True,0.792885,0.230685
rand_n20_m20_d3_s42,RC_medium,TYPE_RC,0.2,False,recompute,,True,0.005499,False,True,3.309052,0.617058
rand_n20_m20_d3_s42,C_large,TYPE_C,0,True,warm_start,0.521884,False,0.010232,True,True,0.000000,1.421256
rand_n20_m20_d3_s42,C_large,TYPE_C,0,True,warm_start,0.523231,False,0.023143,True,True,0.000000,1.707336
rand_n20_m20_d3_s42,RC_large,TYPE_RC,0.5,True,parametric_lp,,False,0.022091,True,True,8.272631,1.542644
rand_n20_m20_d3_s42,RC_medium,TYPE_RC,0.2,False,recompute,,True,0.001175,False,True,3.709464,0.696216
rand_n20_m20_d3_s42,RC_large,TYPE_RC,0.5,True,parametric_lp,,False,0.075343,True,True,7.928851,2.306849
rand_n20_m20_d3_s42,RC_large,TYPE_RC,0.5,True,parametric_lp,,False,0.009884,False,False,9.273661,1.740540
rand_n20_m20_d3_s42,RC_medium,TYPE_RC,0.2,True,parametric_lp,,False,0.031981,True,True,3.171540,0.922740
rand_n20_m20_d3_s42,RC_asym_bc,TYPE_RC,0.05,True,parametric_lp,,False,0.017205,True,True,0.927366,1.740540
rand_n20_m20_d3_s42,RC_asym_cb,TYPE_RC,0.5,True,parametric_lp,,False,0.007729,False,False,9.273661,0.174054
rand_n20_m20_d3_s42,RC_asym_cb,TYPE_RC,0.5,True,parametric_lp,,False,0.011837,True,True,8.272631,0.154264
rand_n20_m20_d3_s123,R_small,TYPE_R,0.05,False,recompute,,True,0.003163,False,True,0.919779,0.000000
rand_n20_m20_d3_s123,R_small,TYPE_R,0.05,False,recompute,,True,0.003694,False,True,0.830179,0.000000
rand_n20_m20_d3_s42,RC_asym_bc,TYPE_RC,0.05,True,parametric_lp,,False,0.013197,True,True,0.827263,1.542644
rand_n20_m20_d3_s123,R_small,TYPE_R,0.05,False,recompute,,True,0.004112,False,True,0.739273,0.000000
rand_n20_m20_d3_s42,RC_asym_cb,TYPE_RC,0.5,True,parametric_lp,,False,0.057936,True,True,7.928851,0.230685
rand_n20_m20_d3_s123,R_medium,TYPE_R,0.2,False,recompute,,True,0.014613,True,False,3.320715,0.000000
rand_n20_m20_d3_s123,R_medium,TYPE_R,0.2,False,recompute,,True,0.012772,True,False,3.679114,0.000000
rand_n20_m20_d3_s42,RC_asym_bc,TYPE_RC,0.05,True,parametric_lp,,False,0.028338,True,True,0.792885,2.306849
rand_n20_m20_d3_s123,R_medium,TYPE_R,0.2,True,warm_start,,False,0.014015,True,True,2.957091,0.000000
rand_n20_m20_d3_s123,R_large,TYPE_R,0.5,True,warm_start,,False,0.034709,True,True,8.301786,0.000000
rand_n20_m20_d3_s123,R_large,TYPE_R,0.5,True,warm_start,,False,0.032615,True,True,9.197785,0.000000
rand_n20_m20_d3_s123,R_large,TYPE_R,0.5,True,warm_start,,False,0.027800,True,True,7.392729,0.000000
rand_n20_m20_d3_s123,R_all,TYPE_R,0.1,True,warm_start,,False,0.015968,True,True,2.393284,0.000000
rand_n20_m20_d3_s123,R_all,TYPE_R,0.1,True,warm_start,,False,0.015968,True,True,2.393284,0.000000
rand_n20_m20_d3_s123,C_small,TYPE_C,0,False,none,0.000000,True,0.000000,False,True,0.000000,0.147575
rand_n20_m20_d3_s123,R_all,TYPE_R,0.1,True,warm_start,,False,0.015968,True,True,2.393284,0.000000
rand_n20_m20_d3_s123,R_single,TYPE_R,0.2,False,recompute,,True,0.000000,False,True,4.177753,0.000000
rand_n20_m20_d3_s123,C_small,TYPE_C,0,False,none,0.000000,True,0.000000,False,True,0.000000,0.157821
rand_n20_m20_d3_s123,R_single,TYPE_R,0.2,False,recompute,,True,0.000000,False,True,1.781515,0.000000
rand_n20_m20_d3_s123,C_small,TYPE_C,0,False,none,0.000000,True,0.000000,False,True,0.000000,0.128151
rand_n20_m20_d3_s123,C_medium,TYPE_C,0,False,none,0.000000,True,0.000000,False,True,0.000000,0.590301
rand_n20_m20_d3_s123,C_medium,TYPE_C,0,False,none,0.000000,True,0.000000,False,True,0.000000,0.631285
rand_n20_m20_d3_s123,C_large,TYPE_C,0,False,none,0.136845,True,0.000000,False,True,0.000000,1.578214
rand_n20_m20_d3_s123,R_single,TYPE_R,0.2,False,recompute,,True,0.000213,False,True,0.139562,0.000000
rand_n20_m20_d3_s123,C_large,TYPE_C,0,False,none,0.135147,True,0.000308,False,True,0.000000,1.475752
rand_n20_m20_d3_s123,RC_small,TYPE_RC,0.05,False,recompute,,True,0.003211,False,True,0.919779,0.120227
rand_n20_m20_d3_s123,RC_small,TYPE_RC,0.05,False,recompute,,True,0.003964,False,True,0.739273,0.182840
rand_n20_m20_d3_s42,R_single,TYPE_R,0.2,False,recompute,,True,0.000000,False,True,1.013689,0.000000
rand_n20_m20_d3_s123,RC_medium,TYPE_RC,0.2,False,recompute,,True,0.015551,True,False,3.320715,0.830471
rand_n20_m20_d3_s123,C_medium,TYPE_C,0,False,none,0.000000,True,0.000000,False,True,0.000000,0.512605
rand_n20_m20_d3_s123,RC_medium,TYPE_RC,0.2,False,recompute,,True,0.013568,True,False,3.679114,0.480909
rand_n20_m20_d3_s123,C_large,TYPE_C,0,False,none,0.009028,True,0.000000,False,True,0.000000,1.281512
rand_n20_m20_d3_s123,RC_large,TYPE_RC,0.5,True,parametric_lp,,False,0.042789,True,True,8.301786,2.076178
rand_n20_m20_d3_s123,RC_large,TYPE_RC,0.5,True,parametric_lp,,False,0.037941,True,True,9.197785,1.202272
rand_n20_m20_d3_s123,RC_medium,TYPE_RC,0.2,True,parametric_lp,,False,0.012680,True,True,2.957091,0.731359
rand_n20_m20_d3_s123,RC_large,TYPE_RC,0.5,True,parametric_lp,,False,0.030783,True,True,7.392729,1.828397
rand_n20_m20_d3_s123,RC_asym_bc,TYPE_RC,0.05,True,parametric_lp,,False,0.007651,False,False,0.830179,2.076178
rand_n20_m20_d3_s123,RC_asym_bc,TYPE_RC,0.05,True,parametric_lp,,False,0.009972,False,False,0.739273,1.828397
rand_n20_m20_d3_s123,RC_asym_bc,TYPE_RC,0.05,False,recompute,,True,0.003661,False,True,0.919779,1.202272
rand_n20_m20_d3_s123,RC_asym_cb,TYPE_RC,0.5,True,parametric_lp,,False,0.033129,True,True,9.197785,0.120227
rand_n20_m20_d3_s123,RC_asym_cb,TYPE_RC,0.5,True,parametric_lp,,False,0.035337,True,True,8.301786,0.207618
rand_n20_m20_d3_s123,RC_small,TYPE_RC,0.05,False,recompute,,True,0.003753,False,True,0.830179,0.207618
rand_n20_m20_d3_s456,R_small,TYPE_R,0.05,True,warm_start,,False,0.011709,True,True,0.657407,0.000000
rand_n20_m20_d3_s456,R_small,TYPE_R,0.05,True,warm_start,,False,0.009488,False,False,2.009739,0.000000
rand_n20_m20_d3_s123,RC_asym_cb,TYPE_RC,0.5,True,parametric_lp,,False,0.027746,True,True,7.392729,0.182840
rand_n20_m20_d3_s456,R_small,TYPE_R,0.05,True,warm_start,,False,0.007773,False,False,0.757462,0.000000
rand_n20_m20_d3_s456,R_medium,TYPE_R,0.2,True,warm_start,,False,0.048604,True,True,2.629629,0.000000
rand_n20_m20_d3_s456,R_medium,TYPE_R,0.2,True,warm_start,,False,0.049703,True,True,8.038954,0.000000
rand_n20_m20_d3_s456,R_medium,TYPE_R,0.2,True,warm_start,,False,0.032261,True,True,3.029847,0.000000
rand_n20_m20_d3_s456,R_large,TYPE_R,0.5,True,warm_start,,False,0.085049,True,True,7.574617,0.000000
rand_n20_m20_d3_s456,R_single,TYPE_R,0.2,False,recompute,,True,0.009690,False,True,2.849408,0.000000
rand_n20_m20_d3_s456,R_single,TYPE_R,0.2,False,recompute,,True,0.008502,False,True,1.584811,0.000000
rand_n20_m20_d3_s456,R_all,TYPE_R,0.1,True,warm_start,,False,0.045369,True,True,4.192060,0.000000
rand_n20_m20_d3_s456,R_single,TYPE_R,0.2,False,recompute,,True,0.000000,False,True,3.125211,0.000000
rand_n20_m20_d3_s456,R_all,TYPE_R,0.1,True,warm_start,,False,0.045369,True,True,4.192060,0.000000
rand_n20_m20_d3_s456,R_all,TYPE_R,0.1,True,warm_start,,False,0.045369,True,True,4.192060,0.000000
rand_n20_m20_d3_s456,C_small,TYPE_C,0,False,none,0.000000,True,0.000000,False,True,0.000000,0.202154
rand_n20_m20_d3_s456,C_small,TYPE_C,0,False,none,0.000000,True,0.000000,False,True,0.000000,0.162482
rand_n20_m20_d3_s456,R_large,TYPE_R,0.5,True,warm_start,,False,0.143657,True,True,20.097386,0.000000
rand_n20_m20_d3_s456,R_large,TYPE_R,0.5,True,warm_start,,False,0.137698,True,True,6.574072,0.000000
rand_n20_m20_d3_s456,C_large,TYPE_C,0,True,warm_start,0.383089,False,0.000075,False,False,0.000000,1.455462
rand_n20_m20_d3_s456,C_medium,TYPE_C,0,False,none,0.000000,True,0.000000,False,True,0.000000,0.649927
rand_n20_m20_d3_s456,C_medium,TYPE_C,0,False,none,0.000000,True,0.000000,False,True,0.000000,0.808618
rand_n20_m20_d3_s456,C_large,TYPE_C,0,False,none,0.384561,True,0.000000,False,True,0.000000,2.021544
rand_n20_m20_d3_s456,C_large,TYPE_C,0,True,warm_start,0.273739,False,0.001995,False,False,0.000000,1.624818
rand_n20_m20_d3_s456,RC_small,TYPE_RC,0.05,True,parametric_lp,,False,0.009993,False,False,2.009739,0.206086
rand_n20_m20_d3_s456,C_medium,TYPE_C,0,False,none,0.000000,True,0.000000,False,True,0.000000,0.582185
rand_n20_m20_d3_s456,RC_small,TYPE_RC,0.05,True,parametric_lp,,False,0.007789,False,False,0.757462,0.230356
rand_n20_m20_d3_s456,RC_medium,TYPE_RC,0.2,True,parametric_lp,,False,0.057642,True,True,8.038954,0.824344
rand_n20_m20_d3_s456,RC_medium,TYPE_RC,0.2,True,parametric_lp,,False,0.052553,True,True,2.629629,0.533450
rand_n20_m20_d3_s456,RC_medium,TYPE_RC,0.2,True,parametric_lp,,False,0.032684,True,True,3.029847,0.921425
rand_n20_m20_d3_s456,RC_large,TYPE_RC,0.5,True,parametric_lp,,False,0.186349,True,True,20.097386,2.060859
rand_n20_m20_d3_s456,RC_large,TYPE_RC,0.5,True,parametric_lp,,False,0.084961,True,True,7.574617,2.303562
rand_n20_m20_d3_s456,RC_small,TYPE_RC,0.05,True,parametric_lp,,False,0.011954,True,True,0.657407,0.133363
rand_n20_m20_d3_s456,RC_asym_bc,TYPE_RC,0.05,True,parametric_lp,,False,0.013312,True,True,2.009739,2.060859
rand_n20_m20_d3_s456,RC_asym_bc,TYPE_RC,0.05,True,parametric_lp,,False,0.011459,True,True,0.657407,1.333626
rand_n20_m20_d3_s456,RC_asym_cb,TYPE_RC,0.5,True,parametric_lp,,False,0.149456,True,True,20.097386,0.206086
rand_n20_m20_d3_s456,RC_asym_cb,TYPE_RC,0.5,True,parametric_lp,,False,0.141008,True,True,6.574072,0.133363
rand_n20_m20_d3_s456,C_small,TYPE_C,0,False,none,0.000000,True,0.000000,False,True,0.000000,0.145546
rand_n20_m20_d3_s789,R_small,TYPE_R,0.05,False,recompute,,True,0.006683,False,True,1.850866,0.000000
rand_n20_m20_d3_s456,RC_large,TYPE_RC,0.5,True,parametric_lp,,False,0.155592,True,True,6.574072,1.333626
rand_n20_m20_d3_s789,R_small,TYPE_R,0.05,False,recompute,,True,0.010396,True,False,1.484891,0.000000
rand_n20_m20_d3_s789,R_medium,TYPE_R,0.2,True,warm_start,,False,0.088809,True,True,6.805232,0.000000
rand_n20_m20_d3_s456,RC_asym_cb,TYPE_RC,0.5,True,parametric_lp,,False,0.085345,True,True,7.574617,0.230356
rand_n20_m20_d3_s789,R_medium,TYPE_R,0.2,True,warm_start,,False,0.026012,True,True,7.403463,0.000000
rand_n20_m20_d3_s789,R_small,TYPE_R,0.05,True,warm_start,,False,0.020754,True,True,1.701308,0.000000
rand_n20_m20_d3_s789,R_large,TYPE_R,0.5,True,warm_start,,False,0.278303,True,True,17.013079,0.000000
rand_n20_m20_d3_s789,R_large,TYPE_R,0.5,True,warm_start,,False,0.090221,True,True,14.848911,0.000000
rand_n20_m20_d3_s789,R_large,TYPE_R,0.5,True,warm_start,,False,0.054152,True,True,18.508658,0.000000
rand_n20_m20_d3_s789,R_single,TYPE_R,0.2,True,warm_start,,False,0.048232,True,True,7.699682,0.000000
rand_n20_m20_d3_s789,R_medium,TYPE_R,0.2,True,warm_start,,False,0.040325,True,True,5.939564,0.000000
rand_n20_m20_d3_s456,RC_asym_bc,TYPE_RC,0.05,True,parametric_lp,,False,0.006229,False,False,0.757462,2.303562
rand_n20_m20_d3_s789,R_single,TYPE_R,0.2,False,recompute,,True,0.000000,False,True,0.422021,0.000000
rand_n20_m20_d3_s789,R_all,TYPE_R,0.1,True,warm_start,,False,0.068708,True,True,3.849841,0.000000
rand_n20_m20_d3_s789,R_all,TYPE_R,0.1,True,warm_start,,False,0.068708,True,True,3.849841,0.000000
rand_n20_m20_d3_s789,R_all,TYPE_R,0.1,True,warm_start,,False,0.068708,True,True,3.849841,0.000000
rand_n20_m20_d3_s789,C_small,TYPE_C,0,True,warm_start,0.087629,False,0.000133,False,False,0.000000,0.230369
rand_n20_m20_d3_s789,C_small,TYPE_C,0,True,warm_start,0.087875,False,0.000267,False,False,0.000000,0.094550
rand_n20_m20_d3_s789,C_small,TYPE_C,0,True,warm_start,0.070374,False,0.000000,False,False,0.000000,0.127386
rand_n20_m20_d3_s789,C_medium,TYPE_C,0,True,warm_start,0.263808,False,0.000000,False,False,0.000000,0.509545
rand_n20_m20_d3_s789,C_large,TYPE_C,0,True,warm_start,0.646609,False,0.023441,True,True,0.000000,0.945501
rand_n20_m20_d3_s789,C_large,TYPE_C,0,True,warm_start,0.645375,False,0.004734,False,False,0.000000,2.303693
rand_n20_m20_d3_s789,C_medium,TYPE_C,0,True,warm_start,0.319178,False,0.003552,False,False,0.000000,0.378200
rand_n20_m20_d3_s789,RC_small,TYPE_RC,0.05,True,parametric_lp,,False,0.020397,True,True,1.701308,0.114488
rand_n20_m20_d3_s789,RC_small,TYPE_RC,0.05,True,parametric_lp,,False,0.007039,False,False,1.850866,0.196002
rand_n20_m20_d3_s789,R_single,TYPE_R,0.2,False,recompute,,True,0.000013,False,True,0.975998,0.000000
rand_n20_m20_d3_s789,RC_small,TYPE_RC,0.05,True,parametric_lp,,False,0.010713,True,True,1.484891,0.177456
rand_n20_m20_d3_s789,RC_medium,TYPE_RC,0.2,True,parametric_lp,,False,0.082993,True,True,6.805232,0.457951
rand_n20_m20_d3_s789,RC_large,TYPE_RC,0.5,True,parametric_lp,,False,0.054731,True,True,18.508658,1.960022
rand_n20_m20_d3_s789,C_medium,TYPE_C,0,True,warm_start,0.318418,False,0.001562,False,False,0.000000,0.921477
rand_n20_m20_d3_s789,RC_large,TYPE_RC,0.5,True,parametric_lp,,False,0.093116,True,True,14.848911,1.774561
rand_n20_m20_d3_s789,C_large,TYPE_C,0,True,warm_start,0.553763,False,0.001231,False,False,0.000000,1.273862
rand_n20_m20_d3_s789,RC_medium,TYPE_RC,0.2,True,parametric_lp,,False,0.042809,True,True,5.939564,0.709824
rand_n20_m20_d3_s789,RC_medium,TYPE_RC,0.2,True,parametric_lp,,False,0.026360,True,True,7.403463,0.784009
rand_n20_m20_d3_s789,RC_asym_bc,TYPE_RC,0.05,True,parametric_lp,,False,0.014209,True,True,1.484891,1.774561
rand_n20_m20_d3_s789,RC_asym_cb,TYPE_RC,0.5,True,parametric_lp,,False,0.278292,True,True,17.013079,0.114488
rand_n20_m20_d3_s789,RC_asym_bc,TYPE_RC,0.05,True,parametric_lp,,False,0.011148,True,True,1.701308,1.144877
rand_n20_m20_d3_s789,RC_asym_cb,TYPE_RC,0.5,True,parametric_lp,,False,0.054033,True,True,18.508658,0.196002
rand_n20_m20_d3_s1024,R_small,TYPE_R,0.05,False,recompute,,True,0.005403,False,True,1.375624,0.000000
rand_n20_m20_d3_s789,RC_large,TYPE_RC,0.5,True,parametric_lp,,False,0.261154,True,True,17.013079,1.144877
rand_n20_m20_d3_s789,RC_asym_cb,TYPE_RC,0.5,True,parametric_lp,,False,0.090484,True,True,14.848911,0.177456
rand_n20_m20_d3_s1024,R_small,TYPE_R,0.05,False,recompute,,True,0.007320,False,True,1.496552,0.000000
rand_n20_m20_d3_s1024,R_small,TYPE_R,0.05,False,recompute,,True,0.005211,False,True,1.455770,0.000000
rand_n20_m20_d3_s1024,R_medium,TYPE_R,0.2,True,warm_start,,False,0.023700,True,True,5.823080,0.000000
rand_n20_m20_d3_s1024,R_large,TYPE_R,0.5,True,warm_start,,False,0.087103,True,True,14.965523,0.000000
rand_n20_m20_d3_s1024,R_single,TYPE_R,0.2,True,warm_start,,False,0.014060,True,True,5.059328,0.000000
rand_n20_m20_d3_s1024,R_single,TYPE_R,0.2,False,recompute,,True,0.000866,False,True,6.225723,0.000000
rand_n20_m20_d3_s1024,R_medium,TYPE_R,0.2,True,warm_start,,False,0.030649,True,True,5.986209,0.000000
rand_n20_m20_d3_s1024,R_large,TYPE_R,0.5,True,warm_start,,False,0.078286,True,True,14.557699,0.000000
rand_n20_m20_d3_s1024,R_single,TYPE_R,0.2,False,recompute,,True,0.000000,False,True,0.853302,0.000000
rand_n20_m20_d3_s1024,R_all,TYPE_R,0.1,True,warm_start,,False,0.039279,True,True,4.161356,0.000000
rand_n20_m20_d3_s1024,R_all,TYPE_R,0.1,True,warm_start,,False,0.039279,True,True,4.161356,0.000000
rand_n20_m20_d3_s1024,R_medium,TYPE_R,0.2,True,warm_start,,False,0.021263,True,True,5.502498,0.000000
rand_n20_m20_d3_s1024,C_small,TYPE_C,0,True,warm_start,0.089786,False,0.001935,False,False,0.000000,0.188353
rand_n20_m20_d3_s1024,R_large,TYPE_R,0.5,True,warm_start,,False,0.050133,True,True,13.756245,0.000000
rand_n20_m20_d3_s1024,C_small,TYPE_C,0,True,warm_start,0.090031,False,0.000000,False,False,0.000000,0.204911
rand_n20_m20_d3_s1024,C_medium,TYPE_C,0,True,warm_start,0.320311,False,0.013758,True,True,0.000000,0.753413
rand_n20_m20_d3_s1024,C_medium,TYPE_C,0,True,warm_start,0.321073,False,0.000247,False,False,0.000000,0.819644
rand_n20_m20_d3_s789,RC_asym_bc,TYPE_RC,0.05,True,parametric_lp,,False,0.016152,True,True,1.850866,1.960022
rand_n20_m20_d3_s1024,R_all,TYPE_R,0.1,True,warm_start,,False,0.039279,True,True,4.161356,0.000000
rand_n20_m20_d3_s1024,C_large,TYPE_C,0,True,warm_start,0.646904,False,0.048926,True,True,0.000000,1.883533
rand_n20_m20_d3_s1024,C_medium,TYPE_C,0,True,warm_start,0.265765,False,0.002416,False,False,0.000000,0.657575
rand_n20_m20_d3_s1024,C_small,TYPE_C,0,True,warm_start,0.072549,False,0.000011,False,False,0.000000,0.164394
rand_n20_m20_d3_s1024,RC_small,TYPE_RC,0.05,True,parametric_lp,,False,0.005607,False,False,1.375624,0.189153
rand_n20_m20_d3_s1024,RC_small,TYPE_RC,0.05,True,parametric_lp,,False,0.007019,False,False,1.496552,0.123606
rand_n20_m20_d3_s1024,RC_medium,TYPE_RC,0.2,True,parametric_lp,,False,0.025860,True,True,5.986209,0.494424
rand_n20_m20_d3_s1024,RC_medium,TYPE_RC,0.2,True,parametric_lp,,False,0.026834,True,True,5.502498,0.756613
rand_n20_m20_d3_s1024,RC_medium,TYPE_RC,0.2,True,parametric_lp,,False,0.025966,True,True,5.823080,0.734375
rand_n20_m20_d3_s1024,RC_large,TYPE_RC,0.5,True,parametric_lp,,False,0.061000,True,True,14.965523,1.236060
rand_n20_m20_d3_s1024,C_large,TYPE_C,0,True,warm_start,0.648135,False,0.004140,False,False,0.000000,2.049110
rand_n20_m20_d3_s1024,RC_large,TYPE_RC,0.5,True,parametric_lp,,False,0.086240,True,True,14.557699,1.835938
rand_n20_m20_d3_s1024,RC_asym_bc,TYPE_RC,0.05,True,parametric_lp,,False,0.017316,True,True,1.375624,1.891532
rand_n20_m20_d3_s1024,RC_asym_cb,TYPE_RC,0.5,True,parametric_lp,,False,0.050951,True,True,13.756245,0.189153
rand_n20_m20_d3_s1024,RC_large,TYPE_RC,0.5,True,parametric_lp,,False,0.059288,True,True,13.756245,1.891532
rand_n20_m20_d3_s1024,RC_asym_bc,TYPE_RC,0.05,True,parametric_lp,,False,0.004984,False,False,1.455770,1.835938
rand_n20_m20_d3_s1024,RC_asym_cb,TYPE_RC,0.5,True,parametric_lp,,False,0.085324,True,True,14.965523,0.123606
rand_n20_m20_d5_s42,R_small,TYPE_R,0.05,False,recompute,,True,0.005522,False,True,1.205283,0.000000
rand_n20_m20_d3_s1024,RC_small,TYPE_RC,0.05,True,parametric_lp,,False,0.005224,False,False,1.455770,0.183594
rand_n20_m20_d3_s1024,RC_asym_cb,TYPE_RC,0.5,True,parametric_lp,,False,0.079279,True,True,14.557699,0.183594
rand_n20_m20_d3_s1024,RC_asym_bc,TYPE_RC,0.05,True,parametric_lp,,False,0.018283,True,True,1.496552,1.236060
rand_n20_m20_d3_s1024,C_large,TYPE_C,0,True,warm_start,0.555394,False,0.009384,False,False,0.000000,1.643936
rand_n20_m20_d5_s42,R_medium,TYPE_R,0.2,True,warm_start,,False,0.009455,False,False,2.836713,0.000000
rand_n20_m20_d5_s42,R_medium,TYPE_R,0.2,True,warm_start,,False,0.026287,True,True,4.821133,0.000000
rand_n20_m20_d5_s42,R_small,TYPE_R,0.05,False,recompute,,True,0.002347,False,True,0.709178,0.000000
rand_n20_m20_d5_s42,R_medium,TYPE_R,0.2,True,warm_start,,False,0.027620,True,True,2.827342,0.000000
rand_n20_m20_d5_s42,R_large,TYPE_R,0.5,True,warm_start,,False,0.076491,True,True,12.052833,0.000000
rand_n20_m20_d5_s42,R_single,TYPE_R,0.2,False,recompute,,True,0.000000,False,True,1.676951,0.000000
rand_n20_m20_d5_s42,R_single,TYPE_R,0.2,False,recompute,,True,0.000000,False,True,2.360440,0.000000
rand_n20_m20_d5_s42,R_single,TYPE_R,0.2,True,warm_start,,False,0.004262,False,False,3.451821,0.000000
rand_n20_m20_d5_s42,R_all,TYPE_R,0.1,True,warm_start,,False,0.047106,True,True,3.788114,0.000000
rand_n20_m20_d5_s42,R_all,TYPE_R,0.1,True,warm_start,,False,0.047106,True,True,3.788114,0.000000
rand_n20_m20_d5_s42,R_large,TYPE_R,0.5,True,warm_start,,False,0.064364,True,True,7.068356,0.000000
rand_n20_m20_d5_s42,C_small,TYPE_C,0,True,warm_start,0.056678,False,0.000000,False,False,0.000000,0.142126
rand_n20_m20_d5_s42,C_small,TYPE_C,0,True,warm_start,0.056931,False,0.000561,False,False,0.000000,0.170734
rand_n20_m20_d5_s42,C_medium,TYPE_C,0,True,warm_start,0.291202,False,0.000000,False,False,0.000000,0.568503
rand_n20_m20_d5_s42,C_small,TYPE_C,0,False,none,0.039140,True,0.000000,False,True,0.000000,0.144712
rand_n20_m20_d5_s42,C_medium,TYPE_C,0,True,warm_start,0.291974,False,0.003992,False,False,0.000000,0.682934
rand_n20_m20_d5_s42,C_large,TYPE_C,0,True,warm_start,0.623451,False,0.000405,False,False,0.000000,1.421256
rand_n20_m20_d5_s42,C_medium,TYPE_C,0,True,warm_start,0.235710,False,0.000000,False,False,0.000000,0.578847
rand_n20_m20_d5_s42,R_all,TYPE_R,0.1,True,warm_start,,False,0.047106,True,True,3.788114,0.000000
rand_n20_m20_d5_s42,RC_small,TYPE_RC,0.05,False,recompute,,True,0.002328,False,True,0.709178,0.154264
rand_n20_m20_d5_s42,R_small,TYPE_R,0.05,True,warm_start,,False,0.007106,False,False,0.706836,0.000000
rand_n20_m20_d5_s42,C_large,TYPE_C,0,True,warm_start,0.624706,False,0.011118,True,True,0.000000,1.707336
rand_n20_m20_d5_s42,RC_medium,TYPE_RC,0.2,True,parametric_lp,,False,0.024689,True,True,4.821133,0.696216
rand_n20_m20_d5_s42,RC_small,TYPE_RC,0.05,True,parametric_lp,,False,0.005362,False,False,1.205283,0.174054
rand_n20_m20_d5_s42,RC_small,TYPE_RC,0.05,True,parametric_lp,,False,0.008105,False,False,0.706836,0.230685
rand_n20_m20_d5_s42,R_large,TYPE_R,0.5,True,warm_start,,False,0.024002,True,True,7.091782,0.000000
rand_n20_m20_d5_s42,RC_medium,TYPE_RC,0.2,True,parametric_lp,,False,0.008959,False,False,2.836713,0.617058
rand_n20_m20_d5_s42,RC_medium,TYPE_RC,0.2,True,parametric_lp,,False,0.036240,True,True,2.827342,0.922740
rand_n20_m20_d5_s42,RC_large,TYPE_RC,0.5,True,parametric_lp,,False,0.055686,True,True,12.052833,1.740540
rand_n20_m20_d5_s42,RC_large,TYPE_RC,0.5,True,parametric_lp,,False,0.013146,True,True,7.091782,1.542644
rand_n20_m20_d5_s42,RC_large,TYPE_RC,0.5,True,parametric_lp,,False,0.120355,True,True,7.068356,2.306849
rand_n20_m20_d5_s42,RC_asym_bc,TYPE_RC,0.05,True,parametric_lp,,False,0.002897,False,False,1.205283,1.740540
rand_n20_m20_d5_s42,RC_asym_bc,TYPE_RC,0.05,True,parametric_lp,,False,0.004344,False,False,0.709178,1.542644
rand_n20_m20_d5_s42,RC_asym_cb,TYPE_RC,0.5,True,parametric_lp,,False,0.066691,True,True,7.068356,0.230685
rand_n20_m20_d5_s42,RC_asym_cb,TYPE_RC,0.5,True,parametric_lp,,False,0.023838,True,True,7.091782,0.154264
rand_n20_m20_d5_s123,R_small,TYPE_R,0.05,False,recompute,,True,0.001843,False,True,0.982714,0.000000
rand_n20_m20_d5_s123,R_small,TYPE_R,0.05,False,recompute,,True,0.000210,False,True,1.394000,0.000000
rand_n20_m20_d5_s123,R_medium,TYPE_R,0.2,False,recompute,,True,0.007332,False,True,3.930857,0.000000
rand_n20_m20_d5_s123,R_medium,TYPE_R,0.2,True,warm_start,,False,0.001591,False,False,4.481715,0.000000
rand_n20_m20_d5_s123,R_small,TYPE_R,0.05,False,recompute,,True,0.000243,False,True,1.120429,0.000000
rand_n20_m20_d5_s123,R_medium,TYPE_R,0.2,False,recompute,,True,0.000841,False,True,5.576000,0.000000
rand_n20_m20_d5_s123,R_large,TYPE_R,0.5,False,recompute,,True,0.017785,True,False,9.827143,0.000000
rand_n20_m20_d5_s42,RC_asym_cb,TYPE_RC,0.5,True,parametric_lp,,False,0.075638,True,True,12.052833,0.174054
rand_n20_m20_d5_s123,R_single,TYPE_R,0.2,False,recompute,,True,0.000000,False,True,0.160303,0.000000
rand_n20_m20_d5_s123,R_single,TYPE_R,0.2,False,recompute,,True,0.000000,False,True,6.331728,0.000000
rand_n20_m20_d5_s123,R_single,TYPE_R,0.2,False,recompute,,True,0.000000,False,True,3.693708,0.000000
rand_n20_m20_d5_s42,RC_asym_bc,TYPE_RC,0.05,True,parametric_lp,,False,0.065939,True,True,0.706836,2.306849
rand_n20_m20_d5_s123,R_all,TYPE_R,0.1,False,recompute,,True,0.013270,True,False,3.165864,0.000000
rand_n20_m20_d5_s123,R_all,TYPE_R,0.1,False,recompute,,True,0.013270,True,False,3.165864,0.000000
rand_n20_m20_d5_s123,C_small,TYPE_C,0,False,none,0.002670,True,0.000155,False,True,0.000000,0.147575
rand_n20_m20_d5_s42,C_large,TYPE_C,0,True,warm_start,0.530355,False,0.000483,False,False,0.000000,1.447118
rand_n20_m20_d5_s123,C_small,TYPE_C,0,False,none,0.002927,True,0.000000,False,True,0.000000,0.157821
rand_n20_m20_d5_s123,C_small,TYPE_C,0,False,none,0.000000,True,0.000000,False,True,0.000000,0.128151
rand_n20_m20_d5_s123,C_medium,TYPE_C,0,True,warm_start,0.243712,False,0.007581,False,False,0.000000,0.590301
rand_n20_m20_d5_s123,C_medium,TYPE_C,0,True,warm_start,0.186676,False,0.000768,False,False,0.000000,0.512605
rand_n20_m20_d5_s123,C_large,TYPE_C,0,True,warm_start,0.489513,False,0.004907,False,False,0.000000,1.281512
rand_n20_m20_d5_s123,C_large,TYPE_C,0,True,warm_start,0.585195,False,0.023330,True,True,0.000000,1.475752
rand_n20_m20_d5_s123,C_medium,TYPE_C,0,False,none,0.244506,True,0.000298,False,True,0.000000,0.631285
rand_n20_m20_d5_s123,RC_small,TYPE_RC,0.05,False,recompute,,True,0.000227,False,True,1.394000,0.120227
rand_n20_m20_d5_s123,R_all,TYPE_R,0.1,False,recompute,,True,0.013270,True,False,3.165864,0.000000
rand_n20_m20_d5_s123,RC_medium,TYPE_RC,0.2,False,recompute,,True,0.007831,False,True,3.930857,0.830471
rand_n20_m20_d5_s123,R_large,TYPE_R,0.5,False,recompute,,True,0.002106,False,True,13.940000,0.000000
rand_n20_m20_d5_s123,RC_small,TYPE_RC,0.05,False,recompute,,True,0.000174,False,True,1.120429,0.182840
rand_n20_m20_d5_s123,R_large,TYPE_R,0.5,True,warm_start,,False,0.007855,False,False,11.204288,0.000000
rand_n20_m20_d5_s123,C_large,TYPE_C,0,True,warm_start,0.586483,False,0.001614,False,False,0.000000,1.578214
rand_n20_m20_d5_s123,RC_medium,TYPE_RC,0.2,False,recompute,,True,0.001111,False,True,5.576000,0.480909
rand_n20_m20_d5_s123,RC_medium,TYPE_RC,0.2,True,parametric_lp,,False,0.000387,False,False,4.481715,0.731359
rand_n20_m20_d5_s123,RC_large,TYPE_RC,0.5,True,parametric_lp,,False,0.003854,False,False,13.940000,1.202272
rand_n20_m20_d5_s123,RC_small,TYPE_RC,0.05,False,recompute,,True,0.001868,False,True,0.982714,0.207618
rand_n20_m20_d5_s123,RC_large,TYPE_RC,0.5,True,parametric_lp,,False,0.001274,False,False,11.204288,1.828397
rand_n20_m20_d5_s123,RC_large,TYPE_RC,0.5,True,parametric_lp,,False,0.020016,True,True,9.827143,2.076178
rand_n20_m20_d5_s123,RC_asym_bc,TYPE_RC,0.05,True,parametric_lp,,False,0.003437,False,False,0.982714,2.076178
rand_n20_m20_d5_s123,RC_asym_bc,TYPE_RC,0.05,True,parametric_lp,,False,0.000516,False,False,1.120429,1.828397
rand_n20_m20_d5_s123,RC_asym_cb,TYPE_RC,0.5,False,recompute,,True,0.018004,True,False,9.827143,0.207618
rand_n20_m20_d5_s123,RC_asym_cb,TYPE_RC,0.5,False,recompute,,True,0.002273,False,True,13.940000,0.120227
rand_n20_m20_d5_s123,RC_asym_cb,TYPE_RC,0.5,True,parametric_lp,,False,0.007019,False,False,11.204288,0.182840
rand_n20_m20_d5_s456,R_small,TYPE_R,0.05,False,recompute,,True,0.010553,True,False,1.065877,0.000000
rand_n20_m20_d5_s123,RC_asym_bc,TYPE_RC,0.05,True,parametric_lp,,False,0.000384,False,False,1.394000,1.202272
rand_n20_m20_d5_s456,R_small,TYPE_R,0.05,True,warm_start,,False,0.010683,True,True,1.326129,0.000000
rand_n20_m20_d5_s456,R_medium,TYPE_R,0.2,True,warm_start,,False,0.043594,True,True,4.263510,0.000000
rand_n20_m20_d5_s456,R_large,TYPE_R,0.5,True,warm_start,,False,0.059805,True,True,16.093764,0.000000
rand_n20_m20_d5_s456,R_large,TYPE_R,0.5,True,warm_start,,False,0.121071,True,True,10.658774,0.000000
rand_n20_m20_d5_s456,R_single,TYPE_R,0.2,False,recompute,,True,0.001530,False,True,0.543346,0.000000
rand_n20_m20_d5_s456,R_single,TYPE_R,0.2,True,warm_start,,False,0.028552,True,True,6.023450,0.000000
rand_n20_m20_d5_s456,R_medium,TYPE_R,0.2,True,warm_start,,False,0.045543,True,True,5.304516,0.000000
rand_n20_m20_d5_s456,R_single,TYPE_R,0.2,False,recompute,,True,0.000000,False,True,0.357560,0.000000
rand_n20_m20_d5_s456,R_all,TYPE_R,0.1,True,warm_start,,False,0.036179,True,True,3.356955,0.000000
rand_n20_m20_d5_s456,R_medium,TYPE_R,0.2,True,warm_start,,False,0.016906,True,True,6.437506,0.000000
rand_n20_m20_d5_s456,C_small,TYPE_C,0,False,none,0.000000,True,0.000000,False,True,0.000000,0.145546
rand_n20_m20_d5_s456,R_all,TYPE_R,0.1,True,warm_start,,False,0.036179,True,True,3.356955,0.000000
rand_n20_m20_d5_s456,R_large,TYPE_R,0.5,True,warm_start,,False,0.137447,True,True,13.261290,0.000000
rand_n20_m20_d5_s456,C_small,TYPE_C,0,False,none,0.000000,True,0.000000,False,True,0.000000,0.162482
rand_n20_m20_d5_s456,C_small,TYPE_C,0,False,none,0.000000,True,0.000000,False,True,0.000000,0.202154
rand_n20_m20_d5_s456,C_medium,TYPE_C,0,True,warm_start,0.161879,False,0.000000,False,False,0.000000,0.582185
rand_n20_m20_d5_s456,C_medium,TYPE_C,0,True,warm_start,0.102186,False,0.000201,False,False,0.000000,0.649927
rand_n20_m20_d5_s456,R_small,TYPE_R,0.05,True,warm_start,,False,0.002634,False,False,1.609376,0.000000
rand_n20_m20_d5_s456,C_medium,TYPE_C,0,False,none,0.162711,True,0.000030,False,True,0.000000,0.808618
rand_n20_m20_d5_s456,C_large,TYPE_C,0,True,warm_start,0.419133,False,0.004688,False,False,0.000000,1.624818
rand_n20_m20_d5_s456,C_large,TYPE_C,0,True,warm_start,0.519273,False,0.008476,False,False,0.000000,1.455462
rand_n20_m20_d5_s456,RC_small,TYPE_RC,0.05,True,parametric_lp,,False,0.002511,False,False,1.609376,0.206086
rand_n20_m20_d5_s456,RC_small,TYPE_RC,0.05,False,recompute,,True,0.010714,True,False,1.065877,0.230356
rand_n20_m20_d5_s456,RC_medium,TYPE_RC,0.2,True,parametric_lp,,False,0.047216,True,True,5.304516,0.533450
rand_n20_m20_d5_s456,RC_medium,TYPE_RC,0.2,True,parametric_lp,,False,0.022481,True,True,6.437506,0.824344
rand_n20_m20_d5_s456,RC_medium,TYPE_RC,0.2,True,parametric_lp,,False,0.046513,True,True,4.263510,0.921425
rand_n20_m20_d5_s456,RC_large,TYPE_RC,0.5,True,parametric_lp,,False,0.109139,True,True,13.261290,1.333626
rand_n20_m20_d5_s456,RC_large,TYPE_RC,0.5,True,parametric_lp,,False,0.060408,True,True,16.093764,2.060859
rand_n20_m20_d5_s456,R_all,TYPE_R,0.1,True,warm_start,,False,0.036179,True,True,3.356955,0.000000
rand_n20_m20_d5_s456,RC_large,TYPE_RC,0.5,True,parametric_lp,,False,0.115220,True,True,10.658774,2.303562
rand_n20_m20_d5_s456,C_large,TYPE_C,0,True,warm_start,0.520622,False,0.000803,False,False,0.000000,2.021544
rand_n20_m20_d5_s456,RC_asym_bc,TYPE_RC,0.05,True,parametric_lp,,False,0.000250,False,False,1.609376,2.060859
rand_n20_m20_d5_s456,RC_asym_cb,TYPE_RC,0.5,True,parametric_lp,,False,0.135410,True,True,13.261290,0.133363
rand_n20_m20_d5_s789,R_small,TYPE_R,0.05,True,warm_start,,False,0.029610,True,True,1.933323,0.000000
rand_n20_m20_d5_s456,RC_asym_cb,TYPE_RC,0.5,True,parametric_lp,,False,0.122303,True,True,10.658774,0.230356
rand_n20_m20_d5_s789,R_small,TYPE_R,0.05,True,warm_start,,False,0.012512,True,True,1.687392,0.000000
rand_n20_m20_d5_s789,R_small,TYPE_R,0.05,True,warm_start,,False,0.013410,True,True,2.103277,0.000000
rand_n20_m20_d5_s789,R_medium,TYPE_R,0.2,True,warm_start,,False,0.155253,True,True,7.733291,0.000000
rand_n20_m20_d5_s456,RC_small,TYPE_RC,0.05,True,parametric_lp,,False,0.010951,True,True,1.326129,0.133363
rand_n20_m20_d5_s789,R_large,TYPE_R,0.5,True,warm_start,,False,1.208223,True,True,19.333228,0.000000
rand_n20_m20_d5_s789,R_medium,TYPE_R,0.2,True,warm_start,,False,0.046190,True,True,6.749569,0.000000
rand_n20_m20_d5_s789,R_large,TYPE_R,0.5,True,warm_start,,False,0.097462,True,True,21.032765,0.000000
rand_n20_m20_d5_s789,R_large,TYPE_R,0.5,True,warm_start,,False,0.066122,True,True,16.873922,0.000000
rand_n20_m20_d5_s789,R_all,TYPE_R,0.1,True,warm_start,,False,0.077844,True,True,4.374861,0.000000
rand_n20_m20_d5_s456,RC_asym_bc,TYPE_RC,0.05,True,parametric_lp,,False,0.004179,False,False,1.326129,1.333626
rand_n20_m20_d5_s456,RC_asym_bc,TYPE_RC,0.05,True,parametric_lp,,False,0.000679,False,False,1.065877,2.303562
rand_n20_m20_d5_s789,R_single,TYPE_R,0.2,True,warm_start,,False,0.000968,False,False,0.467463,0.000000
rand_n20_m20_d5_s789,R_all,TYPE_R,0.1,True,warm_start,,False,0.077844,True,True,4.374861,0.000000
rand_n20_m20_d5_s789,R_all,TYPE_R,0.1,True,warm_start,,False,0.077844,True,True,4.374861,0.000000
rand_n20_m20_d5_s789,C_small,TYPE_C,0,False,none,0.080791,True,0.000000,False,True,0.000000,0.094550
rand_n20_m20_d5_s456,RC_asym_cb,TYPE_RC,0.5,True,parametric_lp,,False,0.061346,True,True,16.093764,0.206086
rand_n20_m20_d5_s789,R_medium,TYPE_R,0.2,True,warm_start,,False,0.050896,True,True,8.413106,0.000000
rand_n20_m20_d5_s789,C_small,TYPE_C,0,True,warm_start,0.063225,False,0.000554,False,False,0.000000,0.127386
rand_n20_m20_d5_s789,R_single,TYPE_R,0.2,True,warm_start,,False,0.072844,True,True,8.749722,0.000000
rand_n20_m20_d5_s789,R_single,TYPE_R,0.2,False,recompute,,True,0.000000,False,True,0.393424,0.000000
rand_n20_m20_d5_s789,C_medium,TYPE_C,0,True,warm_start,0.312951,False,0.001566,False,False,0.000000,0.378200
rand_n20_m20_d5_s789,C_small,TYPE_C,0,True,warm_start,0.080544,False,0.000000,False,False,0.000000,0.230369
rand_n20_m20_d5_s789,C_medium,TYPE_C,0,True,warm_start,0.257376,False,0.002988,False,False,0.000000,0.509545
rand_n20_m20_d5_s789,C_large,TYPE_C,0,True,warm_start,0.640357,False,0.000188,False,False,0.000000,2.303693
rand_n20_m20_d5_s789,C_large,TYPE_C,0,True,warm_start,0.548405,False,0.009627,False,False,0.000000,1.273862
rand_n20_m20_d5_s789,C_large,TYPE_C,0,True,warm_start,0.641595,False,0.006842,False,False,0.000000,0.945501
rand_n20_m20_d5_s789,RC_small,TYPE_RC,0.05,True,parametric_lp,,False,0.013804,True,True,2.103277,0.196002
rand_n20_m20_d5_s789,RC_small,TYPE_RC,0.05,True,parametric_lp,,False,0.014647,True,True,1.687392,0.177456
rand_n20_m20_d5_s789,RC_medium,TYPE_RC,0.2,True,parametric_lp,,False,0.052956,True,True,8.413106,0.784009
rand_n20_m20_d5_s789,RC_medium,TYPE_RC,0.2,True,parametric_lp,,False,0.064415,True,True,6.749569,0.709824
rand_n20_m20_d5_s789,RC_large,TYPE_RC,0.5,True,parametric_lp,,False,1.077451,True,True,19.333228,1.144877
rand_n20_m20_d5_s789,RC_medium,TYPE_RC,0.2,True,parametric_lp,,False,0.129925,True,True,7.733291,0.457951
rand_n20_m20_d5_s789,RC_large,TYPE_RC,0.5,True,parametric_lp,,False,0.109303,True,True,16.873922,1.774561
rand_n20_m20_d5_s789,RC_small,TYPE_RC,0.05,True,parametric_lp,,False,0.027701,True,True,1.933323,0.114488
rand_n20_m20_d5_s789,RC_asym_bc,TYPE_RC,0.05,True,parametric_lp,,False,0.071300,True,True,1.687392,1.774561
rand_n20_m20_d5_s789,RC_asym_cb,TYPE_RC,0.5,True,parametric_lp,,False,1.195582,True,True,19.333228,0.114488
rand_n20_m20_d5_s789,C_medium,TYPE_C,0,True,warm_start,0.312188,False,0.000057,False,False,0.000000,0.921477
rand_n20_m20_d5_s1024,R_small,TYPE_R,0.05,True,warm_start,,False,0.001811,False,False,1.363557,0.000000
rand_n20_m20_d5_s789,RC_large,TYPE_RC,0.5,True,parametric_lp,,False,0.096940,True,True,21.032765,1.960022
rand_n20_m20_d5_s1024,R_small,TYPE_R,0.05,False,recompute,,True,0.001109,False,True,1.354601,0.000000
rand_n20_m20_d5_s1024,R_small,TYPE_R,0.05,True,warm_start,,False,0.004304,False,False,1.455354,0.000000
rand_n20_m20_d5_s1024,R_medium,TYPE_R,0.2,True,warm_start,,False,0.004512,False,False,5.418406,0.000000
rand_n20_m20_d5_s789,RC_asym_cb,TYPE_RC,0.5,True,parametric_lp,,False,0.096452,True,True,21.032765,0.196002
rand_n20_m20_d5_s1024,R_medium,TYPE_R,0.2,True,warm_start,,False,0.016997,True,True,5.821416,0.000000
rand_n20_m20_d5_s1024,R_large,TYPE_R,0.5,True,warm_start,,False,0.042813,True,True,13.635566,0.000000
rand_n20_m20_d5_s1024,R_large,TYPE_R,0.5,True,warm_start,,False,0.018634,True,True,13.546015,0.000000
rand_n20_m20_d5_s789,RC_asym_cb,TYPE_RC,0.5,True,parametric_lp,,False,0.069683,True,True,16.873922,0.177456
rand_n20_m20_d5_s789,RC_asym_bc,TYPE_RC,0.05,True,parametric_lp,,False,0.013931,True,True,1.933323,1.144877
rand_n20_m20_d5_s1024,R_single,TYPE_R,0.2,False,recompute,,True,0.015071,True,False,5.635201,0.000000
rand_n20_m20_d5_s1024,R_medium,TYPE_R,0.2,True,warm_start,,False,0.008376,False,False,5.454226,0.000000
rand_n20_m20_d5_s789,RC_asym_bc,TYPE_RC,0.05,True,parametric_lp,,False,0.020001,True,True,2.103277,1.960022
rand_n20_m20_d5_s1024,R_single,TYPE_R,0.2,False,recompute,,True,0.000000,False,True,1.195596,0.000000
rand_n20_m20_d5_s1024,R_all,TYPE_R,0.1,True,warm_start,,False,0.035278,True,True,4.160167,0.000000
rand_n20_m20_d5_s1024,R_single,TYPE_R,0.2,False,recompute,,True,0.006222,False,True,2.737363,0.000000
rand_n20_m20_d5_s1024,R_all,TYPE_R,0.1,True,warm_start,,False,0.035278,True,True,4.160167,0.000000
rand_n20_m20_d5_s1024,C_small,TYPE_C,0,True,warm_start,0.077141,False,0.000001,False,False,0.000000,0.188353
rand_n20_m20_d5_s1024,C_small,TYPE_C,0,True,warm_start,0.077387,False,0.000000,False,False,0.000000,0.204911
rand_n20_m20_d5_s1024,C_small,TYPE_C,0,True,warm_start,0.059790,False,0.000006,False,False,0.000000,0.164394
rand_n20_m20_d5_s1024,R_all,TYPE_R,0.1,True,warm_start,,False,0.035278,True,True,4.160167,0.000000
rand_n20_m20_d5_s1024,C_medium,TYPE_C,0,True,warm_start,0.309192,False,0.000021,False,False,0.000000,0.753413
rand_n20_m20_d5_s1024,C_medium,TYPE_C,0,True,warm_start,0.254285,False,0.000116,False,False,0.000000,0.657575
rand_n20_m20_d5_s1024,C_large,TYPE_C,0,True,warm_start,0.639186,False,0.000000,False,False,0.000000,2.049110
rand_n20_m20_d5_s1024,R_large,TYPE_R,0.5,True,warm_start,,False,0.040071,True,True,14.553540,0.000000
rand_n20_m20_d5_s1024,C_large,TYPE_C,0,True,warm_start,0.637947,False,0.001526,False,False,0.000000,1.883533
rand_n20_m20_d5_s1024,RC_small,TYPE_RC,0.05,True,parametric_lp,,False,0.001209,False,False,1.363557,0.189153
rand_n20_m20_d5_s1024,RC_small,TYPE_RC,0.05,True,parametric_lp,,False,0.004442,False,False,1.455354,0.183594
rand_n20_m20_d5_s1024,RC_small,TYPE_RC,0.05,True,parametric_lp,,False,0.001149,False,False,1.354601,0.123606
rand_n20_m20_d5_s1024,RC_medium,TYPE_RC,0.2,True,parametric_lp,,False,0.005839,False,False,5.454226,0.756613
rand_n20_m20_d5_s1024,RC_medium,TYPE_RC,0.2,True,parametric_lp,,False,0.005273,False,False,5.418406,0.494424
rand_n20_m20_d5_s1024,C_large,TYPE_C,0,True,warm_start,0.545831,False,0.003075,False,False,0.000000,1.643936
rand_n20_m20_d5_s1024,RC_large,TYPE_RC,0.5,True,parametric_lp,,False,0.009756,False,False,13.635566,1.891532
rand_n20_m20_d5_s1024,RC_large,TYPE_RC,0.5,True,parametric_lp,,False,0.067958,True,True,14.553540,1.835938
rand_n20_m20_d5_s1024,RC_asym_bc,TYPE_RC,0.05,True,parametric_lp,,False,0.001323,False,False,1.354601,1.236060
rand_n20_m20_d5_s1024,RC_asym_bc,TYPE_RC,0.05,True,parametric_lp,,False,0.026282,True,True,1.455354,1.835938
rand_n20_m20_d5_s1024,RC_medium,TYPE_RC,0.2,True,parametric_lp,,False,0.020318,True,True,5.821416,0.734375
rand_n20_m20_d5_s1024,RC_asym_bc,TYPE_RC,0.05,True,parametric_lp,,False,0.036804,True,True,1.363557,1.891532
rand_n20_m20_d8_s42,R_small,TYPE_R,0.05,True,warm_start,,False,0.003322,False,False,1.176720,0.000000
rand_n20_m20_d5_s1024,C_medium,TYPE_C,0,True,warm_start,0.309959,False,0.000000,False,False,0.000000,0.819644
rand_n20_m20_d5_s1024,RC_asym_cb,TYPE_RC,0.5,True,parametric_lp,,False,0.040969,True,True,14.553540,0.183594
rand_n20_m20_d5_s1024,RC_asym_cb,TYPE_RC,0.5,True,parametric_lp,,False,0.020713,True,True,13.546015,0.123606
rand_n20_m20_d8_s42,R_small,TYPE_R,0.05,True,warm_start,,False,0.003344,False,False,1.018647,0.000000
rand_n20_m20_d5_s1024,RC_asym_cb,TYPE_RC,0.5,True,parametric_lp,,False,0.039703,True,True,13.635566,0.189153
rand_n20_m20_d8_s42,R_medium,TYPE_R,0.2,True,warm_start,,False,0.013422,True,True,4.706881,0.000000
rand_n20_m20_d8_s42,R_medium,TYPE_R,0.2,True,warm_start,,False,0.011702,True,True,2.937492,0.000000
rand_n20_m20_d5_s1024,RC_large,TYPE_RC,0.5,True,parametric_lp,,False,0.037882,True,True,13.546015,1.236060
rand_n20_m20_d8_s42,R_medium,TYPE_R,0.2,True,warm_start,,False,0.012349,True,True,4.074589,0.000000
rand_n20_m20_d8_s42,R_large,TYPE_R,0.5,True,warm_start,,False,0.033113,True,True,7.343729,0.000000
rand_n20_m20_d8_s42,R_single,TYPE_R,0.2,False,recompute,,True,0.000270,False,True,3.041382,0.000000
rand_n20_m20_d8_s42,R_single,TYPE_R,0.2,True,warm_start,,False,0.004015,False,False,2.170892,0.000000
rand_n20_m20_d8_s42,R_all,TYPE_R,0.1,True,warm_start,,False,0.058808,True,True,3.698343,0.000000
rand_n20_m20_d8_s42,C_small,TYPE_C,0,True,warm_start,0.052462,False,0.000186,False,False,0.000000,0.142126
rand_n20_m20_d8_s42,R_large,TYPE_R,0.5,True,warm_start,,False,0.019352,True,True,10.186473,0.000000
rand_n20_m20_d8_s42,R_all,TYPE_R,0.1,True,warm_start,,False,0.058808,True,True,3.698343,0.000000
rand_n20_m20_d8_s42,R_single,TYPE_R,0.2,False,recompute,,True,0.000000,False,True,2.243969,0.000000
rand_n20_m20_d8_s42,R_all,TYPE_R,0.1,True,warm_start,,False,0.058808,True,True,3.698343,0.000000
rand_n20_m20_d8_s42,C_small,TYPE_C,0,False,none,0.034886,False,0.000067,False,True,0.000000,0.144712
rand_n20_m20_d8_s42,C_medium,TYPE_C,0,True,warm_start,0.287495,False,0.003140,False,False,0.000000,0.568503
rand_n20_m20_d8_s42,R_small,TYPE_R,0.05,False,recompute,,True,0.002893,False,True,0.734373,0.000000
rand_n20_m20_d8_s42,C_medium,TYPE_C,0,True,warm_start,0.231883,False,0.010775,True,True,0.000000,0.578847
rand_n20_m20_d8_s42,C_small,TYPE_C,0,False,none,0.052716,True,0.000000,False,True,0.000000,0.170734
rand_n20_m20_d8_s42,C_medium,TYPE_C,0,True,warm_start,0.288268,False,0.000000,False,False,0.000000,0.682934
rand_n20_m20_d8_s42,C_large,TYPE_C,0,True,warm_start,0.620465,False,0.011986,True,True,0.000000,1.421256
rand_n20_m20_d8_s42,R_large,TYPE_R,0.5,True,warm_start,,False,0.045399,True,True,11.767203,0.000000
rand_n20_m20_d8_s42,C_large,TYPE_C,0,True,warm_start,0.527167,False,0.038593,True,True,0.000000,1.447118
rand_n20_m20_d8_s42,C_large,TYPE_C,0,True,warm_start,0.621722,False,0.003535,False,False,0.000000,1.707336
rand_n20_m20_d8_s42,RC_small,TYPE_RC,0.05,False,recompute,,True,0.003053,False,True,0.734373,0.154264
rand_n20_m20_d8_s42,RC_small,TYPE_RC,0.05,True,parametric_lp,,False,0.005572,False,False,1.018647,0.230685
rand_n20_m20_d8_s42,RC_medium,TYPE_RC,0.2,True,parametric_lp,,False,0.013553,True,True,2.937492,0.617058
rand_n20_m20_d8_s42,RC_large,TYPE_RC,0.5,True,parametric_lp,,False,0.054258,True,True,11.767203,1.740540
rand_n20_m20_d8_s42,RC_large,TYPE_RC,0.5,True,parametric_lp,,False,0.030348,True,True,7.343729,1.542644
rand_n20_m20_d8_s42,RC_large,TYPE_RC,0.5,True,parametric_lp,,False,0.077046,True,True,10.186473,2.306849
rand_n20_m20_d8_s42,RC_asym_bc,TYPE_RC,0.05,True,parametric_lp,,False,0.001692,False,False,0.734373,1.542644
rand_n20_m20_d8_s42,RC_asym_bc,TYPE_RC,0.05,True,parametric_lp,,False,0.047399,True,True,1.018647,2.306849
rand_n20_m20_d8_s42,RC_asym_bc,TYPE_RC,0.05,True,parametric_lp,,False,0.000130,False,False,1.176720,1.740540
rand_n20_m20_d8_s42,RC_medium,TYPE_RC,0.2,True,parametric_lp,,False,0.021131,True,True,4.074589,0.922740
rand_n20_m20_d8_s42,RC_asym_cb,TYPE_RC,0.5,True,parametric_lp,,False,0.050821,True,True,11.767203,0.174054
rand_n20_m20_d8_s42,RC_medium,TYPE_RC,0.2,True,parametric_lp,,False,0.015288,True,True,4.706881,0.696216
rand_n20_m20_d8_s123,R_medium,TYPE_R,0.2,True,warm_start,,False,0.016648,True,True,3.992752,0.000000
rand_n20_m20_d8_s42,RC_small,TYPE_RC,0.05,True,parametric_lp,,False,0.003433,False,False,1.176720,0.174054
rand_n20_m20_d8_s123,R_small,TYPE_R,0.05,False,recompute,,True,0.004215,False,True,0.998188,0.000000
rand_n20_m20_d8_s42,RC_asym_cb,TYPE_RC,0.5,True,parametric_lp,,False,0.033898,True,True,7.343729,0.154264
rand_n20_m20_d8_s123,R_medium,TYPE_R,0.2,False,recompute,,True,0.001762,False,True,4.137238,0.000000
rand_n20_m20_d8_s123,R_small,TYPE_R,0.05,False,recompute,,True,0.000542,False,True,0.831327,0.000000
rand_n20_m20_d8_s123,R_large,TYPE_R,0.5,False,recompute,,True,0.004821,False,True,10.343095,0.000000
rand_n20_m20_d8_s123,R_single,TYPE_R,0.2,False,recompute,,True,0.000000,False,True,2.074034,0.000000
rand_n20_m20_d8_s42,RC_asym_cb,TYPE_RC,0.5,True,parametric_lp,,False,0.019643,True,True,10.186473,0.230685
rand_n20_m20_d8_s123,R_single,TYPE_R,0.2,False,recompute,,True,0.000000,False,True,4.697968,0.000000
rand_n20_m20_d8_s123,R_large,TYPE_R,0.5,True,warm_start,,False,0.039547,True,True,9.981879,0.000000
rand_n20_m20_d8_s123,R_single,TYPE_R,0.2,False,recompute,,True,0.000000,False,True,2.686287,0.000000
rand_n20_m20_d8_s123,R_small,TYPE_R,0.05,False,recompute,,True,0.000440,False,True,1.034310,0.000000
rand_n20_m20_d8_s123,R_all,TYPE_R,0.1,False,recompute,,True,0.017926,True,False,2.901866,0.000000
rand_n20_m20_d8_s123,R_all,TYPE_R,0.1,False,recompute,,True,0.017926,True,False,2.901866,0.000000
rand_n20_m20_d8_s123,R_medium,TYPE_R,0.2,True,warm_start,,False,0.002171,False,False,3.325309,0.000000
rand_n20_m20_d8_s123,C_medium,TYPE_C,0,False,none,0.000000,True,0.000000,False,True,0.000000,0.590301
rand_n20_m20_d8_s123,C_small,TYPE_C,0,False,none,0.000000,True,0.000000,False,True,0.000000,0.147575
rand_n20_m20_d8_s123,R_all,TYPE_R,0.1,False,recompute,,True,0.017926,True,False,2.901866,0.000000
rand_n20_m20_d8_s123,C_small,TYPE_C,0,False,none,0.000000,True,0.000000,False,True,0.000000,0.157821
rand_n20_m20_d8_s123,C_medium,TYPE_C,0,False,none,0.000000,True,0.000000,False,True,0.000000,0.512605
rand_n20_m20_d8_s123,R_large,TYPE_R,0.5,True,warm_start,,False,0.005446,False,False,8.313273,0.000000
rand_n20_m20_d8_s123,C_large,TYPE_C,0,True,warm_start,0.263721,False,0.008036,False,False,0.000000,1.475752
rand_n20_m20_d8_s123,C_large,TYPE_C,0,False,none,0.265302,True,0.000000,False,True,0.000000,1.578214
rand_n20_m20_d8_s123,C_large,TYPE_C,0,False,none,0.146298,True,0.000000,False,True,0.000000,1.281512
rand_n20_m20_d8_s123,RC_small,TYPE_RC,0.05,False,recompute,,True,0.004183,False,True,0.998188,0.207618
rand_n20_m20_d8_s123,RC_small,TYPE_RC,0.05,False,recompute,,True,0.000593,False,True,0.831327,0.182840
rand_n20_m20_d8_s123,C_small,TYPE_C,0,False,none,0.000000,True,0.000000,False,True,0.000000,0.128151
rand_n20_m20_d8_s123,RC_small,TYPE_RC,0.05,False,recompute,,True,0.000440,False,True,1.034310,0.120227
rand_n20_m20_d8_s123,RC_medium,TYPE_RC,0.2,True,parametric_lp,,False,0.003018,False,False,3.325309,0.731359
rand_n20_m20_d8_s123,RC_large,TYPE_RC,0.5,True,parametric_lp,,False,0.037500,True,True,9.981879,2.076178
rand_n20_m20_d8_s123,RC_medium,TYPE_RC,0.2,False,recompute,,True,0.001768,False,True,4.137238,0.480909
rand_n20_m20_d8_s123,C_medium,TYPE_C,0,False,none,0.000000,True,0.000000,False,True,0.000000,0.631285
rand_n20_m20_d8_s123,RC_large,TYPE_RC,0.5,True,parametric_lp,,False,0.008224,False,False,8.313273,1.828397
rand_n20_m20_d8_s123,RC_large,TYPE_RC,0.5,True,parametric_lp,,False,0.004972,False,False,10.343095,1.202272
rand_n20_m20_d8_s123,RC_medium,TYPE_RC,0.2,True,parametric_lp,,False,0.016151,True,True,3.992752,0.830471
rand_n20_m20_d8_s123,RC_asym_bc,TYPE_RC,0.05,True,parametric_lp,,False,0.000047,False,False,0.831327,1.828397
rand_n20_m20_d8_s123,RC_asym_bc,TYPE_RC,0.05,False,recompute,,True,0.003889,False,True,0.998188,2.076178
rand_n20_m20_d8_s123,RC_asym_cb,TYPE_RC,0.5,True,parametric_lp,,False,0.039350,True,True,9.981879,0.207618
rand_n20_m20_d8_s123,RC_asym_cb,TYPE_RC,0.5,True,parametric_lp,,False,0.005964,False,False,8.313273,0.182840
rand_n20_m20_d8_s123,RC_asym_cb,TYPE_RC,0.5,False,recompute,,True,0.004836,False,True,10.343095,0.120227
rand_n20_m20_d8_s123,RC_asym_bc,TYPE_RC,0.05,True,parametric_lp,,False,0.000444,False,False,1.034310,1.202272
rand_n20_m20_d8_s456,R_small,TYPE_R,0.05,True,warm_start,,False,0.005878,False,False,2.382019,0.000000
rand_n20_m20_d8_s456,R_small,TYPE_R,0.05,True,warm_start,,False,0.013217,True,True,1.375390,0.000000
rand_n20_m20_d8_s456,R_medium,TYPE_R,0.2,True,warm_start,,False,0.036606,True,True,9.528074,0.000000
rand_n20_m20_d8_s456,R_large,TYPE_R,0.5,True,warm_start,,False,0.182171,True,True,17.112138,0.000000
rand_n20_m20_d8_s456,R_medium,TYPE_R,0.2,True,warm_start,,False,0.063497,True,True,6.844855,0.000000
rand_n20_m20_d8_s456,R_medium,TYPE_R,0.2,True,warm_start,,False,0.055195,True,True,5.501559,0.000000
rand_n20_m20_d8_s456,R_single,TYPE_R,0.2,False,recompute,,True,0.000000,False,True,2.100233,0.000000
rand_n20_m20_d8_s456,R_large,TYPE_R,0.5,True,warm_start,,False,0.113770,True,True,23.820185,0.000000
rand_n20_m20_d8_s456,R_large,TYPE_R,0.5,True,warm_start,,False,0.158324,True,True,13.753897,0.000000
rand_n20_m20_d8_s456,R_single,TYPE_R,0.2,False,recompute,,True,0.000000,False,True,1.527013,0.000000
rand_n20_m20_d8_s456,R_single,TYPE_R,0.2,True,warm_start,,False,0.029641,True,True,7.772555,0.000000
rand_n20_m20_d8_s456,R_small,TYPE_R,0.05,True,warm_start,,False,0.015153,True,True,1.711214,0.000000
rand_n20_m20_d8_s456,R_all,TYPE_R,0.1,True,warm_start,,False,0.047986,True,True,4.968589,0.000000
rand_n20_m20_d8_s456,C_small,TYPE_C,0,False,none,0.030896,False,0.000539,False,True,0.000000,0.145546
rand_n20_m20_d8_s456,R_all,TYPE_R,0.1,True,warm_start,,False,0.047986,True,True,4.968589,0.000000
rand_n20_m20_d8_s456,C_small,TYPE_C,0,False,none,0.013128,True,0.000000,False,True,0.000000,0.162482
rand_n20_m20_d8_s456,C_medium,TYPE_C,0,True,warm_start,0.268531,False,0.005910,False,False,0.000000,0.582185
rand_n20_m20_d8_s456,C_medium,TYPE_C,0,True,warm_start,0.212301,False,0.000094,False,False,0.000000,0.649927
rand_n20_m20_d8_s456,R_all,TYPE_R,0.1,True,warm_start,,False,0.047986,True,True,4.968589,0.000000
rand_n20_m20_d8_s456,C_medium,TYPE_C,0,True,warm_start,0.269315,False,0.000019,False,False,0.000000,0.808618
rand_n20_m20_d8_s456,C_small,TYPE_C,0,False,none,0.031150,True,0.000000,False,True,0.000000,0.202154
rand_n20_m20_d8_s456,C_large,TYPE_C,0,True,warm_start,0.510859,False,0.001421,False,False,0.000000,1.624818
rand_n20_m20_d8_s456,C_large,TYPE_C,0,True,warm_start,0.606459,False,0.003674,False,False,0.000000,2.021544
rand_n20_m20_d8_s456,RC_small,TYPE_RC,0.05,True,parametric_lp,,False,0.013301,True,True,1.375390,0.230356
rand_n20_m20_d8_s456,C_large,TYPE_C,0,True,warm_start,0.605188,False,0.019444,True,True,0.000000,1.455462
rand_n20_m20_d8_s456,RC_medium,TYPE_RC,0.2,True,parametric_lp,,False,0.034760,True,True,9.528074,0.824344
rand_n20_m20_d8_s456,RC_small,TYPE_RC,0.05,True,parametric_lp,,False,0.015215,True,True,1.711214,0.133363
rand_n20_m20_d8_s456,RC_small,TYPE_RC,0.05,True,parametric_lp,,False,0.005467,False,False,2.382019,0.206086
rand_n20_m20_d8_s456,RC_large,TYPE_RC,0.5,True,parametric_lp,,False,0.084462,True,True,23.820185,2.060859
rand_n20_m20_d8_s456,RC_large,TYPE_RC,0.5,True,parametric_lp,,False,0.178469,True,True,17.112138,1.333626
rand_n20_m20_d8_s456,RC_medium,TYPE_RC,0.2,True,parametric_lp,,False,0.054191,True,True,5.501559,0.921425
rand_n20_m20_d8_s456,RC_asym_bc,TYPE_RC,0.05,True,parametric_lp,,False,0.000767,False,False,2.382019,2.060859
rand_n20_m20_d8_s456,RC_large,TYPE_RC,0.5,True,parametric_lp,,False,0.150045,True,True,13.753897,2.303562
rand_n20_m20_d8_s456,RC_medium,TYPE_RC,0.2,True,parametric_lp,,False,0.064583,True,True,6.844855,0.533450
rand_n20_m20_d8_s456,RC_asym_bc,TYPE_RC,0.05,True,parametric_lp,,False,0.014869,True,True,1.711214,1.333626
rand_n20_m20_d8_s456,RC_asym_cb,TYPE_RC,0.5,True,parametric_lp,,False,0.112152,True,True,23.820185,0.206086
rand_n20_m20_d8_s456,RC_asym_cb,TYPE_RC,0.5,True,parametric_lp,,False,0.157974,True,True,13.753897,0.230356
rand_n20_m20_d8_s789,R_small,TYPE_R,0.05,False,recompute,,True,0.002692,False,True,1.360572,0.000000
rand_n20_m20_d8_s789,R_small,TYPE_R,0.05,False,recompute,,True,0.001814,False,True,1.820032,0.000000
rand_n20_m20_d8_s456,RC_asym_cb,TYPE_RC,0.5,True,parametric_lp,,False,0.182025,True,True,17.112138,0.133363
rand_n20_m20_d8_s456,RC_asym_bc,TYPE_RC,0.05,True,parametric_lp,,False,0.001624,False,False,1.375390,2.303562
rand_n20_m20_d8_s789,R_medium,TYPE_R,0.2,False,recompute,,True,0.007298,False,True,7.280128,0.000000
rand_n20_m20_d8_s789,R_small,TYPE_R,0.05,False,recompute,,True,0.003608,False,True,1.465679,0.000000
rand_n20_m20_d8_s789,R_medium,TYPE_R,0.2,True,warm_start,,False,0.007651,False,False,5.862718,0.000000
rand_n20_m20_d8_s789,R_medium,TYPE_R,0.2,True,warm_start,,False,0.010682,True,True,5.442288,0.000000
rand_n20_m20_d8_s789,R_large,TYPE_R,0.5,False,recompute,,True,0.018446,True,False,18.200321,0.000000
rand_n20_m20_d8_s789,R_large,TYPE_R,0.5,True,warm_start,,False,0.003511,False,False,14.656795,0.000000
rand_n20_m20_d8_s789,R_large,TYPE_R,0.5,True,warm_start,,False,0.013996,True,True,13.605720,0.000000
rand_n20_m20_d8_s789,R_single,TYPE_R,0.2,False,recompute,,True,0.000000,False,True,2.836020,0.000000
rand_n20_m20_d8_s789,R_single,TYPE_R,0.2,True,warm_start,,False,0.013127,True,True,6.097290,0.000000
rand_n20_m20_d8_s789,R_all,TYPE_R,0.1,False,recompute,,True,0.046107,True,False,4.038106,0.000000
rand_n20_m20_d8_s789,R_single,TYPE_R,0.2,False,recompute,,True,0.000000,False,True,0.360260,0.000000
rand_n20_m20_d8_s789,R_all,TYPE_R,0.1,False,recompute,,True,0.046107,True,False,4.038106,0.000000
rand_n20_m20_d8_s789,C_small,TYPE_C,0,False,none,0.000000,True,0.000000,False,True,0.000000,0.230369
rand_n20_m20_d8_s789,R_all,TYPE_R,0.1,False,recompute,,True,0.046107,True,False,4.038106,0.000000
rand_n20_m20_d8_s789,C_medium,TYPE_C,0,False,none,0.000000,True,0.000000,False,True,0.000000,0.921477
rand_n20_m20_d8_s789,C_large,TYPE_C,0,False,none,0.281269,True,0.005187,False,True,0.000000,2.303693
rand_n20_m20_d8_s789,C_medium,TYPE_C,0,False,none,0.000000,True,0.000000,False,True,0.000000,0.509545
rand_n20_m20_d8_s789,C_small,TYPE_C,0,False,none,0.000000,True,0.000000,False,True,0.000000,0.094550
rand_n20_m20_d8_s789,C_medium,TYPE_C,0,False,none,0.000000,True,0.000000,False,True,0.000000,0.378200
rand_n20_m20_d8_s789,C_small,TYPE_C,0,False,none,0.000000,True,0.000000,False,True,0.000000,0.127386
rand_n20_m20_d8_s789,C_large,TYPE_C,0,False,none,0.282834,True,0.018678,True,False,0.000000,0.945501
rand_n20_m20_d8_s789,RC_small,TYPE_RC,0.05,False,recompute,,True,0.002171,False,True,1.820032,0.114488
rand_n20_m20_d8_s789,C_large,TYPE_C,0,False,none,0.165032,True,0.000000,False,True,0.000000,1.273862
rand_n20_m20_d8_s789,RC_small,TYPE_RC,0.05,False,recompute,,True,0.002729,False,True,1.360572,0.177456
rand_n20_m20_d8_s789,RC_medium,TYPE_RC,0.2,False,recompute,,True,0.013112,True,False,7.280128,0.457951
rand_n20_m20_d8_s789,RC_medium,TYPE_RC,0.2,True,parametric_lp,,False,0.007540,False,False,5.862718,0.784009
rand_n20_m20_d8_s789,RC_medium,TYPE_RC,0.2,True,parametric_lp,,False,0.011277,True,True,5.442288,0.709824
rand_n20_m20_d8_s789,RC_small,TYPE_RC,0.05,False,recompute,,True,0.003503,False,True,1.465679,0.196002
rand_n20_m20_d8_s789,RC_large,TYPE_RC,0.5,True,parametric_lp,,False,0.008101,False,False,13.605720,1.774561
rand_n20_m20_d8_s789,RC_large,TYPE_RC,0.5,True,parametric_lp,,False,0.040136,True,True,18.200321,1.144877
rand_n20_m20_d8_s789,RC_large,TYPE_RC,0.5,True,parametric_lp,,False,0.002896,False,False,14.656795,1.960022
rand_n20_m20_d8_s789,RC_asym_bc,TYPE_RC,0.05,False,recompute,,True,0.004049,False,True,1.465679,1.960022
rand_n20_m20_d8_s789,RC_asym_bc,TYPE_RC,0.05,True,parametric_lp,,False,0.016688,True,True,1.820032,1.144877
rand_n20_m20_d8_s789,RC_asym_cb,TYPE_RC,0.5,False,recompute,,True,0.022138,True,False,18.200321,0.114488
rand_n20_m20_d8_s789,RC_asym_bc,TYPE_RC,0.05,False,recompute,,True,0.003086,False,True,1.360572,1.774561
rand_n20_m20_d8_s789,RC_asym_cb,TYPE_RC,0.5,True,parametric_lp,,False,0.003764,False,False,14.656795,0.196002
rand_n20_m20_d8_s1024,R_small,TYPE_R,0.05,False,recompute,,True,0.000636,False,True,2.348436,0.000000
rand_n20_m20_d8_s789,RC_asym_cb,TYPE_RC,0.5,True,parametric_lp,,False,0.013331,True,True,13.605720,0.177456
rand_n20_m20_d8_s1024,R_small,TYPE_R,0.05,False,recompute,,True,0.000852,False,True,1.396804,0.000000
rand_n20_m20_d8_s1024,R_small,TYPE_R,0.05,False,recompute,,True,0.001130,False,True,1.199175,0.000000
rand_n20_m20_d8_s1024,R_medium,TYPE_R,0.2,False,recompute,,True,0.004537,False,True,4.796700,0.000000
rand_n20_m20_d8_s1024,R_medium,TYPE_R,0.2,False,recompute,,True,0.003207,False,True,5.587218,0.000000
rand_n20_m20_d8_s1024,R_medium,TYPE_R,0.2,False,recompute,,True,0.002548,False,True,9.393742,0.000000
rand_n20_m20_d8_s1024,R_large,TYPE_R,0.5,True,warm_start,,False,0.036133,True,True,23.484355,0.000000
rand_n20_m20_d8_s1024,R_single,TYPE_R,0.2,False,recompute,,True,0.000855,False,True,0.499619,0.000000
rand_n20_m20_d8_s1024,R_single,TYPE_R,0.2,False,recompute,,True,0.001233,False,True,1.512980,0.000000
rand_n20_m20_d8_s1024,R_large,TYPE_R,0.5,True,warm_start,,False,0.014178,True,True,13.968044,0.000000
rand_n20_m20_d8_s1024,R_large,TYPE_R,0.5,True,warm_start,,False,0.032160,True,True,11.991751,0.000000
rand_n20_m20_d8_s1024,R_single,TYPE_R,0.2,False,recompute,,True,0.000000,False,True,1.168655,0.000000
rand_n20_m20_d8_s1024,R_all,TYPE_R,0.1,False,recompute,,True,0.032812,True,False,6.713063,0.000000
rand_n20_m20_d8_s1024,R_all,TYPE_R,0.1,False,recompute,,True,0.032812,True,False,6.713063,0.000000
rand_n20_m20_d8_s1024,C_small,TYPE_C,0,False,none,0.003470,True,0.000000,False,True,0.000000,0.188353
rand_n20_m20_d8_s1024,R_all,TYPE_R,0.1,False,recompute,,True,0.032812,True,False,6.713063,0.000000
rand_n20_m20_d8_s1024,C_medium,TYPE_C,0,True,warm_start,0.244412,False,0.000445,False,False,0.000000,0.753413
rand_n20_m20_d8_s1024,C_small,TYPE_C,0,False,none,0.003726,True,0.000000,False,True,0.000000,0.204911
rand_n20_m20_d8_s1024,C_small,TYPE_C,0,False,none,0.000000,True,0.000000,False,True,0.000000,0.164394
rand_n20_m20_d8_s1024,C_large,TYPE_C,0,True,warm_start,0.490117,False,0.011732,True,True,0.000000,1.643936
rand_n20_m20_d8_s1024,C_medium,TYPE_C,0,True,warm_start,0.187401,False,0.002460,False,False,0.000000,0.657575
rand_n20_m20_d8_s1024,C_medium,TYPE_C,0,True,warm_start,0.245208,False,0.007165,False,False,0.000000,0.819644
rand_n20_m20_d8_s1024,C_large,TYPE_C,0,True,warm_start,0.587049,False,0.024402,True,True,0.000000,2.049110
rand_n20_m20_d8_s1024,RC_small,TYPE_RC,0.05,False,recompute,,True,0.001157,False,True,1.199175,0.123606
rand_n20_m20_d8_s1024,RC_medium,TYPE_RC,0.2,True,parametric_lp,,False,0.011444,True,True,5.587218,0.756613
rand_n20_m20_d8_s1024,RC_small,TYPE_RC,0.05,True,parametric_lp,,False,0.000601,False,False,2.348436,0.183594
rand_n20_m20_d8_s1024,C_large,TYPE_C,0,True,warm_start,0.585762,False,0.020639,True,True,0.000000,1.883533
rand_n20_m20_d8_s1024,RC_small,TYPE_RC,0.05,False,recompute,,True,0.001366,False,True,1.396804,0.189153
rand_n20_m20_d8_s1024,RC_large,TYPE_RC,0.5,True,parametric_lp,,False,0.016256,True,True,13.968044,1.891532
rand_n20_m20_d8_s1024,RC_large,TYPE_RC,0.5,True,parametric_lp,,False,0.032383,True,True,11.991751,1.236060
rand_n20_m20_d8_s1024,RC_large,TYPE_RC,0.5,True,parametric_lp,,False,0.032701,True,True,23.484355,1.835938
rand_n20_m20_d8_s1024,RC_medium,TYPE_RC,0.2,True,parametric_lp,,False,0.000574,False,False,9.393742,0.734375
rand_n20_m20_d8_s1024,RC_medium,TYPE_RC,0.2,True,parametric_lp,,False,0.003672,False,False,4.796700,0.494424
rand_n20_m20_d8_s1024,RC_asym_bc,TYPE_RC,0.05,True,parametric_lp,,False,0.012618,True,True,1.396804,1.891532
rand_n20_m20_d8_s1024,RC_asym_bc,TYPE_RC,0.05,True,parametric_lp,,False,0.022367,True,True,2.348436,1.835938
rand_n20_m20_d8_s1024,RC_asym_cb,TYPE_RC,0.5,True,parametric_lp,,False,0.011409,True,True,13.968044,0.189153
rand_n20_m20_d8_s1024,RC_asym_bc,TYPE_RC,0.05,True,parametric_lp,,False,0.010712,True,True,1.199175,1.236060
rand_n20_m20_d8_s1024,RC_asym_cb,TYPE_RC,0.5,True,parametric_lp,,False,0.035978,True,True,23.484355,0.183594
rand_n20_m20_d8_s1024,RC_asym_cb,TYPE_RC,0.5,True,parametric_lp,,False,0.033064,True,True,11.991751,0.123606
rand_n20_m40_d3_s42,R_small,TYPE_R,0.05,False,recompute,,True,0.000117,False,True,1.826731,0.000000
rand_n20_m40_d3_s42,R_medium,TYPE_R,0.2,True,warm_start,,False,0.042902,True,True,4.470886,0.000000
rand_n20_m40_d3_s42,R_medium,TYPE_R,0.2,True,warm_start,,False,0.025324,True,True,3.506344,0.000000
rand_n20_m40_d3_s42,R_large,TYPE_R,0.5,True,warm_start,,False,0.144514,True,True,11.177214,0.000000
rand_n20_m40_d3_s42,R_small,TYPE_R,0.05,True,warm_start,,False,0.008795,False,False,1.117721,0.000000
rand_n20_m40_d3_s42,R_large,TYPE_R,0.5,True,warm_start,,False,0.022889,True,True,18.267308,0.000000
rand_n20_m40_d3_s42,R_large,TYPE_R,0.5,True,warm_start,,False,0.036399,True,True,8.765860,0.000000
rand_n20_m40_d3_s42,R_medium,TYPE_R,0.2,True,warm_start,,False,0.003498,False,False,7.306923,0.000000
rand_n20_m40_d3_s42,R_small,TYPE_R,0.05,False,recompute,,True,0.011490,True,False,0.876586,0.000000
rand_n20_m40_d3_s42,R_single,TYPE_R,0.2,True,warm_start,,False,0.029396,True,True,3.565115,0.000000
rand_n20_m40_d3_s42,R_single,TYPE_R,0.2,False,recompute,,True,0.000000,False,True,1.762867,0.000000
rand_n20_m40_d3_s42,R_single,TYPE_R,0.2,False,recompute,,True,0.000000,False,True,2.647781,0.000000
rand_n20_m40_d3_s42,C_small,TYPE_C,0,False,none,0.000000,True,0.000000,False,True,0.000000,0.093784
rand_n20_m40_d3_s42,C_small,TYPE_C,0,False,none,0.000000,True,0.000000,False,True,0.000000,0.128207
rand_n20_m40_d3_s42,C_small,TYPE_C,0,False,none,0.000000,True,0.000000,False,True,0.000000,0.173493
rand_n20_m40_d3_s42,C_medium,TYPE_C,0,False,none,0.147492,True,0.000000,False,True,0.000000,0.375136
rand_n20_m40_d3_s42,R_all,TYPE_R,0.1,True,warm_start,,False,0.068586,True,True,4.069480,0.000000
rand_n20_m40_d3_s42,C_medium,TYPE_C,0,False,none,0.086464,True,0.000000,False,True,0.000000,0.512827
rand_n20_m40_d3_s42,R_all,TYPE_R,0.1,True,warm_start,,False,0.068586,True,True,4.069480,0.000000
rand_n20_m40_d3_s42,C_large,TYPE_C,0,False,none,0.508367,True,0.004890,False,True,0.000000,0.937840
rand_n20_m40_d3_s42,C_medium,TYPE_C,0,True,warm_start,0.146653,False,0.000080,False,False,0.000000,0.693972
rand_n20_m40_d3_s42,C_large,TYPE_C,0,True,warm_start,0.507007,False,0.006739,False,False,0.000000,1.734930
rand_n20_m40_d3_s42,C_large,TYPE_C,0,True,warm_start,0.406038,False,0.000000,False,False,0.000000,1.282069
rand_n20_m40_d3_s42,RC_small,TYPE_RC,0.05,False,recompute,,True,0.011527,True,False,0.876586,0.182046
rand_n20_m40_d3_s42,RC_small,TYPE_RC,0.05,False,recompute,,True,0.000498,False,True,1.826731,0.174126
rand_n20_m40_d3_s42,R_all,TYPE_R,0.1,True,warm_start,,False,0.068586,True,True,4.069480,0.000000
rand_n20_m40_d3_s42,RC_medium,TYPE_RC,0.2,True,parametric_lp,,False,0.002607,False,False,7.306923,0.696504
rand_n20_m40_d3_s42,RC_small,TYPE_RC,0.05,True,parametric_lp,,False,0.008898,False,False,1.117721,0.143757
rand_n20_m40_d3_s42,RC_medium,TYPE_RC,0.2,True,parametric_lp,,False,0.041772,True,True,4.470886,0.575028
rand_n20_m40_d3_s42,RC_medium,TYPE_RC,0.2,True,parametric_lp,,False,0.027225,True,True,3.506344,0.728184
rand_n20_m40_d3_s42,RC_large,TYPE_RC,0.5,True,parametric_lp,,False,0.045526,True,True,8.765860,1.820460
rand_n20_m40_d3_s42,RC_asym_bc,TYPE_RC,0.05,True,parametric_lp,,False,0.012091,True,True,0.876586,1.820460
rand_n20_m40_d3_s42,RC_asym_bc,TYPE_RC,0.05,True,parametric_lp,,False,0.009649,False,False,1.117721,1.437570
rand_n20_m40_d3_s42,RC_large,TYPE_RC,0.5,True,parametric_lp,,False,0.153140,True,True,11.177214,1.437570
rand_n20_m40_d3_s42,RC_asym_bc,TYPE_RC,0.05,True,parametric_lp,,False,0.006674,False,False,1.826731,1.741259
rand_n20_m40_d3_s42,RC_large,TYPE_RC,0.5,True,parametric_lp,,False,0.014463,True,True,18.267308,1.741259
rand_n20_m40_d3_s42,RC_asym_cb,TYPE_RC,0.5,True,parametric_lp,,False,0.023526,True,True,18.267308,0.174126
rand_n20_m40_d3_s42,RC_asym_cb,TYPE_RC,0.5,True,parametric_lp,,False,0.037292,True,True,8.765860,0.182046
rand_n20_m40_d3_s123,R_small,TYPE_R,0.05,False,recompute,,True,0.010861,True,False,2.382137,0.000000
rand_n20_m40_d3_s123,R_medium,TYPE_R,0.2,True,warm_start,,False,0.048915,True,True,9.528547,0.000000
rand_n20_m40_d3_s123,R_small,TYPE_R,0.05,True,warm_start,,False,0.001216,False,False,1.365153,0.000000
rand_n20_m40_d3_s42,RC_asym_cb,TYPE_RC,0.5,True,parametric_lp,,False,0.149747,True,True,11.177214,0.143757
rand_n20_m40_d3_s123,R_small,TYPE_R,0.05,True,warm_start,,False,0.007772,False,False,2.329212,0.000000
rand_n20_m40_d3_s123,R_medium,TYPE_R,0.2,True,warm_start,,False,0.013067,True,True,9.316846,0.000000
rand_n20_m40_d3_s123,R_large,TYPE_R,0.5,True,warm_start,,False,0.007177,False,False,23.292116,0.000000
rand_n20_m40_d3_s123,R_medium,TYPE_R,0.2,True,warm_start,,False,0.005065,False,False,5.460611,0.000000
rand_n20_m40_d3_s123,R_single,TYPE_R,0.2,False,recompute,,True,0.000000,False,True,3.457341,0.000000
rand_n20_m40_d3_s123,R_large,TYPE_R,0.5,True,warm_start,,False,0.156622,True,True,23.821367,0.000000
rand_n20_m40_d3_s123,R_single,TYPE_R,0.2,False,recompute,,True,0.000000,False,True,3.198670,0.000000
rand_n20_m40_d3_s123,R_single,TYPE_R,0.2,False,recompute,,True,0.003587,False,True,2.222393,0.000000
rand_n20_m40_d3_s123,R_large,TYPE_R,0.5,True,warm_start,,False,0.039879,True,True,13.651528,0.000000
rand_n20_m40_d3_s123,R_all,TYPE_R,0.1,True,warm_start,,False,0.054957,True,True,5.920884,0.000000
rand_n20_m40_d3_s123,R_all,TYPE_R,0.1,True,warm_start,,False,0.054957,True,True,5.920884,0.000000
rand_n20_m40_d3_s123,R_all,TYPE_R,0.1,True,warm_start,,False,0.054957,True,True,5.920884,0.000000
rand_n20_m40_d3_s123,C_small,TYPE_C,0,False,none,0.000000,True,0.000000,False,True,0.000000,0.131781
rand_n20_m40_d3_s123,C_small,TYPE_C,0,False,none,0.000000,True,0.000000,False,True,0.000000,0.126905
rand_n20_m40_d3_s123,C_medium,TYPE_C,0,False,none,0.000000,True,0.000000,False,True,0.000000,0.666168
rand_n20_m40_d3_s123,C_large,TYPE_C,0,True,warm_start,0.375922,False,0.000000,False,False,0.000000,1.665419
rand_n20_m40_d3_s123,C_large,TYPE_C,0,False,none,0.377403,True,0.000000,False,True,0.000000,1.269047
rand_n20_m40_d3_s123,C_medium,TYPE_C,0,False,none,0.000000,True,0.000000,False,True,0.000000,0.507619
rand_n20_m40_d3_s123,C_small,TYPE_C,0,False,none,0.000000,True,0.000000,False,True,0.000000,0.166542
rand_n20_m40_d3_s123,C_medium,TYPE_C,0,False,none,0.000000,True,0.000000,False,True,0.000000,0.527122
rand_n20_m40_d3_s123,C_large,TYPE_C,0,True,warm_start,0.266088,False,0.003262,False,False,0.000000,1.317806
rand_n20_m40_d3_s123,RC_medium,TYPE_RC,0.2,True,parametric_lp,,False,0.053341,True,True,9.528547,0.865292
rand_n20_m40_d3_s123,RC_small,TYPE_RC,0.05,True,parametric_lp,,False,0.000885,False,False,1.365153,0.173957
rand_n20_m40_d3_s123,RC_small,TYPE_RC,0.05,False,recompute,,True,0.011009,True,False,2.382137,0.216323
rand_n20_m40_d3_s123,RC_large,TYPE_RC,0.5,True,parametric_lp,,False,0.176672,True,True,23.821367,2.163230
rand_n20_m40_d3_s123,RC_medium,TYPE_RC,0.2,True,parametric_lp,,False,0.011286,True,True,9.316846,0.883357
rand_n20_m40_d3_s123,RC_medium,TYPE_RC,0.2,True,parametric_lp,,False,0.006828,False,False,5.460611,0.695827
rand_n20_m40_d3_s123,RC_large,TYPE_RC,0.5,True,parametric_lp,,False,0.004581,False,False,23.292116,2.208392
rand_n20_m40_d3_s123,RC_small,TYPE_RC,0.05,True,parametric_lp,,False,0.007745,False,False,2.329212,0.220839
rand_n20_m40_d3_s123,RC_asym_bc,TYPE_RC,0.05,True,parametric_lp,,False,0.012330,True,True,2.382137,2.163230
rand_n20_m40_d3_s123,RC_asym_cb,TYPE_RC,0.5,True,parametric_lp,,False,0.005919,False,False,23.292116,0.220839
rand_n20_m40_d3_s123,RC_asym_bc,TYPE_RC,0.05,True,parametric_lp,,False,0.008090,False,False,2.329212,2.208392
rand_n20_m40_d3_s123,RC_asym_cb,TYPE_RC,0.5,True,parametric_lp,,False,0.159494,True,True,23.821367,0.216323
rand_n20_m40_d3_s123,RC_asym_cb,TYPE_RC,0.5,True,parametric_lp,,False,0.038699,True,True,13.651528,0.173957
rand_n20_m40_d3_s123,RC_large,TYPE_RC,0.5,True,parametric_lp,,False,0.026423,True,True,13.651528,1.739569
rand_n20_m40_d3_s123,RC_asym_bc,TYPE_RC,0.05,True,parametric_lp,,False,0.002152,False,False,1.365153,1.739569
rand_n20_m40_d3_s456,R_medium,TYPE_R,0.2,True,warm_start,,False,0.040988,True,True,3.776297,0.000000
rand_n20_m40_d3_s456,R_small,TYPE_R,0.05,True,warm_start,,False,0.013996,True,True,0.944074,0.000000
rand_n20_m40_d3_s456,R_small,TYPE_R,0.05,True,warm_start,,False,0.010283,True,True,0.652025,0.000000
rand_n20_m40_d3_s456,R_medium,TYPE_R,0.2,True,warm_start,,False,0.006966,False,False,3.869282,0.000000
rand_n20_m40_d3_s456,R_large,TYPE_R,0.5,True,warm_start,,False,0.045057,True,True,9.440743,0.000000
rand_n20_m40_d3_s456,R_medium,TYPE_R,0.2,True,warm_start,,False,0.043385,True,True,2.608100,0.000000
rand_n20_m40_d3_s456,R_large,TYPE_R,0.5,True,warm_start,,False,0.123295,True,True,6.520249,0.000000
rand_n20_m40_d3_s456,R_single,TYPE_R,0.2,False,recompute,,True,0.000000,False,True,2.729848,0.000000
rand_n20_m40_d3_s456,R_all,TYPE_R,0.1,True,warm_start,,False,0.067630,True,True,4.215723,0.000000
rand_n20_m40_d3_s456,R_large,TYPE_R,0.5,True,warm_start,,False,0.019454,True,True,9.673204,0.000000
rand_n20_m40_d3_s456,R_all,TYPE_R,0.1,True,warm_start,,False,0.067630,True,True,4.215723,0.000000
rand_n20_m40_d3_s456,R_single,TYPE_R,0.2,False,recompute,,True,0.000000,False,True,0.173378,0.000000
rand_n20_m40_d3_s456,R_all,TYPE_R,0.1,True,warm_start,,False,0.067630,True,True,4.215723,0.000000
rand_n20_m40_d3_s456,C_small,TYPE_C,0,True,warm_start,0.069122,False,0.000000,False,False,0.000000,0.213188
rand_n20_m40_d3_s456,C_small,TYPE_C,0,False,none,0.069371,True,0.000000,False,True,0.000000,0.231929
rand_n20_m40_d3_s456,R_single,TYPE_R,0.2,True,warm_start,,False,0.010811,True,True,0.998393,0.000000
rand_n20_m40_d3_s456,C_small,TYPE_C,0,False,none,0.051699,True,0.000000,False,True,0.000000,0.186069
rand_n20_m40_d3_s456,C_medium,TYPE_C,0,True,warm_start,0.302144,False,0.000000,False,False,0.000000,0.852752
rand_n20_m40_d3_s456,C_large,TYPE_C,0,True,warm_start,0.539767,False,0.004046,False,False,0.000000,1.860691
rand_n20_m40_d3_s456,R_small,TYPE_R,0.05,True,warm_start,,False,0.001712,False,False,0.967320,0.000000
rand_n20_m40_d3_s456,C_large,TYPE_C,0,True,warm_start,0.632266,False,0.000053,False,False,0.000000,2.131879
rand_n20_m40_d3_s456,C_medium,TYPE_C,0,True,warm_start,0.302912,False,0.000113,False,False,0.000000,0.927715
rand_n20_m40_d3_s456,C_large,TYPE_C,0,True,warm_start,0.633512,False,0.001163,False,False,0.000000,2.319288
rand_n20_m40_d3_s456,RC_small,TYPE_RC,0.05,True,parametric_lp,,False,0.014432,True,True,0.944074,0.200389
rand_n20_m40_d3_s456,C_medium,TYPE_C,0,True,warm_start,0.247006,False,0.001253,False,False,0.000000,0.744276
rand_n20_m40_d3_s456,RC_small,TYPE_RC,0.05,True,parametric_lp,,False,0.010306,True,True,0.652025,0.138176
rand_n20_m40_d3_s456,RC_small,TYPE_RC,0.05,True,parametric_lp,,False,0.001546,False,False,0.967320,0.226865
rand_n20_m40_d3_s456,RC_large,TYPE_RC,0.5,True,parametric_lp,,False,0.048882,True,True,9.440743,2.003893
rand_n20_m40_d3_s456,RC_large,TYPE_RC,0.5,True,parametric_lp,,False,0.120197,True,True,6.520249,1.381758
rand_n20_m40_d3_s456,RC_medium,TYPE_RC,0.2,True,parametric_lp,,False,0.045302,True,True,3.776297,0.801557
rand_n20_m40_d3_s456,RC_asym_bc,TYPE_RC,0.05,True,parametric_lp,,False,0.022300,True,True,0.944074,2.003893
rand_n20_m40_d3_s456,RC_large,TYPE_RC,0.5,True,parametric_lp,,False,0.008207,False,False,9.673204,2.268649
rand_n20_m40_d3_s456,RC_medium,TYPE_RC,0.2,True,parametric_lp,,False,0.004450,False,False,3.869282,0.907460
rand_n20_m40_d3_s456,RC_asym_bc,TYPE_RC,0.05,True,parametric_lp,,False,0.000146,False,False,0.967320,2.268649
rand_n20_m40_d3_s456,RC_asym_bc,TYPE_RC,0.05,True,parametric_lp,,False,0.009326,False,False,0.652025,1.381758
rand_n20_m40_d3_s456,RC_asym_cb,TYPE_RC,0.5,True,parametric_lp,,False,0.045366,True,True,9.440743,0.200389
rand_n20_m40_d3_s456,RC_medium,TYPE_RC,0.2,True,parametric_lp,,False,0.043661,True,True,2.608100,0.552703
rand_n20_m40_d3_s789,R_small,TYPE_R,0.05,False,recompute,,True,0.016250,True,False,0.927377,0.000000
rand_n20_m40_d3_s456,RC_asym_cb,TYPE_RC,0.5,True,parametric_lp,,False,0.123175,True,True,6.520249,0.138176
rand_n20_m40_d3_s456,RC_asym_cb,TYPE_RC,0.5,True,parametric_lp,,False,0.018585,True,True,9.673204,0.226865
rand_n20_m40_d3_s789,R_medium,TYPE_R,0.2,True,warm_start,,False,0.076148,True,True,3.709510,0.000000
rand_n20_m40_d3_s789,R_medium,TYPE_R,0.2,False,recompute,,True,0.008817,False,True,2.709629,0.000000
rand_n20_m40_d3_s789,R_small,TYPE_R,0.05,False,recompute,,True,0.001879,False,True,0.677407,0.000000
rand_n20_m40_d3_s789,R_medium,TYPE_R,0.2,True,warm_start,,False,0.024925,True,True,4.307387,0.000000
rand_n20_m40_d3_s789,R_large,TYPE_R,0.5,True,warm_start,,False,0.232460,True,True,9.273774,0.000000
rand_n20_m40_d3_s789,R_small,TYPE_R,0.05,False,recompute,,True,0.002393,False,True,1.076847,0.000000
rand_n20_m40_d3_s789,R_large,TYPE_R,0.5,True,warm_start,,False,0.177551,True,True,10.768467,0.000000
rand_n20_m40_d3_s789,R_single,TYPE_R,0.2,True,warm_start,,False,0.006992,False,False,2.706297,0.000000
rand_n20_m40_d3_s789,R_large,TYPE_R,0.5,True,warm_start,,False,0.032503,True,True,6.774073,0.000000
rand_n20_m40_d3_s789,R_all,TYPE_R,0.1,True,warm_start,,False,0.054191,True,True,4.840992,0.000000
rand_n20_m40_d3_s789,R_single,TYPE_R,0.2,False,recompute,,True,0.000000,False,True,2.077163,0.000000
rand_n20_m40_d3_s789,C_small,TYPE_C,0,False,none,0.000000,True,0.000000,False,True,0.000000,0.234322
rand_n20_m40_d3_s789,R_single,TYPE_R,0.2,False,recompute,,True,0.000000,False,True,0.580769,0.000000
rand_n20_m40_d3_s789,R_all,TYPE_R,0.1,True,warm_start,,False,0.054191,True,True,4.840992,0.000000
rand_n20_m40_d3_s789,R_all,TYPE_R,0.1,True,warm_start,,False,0.054191,True,True,4.840992,0.000000
rand_n20_m40_d3_s789,C_small,TYPE_C,0,False,none,0.000000,True,0.000000,False,True,0.000000,0.154105
rand_n20_m40_d3_s789,C_medium,TYPE_C,0,False,none,0.000000,True,0.000000,False,True,0.000000,0.616419
rand_n20_m40_d3_s789,C_large,TYPE_C,0,True,warm_start,0.369615,False,0.007174,False,False,0.000000,2.343220
rand_n20_m40_d3_s789,C_medium,TYPE_C,0,False,none,0.000000,True,0.000302,False,True,0.000000,0.937288
rand_n20_m40_d3_s789,C_large,TYPE_C,0,False,none,0.371100,True,0.000419,False,True,0.000000,1.614521
rand_n20_m40_d3_s789,C_medium,TYPE_C,0,False,none,0.000000,True,0.000000,False,True,0.000000,0.645808
rand_n20_m40_d3_s789,RC_small,TYPE_RC,0.05,False,recompute,,True,0.001982,False,True,1.076847,0.185424
rand_n20_m40_d3_s789,C_large,TYPE_C,0,True,warm_start,0.259353,False,0.008600,False,False,0.000000,1.541048
rand_n20_m40_d3_s789,RC_small,TYPE_RC,0.05,False,recompute,,True,0.016071,True,False,0.927377,0.229517
rand_n20_m40_d3_s789,RC_small,TYPE_RC,0.05,False,recompute,,True,0.001923,False,True,0.677407,0.239052
rand_n20_m40_d3_s789,RC_large,TYPE_RC,0.5,True,parametric_lp,,False,0.227091,True,True,9.273774,2.295170
rand_n20_m40_d3_s789,RC_medium,TYPE_RC,0.2,False,recompute,,True,0.009817,False,True,2.709629,0.956208
rand_n20_m40_d3_s789,RC_medium,TYPE_RC,0.2,True,parametric_lp,,False,0.021264,True,True,4.307387,0.741695
rand_n20_m40_d3_s789,RC_medium,TYPE_RC,0.2,True,parametric_lp,,False,0.074906,True,True,3.709510,0.918068
rand_n20_m40_d3_s789,RC_large,TYPE_RC,0.5,True,parametric_lp,,False,0.046474,True,True,6.774073,2.390520
rand_n20_m40_d3_s789,RC_large,TYPE_RC,0.5,True,parametric_lp,,False,0.136148,True,True,10.768467,1.854238
rand_n20_m40_d3_s789,RC_asym_bc,TYPE_RC,0.05,True,parametric_lp,,False,0.002231,False,False,1.076847,1.854238
rand_n20_m40_d3_s789,RC_asym_bc,TYPE_RC,0.05,True,parametric_lp,,False,0.014073,True,True,0.927377,2.295170
rand_n20_m40_d3_s789,RC_asym_cb,TYPE_RC,0.5,True,parametric_lp,,False,0.232544,True,True,9.273774,0.229517
rand_n20_m40_d3_s789,C_small,TYPE_C,0,False,none,0.000000,True,0.000000,False,True,0.000000,0.161452
rand_n20_m40_d3_s789,RC_asym_bc,TYPE_RC,0.05,True,parametric_lp,,False,0.000266,False,False,0.677407,2.390520
rand_n20_m40_d3_s789,RC_asym_cb,TYPE_RC,0.5,True,parametric_lp,,False,0.033948,True,True,6.774073,0.239052
rand_n20_m40_d3_s789,RC_asym_cb,TYPE_RC,0.5,True,parametric_lp,,False,0.173429,True,True,10.768467,0.185424
rand_n20_m40_d3_s1024,R_small,TYPE_R,0.05,True,warm_start,,False,0.002245,False,False,1.406510,0.000000
rand_n20_m40_d3_s1024,R_medium,TYPE_R,0.2,True,warm_start,,False,0.030229,True,True,6.829010,0.000000
rand_n20_m40_d3_s1024,R_medium,TYPE_R,0.2,True,warm_start,,False,0.002482,False,False,5.226754,0.000000
rand_n20_m40_d3_s1024,R_small,TYPE_R,0.05,True,warm_start,,False,0.007373,False,False,1.707253,0.000000
rand_n20_m40_d3_s1024,R_large,TYPE_R,0.5,True,warm_start,,False,0.006128,False,False,13.066885,0.000000
rand_n20_m40_d3_s1024,R_medium,TYPE_R,0.2,True,warm_start,,False,0.007291,False,False,5.626042,0.000000
rand_n20_m40_d3_s1024,R_large,TYPE_R,0.5,True,warm_start,,False,0.101356,True,True,17.072526,0.000000
rand_n20_m40_d3_s1024,R_single,TYPE_R,0.2,True,warm_start,,False,0.024406,True,True,5.883864,0.000000
rand_n20_m40_d3_s1024,R_single,TYPE_R,0.2,True,warm_start,,False,0.005462,False,False,2.585525,0.000000
rand_n20_m40_d3_s1024,R_large,TYPE_R,0.5,True,warm_start,,False,0.047418,True,True,14.065104,0.000000
rand_n20_m40_d3_s1024,R_all,TYPE_R,0.1,True,warm_start,,False,0.065642,True,True,3.925184,0.000000
rand_n20_m40_d3_s1024,R_single,TYPE_R,0.2,False,recompute,,True,0.000000,False,True,0.932779,0.000000
rand_n20_m40_d3_s1024,R_small,TYPE_R,0.05,True,warm_start,,False,0.000631,False,False,1.306689,0.000000
rand_n20_m40_d3_s1024,C_small,TYPE_C,0,True,warm_start,0.069595,False,0.000000,False,False,0.000000,0.172797
rand_n20_m40_d3_s1024,C_small,TYPE_C,0,False,none,0.069843,True,0.000000,False,True,0.000000,0.187987
rand_n20_m40_d3_s1024,R_all,TYPE_R,0.1,True,warm_start,,False,0.065642,True,True,3.925184,0.000000
rand_n20_m40_d3_s1024,C_small,TYPE_C,0,True,warm_start,0.052176,False,0.000883,False,False,0.000000,0.150816
rand_n20_m40_d3_s1024,C_medium,TYPE_C,0,True,warm_start,0.302560,False,0.001371,False,False,0.000000,0.691189
rand_n20_m40_d3_s1024,R_all,TYPE_R,0.1,True,warm_start,,False,0.065642,True,True,3.925184,0.000000
rand_n20_m40_d3_s1024,C_medium,TYPE_C,0,True,warm_start,0.247435,False,0.005755,False,False,0.000000,0.603265
rand_n20_m40_d3_s1024,C_large,TYPE_C,0,True,warm_start,0.632601,False,0.009780,False,False,0.000000,1.727972
rand_n20_m40_d3_s1024,C_large,TYPE_C,0,True,warm_start,0.633846,False,0.004764,False,False,0.000000,1.879874
rand_n20_m40_d3_s1024,RC_small,TYPE_RC,0.05,True,parametric_lp,,False,0.001170,False,False,1.306689,0.156696
rand_n20_m40_d3_s1024,C_large,TYPE_C,0,True,warm_start,0.540125,False,0.025117,True,True,0.000000,1.508163
rand_n20_m40_d3_s1024,RC_small,TYPE_RC,0.05,True,parametric_lp,,False,0.007062,False,False,1.707253,0.152553
rand_n20_m40_d3_s1024,C_medium,TYPE_C,0,True,warm_start,0.303328,False,0.000193,False,False,0.000000,0.751950
rand_n20_m40_d3_s1024,RC_small,TYPE_RC,0.05,True,parametric_lp,,False,0.002967,False,False,1.406510,0.178840
rand_n20_m40_d3_s1024,RC_medium,TYPE_RC,0.2,True,parametric_lp,,False,0.025032,True,True,6.829010,0.610213
rand_n20_m40_d3_s1024,RC_medium,TYPE_RC,0.2,True,parametric_lp,,False,0.011798,True,True,5.626042,0.715360
rand_n20_m40_d3_s1024,RC_large,TYPE_RC,0.5,True,parametric_lp,,False,0.011748,True,True,13.066885,1.566961
rand_n20_m40_d3_s1024,RC_large,TYPE_RC,0.5,True,parametric_lp,,False,0.071166,True,True,17.072526,1.525531
rand_n20_m40_d3_s1024,RC_asym_bc,TYPE_RC,0.05,True,parametric_lp,,False,0.013547,True,True,1.707253,1.525531
rand_n20_m40_d3_s1024,RC_asym_bc,TYPE_RC,0.05,True,parametric_lp,,False,0.015801,True,True,1.306689,1.566961
rand_n20_m40_d3_s1024,RC_large,TYPE_RC,0.5,True,parametric_lp,,False,0.027992,True,True,14.065104,1.788400
rand_n20_m40_d3_s1024,RC_asym_cb,TYPE_RC,0.5,True,parametric_lp,,False,0.099100,True,True,17.072526,0.152553
rand_n20_m40_d3_s1024,RC_asym_cb,TYPE_RC,0.5,True,parametric_lp,,False,0.006556,False,False,13.066885,0.156696
rand_n20_m40_d3_s1024,RC_asym_cb,TYPE_RC,0.5,True,parametric_lp,,False,0.048333,True,True,14.065104,0.178840
rand_n20_m40_d5_s42,R_small,TYPE_R,0.05,True,warm_start,,False,0.009655,False,False,1.974922,0.000000
rand_n20_m40_d3_s1024,RC_medium,TYPE_RC,0.2,True,parametric_lp,,False,0.007272,False,False,5.226754,0.626784
rand_n20_m40_d5_s42,R_medium,TYPE_R,0.2,True,warm_start,,False,0.037192,True,True,7.899686,0.000000
rand_n20_m40_d5_s42,R_small,TYPE_R,0.05,True,warm_start,,False,0.002337,False,False,1.237276,0.000000
rand_n20_m40_d5_s42,R_small,TYPE_R,0.05,False,recompute,,True,0.017170,True,False,0.809355,0.000000
rand_n20_m40_d5_s42,R_medium,TYPE_R,0.2,True,warm_start,,False,0.009497,False,False,4.949105,0.000000
rand_n20_m40_d5_s42,R_medium,TYPE_R,0.2,True,warm_start,,False,0.063429,True,True,3.237419,0.000000
rand_n20_m40_d5_s42,R_large,TYPE_R,0.5,True,warm_start,,False,0.027307,True,True,12.372763,0.000000
rand_n20_m40_d5_s42,R_large,TYPE_R,0.5,True,warm_start,,False,0.062691,True,True,19.749215,0.000000
rand_n20_m40_d3_s1024,RC_asym_bc,TYPE_RC,0.05,True,parametric_lp,,False,0.013842,True,True,1.406510,1.788400
rand_n20_m40_d5_s42,R_single,TYPE_R,0.2,False,recompute,,True,0.000000,False,True,2.122239,0.000000
rand_n20_m40_d5_s42,R_single,TYPE_R,0.2,False,recompute,,True,0.017021,True,False,3.789478,0.000000
rand_n20_m40_d5_s42,R_large,TYPE_R,0.5,True,warm_start,,False,0.110700,True,True,8.093548,0.000000
rand_n20_m40_d5_s42,R_single,TYPE_R,0.2,False,recompute,,True,0.000000,False,True,4.013483,0.000000
rand_n20_m40_d5_s42,R_all,TYPE_R,0.1,True,warm_start,,False,0.075839,True,True,4.399611,0.000000
rand_n20_m40_d5_s42,R_all,TYPE_R,0.1,True,warm_start,,False,0.075839,True,True,4.399611,0.000000
rand_n20_m40_d5_s42,R_all,TYPE_R,0.1,True,warm_start,,False,0.075839,True,True,4.399611,0.000000
rand_n20_m40_d5_s42,C_small,TYPE_C,0,True,warm_start,0.063084,False,0.000064,False,False,0.000000,0.128207
rand_n20_m40_d5_s42,C_small,TYPE_C,0,True,warm_start,0.080651,False,0.000118,False,False,0.000000,0.093784
rand_n20_m40_d5_s42,C_small,TYPE_C,0,True,warm_start,0.080406,False,0.001697,False,False,0.000000,0.173493
rand_n20_m40_d5_s42,C_medium,TYPE_C,0,True,warm_start,0.312830,False,0.003408,False,False,0.000000,0.375136
rand_n20_m40_d5_s42,C_medium,TYPE_C,0,True,warm_start,0.257249,False,0.000318,False,False,0.000000,0.512827
rand_n20_m40_d5_s42,C_large,TYPE_C,0,True,warm_start,0.640258,False,0.034498,True,True,0.000000,1.734930
rand_n20_m40_d5_s42,C_large,TYPE_C,0,True,warm_start,0.641497,False,0.011058,True,True,0.000000,0.937840
rand_n20_m40_d5_s42,C_large,TYPE_C,0,True,warm_start,0.548301,False,0.006956,False,False,0.000000,1.282069
rand_n20_m40_d5_s42,C_medium,TYPE_C,0,True,warm_start,0.312066,False,0.012132,True,True,0.000000,0.693972
rand_n20_m40_d5_s42,RC_small,TYPE_RC,0.05,True,parametric_lp,,False,0.001392,False,False,1.237276,0.143757
rand_n20_m40_d5_s42,RC_small,TYPE_RC,0.05,True,parametric_lp,,False,0.009798,False,False,1.974922,0.174126
rand_n20_m40_d5_s42,RC_medium,TYPE_RC,0.2,True,parametric_lp,,False,0.001283,False,False,4.949105,0.575028
rand_n20_m40_d5_s42,RC_medium,TYPE_RC,0.2,True,parametric_lp,,False,0.042958,True,True,7.899686,0.696504
rand_n20_m40_d5_s42,RC_small,TYPE_RC,0.05,True,parametric_lp,,False,0.016758,True,True,0.809355,0.182046
rand_n20_m40_d5_s42,RC_large,TYPE_RC,0.5,True,parametric_lp,,False,0.093718,True,True,8.093548,1.820460
rand_n20_m40_d5_s42,RC_large,TYPE_RC,0.5,True,parametric_lp,,False,0.084264,True,True,19.749215,1.741259
rand_n20_m40_d5_s42,RC_medium,TYPE_RC,0.2,True,parametric_lp,,False,0.055061,True,True,3.237419,0.728184
rand_n20_m40_d5_s42,RC_asym_bc,TYPE_RC,0.05,True,parametric_lp,,False,0.032799,True,True,1.974922,1.741259
rand_n20_m40_d5_s42,RC_asym_bc,TYPE_RC,0.05,True,parametric_lp,,False,0.040267,True,True,1.237276,1.437570
rand_n20_m40_d5_s42,RC_large,TYPE_RC,0.5,True,parametric_lp,,False,0.005692,False,False,12.372763,1.437570
rand_n20_m40_d5_s42,RC_asym_cb,TYPE_RC,0.5,True,parametric_lp,,False,0.064577,True,True,19.749215,0.174126
rand_n20_m40_d5_s42,RC_asym_cb,TYPE_RC,0.5,True,parametric_lp,,False,0.108591,True,True,8.093548,0.182046
rand_n20_m40_d5_s42,RC_asym_cb,TYPE_RC,0.5,True,parametric_lp,,False,0.026840,True,True,12.372763,0.143757
rand_n20_m40_d5_s123,R_small,TYPE_R,0.05,True,warm_start,,False,0.000253,False,False,2.629978,0.000000
rand_n20_m40_d5_s42,RC_asym_bc,TYPE_RC,0.05,True,parametric_lp,,False,0.013155,True,True,0.809355,1.820460
rand_n20_m40_d5_s123,R_small,TYPE_R,0.05,True,warm_start,,False,0.004035,False,False,2.571546,0.000000
rand_n20_m40_d5_s123,R_small,TYPE_R,0.05,True,warm_start,,False,0.003042,False,False,1.100198,0.000000
rand_n20_m40_d5_s123,R_medium,TYPE_R,0.2,True,warm_start,,False,0.008158,False,False,10.519911,0.000000
rand_n20_m40_d5_s123,R_medium,TYPE_R,0.2,True,warm_start,,False,0.018191,True,True,10.286185,0.000000
rand_n20_m40_d5_s123,R_medium,TYPE_R,0.2,True,warm_start,,False,0.014116,True,True,4.400793,0.000000
rand_n20_m40_d5_s123,R_large,TYPE_R,0.5,True,warm_start,,False,0.048548,True,True,25.715462,0.000000
rand_n20_m40_d5_s123,R_large,TYPE_R,0.5,True,warm_start,,False,0.031027,True,True,26.299777,0.000000
rand_n20_m40_d5_s123,R_large,TYPE_R,0.5,True,warm_start,,False,0.056666,True,True,11.001982,0.000000
rand_n20_m40_d5_s123,R_single,TYPE_R,0.2,True,warm_start,,False,0.010082,True,True,3.198670,0.000000
rand_n20_m40_d5_s123,R_single,TYPE_R,0.2,False,recompute,,True,0.000000,False,True,4.789333,0.000000
rand_n20_m40_d5_s123,R_single,TYPE_R,0.2,True,warm_start,,False,0.001344,False,False,5.577575,0.000000
rand_n20_m40_d5_s123,R_all,TYPE_R,0.1,True,warm_start,,False,0.042071,True,True,6.536901,0.000000
rand_n20_m40_d5_s123,R_all,TYPE_R,0.1,True,warm_start,,False,0.042071,True,True,6.536901,0.000000
rand_n20_m40_d5_s123,R_all,TYPE_R,0.1,True,warm_start,,False,0.042071,True,True,6.536901,0.000000
rand_n20_m40_d5_s123,C_small,TYPE_C,0,True,warm_start,0.089211,False,0.000000,False,False,0.000000,0.166542
rand_n20_m40_d5_s123,C_small,TYPE_C,0,True,warm_start,0.089460,False,0.000000,False,False,0.000000,0.126905
rand_n20_m40_d5_s123,C_medium,TYPE_C,0,True,warm_start,0.319807,False,0.001085,False,False,0.000000,0.666168
rand_n20_m40_d5_s123,C_large,TYPE_C,0,True,warm_start,0.646496,False,0.006227,False,False,0.000000,1.665419
rand_n20_m40_d5_s123,C_small,TYPE_C,0,True,warm_start,0.071974,False,0.000499,False,False,0.000000,0.131781
rand_n20_m40_d5_s123,RC_small,TYPE_RC,0.05,True,parametric_lp,,False,0.000256,False,False,2.629978,0.216323
rand_n20_m40_d5_s123,C_large,TYPE_C,0,True,warm_start,0.647730,False,0.000232,False,False,0.000000,1.269047
rand_n20_m40_d5_s123,C_medium,TYPE_C,0,True,warm_start,0.320572,False,0.000000,False,False,0.000000,0.507619
rand_n20_m40_d5_s123,C_large,TYPE_C,0,True,warm_start,0.554960,False,0.005050,False,False,0.000000,1.317806
rand_n20_m40_d5_s123,RC_small,TYPE_RC,0.05,True,parametric_lp,,False,0.002859,False,False,1.100198,0.173957
rand_n20_m40_d5_s123,RC_medium,TYPE_RC,0.2,True,parametric_lp,,False,0.016974,True,True,10.286185,0.883357
rand_n20_m40_d5_s123,RC_small,TYPE_RC,0.05,True,parametric_lp,,False,0.004237,False,False,2.571546,0.220839
rand_n20_m40_d5_s123,RC_medium,TYPE_RC,0.2,True,parametric_lp,,False,0.010616,True,True,4.400793,0.695827
rand_n20_m40_d5_s123,RC_large,TYPE_RC,0.5,True,parametric_lp,,False,0.011356,True,True,26.299777,2.163230
rand_n20_m40_d5_s123,RC_medium,TYPE_RC,0.2,True,parametric_lp,,False,0.007024,False,False,10.519911,0.865292
rand_n20_m40_d5_s123,C_medium,TYPE_C,0,True,warm_start,0.265241,False,0.002016,False,False,0.000000,0.527122
rand_n20_m40_d5_s123,RC_asym_bc,TYPE_RC,0.05,True,parametric_lp,,False,0.004566,False,False,2.629978,2.163230
rand_n20_m40_d5_s123,RC_large,TYPE_RC,0.5,True,parametric_lp,,False,0.043622,True,True,25.715462,2.208392
rand_n20_m40_d5_s123,RC_asym_bc,TYPE_RC,0.05,True,parametric_lp,,False,0.003176,False,False,2.571546,2.208392
rand_n20_m40_d5_s123,RC_large,TYPE_RC,0.5,True,parametric_lp,,False,0.031023,True,True,11.001982,1.739569
rand_n20_m40_d5_s123,RC_asym_cb,TYPE_RC,0.5,True,parametric_lp,,False,0.029415,True,True,26.299777,0.216323
rand_n20_m40_d5_s123,RC_asym_cb,TYPE_RC,0.5,True,parametric_lp,,False,0.048960,True,True,25.715462,0.220839
rand_n20_m40_d5_s123,RC_asym_bc,TYPE_RC,0.05,True,parametric_lp,,False,0.000480,False,False,1.100198,1.739569
rand_n20_m40_d5_s123,RC_asym_cb,TYPE_RC,0.5,True,parametric_lp,,False,0.053896,True,True,11.001982,0.173957
rand_n20_m40_d5_s456,R_small,TYPE_R,0.05,True,warm_start,,False,0.000877,False,False,1.376343,0.000000
rand_n20_m40_d5_s456,R_small,TYPE_R,0.05,True,warm_start,,False,0.001012,False,False,0.672164,0.000000
rand_n20_m40_d5_s456,R_small,TYPE_R,0.05,True,warm_start,,False,0.007611,False,False,1.070454,0.000000
rand_n20_m40_d5_s456,R_medium,TYPE_R,0.2,True,warm_start,,False,0.006344,False,False,2.688656,0.000000
rand_n20_m40_d5_s456,R_medium,TYPE_R,0.2,True,warm_start,,False,0.008973,False,False,5.505370,0.000000
rand_n20_m40_d5_s456,R_large,TYPE_R,0.5,True,warm_start,,False,0.136021,True,True,10.704539,0.000000
rand_n20_m40_d5_s456,R_medium,TYPE_R,0.2,True,warm_start,,False,0.018868,True,True,4.281816,0.000000
rand_n20_m40_d5_s456,R_single,TYPE_R,0.2,False,recompute,,True,0.000000,False,True,0.298971,0.000000
rand_n20_m40_d5_s456,R_single,TYPE_R,0.2,True,warm_start,,False,0.002870,False,False,0.504435,0.000000
rand_n20_m40_d5_s456,R_single,TYPE_R,0.2,False,recompute,,True,0.000000,False,True,0.414641,0.000000
rand_n20_m40_d5_s456,R_large,TYPE_R,0.5,True,warm_start,,False,0.063125,True,True,13.763425,0.000000
rand_n20_m40_d5_s456,R_all,TYPE_R,0.1,True,warm_start,,False,0.074944,True,True,4.592955,0.000000
rand_n20_m40_d5_s456,R_all,TYPE_R,0.1,True,warm_start,,False,0.074944,True,True,4.592955,0.000000
rand_n20_m40_d5_s456,C_small,TYPE_C,0,False,none,0.000000,True,0.000000,False,True,0.000000,0.213188
rand_n20_m40_d5_s456,C_small,TYPE_C,0,False,none,0.000000,True,0.000000,False,True,0.000000,0.186069
rand_n20_m40_d5_s456,C_medium,TYPE_C,0,False,none,0.115511,True,0.001530,False,True,0.000000,0.852752
rand_n20_m40_d5_s456,R_all,TYPE_R,0.1,True,warm_start,,False,0.074944,True,True,4.592955,0.000000
rand_n20_m40_d5_s456,C_large,TYPE_C,0,True,warm_start,0.481920,False,0.009741,False,False,0.000000,2.131879
rand_n20_m40_d5_s456,C_medium,TYPE_C,0,False,none,0.116363,True,0.000000,False,True,0.000000,0.927715
rand_n20_m40_d5_s456,R_large,TYPE_R,0.5,True,warm_start,,False,0.048041,True,True,6.721640,0.000000
rand_n20_m40_d5_s456,RC_small,TYPE_RC,0.05,True,parametric_lp,,False,0.000866,False,False,1.376343,0.200389
rand_n20_m40_d5_s456,C_large,TYPE_C,0,True,warm_start,0.483303,False,0.004029,False,False,0.000000,2.319288
rand_n20_m40_d5_s456,C_medium,TYPE_C,0,False,none,0.054311,True,0.000127,False,True,0.000000,0.744276
rand_n20_m40_d5_s456,RC_small,TYPE_RC,0.05,True,parametric_lp,,False,0.001279,False,False,0.672164,0.138176
rand_n20_m40_d5_s456,RC_small,TYPE_RC,0.05,True,parametric_lp,,False,0.007764,False,False,1.070454,0.226865
rand_n20_m40_d5_s456,C_small,TYPE_C,0,False,none,0.000000,True,0.000000,False,True,0.000000,0.231929
rand_n20_m40_d5_s456,RC_medium,TYPE_RC,0.2,True,parametric_lp,,False,0.010513,True,True,5.505370,0.801557
rand_n20_m40_d5_s456,C_large,TYPE_C,0,True,warm_start,0.379254,False,0.002481,False,False,0.000000,1.860691
rand_n20_m40_d5_s456,RC_medium,TYPE_RC,0.2,True,parametric_lp,,False,0.021537,True,True,4.281816,0.907460
rand_n20_m40_d5_s456,RC_medium,TYPE_RC,0.2,True,parametric_lp,,False,0.004627,False,False,2.688656,0.552703
rand_n20_m40_d5_s456,RC_large,TYPE_RC,0.5,True,parametric_lp,,False,0.051357,True,True,6.721640,1.381758
rand_n20_m40_d5_s456,RC_large,TYPE_RC,0.5,True,parametric_lp,,False,0.144504,True,True,10.704539,2.268649
rand_n20_m40_d5_s456,RC_asym_cb,TYPE_RC,0.5,True,parametric_lp,,False,0.064224,True,True,13.763425,0.200389
rand_n20_m40_d5_s456,RC_asym_cb,TYPE_RC,0.5,True,parametric_lp,,False,0.048430,True,True,6.721640,0.138176
rand_n20_m40_d5_s456,RC_asym_bc,TYPE_RC,0.05,True,parametric_lp,,False,0.020901,True,True,1.070454,2.268649
rand_n20_m40_d5_s456,RC_asym_cb,TYPE_RC,0.5,True,parametric_lp,,False,0.137311,True,True,10.704539,0.226865
rand_n20_m40_d5_s456,RC_asym_bc,TYPE_RC,0.05,True,parametric_lp,,False,0.006125,False,False,0.672164,1.381758
rand_n20_m40_d5_s456,RC_asym_bc,TYPE_RC,0.05,True,parametric_lp,,False,0.003394,False,False,1.376343,2.003893
rand_n20_m40_d5_s789,R_small,TYPE_R,0.05,True,warm_start,,False,0.007804,False,False,1.202869,0.000000
rand_n20_m40_d5_s789,R_small,TYPE_R,0.05,True,warm_start,,False,0.015968,True,True,1.177350,0.000000
rand_n20_m40_d5_s789,R_medium,TYPE_R,0.2,True,warm_start,,False,0.088969,True,True,8.811571,0.000000
rand_n20_m40_d5_s789,R_small,TYPE_R,0.05,True,warm_start,,False,0.020042,True,True,2.202893,0.000000
rand_n20_m40_d5_s789,R_medium,TYPE_R,0.2,True,warm_start,,False,0.029962,True,True,4.811477,0.000000
rand_n20_m40_d5_s789,R_large,TYPE_R,0.5,True,warm_start,,False,0.403782,True,True,22.028927,0.000000
rand_n20_m40_d5_s789,R_medium,TYPE_R,0.2,True,warm_start,,False,0.070738,True,True,4.709398,0.000000
rand_n20_m40_d5_s789,R_large,TYPE_R,0.5,True,warm_start,,False,0.066262,True,True,12.028692,0.000000
rand_n20_m40_d5_s789,R_single,TYPE_R,0.2,True,warm_start,,False,0.000720,False,False,2.975991,0.000000
rand_n20_m40_d5_s789,R_all,TYPE_R,0.1,True,warm_start,,False,0.074649,True,True,5.681307,0.000000
rand_n20_m40_d5_s789,R_single,TYPE_R,0.2,False,recompute,,True,0.000000,False,True,0.873358,0.000000
rand_n20_m40_d5_s456,RC_large,TYPE_RC,0.5,True,parametric_lp,,False,0.065973,True,True,13.763425,2.003893
rand_n20_m40_d5_s789,R_large,TYPE_R,0.5,True,warm_start,,False,0.347080,True,True,11.773495,0.000000
rand_n20_m40_d5_s789,R_single,TYPE_R,0.2,False,recompute,,True,0.021695,True,False,3.457244,0.000000
rand_n20_m40_d5_s789,R_all,TYPE_R,0.1,True,warm_start,,False,0.074649,True,True,5.681307,0.000000
rand_n20_m40_d5_s789,C_small,TYPE_C,0,False,none,0.046672,False,0.000000,False,True,0.000000,0.154105
rand_n20_m40_d5_s789,C_small,TYPE_C,0,True,warm_start,0.064389,False,0.001451,False,False,0.000000,0.161452
rand_n20_m40_d5_s789,C_medium,TYPE_C,0,True,warm_start,0.242483,False,0.001657,False,False,0.000000,0.616419
rand_n20_m40_d5_s789,R_all,TYPE_R,0.1,True,warm_start,,False,0.074649,True,True,5.681307,0.000000
rand_n20_m40_d5_s789,C_medium,TYPE_C,0,True,warm_start,0.298534,False,0.010437,True,True,0.000000,0.645808
rand_n20_m40_d5_s789,C_large,TYPE_C,0,True,warm_start,0.629986,False,0.029752,True,True,0.000000,1.614521
rand_n20_m40_d5_s789,C_small,TYPE_C,0,True,warm_start,0.064140,False,0.000041,False,False,0.000000,0.234322
rand_n20_m40_d5_s789,C_large,TYPE_C,0,True,warm_start,0.628737,False,0.034333,True,True,0.000000,2.343220
rand_n20_m40_d5_s789,RC_small,TYPE_RC,0.05,True,parametric_lp,,False,0.015086,True,True,1.177350,0.185424
rand_n20_m40_d5_s789,C_medium,TYPE_C,0,True,warm_start,0.297764,False,0.002519,False,False,0.000000,0.937288
rand_n20_m40_d5_s789,RC_small,TYPE_RC,0.05,True,parametric_lp,,False,0.007848,False,False,1.202869,0.239052
rand_n20_m40_d5_s789,RC_small,TYPE_RC,0.05,True,parametric_lp,,False,0.020258,True,True,2.202893,0.229517
rand_n20_m40_d5_s789,RC_medium,TYPE_RC,0.2,True,parametric_lp,,False,0.061308,True,True,4.709398,0.741695
rand_n20_m40_d5_s789,RC_medium,TYPE_RC,0.2,True,parametric_lp,,False,0.028677,True,True,4.811477,0.956208
rand_n20_m40_d5_s789,RC_large,TYPE_RC,0.5,True,parametric_lp,,False,0.374142,True,True,22.028927,2.295170
rand_n20_m40_d5_s789,RC_medium,TYPE_RC,0.2,True,parametric_lp,,False,0.084720,True,True,8.811571,0.918068
rand_n20_m40_d5_s789,C_large,TYPE_C,0,True,warm_start,0.536000,False,0.010537,True,True,0.000000,1.541048
rand_n20_m40_d5_s789,RC_asym_bc,TYPE_RC,0.05,True,parametric_lp,,False,0.004485,False,False,1.177350,1.854238
rand_n20_m40_d5_s789,RC_asym_bc,TYPE_RC,0.05,True,parametric_lp,,False,0.002089,False,False,2.202893,2.295170
rand_n20_m40_d5_s789,RC_asym_cb,TYPE_RC,0.5,True,parametric_lp,,False,0.400664,True,True,22.028927,0.229517
rand_n20_m40_d5_s789,RC_asym_cb,TYPE_RC,0.5,True,parametric_lp,,False,0.343409,True,True,11.773495,0.185424
rand_n20_m40_d5_s789,RC_large,TYPE_RC,0.5,True,parametric_lp,,False,0.303061,True,True,11.773495,1.854238
rand_n20_m40_d5_s789,RC_asym_cb,TYPE_RC,0.5,True,parametric_lp,,False,0.064210,True,True,12.028692,0.239052
rand_n20_m40_d5_s789,RC_asym_bc,TYPE_RC,0.05,True,parametric_lp,,False,0.008644,False,False,1.202869,2.390520
rand_n20_m40_d5_s789,RC_large,TYPE_RC,0.5,True,parametric_lp,,False,0.049869,True,True,12.028692,2.390520
rand_n20_m40_d5_s1024,R_small,TYPE_R,0.05,True,warm_start,,False,0.002435,False,False,0.849553,0.000000
rand_n20_m40_d5_s1024,R_medium,TYPE_R,0.2,True,warm_start,,False,0.022381,True,True,4.099187,0.000000
rand_n20_m40_d5_s1024,R_small,TYPE_R,0.05,True,warm_start,,False,0.011152,True,True,1.024797,0.000000
rand_n20_m40_d5_s1024,R_small,TYPE_R,0.05,True,warm_start,,False,0.007424,False,False,1.196065,0.000000
rand_n20_m40_d5_s1024,R_single,TYPE_R,0.2,False,recompute,,True,0.000000,False,True,5.385741,0.000000
rand_n20_m40_d5_s1024,R_large,TYPE_R,0.5,True,warm_start,,False,0.075717,True,True,8.495527,0.000000
rand_n20_m40_d5_s1024,R_large,TYPE_R,0.5,True,warm_start,,False,0.017954,True,True,10.247968,0.000000
rand_n20_m40_d5_s1024,R_single,TYPE_R,0.2,False,recompute,,True,0.009476,False,True,4.758020,0.000000
rand_n20_m40_d5_s1024,R_all,TYPE_R,0.1,True,warm_start,,False,0.059334,True,True,2.692871,0.000000
rand_n20_m40_d5_s1024,R_all,TYPE_R,0.1,True,warm_start,,False,0.059334,True,True,2.692871,0.000000
rand_n20_m40_d5_s1024,C_small,TYPE_C,0,False,none,0.000000,True,0.000000,False,True,0.000000,0.172797
rand_n20_m40_d5_s1024,R_large,TYPE_R,0.5,True,warm_start,,False,0.096541,True,True,11.960655,0.000000
rand_n20_m40_d5_s1024,C_small,TYPE_C,0,False,none,0.000000,True,0.000000,False,True,0.000000,0.187987
rand_n20_m40_d5_s1024,C_small,TYPE_C,0,False,none,0.000000,True,0.000000,False,True,0.000000,0.150816
rand_n20_m40_d5_s1024,R_all,TYPE_R,0.1,True,warm_start,,False,0.059334,True,True,2.692871,0.000000
rand_n20_m40_d5_s1024,R_medium,TYPE_R,0.2,True,warm_start,,False,0.012650,True,True,3.398211,0.000000
rand_n20_m40_d5_s1024,R_single,TYPE_R,0.2,True,warm_start,,False,0.057748,True,True,4.287715,0.000000
rand_n20_m40_d5_s1024,C_medium,TYPE_C,0,False,none,0.000000,True,0.000000,False,True,0.000000,0.751950
rand_n20_m40_d5_s1024,C_medium,TYPE_C,0,False,none,0.000000,True,0.000977,False,True,0.000000,0.603265
rand_n20_m40_d5_s1024,C_large,TYPE_C,0,True,warm_start,0.359657,False,0.000482,False,False,0.000000,1.727972
rand_n20_m40_d5_s1024,R_medium,TYPE_R,0.2,True,warm_start,,False,0.031763,True,True,4.784262,0.000000
rand_n20_m40_d5_s1024,C_medium,TYPE_C,0,False,none,0.000000,True,0.000000,False,True,0.000000,0.691189
rand_n20_m40_d5_s1024,C_large,TYPE_C,0,True,warm_start,0.361152,False,0.006753,False,False,0.000000,1.879874
rand_n20_m40_d5_s1024,C_large,TYPE_C,0,True,warm_start,0.248723,False,0.010887,True,True,0.000000,1.508163
rand_n20_m40_d5_s1024,RC_small,TYPE_RC,0.05,True,parametric_lp,,False,0.010317,True,True,1.024797,0.152553
rand_n20_m40_d5_s1024,RC_medium,TYPE_RC,0.2,True,parametric_lp,,False,0.032430,True,True,4.784262,0.626784
rand_n20_m40_d5_s1024,RC_small,TYPE_RC,0.05,True,parametric_lp,,False,0.002788,False,False,0.849553,0.178840
rand_n20_m40_d5_s1024,RC_medium,TYPE_RC,0.2,True,parametric_lp,,False,0.017019,True,True,3.398211,0.715360
rand_n20_m40_d5_s1024,RC_medium,TYPE_RC,0.2,True,parametric_lp,,False,0.017063,True,True,4.099187,0.610213
rand_n20_m40_d5_s1024,RC_large,TYPE_RC,0.5,True,parametric_lp,,False,0.099896,True,True,11.960655,1.566961
rand_n20_m40_d5_s1024,RC_large,TYPE_RC,0.5,True,parametric_lp,,False,0.006479,False,False,10.247968,1.525531
rand_n20_m40_d5_s1024,RC_asym_bc,TYPE_RC,0.05,True,parametric_lp,,False,0.007840,False,False,1.196065,1.566961
rand_n20_m40_d5_s1024,RC_small,TYPE_RC,0.05,True,parametric_lp,,False,0.007466,False,False,1.196065,0.156696
rand_n20_m40_d5_s1024,RC_asym_bc,TYPE_RC,0.05,True,parametric_lp,,False,0.000885,False,False,0.849553,1.788400
rand_n20_m40_d8_s42,R_small,TYPE_R,0.05,True,warm_start,,False,0.004081,False,False,1.956073,0.000000
rand_n20_m40_d5_s1024,RC_asym_cb,TYPE_RC,0.5,True,parametric_lp,,False,0.077804,True,True,8.495527,0.178840
rand_n20_m40_d5_s1024,RC_asym_cb,TYPE_RC,0.5,True,parametric_lp,,False,0.019360,True,True,10.247968,0.152553
rand_n20_m40_d5_s1024,RC_large,TYPE_RC,0.5,True,parametric_lp,,False,0.088661,True,True,8.495527,1.788400
rand_n20_m40_d8_s42,R_small,TYPE_R,0.05,True,warm_start,,False,0.021670,True,True,1.315527,0.000000
rand_n20_m40_d8_s42,R_small,TYPE_R,0.05,True,warm_start,,False,0.014756,True,True,1.925050,0.000000
rand_n20_m40_d8_s42,R_medium,TYPE_R,0.2,True,warm_start,,False,0.013157,True,True,7.824292,0.000000
rand_n20_m40_d5_s1024,RC_asym_bc,TYPE_RC,0.05,True,parametric_lp,,False,0.005123,False,False,1.024797,1.525531
rand_n20_m40_d8_s42,R_medium,TYPE_R,0.2,True,warm_start,,False,0.095369,True,True,5.262107,0.000000
rand_n20_m40_d5_s1024,RC_asym_cb,TYPE_RC,0.5,True,parametric_lp,,False,0.096983,True,True,11.960655,0.156696
rand_n20_m40_d8_s42,R_large,TYPE_R,0.5,True,warm_start,,False,0.351984,True,True,13.155268,0.000000
rand_n20_m40_d8_s42,R_single,TYPE_R,0.2,False,recompute,,True,0.000000,False,True,1.691557,0.000000
rand_n20_m40_d8_s42,R_large,TYPE_R,0.5,True,warm_start,,False,0.192167,True,True,19.250502,0.000000
rand_n20_m40_d8_s42,R_large,TYPE_R,0.5,True,warm_start,,False,0.117214,True,True,19.560730,0.000000
rand_n20_m40_d8_s42,R_all,TYPE_R,0.1,True,warm_start,,False,0.064042,True,True,4.728889,0.000000
rand_n20_m40_d8_s42,R_all,TYPE_R,0.1,True,warm_start,,False,0.064042,True,True,4.728889,0.000000
rand_n20_m40_d8_s42,R_single,TYPE_R,0.2,False,recompute,,True,0.000000,False,True,4.596447,0.000000
rand_n20_m40_d8_s42,C_small,TYPE_C,0,False,none,0.039321,False,0.000798,False,True,0.000000,0.173493
rand_n20_m40_d8_s42,R_medium,TYPE_R,0.2,True,warm_start,,False,0.062771,True,True,7.700201,0.000000
rand_n20_m40_d8_s42,R_all,TYPE_R,0.1,True,warm_start,,False,0.064042,True,True,4.728889,0.000000
rand_n20_m40_d8_s42,C_medium,TYPE_C,0,True,warm_start,0.275940,False,0.006712,False,False,0.000000,0.693972
rand_n20_m40_d8_s42,C_medium,TYPE_C,0,True,warm_start,0.276720,False,0.001807,False,False,0.000000,0.375136
rand_n20_m40_d8_s42,C_medium,TYPE_C,0,True,warm_start,0.219950,False,0.000193,False,False,0.000000,0.512827
rand_n20_m40_d8_s42,C_large,TYPE_C,0,True,warm_start,0.611156,False,0.020909,True,True,0.000000,1.734930
rand_n20_m40_d8_s42,C_small,TYPE_C,0,False,none,0.039572,True,0.000000,False,True,0.000000,0.093784
rand_n20_m40_d8_s42,C_large,TYPE_C,0,True,warm_start,0.612422,False,0.006518,False,False,0.000000,0.937840
rand_n20_m40_d8_s42,R_single,TYPE_R,0.2,True,warm_start,,False,0.066918,True,True,5.419972,0.000000
rand_n20_m40_d8_s42,RC_small,TYPE_RC,0.05,True,parametric_lp,,False,0.004070,False,False,1.956073,0.174126
rand_n20_m40_d8_s42,C_small,TYPE_C,0,False,none,0.021629,True,0.000000,False,True,0.000000,0.128207
rand_n20_m40_d8_s42,C_large,TYPE_C,0,True,warm_start,0.517231,False,0.000954,False,False,0.000000,1.282069
rand_n20_m40_d8_s42,RC_small,TYPE_RC,0.05,True,parametric_lp,,False,0.021589,True,True,1.315527,0.143757
rand_n20_m40_d8_s42,RC_medium,TYPE_RC,0.2,True,parametric_lp,,False,0.096290,True,True,5.262107,0.575028
rand_n20_m40_d8_s42,RC_small,TYPE_RC,0.05,True,parametric_lp,,False,0.015266,True,True,1.925050,0.182046
rand_n20_m40_d8_s42,RC_large,TYPE_RC,0.5,True,parametric_lp,,False,0.035406,True,True,19.560730,1.741259
rand_n20_m40_d8_s42,RC_medium,TYPE_RC,0.2,True,parametric_lp,,False,0.065760,True,True,7.700201,0.728184
rand_n20_m40_d8_s42,RC_medium,TYPE_RC,0.2,True,parametric_lp,,False,0.004966,False,False,7.824292,0.696504
rand_n20_m40_d8_s42,RC_large,TYPE_RC,0.5,True,parametric_lp,,False,0.213118,True,True,19.250502,1.820460
rand_n20_m40_d8_s42,RC_asym_bc,TYPE_RC,0.05,True,parametric_lp,,False,0.014643,True,True,1.956073,1.741259
rand_n20_m40_d8_s42,RC_asym_bc,TYPE_RC,0.05,True,parametric_lp,,False,0.006167,False,False,1.925050,1.820460
rand_n20_m40_d8_s42,RC_large,TYPE_RC,0.5,True,parametric_lp,,False,0.330063,True,True,13.155268,1.437570
rand_n20_m40_d8_s42,RC_asym_cb,TYPE_RC,0.5,True,parametric_lp,,False,0.110884,True,True,19.560730,0.174126
rand_n20_m40_d8_s123,R_small,TYPE_R,0.05,False,recompute,,True,0.000475,False,True,3.043295,0.000000
rand_n20_m40_d8_s123,R_small,TYPE_R,0.05,True,warm_start,,False,0.006613,False,False,3.112446,0.000000
rand_n20_m40_d8_s42,RC_asym_cb,TYPE_RC,0.5,True,parametric_lp,,False,0.350759,True,True,13.155268,0.143757
rand_n20_m40_d8_s123,R_medium,TYPE_R,0.2,True,warm_start,,False,0.024412,True,True,12.449785,0.000000
rand_n20_m40_d8_s42,RC_asym_bc,TYPE_RC,0.05,True,parametric_lp,,False,0.015641,True,True,1.315527,1.437570
rand_n20_m40_d8_s123,R_large,TYPE_R,0.5,True,warm_start,,False,0.000253,False,False,30.432954,0.000000
rand_n20_m40_d8_s123,R_large,TYPE_R,0.5,True,warm_start,,False,0.037922,True,True,31.124462,0.000000
rand_n20_m40_d8_s123,R_large,TYPE_R,0.5,True,warm_start,,False,0.061224,True,True,14.386463,0.000000
rand_n20_m40_d8_s42,RC_asym_cb,TYPE_RC,0.5,True,parametric_lp,,False,0.194331,True,True,19.250502,0.182046
rand_n20_m40_d8_s123,R_medium,TYPE_R,0.2,True,warm_start,,False,0.018438,True,True,5.754585,0.000000
rand_n20_m40_d8_s123,R_single,TYPE_R,0.2,False,recompute,,True,0.000000,False,True,6.648019,0.000000
rand_n20_m40_d8_s123,R_small,TYPE_R,0.05,True,warm_start,,False,0.004432,False,False,1.438646,0.000000
rand_n20_m40_d8_s123,R_medium,TYPE_R,0.2,True,warm_start,,False,0.001897,False,False,12.173182,0.000000
rand_n20_m40_d8_s123,R_single,TYPE_R,0.2,False,recompute,,True,0.000000,False,True,5.364392,0.000000
rand_n20_m40_d8_s123,R_single,TYPE_R,0.2,False,recompute,,True,0.000000,False,True,7.056873,0.000000
rand_n20_m40_d8_s123,C_small,TYPE_C,0,True,warm_start,0.071066,False,0.000029,False,False,0.000000,0.166542
rand_n20_m40_d8_s123,R_all,TYPE_R,0.1,True,warm_start,,False,0.029492,True,True,7.736094,0.000000
rand_n20_m40_d8_s123,R_all,TYPE_R,0.1,True,warm_start,,False,0.029492,True,True,7.736094,0.000000
rand_n20_m40_d8_s123,C_small,TYPE_C,0,True,warm_start,0.053665,False,0.000639,False,False,0.000000,0.131781
rand_n20_m40_d8_s123,C_medium,TYPE_C,0,True,warm_start,0.303852,False,0.007100,False,False,0.000000,0.666168
rand_n20_m40_d8_s123,R_all,TYPE_R,0.1,True,warm_start,,False,0.029492,True,True,7.736094,0.000000
rand_n20_m40_d8_s123,C_medium,TYPE_C,0,True,warm_start,0.304624,False,0.003044,False,False,0.000000,0.507619
rand_n20_m40_d8_s123,C_large,TYPE_C,0,True,warm_start,0.633643,False,0.027347,True,True,0.000000,1.665419
rand_n20_m40_d8_s123,C_large,TYPE_C,0,True,warm_start,0.634889,False,0.012096,True,True,0.000000,1.269047
rand_n20_m40_d8_s123,C_large,TYPE_C,0,True,warm_start,0.541238,False,0.017454,True,True,0.000000,1.317806
rand_n20_m40_d8_s123,RC_small,TYPE_RC,0.05,True,parametric_lp,,False,0.006582,False,False,3.112446,0.216323
rand_n20_m40_d8_s123,RC_small,TYPE_RC,0.05,True,parametric_lp,,False,0.003496,False,False,1.438646,0.173957
rand_n20_m40_d8_s123,C_small,TYPE_C,0,False,none,0.071318,True,0.000086,False,True,0.000000,0.126905
rand_n20_m40_d8_s123,C_medium,TYPE_C,0,True,warm_start,0.248768,False,0.006426,False,False,0.000000,0.527122
rand_n20_m40_d8_s123,RC_small,TYPE_RC,0.05,True,parametric_lp,,False,0.000754,False,False,3.043295,0.220839
rand_n20_m40_d8_s123,RC_medium,TYPE_RC,0.2,True,parametric_lp,,False,0.004074,False,False,12.173182,0.883357
rand_n20_m40_d8_s123,RC_medium,TYPE_RC,0.2,True,parametric_lp,,False,0.026153,True,True,12.449785,0.865292
rand_n20_m40_d8_s123,RC_large,TYPE_RC,0.5,True,parametric_lp,,False,0.002930,False,False,30.432954,2.208392
rand_n20_m40_d8_s123,RC_large,TYPE_RC,0.5,True,parametric_lp,,False,0.041047,True,True,14.386463,1.739569
rand_n20_m40_d8_s123,RC_asym_bc,TYPE_RC,0.05,True,parametric_lp,,False,0.020969,True,True,3.043295,2.208392
rand_n20_m40_d8_s123,RC_asym_bc,TYPE_RC,0.05,True,parametric_lp,,False,0.024105,True,True,3.112446,2.163230
rand_n20_m40_d8_s123,RC_large,TYPE_RC,0.5,True,parametric_lp,,False,0.044109,True,True,31.124462,2.163230
rand_n20_m40_d8_s123,RC_asym_bc,TYPE_RC,0.05,True,parametric_lp,,False,0.021941,True,True,1.438646,1.739569
rand_n20_m40_d8_s123,RC_medium,TYPE_RC,0.2,True,parametric_lp,,False,0.009494,False,False,5.754585,0.695827
rand_n20_m40_d8_s456,R_small,TYPE_R,0.05,True,warm_start,,False,0.012471,True,True,2.469851,0.000000
rand_n20_m40_d8_s123,RC_asym_cb,TYPE_RC,0.5,True,parametric_lp,,False,0.001026,False,False,30.432954,0.220839
rand_n20_m40_d8_s456,R_small,TYPE_R,0.05,True,warm_start,,False,0.005747,False,False,1.511360,0.000000
rand_n20_m40_d8_s123,RC_asym_cb,TYPE_RC,0.5,True,parametric_lp,,False,0.059851,True,True,14.386463,0.173957
rand_n20_m40_d8_s123,RC_asym_cb,TYPE_RC,0.5,True,parametric_lp,,False,0.038421,True,True,31.124462,0.216323
rand_n20_m40_d8_s456,R_medium,TYPE_R,0.2,True,warm_start,,False,0.076544,True,True,9.879403,0.000000
rand_n20_m40_d8_s456,R_small,TYPE_R,0.05,True,warm_start,,False,0.004297,False,False,1.869837,0.000000
rand_n20_m40_d8_s456,R_large,TYPE_R,0.5,True,warm_start,,False,0.300205,True,True,24.698507,0.000000
rand_n20_m40_d8_s456,R_medium,TYPE_R,0.2,True,warm_start,,False,0.050004,True,True,6.045440,0.000000
rand_n20_m40_d8_s456,R_large,TYPE_R,0.5,True,warm_start,,False,0.049392,True,True,18.698370,0.000000
rand_n20_m40_d8_s456,R_single,TYPE_R,0.2,False,recompute,,True,0.000000,False,True,1.036931,0.000000
rand_n20_m40_d8_s456,R_large,TYPE_R,0.5,True,warm_start,,False,0.229461,True,True,15.113601,0.000000
rand_n20_m40_d8_s456,R_single,TYPE_R,0.2,True,warm_start,,False,0.020822,True,True,4.798546,0.000000
rand_n20_m40_d8_s456,R_all,TYPE_R,0.1,True,warm_start,,False,0.067723,True,True,5.151796,0.000000
rand_n20_m40_d8_s456,R_all,TYPE_R,0.1,True,warm_start,,False,0.067723,True,True,5.151796,0.000000
rand_n20_m40_d8_s456,C_small,TYPE_C,0,True,warm_start,0.051091,False,0.000003,False,False,0.000000,0.213188
rand_n20_m40_d8_s456,C_small,TYPE_C,0,False,none,0.051342,True,0.000010,False,True,0.000000,0.231929
rand_n20_m40_d8_s456,C_small,TYPE_C,0,False,none,0.033505,False,0.000049,False,True,0.000000,0.186069
rand_n20_m40_d8_s456,C_medium,TYPE_C,0,True,warm_start,0.287064,False,0.000342,False,False,0.000000,0.927715
rand_n20_m40_d8_s456,R_medium,TYPE_R,0.2,True,warm_start,,False,0.004413,False,False,7.479348,0.000000
rand_n20_m40_d8_s456,C_medium,TYPE_C,0,True,warm_start,0.230636,False,0.001165,False,False,0.000000,0.744276
rand_n20_m40_d8_s456,R_single,TYPE_R,0.2,False,recompute,,True,0.000000,False,True,2.573573,0.000000
rand_n20_m40_d8_s456,C_large,TYPE_C,0,True,warm_start,0.619493,False,0.000788,False,False,0.000000,2.131879
rand_n20_m40_d8_s456,R_all,TYPE_R,0.1,True,warm_start,,False,0.067723,True,True,5.151796,0.000000
rand_n20_m40_d8_s456,C_large,TYPE_C,0,True,warm_start,0.526131,False,0.003385,False,False,0.000000,1.860691
rand_n20_m40_d8_s456,C_medium,TYPE_C,0,True,warm_start,0.286289,False,0.000126,False,False,0.000000,0.852752
rand_n20_m40_d8_s456,C_large,TYPE_C,0,True,warm_start,0.620751,False,0.001457,False,False,0.000000,2.319288
rand_n20_m40_d8_s456,RC_small,TYPE_RC,0.05,True,parametric_lp,,False,0.012516,True,True,2.469851,0.200389
rand_n20_m40_d8_s456,RC_medium,TYPE_RC,0.2,True,parametric_lp,,False,0.049175,True,True,6.045440,0.552703
rand_n20_m40_d8_s456,RC_medium,TYPE_RC,0.2,True,parametric_lp,,False,0.006935,False,False,7.479348,0.907460
rand_n20_m40_d8_s456,RC_small,TYPE_RC,0.05,True,parametric_lp,,False,0.004469,False,False,1.869837,0.226865
rand_n20_m40_d8_s456,RC_small,TYPE_RC,0.05,True,parametric_lp,,False,0.005717,False,False,1.511360,0.138176
rand_n20_m40_d8_s456,RC_large,TYPE_RC,0.5,True,parametric_lp,,False,0.207504,True,True,15.113601,1.381758
rand_n20_m40_d8_s456,RC_asym_bc,TYPE_RC,0.05,True,parametric_lp,,False,0.005446,False,False,1.511360,1.381758
rand_n20_m40_d8_s456,RC_large,TYPE_RC,0.5,True,parametric_lp,,False,0.296153,True,True,24.698507,2.003893
rand_n20_m40_d8_s456,RC_asym_bc,TYPE_RC,0.05,True,parametric_lp,,False,0.001750,False,False,2.469851,2.003893
rand_n20_m40_d8_s456,RC_medium,TYPE_RC,0.2,True,parametric_lp,,False,0.070874,True,True,9.879403,0.801557
rand_n20_m40_d8_s456,RC_asym_cb,TYPE_RC,0.5,True,parametric_lp,,False,0.227383,True,True,15.113601,0.138176
rand_n20_m40_d8_s456,RC_asym_cb,TYPE_RC,0.5,True,parametric_lp,,False,0.300982,True,True,24.698507,0.200389
rand_n20_m40_d8_s789,R_small,TYPE_R,0.05,True,warm_start,,False,0.013956,True,True,1.966520,0.000000
rand_n20_m40_d8_s456,RC_large,TYPE_RC,0.5,True,parametric_lp,,False,0.036683,True,True,18.698370,2.268649
rand_n20_m40_d8_s789,R_medium,TYPE_R,0.2,True,warm_start,,False,0.060451,True,True,7.866079,0.000000
rand_n20_m40_d8_s456,RC_asym_bc,TYPE_RC,0.05,True,parametric_lp,,False,0.007271,False,False,1.869837,2.268649
rand_n20_m40_d8_s789,R_medium,TYPE_R,0.2,True,warm_start,,False,0.006161,False,False,4.252926,0.000000
rand_n20_m40_d8_s456,RC_asym_cb,TYPE_RC,0.5,True,parametric_lp,,False,0.048228,True,True,18.698370,0.226865
rand_n20_m40_d8_s789,R_small,TYPE_R,0.05,True,warm_start,,False,0.000173,False,False,1.063232,0.000000
rand_n20_m40_d8_s789,R_large,TYPE_R,0.5,True,warm_start,,False,0.037038,True,True,14.008441,0.000000
rand_n20_m40_d8_s789,R_single,TYPE_R,0.2,False,recompute,,True,0.000000,False,True,1.361147,0.000000
rand_n20_m40_d8_s789,R_small,TYPE_R,0.05,False,recompute,,True,0.003006,False,True,1.400844,0.000000
rand_n20_m40_d8_s789,R_large,TYPE_R,0.5,True,warm_start,,False,0.187860,True,True,19.665198,0.000000
rand_n20_m40_d8_s789,R_large,TYPE_R,0.5,True,warm_start,,False,0.035368,True,True,10.632315,0.000000
rand_n20_m40_d8_s789,R_all,TYPE_R,0.1,True,warm_start,,False,0.056981,True,True,6.616368,0.000000
rand_n20_m40_d8_s789,R_single,TYPE_R,0.2,False,recompute,,True,0.000000,False,True,3.202315,0.000000
rand_n20_m40_d8_s789,R_all,TYPE_R,0.1,True,warm_start,,False,0.056981,True,True,6.616368,0.000000
rand_n20_m40_d8_s789,C_small,TYPE_C,0,False,none,0.000000,True,0.000000,False,True,0.000000,0.234322
rand_n20_m40_d8_s789,C_small,TYPE_C,0,False,none,0.000000,True,0.000000,False,True,0.000000,0.161452
rand_n20_m40_d8_s789,R_single,TYPE_R,0.2,False,recompute,,True,0.000000,False,True,3.406417,0.000000
rand_n20_m40_d8_s789,C_medium,TYPE_C,0,False,none,0.163703,True,0.000000,False,True,0.000000,0.937288
rand_n20_m40_d8_s789,R_all,TYPE_R,0.1,True,warm_start,,False,0.056981,True,True,6.616368,0.000000
rand_n20_m40_d8_s789,C_large,TYPE_C,0,True,warm_start,0.520742,False,0.002893,False,False,0.000000,2.343220
rand_n20_m40_d8_s789,R_medium,TYPE_R,0.2,True,warm_start,,False,0.005714,False,False,5.603376,0.000000
rand_n20_m40_d8_s789,C_large,TYPE_C,0,True,warm_start,0.522090,False,0.002146,False,False,0.000000,1.614521
rand_n20_m40_d8_s789,C_small,TYPE_C,0,False,none,0.000000,True,0.000000,False,True,0.000000,0.154105
rand_n20_m40_d8_s789,C_medium,TYPE_C,0,False,none,0.164534,True,0.000000,False,True,0.000000,0.645808
rand_n20_m40_d8_s789,RC_small,TYPE_RC,0.05,True,parametric_lp,,False,0.014572,True,True,1.966520,0.229517
rand_n20_m40_d8_s789,C_medium,TYPE_C,0,False,none,0.104069,True,0.001163,False,True,0.000000,0.616419
rand_n20_m40_d8_s789,RC_small,TYPE_RC,0.05,True,parametric_lp,,False,0.000229,False,False,1.063232,0.185424
rand_n20_m40_d8_s789,C_large,TYPE_C,0,True,warm_start,0.420702,False,0.009342,False,False,0.000000,1.541048
rand_n20_m40_d8_s789,RC_medium,TYPE_RC,0.2,True,parametric_lp,,False,0.005003,False,False,4.252926,0.741695
rand_n20_m40_d8_s789,RC_medium,TYPE_RC,0.2,True,parametric_lp,,False,0.055388,True,True,7.866079,0.918068
rand_n20_m40_d8_s789,RC_medium,TYPE_RC,0.2,True,parametric_lp,,False,0.001096,False,False,5.603376,0.956208
rand_n20_m40_d8_s789,RC_large,TYPE_RC,0.5,True,parametric_lp,,False,0.021779,True,True,10.632315,1.854238
rand_n20_m40_d8_s789,RC_large,TYPE_RC,0.5,True,parametric_lp,,False,0.163932,True,True,19.665198,2.295170
rand_n20_m40_d8_s789,RC_large,TYPE_RC,0.5,True,parametric_lp,,False,0.056123,True,True,14.008441,2.390520
rand_n20_m40_d8_s789,RC_asym_cb,TYPE_RC,0.5,True,parametric_lp,,False,0.034254,True,True,10.632315,0.185424
rand_n20_m40_d8_s789,RC_asym_bc,TYPE_RC,0.05,True,parametric_lp,,False,0.001897,False,False,1.400844,2.390520
rand_n20_m40_d8_s789,RC_asym_cb,TYPE_RC,0.5,True,parametric_lp,,False,0.185345,True,True,19.665198,0.229517
rand_n20_m40_d8_s789,RC_asym_bc,TYPE_RC,0.05,True,parametric_lp,,False,0.003168,False,False,1.063232,1.854238
rand_n20_m40_d8_s1024,R_small,TYPE_R,0.05,True,warm_start,,False,0.002254,False,False,1.312901,0.000000
rand_n20_m40_d8_s1024,R_small,TYPE_R,0.05,True,warm_start,,False,0.000463,False,False,1.380898,0.000000
rand_n20_m40_d8_s789,RC_asym_bc,TYPE_RC,0.05,True,parametric_lp,,False,0.006646,False,False,1.966520,2.295170
rand_n20_m40_d8_s1024,R_small,TYPE_R,0.05,True,warm_start,,False,0.007906,False,False,1.742166,0.000000
rand_n20_m40_d8_s1024,R_medium,TYPE_R,0.2,True,warm_start,,False,0.000483,False,False,5.251605,0.000000
rand_n20_m40_d8_s1024,R_large,TYPE_R,0.5,True,warm_start,,False,0.022998,True,True,13.129012,0.000000
rand_n20_m40_d8_s1024,R_large,TYPE_R,0.5,True,warm_start,,False,0.054424,True,True,13.808984,0.000000
rand_n20_m40_d8_s789,RC_small,TYPE_RC,0.05,False,recompute,,True,0.002377,False,True,1.400844,0.239052
rand_n20_m40_d8_s1024,R_medium,TYPE_R,0.2,True,warm_start,,False,0.039120,True,True,6.968663,0.000000
rand_n20_m40_d8_s1024,R_single,TYPE_R,0.2,True,warm_start,,False,0.011238,True,True,5.904725,0.000000
rand_n20_m40_d8_s1024,R_single,TYPE_R,0.2,True,warm_start,,False,0.060381,True,True,9.167614,0.000000
rand_n20_m40_d8_s1024,R_large,TYPE_R,0.5,True,warm_start,,False,0.144180,True,True,17.421657,0.000000
rand_n20_m40_d8_s1024,R_single,TYPE_R,0.2,False,recompute,,True,0.000000,False,True,5.353031,0.000000
rand_n20_m40_d8_s789,RC_asym_cb,TYPE_RC,0.5,True,parametric_lp,,False,0.039431,True,True,14.008441,0.239052
rand_n20_m40_d8_s1024,R_medium,TYPE_R,0.2,True,warm_start,,False,0.001190,False,False,5.523594,0.000000
rand_n20_m40_d8_s1024,R_all,TYPE_R,0.1,True,warm_start,,False,0.075101,True,True,5.454907,0.000000
rand_n20_m40_d8_s1024,R_all,TYPE_R,0.1,True,warm_start,,False,0.075101,True,True,5.454907,0.000000
rand_n20_m40_d8_s1024,C_small,TYPE_C,0,False,none,0.009751,True,0.000000,False,True,0.000000,0.172797
rand_n20_m40_d8_s1024,C_small,TYPE_C,0,False,none,0.010007,True,0.000000,False,True,0.000000,0.187987
rand_n20_m40_d8_s1024,C_large,TYPE_C,0,True,warm_start,0.590210,False,0.014153,True,True,0.000000,1.727972
rand_n20_m40_d8_s1024,C_small,TYPE_C,0,False,none,0.000000,True,0.000000,False,True,0.000000,0.150816
rand_n20_m40_d8_s1024,C_medium,TYPE_C,0,True,warm_start,0.193104,False,0.000604,False,False,0.000000,0.603265
rand_n20_m40_d8_s1024,RC_small,TYPE_RC,0.05,True,parametric_lp,,False,0.002007,False,False,1.312901,0.152553
rand_n20_m40_d8_s1024,C_medium,TYPE_C,0,True,warm_start,0.250730,False,0.000216,False,False,0.000000,0.751950
rand_n20_m40_d8_s1024,C_medium,TYPE_C,0,True,warm_start,0.249938,False,0.000395,False,False,0.000000,0.691189
rand_n20_m40_d8_s1024,C_large,TYPE_C,0,True,warm_start,0.591494,False,0.002708,False,False,0.000000,1.879874
rand_n20_m40_d8_s1024,R_all,TYPE_R,0.1,True,warm_start,,False,0.075101,True,True,5.454907,0.000000
rand_n20_m40_d8_s1024,RC_small,TYPE_RC,0.05,True,parametric_lp,,False,0.007583,False,False,1.742166,0.178840
rand_n20_m40_d8_s1024,RC_small,TYPE_RC,0.05,True,parametric_lp,,False,0.000547,False,False,1.380898,0.156696
rand_n20_m40_d8_s1024,RC_medium,TYPE_RC,0.2,True,parametric_lp,,False,0.000857,False,False,5.251605,0.610213
rand_n20_m40_d8_s1024,C_large,TYPE_C,0,True,warm_start,0.494868,False,0.007682,False,False,0.000000,1.508163
rand_n20_m40_d8_s1024,RC_large,TYPE_RC,0.5,True,parametric_lp,,False,0.059108,True,True,13.808984,1.566961
rand_n20_m40_d8_s1024,RC_large,TYPE_RC,0.5,True,parametric_lp,,False,0.133237,True,True,17.421657,1.788400
rand_n20_m40_d8_s1024,RC_large,TYPE_RC,0.5,True,parametric_lp,,False,0.019808,True,True,13.129012,1.525531
rand_n20_m40_d8_s1024,RC_medium,TYPE_RC,0.2,True,parametric_lp,,False,0.001971,False,False,5.523594,0.626784
rand_n20_m40_d8_s1024,RC_medium,TYPE_RC,0.2,True,parametric_lp,,False,0.034426,True,True,6.968663,0.715360
rand_n20_m40_d8_s1024,RC_asym_bc,TYPE_RC,0.05,True,parametric_lp,,False,0.013773,True,True,1.312901,1.525531
rand_n20_m40_d8_s1024,RC_asym_cb,TYPE_RC,0.5,True,parametric_lp,,False,0.023771,True,True,13.129012,0.152553
rand_n20_m40_d8_s1024,RC_asym_cb,TYPE_RC,0.5,True,parametric_lp,,False,0.054890,True,True,13.808984,0.156696
rand_n20_m40_d8_s1024,RC_asym_cb,TYPE_RC,0.5,True,parametric_lp,,False,0.144780,True,True,17.421657,0.178840
rand_n20_m40_d8_s1024,RC_asym_bc,TYPE_RC,0.05,True,parametric_lp,,False,0.001256,False,False,1.742166,1.788400
rand_n50_m50_d3_s42,R_small,TYPE_R,0.05,True,warm_start,,False,0.002013,False,False,2.110126,0.000000
rand_n20_m40_d8_s1024,RC_asym_bc,TYPE_RC,0.05,True,parametric_lp,,False,0.005353,False,False,1.380898,1.566961
rand_n50_m50_d3_s42,R_medium,TYPE_R,0.2,True,warm_start,,False,0.010848,True,True,8.440506,0.000000
rand_n50_m50_d3_s42,R_small,TYPE_R,0.05,True,warm_start,,False,0.005264,False,False,2.316466,0.000000
rand_n50_m50_d3_s42,R_large,TYPE_R,0.5,True,warm_start,,False,0.008021,False,False,22.956226,0.000000
rand_n50_m50_d3_s42,R_medium,TYPE_R,0.2,True,warm_start,,False,0.021617,True,True,9.265862,0.000000
rand_n50_m50_d3_s42,R_large,TYPE_R,0.5,True,warm_start,,False,0.057310,True,True,23.164656,0.000000
rand_n50_m50_d3_s42,R_single,TYPE_R,0.2,True,warm_start,,False,0.003911,False,False,7.157910,0.000000
rand_n50_m50_d3_s42,R_medium,TYPE_R,0.2,True,warm_start,,False,0.006287,False,False,9.182490,0.000000
rand_n50_m50_d3_s42,R_large,TYPE_R,0.5,True,warm_start,,False,0.038838,True,True,21.101264,0.000000
rand_n50_m50_d3_s42,R_single,TYPE_R,0.2,True,warm_start,,False,0.002979,False,False,5.584800,0.000000
rand_n50_m50_d3_s42,R_small,TYPE_R,0.05,True,warm_start,,False,0.001667,False,False,2.295623,0.000000
rand_n50_m50_d3_s42,R_all,TYPE_R,0.1,True,warm_start,,False,0.041956,True,True,4.895779,0.000000
rand_n50_m50_d3_s42,C_small,TYPE_C,0,True,warm_start,0.080775,False,0.000177,False,False,0.000000,0.182632
rand_n50_m50_d3_s42,C_small,TYPE_C,0,True,warm_start,0.081899,False,0.000032,False,False,0.000000,0.200649
rand_n50_m50_d3_s42,R_all,TYPE_R,0.1,True,warm_start,,False,0.041956,True,True,4.895779,0.000000
rand_n50_m50_d3_s42,R_all,TYPE_R,0.1,True,warm_start,,False,0.041956,True,True,4.895779,0.000000
rand_n50_m50_d3_s42,C_medium,TYPE_C,0,True,warm_start,0.312391,False,0.001333,False,False,0.000000,0.730526
rand_n50_m50_d3_s42,C_small,TYPE_C,0,True,warm_start,0.083043,False,0.000088,False,False,0.000000,0.212720
rand_n50_m50_d3_s42,C_large,TYPE_C,0,True,warm_start,0.640520,False,0.011865,True,True,0.000000,1.826316
rand_n50_m50_d3_s42,C_medium,TYPE_C,0,True,warm_start,0.319385,False,0.000974,False,False,0.000000,0.850881
rand_n50_m50_d3_s42,C_large,TYPE_C,0,True,warm_start,0.646142,False,0.012458,True,True,0.000000,2.006489
rand_n50_m50_d3_s42,R_single,TYPE_R,0.2,True,warm_start,,False,0.004852,False,False,2.608825,0.000000
rand_n50_m50_d3_s42,C_medium,TYPE_C,0,True,warm_start,0.315864,False,0.000597,False,False,0.000000,0.802596
rand_n50_m50_d3_s42,C_large,TYPE_C,0,True,warm_start,0.651821,False,0.006572,False,False,0.000000,2.127203
rand_n50_m50_d3_s42,RC_small,TYPE_RC,0.05,True,parametric_lp,,False,0.001962,False,False,2.295623,0.195299
rand_n50_m50_d3_s42,RC_medium,TYPE_RC,0.2,True,parametric_lp,,False,0.011789,True,True,9.265862,0.931156
rand_n50_m50_d3_s42,RC_small,TYPE_RC,0.05,True,parametric_lp,,False,0.001849,False,False,2.110126,0.200768
rand_n50_m50_d3_s42,RC_large,TYPE_RC,0.5,True,parametric_lp,,False,0.027988,True,True,21.101264,2.007683
rand_n50_m50_d3_s42,RC_medium,TYPE_RC,0.2,True,parametric_lp,,False,0.009153,False,False,9.182490,0.781196
rand_n50_m50_d3_s42,RC_small,TYPE_RC,0.05,True,parametric_lp,,False,0.004116,False,False,2.316466,0.232789
rand_n50_m50_d3_s42,RC_large,TYPE_RC,0.5,True,parametric_lp,,False,0.023033,True,True,22.956226,1.952991
rand_n50_m50_d3_s42,RC_medium,TYPE_RC,0.2,True,parametric_lp,,False,0.009341,False,False,8.440506,0.803073
rand_n50_m50_d3_s42,RC_asym_bc,TYPE_RC,0.05,True,parametric_lp,,False,0.005295,False,False,2.110126,2.007683
rand_n50_m50_d3_s42,RC_asym_cb,TYPE_RC,0.5,True,parametric_lp,,False,0.037860,True,True,21.101264,0.200768
rand_n50_m50_d3_s42,RC_large,TYPE_RC,0.5,True,parametric_lp,,False,0.018579,True,True,23.164656,2.327891
rand_n50_m50_d3_s42,RC_asym_cb,TYPE_RC,0.5,True,parametric_lp,,False,0.056320,True,True,23.164656,0.232789
rand_n50_m50_d3_s123,R_small,TYPE_R,0.05,True,warm_start,,False,0.001708,False,False,2.299687,0.000000
rand_n50_m50_d3_s42,RC_asym_bc,TYPE_RC,0.05,True,parametric_lp,,False,0.022196,True,True,2.316466,2.327891
rand_n50_m50_d3_s123,R_small,TYPE_R,0.05,True,warm_start,,False,0.004816,False,False,1.891456,0.000000
rand_n50_m50_d3_s42,RC_asym_cb,TYPE_RC,0.5,True,parametric_lp,,False,0.008718,False,False,22.956226,0.195299
rand_n50_m50_d3_s42,RC_asym_bc,TYPE_RC,0.05,True,parametric_lp,,False,0.012830,True,True,2.295623,1.952991
rand_n50_m50_d3_s123,R_small,TYPE_R,0.05,True,warm_start,,False,0.002071,False,False,1.830117,0.000000
rand_n50_m50_d3_s123,R_medium,TYPE_R,0.2,True,warm_start,,False,0.003765,False,False,7.320469,0.000000
rand_n50_m50_d3_s123,R_large,TYPE_R,0.5,True,warm_start,,False,0.008909,False,False,18.301172,0.000000
rand_n50_m50_d3_s123,R_medium,TYPE_R,0.2,True,warm_start,,False,0.017373,True,True,7.565824,0.000000
rand_n50_m50_d3_s123,R_single,TYPE_R,0.2,True,warm_start,,False,0.003795,False,False,6.515494,0.000000
rand_n50_m50_d3_s123,R_medium,TYPE_R,0.2,True,warm_start,,False,0.007421,False,False,9.198750,0.000000
rand_n50_m50_d3_s123,R_single,TYPE_R,0.2,True,warm_start,,False,0.001186,False,False,2.579735,0.000000
rand_n50_m50_d3_s123,R_large,TYPE_R,0.5,True,warm_start,,False,0.021178,True,True,18.914560,0.000000
rand_n50_m50_d3_s123,R_single,TYPE_R,0.2,False,recompute,,True,0.000000,False,True,1.814652,0.000000
rand_n50_m50_d3_s123,R_large,TYPE_R,0.5,True,warm_start,,False,0.033272,True,True,22.996874,0.000000
rand_n50_m50_d3_s123,C_small,TYPE_C,0,True,warm_start,0.087828,False,0.000004,False,False,0.000000,0.157933
rand_n50_m50_d3_s123,R_all,TYPE_R,0.1,True,warm_start,,False,0.048600,True,True,5.103891,0.000000
rand_n50_m50_d3_s123,R_all,TYPE_R,0.1,True,warm_start,,False,0.048600,True,True,5.103891,0.000000
rand_n50_m50_d3_s123,C_small,TYPE_C,0,True,warm_start,0.086687,False,0.000021,False,False,0.000000,0.219725
rand_n50_m50_d3_s123,C_medium,TYPE_C,0,True,warm_start,0.316603,False,0.002052,False,False,0.000000,0.848933
rand_n50_m50_d3_s123,C_medium,TYPE_C,0,True,warm_start,0.320067,False,0.000124,False,False,0.000000,0.878902
rand_n50_m50_d3_s123,R_all,TYPE_R,0.1,True,warm_start,,False,0.048600,True,True,5.103891,0.000000
rand_n50_m50_d3_s123,C_medium,TYPE_C,0,True,warm_start,0.323580,False,0.000179,False,False,0.000000,0.631732
rand_n50_m50_d3_s123,C_small,TYPE_C,0,True,warm_start,0.085565,False,0.000239,False,False,0.000000,0.212233
rand_n50_m50_d3_s123,RC_medium,TYPE_RC,0.2,True,parametric_lp,,False,0.010685,True,True,9.198750,0.788497
rand_n50_m50_d3_s123,RC_small,TYPE_RC,0.05,True,parametric_lp,,False,0.005377,False,False,1.891456,0.184818
rand_n50_m50_d3_s123,C_large,TYPE_C,0,True,warm_start,0.655186,False,0.013832,True,True,0.000000,1.579330
rand_n50_m50_d3_s123,RC_small,TYPE_RC,0.05,True,parametric_lp,,False,0.001993,False,False,1.830117,0.190762
rand_n50_m50_d3_s123,C_large,TYPE_C,0,True,warm_start,0.649522,False,0.004304,False,False,0.000000,2.197254
rand_n50_m50_d3_s123,RC_small,TYPE_RC,0.05,True,parametric_lp,,False,0.001945,False,False,2.299687,0.197124
rand_n50_m50_d3_s123,RC_medium,TYPE_RC,0.2,True,parametric_lp,,False,0.021309,True,True,7.565824,0.739274
rand_n50_m50_d3_s123,C_large,TYPE_C,0,True,warm_start,0.643913,False,0.013204,True,True,0.000000,2.122333
rand_n50_m50_d3_s123,RC_large,TYPE_RC,0.5,True,parametric_lp,,False,0.041777,True,True,18.914560,1.848185
rand_n50_m50_d3_s123,RC_asym_bc,TYPE_RC,0.05,True,parametric_lp,,False,0.005695,False,False,2.299687,1.971243
rand_n50_m50_d3_s123,RC_medium,TYPE_RC,0.2,True,parametric_lp,,False,0.006352,False,False,7.320469,0.763048
rand_n50_m50_d3_s123,RC_asym_bc,TYPE_RC,0.05,True,parametric_lp,,False,0.020088,True,True,1.830117,1.907620
rand_n50_m50_d3_s123,RC_large,TYPE_RC,0.5,True,parametric_lp,,False,0.026547,True,True,18.301172,1.907620
rand_n50_m50_d3_s123,RC_asym_cb,TYPE_RC,0.5,True,parametric_lp,,False,0.022896,True,True,18.914560,0.184818
rand_n50_m50_d3_s123,RC_asym_bc,TYPE_RC,0.05,True,parametric_lp,,False,0.022154,True,True,1.891456,1.848185
rand_n50_m50_d3_s123,RC_asym_cb,TYPE_RC,0.5,True,parametric_lp,,False,0.007887,False,False,18.301172,0.190762
rand_n50_m50_d3_s123,RC_asym_cb,TYPE_RC,0.5,True,parametric_lp,,False,0.034322,True,True,22.996874,0.197124
rand_n50_m50_d3_s456,R_small,TYPE_R,0.05,True,warm_start,,False,0.007938,False,False,2.064412,0.000000
rand_n50_m50_d3_s456,R_small,TYPE_R,0.05,True,warm_start,,False,0.007273,False,False,1.814503,0.000000
rand_n50_m50_d3_s456,R_medium,TYPE_R,0.2,True,warm_start,,False,0.025917,True,True,8.257647,0.000000
rand_n50_m50_d3_s456,R_medium,TYPE_R,0.2,True,warm_start,,False,0.023111,True,True,7.539891,0.000000
rand_n50_m50_d3_s456,R_medium,TYPE_R,0.2,True,warm_start,,False,0.033239,True,True,7.258012,0.000000
rand_n50_m50_d3_s456,R_large,TYPE_R,0.5,True,warm_start,,False,0.065273,True,True,18.849727,0.000000
rand_n50_m50_d3_s123,RC_large,TYPE_RC,0.5,True,parametric_lp,,False,0.031156,True,True,22.996874,1.971243
rand_n50_m50_d3_s456,R_small,TYPE_R,0.05,False,recompute,,True,0.005664,False,True,1.884973,0.000000
rand_n50_m50_d3_s456,R_single,TYPE_R,0.2,False,recompute,,True,0.002049,False,True,1.339219,0.000000
rand_n50_m50_d3_s456,R_single,TYPE_R,0.2,False,recompute,,True,0.000000,False,True,1.478709,0.000000
rand_n50_m50_d3_s456,R_all,TYPE_R,0.1,True,warm_start,,False,0.046623,True,True,5.635709,0.000000
rand_n50_m50_d3_s456,R_single,TYPE_R,0.2,False,recompute,,True,0.000000,False,True,0.730853,0.000000
rand_n50_m50_d3_s456,R_large,TYPE_R,0.5,True,warm_start,,False,0.055817,True,True,20.644118,0.000000
rand_n50_m50_d3_s456,R_all,TYPE_R,0.1,True,warm_start,,False,0.046623,True,True,5.635709,0.000000
rand_n50_m50_d3_s456,C_small,TYPE_C,0,True,warm_start,0.051783,False,0.000000,False,False,0.000000,0.218207
rand_n50_m50_d3_s456,C_small,TYPE_C,0,True,warm_start,0.050640,False,0.000986,False,False,0.000000,0.210588
rand_n50_m50_d3_s456,C_small,TYPE_C,0,False,none,0.052944,True,0.000000,False,True,0.000000,0.200319
rand_n50_m50_d3_s456,R_all,TYPE_R,0.1,True,warm_start,,False,0.046623,True,True,5.635709,0.000000
rand_n50_m50_d3_s456,C_medium,TYPE_C,0,True,warm_start,0.285893,False,0.006328,False,False,0.000000,0.842350
rand_n50_m50_d3_s456,R_large,TYPE_R,0.5,True,warm_start,,False,0.118209,True,True,18.145029,0.000000
rand_n50_m50_d3_s456,C_large,TYPE_C,0,True,warm_start,0.624886,False,0.001290,False,False,0.000000,2.182075
rand_n50_m50_d3_s456,C_medium,TYPE_C,0,True,warm_start,0.292998,False,0.000000,False,False,0.000000,0.801277
rand_n50_m50_d3_s456,RC_small,TYPE_RC,0.05,True,parametric_lp,,False,0.005689,False,False,1.884973,0.189826
rand_n50_m50_d3_s456,RC_small,TYPE_RC,0.05,True,parametric_lp,,False,0.007824,False,False,2.064412,0.238600
rand_n50_m50_d3_s456,C_large,TYPE_C,0,True,warm_start,0.619174,False,0.031261,True,True,0.000000,2.105876
rand_n50_m50_d3_s456,C_medium,TYPE_C,0,True,warm_start,0.289421,False,0.000238,False,False,0.000000,0.872830
rand_n50_m50_d3_s456,RC_small,TYPE_RC,0.05,True,parametric_lp,,False,0.008223,False,False,1.814503,0.211450
rand_n50_m50_d3_s456,RC_medium,TYPE_RC,0.2,True,parametric_lp,,False,0.038776,True,True,7.258012,0.845801
rand_n50_m50_d3_s456,RC_medium,TYPE_RC,0.2,True,parametric_lp,,False,0.021559,True,True,7.539891,0.759303
rand_n50_m50_d3_s456,RC_medium,TYPE_RC,0.2,True,parametric_lp,,False,0.024992,True,True,8.257647,0.954402
rand_n50_m50_d3_s456,RC_large,TYPE_RC,0.5,True,parametric_lp,,False,0.115485,True,True,18.145029,2.114502
rand_n50_m50_d3_s456,RC_large,TYPE_RC,0.5,True,parametric_lp,,False,0.062699,True,True,20.644118,2.386004
rand_n50_m50_d3_s456,RC_large,TYPE_RC,0.5,True,parametric_lp,,False,0.061588,True,True,18.849727,1.898258
rand_n50_m50_d3_s456,RC_asym_bc,TYPE_RC,0.05,True,parametric_lp,,False,0.015129,True,True,2.064412,2.386004
rand_n50_m50_d3_s456,C_large,TYPE_C,0,True,warm_start,0.630653,False,0.003669,False,False,0.000000,2.003192
rand_n50_m50_d3_s456,RC_asym_cb,TYPE_RC,0.5,True,parametric_lp,,False,0.055289,True,True,20.644118,0.238600
rand_n50_m50_d3_s456,RC_asym_cb,TYPE_RC,0.5,True,parametric_lp,,False,0.120492,True,True,18.145029,0.211450
rand_n50_m50_d3_s789,R_small,TYPE_R,0.05,True,warm_start,,False,0.000823,False,False,1.777305,0.000000
rand_n50_m50_d3_s789,R_medium,TYPE_R,0.2,True,warm_start,,False,0.000885,False,False,8.407955,0.000000
rand_n50_m50_d3_s456,RC_asym_cb,TYPE_RC,0.5,True,parametric_lp,,False,0.066017,True,True,18.849727,0.189826
rand_n50_m50_d3_s456,RC_asym_bc,TYPE_RC,0.05,True,parametric_lp,,False,0.002640,False,False,1.884973,1.898258
rand_n50_m50_d3_s789,R_medium,TYPE_R,0.2,True,warm_start,,False,0.001789,False,False,7.109222,0.000000
rand_n50_m50_d3_s456,RC_asym_bc,TYPE_RC,0.05,True,parametric_lp,,False,0.000349,False,False,1.814503,2.114502
rand_n50_m50_d3_s789,R_large,TYPE_R,0.5,True,warm_start,,False,0.003737,False,False,21.019886,0.000000
rand_n50_m50_d3_s789,R_large,TYPE_R,0.5,True,warm_start,,False,0.003819,False,False,17.773054,0.000000
rand_n50_m50_d3_s789,R_single,TYPE_R,0.2,False,recompute,,True,0.000000,False,True,2.291186,0.000000
rand_n50_m50_d3_s789,R_medium,TYPE_R,0.2,True,warm_start,,False,0.010416,True,True,5.923248,0.000000
rand_n50_m50_d3_s789,R_small,TYPE_R,0.05,True,warm_start,,False,0.002417,False,False,1.480812,0.000000
rand_n50_m50_d3_s789,R_single,TYPE_R,0.2,False,recompute,,True,0.000000,False,True,1.093645,0.000000
rand_n50_m50_d3_s789,R_all,TYPE_R,0.1,True,warm_start,,False,0.029419,True,True,6.994067,0.000000
rand_n50_m50_d3_s789,R_large,TYPE_R,0.5,True,warm_start,,False,0.030207,True,True,14.808119,0.000000
rand_n50_m50_d3_s789,R_all,TYPE_R,0.1,True,warm_start,,False,0.029419,True,True,6.994067,0.000000
rand_n50_m50_d3_s789,R_small,TYPE_R,0.05,True,warm_start,,False,0.000273,False,False,2.101989,0.000000
rand_n50_m50_d3_s789,C_small,TYPE_C,0,True,warm_start,0.090942,False,0.000044,False,False,0.000000,0.170188
rand_n50_m50_d3_s789,C_small,TYPE_C,0,True,warm_start,0.093199,False,0.000561,False,False,0.000000,0.236383
rand_n50_m50_d3_s789,C_medium,TYPE_C,0,True,warm_start,0.324786,False,0.003236,False,False,0.000000,0.721311
rand_n50_m50_d3_s789,R_all,TYPE_R,0.1,True,warm_start,,False,0.029419,True,True,6.994067,0.000000
rand_n50_m50_d3_s789,C_small,TYPE_C,0,True,warm_start,0.092061,False,0.000423,False,False,0.000000,0.180328
rand_n50_m50_d3_s789,R_single,TYPE_R,0.2,True,warm_start,,False,0.000224,False,False,2.998551,0.000000
rand_n50_m50_d3_s789,C_large,TYPE_C,0,True,warm_start,0.653315,False,0.013242,True,True,0.000000,1.803276
rand_n50_m50_d3_s789,C_large,TYPE_C,0,True,warm_start,0.647722,False,0.015369,True,True,0.000000,1.701884
rand_n50_m50_d3_s789,C_medium,TYPE_C,0,True,warm_start,0.321331,False,0.001367,False,False,0.000000,0.680754
rand_n50_m50_d3_s789,C_medium,TYPE_C,0,True,warm_start,0.328289,False,0.005452,False,False,0.000000,0.945532
rand_n50_m50_d3_s789,C_large,TYPE_C,0,True,warm_start,0.658963,False,0.019544,True,True,0.000000,2.363830
rand_n50_m50_d3_s789,RC_small,TYPE_RC,0.05,True,parametric_lp,,False,0.000662,False,False,1.777305,0.191893
rand_n50_m50_d3_s789,RC_small,TYPE_RC,0.05,True,parametric_lp,,False,0.000271,False,False,2.101989,0.195606
rand_n50_m50_d3_s789,RC_small,TYPE_RC,0.05,True,parametric_lp,,False,0.002432,False,False,1.480812,0.241834
rand_n50_m50_d3_s789,RC_large,TYPE_RC,0.5,True,parametric_lp,,False,0.000278,False,False,17.773054,1.918935
rand_n50_m50_d3_s789,RC_medium,TYPE_RC,0.2,True,parametric_lp,,False,0.008731,False,False,5.923248,0.967335
rand_n50_m50_d3_s789,RC_large,TYPE_RC,0.5,True,parametric_lp,,False,0.014261,True,True,14.808119,2.418337
rand_n50_m50_d3_s789,RC_medium,TYPE_RC,0.2,True,parametric_lp,,False,0.000762,False,False,8.407955,0.782423
rand_n50_m50_d3_s789,RC_medium,TYPE_RC,0.2,True,parametric_lp,,False,0.003062,False,False,7.109222,0.767574
rand_n50_m50_d3_s789,RC_large,TYPE_RC,0.5,True,parametric_lp,,False,0.003630,False,False,21.019886,1.956056
rand_n50_m50_d3_s789,RC_asym_bc,TYPE_RC,0.05,True,parametric_lp,,False,0.014824,True,True,1.480812,2.418337
rand_n50_m50_d3_s789,RC_asym_bc,TYPE_RC,0.05,True,parametric_lp,,False,0.007445,False,False,1.777305,1.918935
rand_n50_m50_d3_s789,RC_asym_cb,TYPE_RC,0.5,True,parametric_lp,,False,0.004315,False,False,21.019886,0.195606
rand_n50_m50_d3_s789,RC_asym_bc,TYPE_RC,0.05,True,parametric_lp,,False,0.007322,False,False,2.101989,1.956056
rand_n50_m50_d3_s1024,R_small,TYPE_R,0.05,True,warm_start,,False,0.000246,False,False,1.380596,0.000000
rand_n50_m50_d3_s789,RC_asym_cb,TYPE_RC,0.5,True,parametric_lp,,False,0.003595,False,False,17.773054,0.191893
rand_n50_m50_d3_s1024,R_medium,TYPE_R,0.2,True,warm_start,,False,0.000902,False,False,5.522382,0.000000
rand_n50_m50_d3_s1024,R_large,TYPE_R,0.5,True,warm_start,,False,0.019544,True,True,23.696552,0.000000
rand_n50_m50_d3_s1024,R_large,TYPE_R,0.5,True,warm_start,,False,0.000266,False,False,13.805955,0.000000
rand_n50_m50_d3_s1024,R_small,TYPE_R,0.05,True,warm_start,,False,0.000924,False,False,2.300089,0.000000
rand_n50_m50_d3_s789,RC_asym_cb,TYPE_RC,0.5,True,parametric_lp,,False,0.030060,True,True,14.808119,0.241834
rand_n50_m50_d3_s1024,R_small,TYPE_R,0.05,True,warm_start,,False,0.000302,False,False,2.369655,0.000000
rand_n50_m50_d3_s1024,R_large,TYPE_R,0.5,True,warm_start,,False,0.011567,True,True,23.000892,0.000000
rand_n50_m50_d3_s1024,R_single,TYPE_R,0.2,True,warm_start,,False,0.004330,False,False,3.213340,0.000000
rand_n50_m50_d3_s1024,R_single,TYPE_R,0.2,False,recompute,,True,0.000000,False,True,1.894299,0.000000
rand_n50_m50_d3_s1024,R_all,TYPE_R,0.1,True,warm_start,,False,0.045902,True,True,6.574864,0.000000
rand_n50_m50_d3_s1024,R_medium,TYPE_R,0.2,True,warm_start,,False,0.001540,False,False,9.200357,0.000000
rand_n50_m50_d3_s1024,R_medium,TYPE_R,0.2,True,warm_start,,False,0.005560,False,False,9.478621,0.000000
rand_n50_m50_d3_s1024,R_single,TYPE_R,0.2,True,warm_start,,False,0.000951,False,False,3.440905,0.000000
rand_n50_m50_d3_s1024,R_all,TYPE_R,0.1,True,warm_start,,False,0.045902,True,True,6.574864,0.000000
rand_n50_m50_d3_s1024,C_small,TYPE_C,0,False,none,0.000000,True,0.000000,False,True,0.000000,0.190652
rand_n50_m50_d3_s1024,C_small,TYPE_C,0,False,none,0.000000,True,0.000000,False,True,0.000000,0.178319
rand_n50_m50_d3_s1024,C_small,TYPE_C,0,False,none,0.000000,True,0.000000,False,True,0.000000,0.184791
rand_n50_m50_d3_s1024,R_all,TYPE_R,0.1,True,warm_start,,False,0.045902,True,True,6.574864,0.000000
rand_n50_m50_d3_s1024,C_medium,TYPE_C,0,True,warm_start,0.162936,False,0.000642,False,False,0.000000,0.713277
rand_n50_m50_d3_s1024,C_medium,TYPE_C,0,True,warm_start,0.166715,False,0.000308,False,False,0.000000,0.762607
rand_n50_m50_d3_s1024,C_medium,TYPE_C,0,True,warm_start,0.170549,False,0.000257,False,False,0.000000,0.739164
rand_n50_m50_d3_s1024,RC_small,TYPE_RC,0.05,True,parametric_lp,,False,0.000408,False,False,1.380596,0.206917
rand_n50_m50_d3_s1024,RC_medium,TYPE_RC,0.2,True,parametric_lp,,False,0.004289,False,False,9.478621,0.951388
rand_n50_m50_d3_s1024,RC_small,TYPE_RC,0.05,True,parametric_lp,,False,0.000485,False,False,2.369655,0.237847
rand_n50_m50_d3_s1024,C_large,TYPE_C,0,True,warm_start,0.520123,False,0.009310,False,False,0.000000,1.783191
rand_n50_m50_d3_s1024,C_large,TYPE_C,0,True,warm_start,0.526244,False,0.002612,False,False,0.000000,1.906518
rand_n50_m50_d3_s1024,C_large,TYPE_C,0,True,warm_start,0.532425,False,0.005123,False,False,0.000000,1.847911
rand_n50_m50_d3_s1024,RC_small,TYPE_RC,0.05,True,parametric_lp,,False,0.000872,False,False,2.300089,0.225295
rand_n50_m50_d3_s1024,RC_medium,TYPE_RC,0.2,True,parametric_lp,,False,0.003528,False,False,5.522382,0.827666
rand_n50_m50_d3_s1024,RC_medium,TYPE_RC,0.2,True,parametric_lp,,False,0.001969,False,False,9.200357,0.901180
rand_n50_m50_d3_s1024,RC_large,TYPE_RC,0.5,True,parametric_lp,,False,0.000897,False,False,23.696552,2.378469
rand_n50_m50_d3_s1024,RC_asym_bc,TYPE_RC,0.05,True,parametric_lp,,False,0.016761,True,True,2.300089,2.252950
rand_n50_m50_d3_s1024,RC_asym_bc,TYPE_RC,0.05,True,parametric_lp,,False,0.015928,True,True,2.369655,2.378469
rand_n50_m50_d3_s1024,RC_asym_cb,TYPE_RC,0.5,True,parametric_lp,,False,0.001829,False,False,13.805955,0.206917
rand_n50_m50_d3_s1024,RC_large,TYPE_RC,0.5,True,parametric_lp,,False,0.017018,True,True,13.805955,2.069166
rand_n50_m50_d3_s1024,RC_large,TYPE_RC,0.5,True,parametric_lp,,False,0.000688,False,False,23.000892,2.252950
rand_n50_m50_d3_s1024,RC_asym_bc,TYPE_RC,0.05,True,parametric_lp,,False,0.005692,False,False,1.380596,2.069166
rand_n50_m50_d5_s42,R_small,TYPE_R,0.05,True,warm_start,,False,0.005852,False,False,2.231508,0.000000
rand_n50_m50_d3_s1024,RC_asym_cb,TYPE_RC,0.5,True,parametric_lp,,False,0.019799,True,True,23.696552,0.237847
rand_n50_m50_d5_s42,R_small,TYPE_R,0.05,True,warm_start,,False,0.002359,False,False,2.075582,0.000000
rand_n50_m50_d5_s42,R_small,TYPE_R,0.05,True,warm_start,,False,0.005282,False,False,2.434520,0.000000
rand_n50_m50_d3_s1024,RC_asym_cb,TYPE_RC,0.5,True,parametric_lp,,False,0.012563,True,True,23.000892,0.225295
rand_n50_m50_d5_s42,R_medium,TYPE_R,0.2,True,warm_start,,False,0.012172,True,True,8.302330,0.000000
rand_n50_m50_d5_s42,R_medium,TYPE_R,0.2,True,warm_start,,False,0.018376,True,True,9.738080,0.000000
rand_n50_m50_d5_s42,R_large,TYPE_R,0.5,True,warm_start,,False,0.036994,True,True,24.345199,0.000000
rand_n50_m50_d5_s42,R_medium,TYPE_R,0.2,True,warm_start,,False,0.025585,True,True,8.926031,0.000000
rand_n50_m50_d5_s42,R_single,TYPE_R,0.2,False,recompute,,True,0.000000,False,True,4.814809,0.000000
rand_n50_m50_d5_s42,R_single,TYPE_R,0.2,True,warm_start,,False,0.003672,False,False,8.963995,0.000000
rand_n50_m50_d5_s42,R_single,TYPE_R,0.2,False,recompute,,True,0.000286,False,True,1.459011,0.000000
rand_n50_m50_d5_s42,R_large,TYPE_R,0.5,True,warm_start,,False,0.078346,True,True,22.315078,0.000000
rand_n50_m50_d5_s42,R_all,TYPE_R,0.1,True,warm_start,,False,0.042683,True,True,6.094083,0.000000
rand_n50_m50_d5_s42,R_all,TYPE_R,0.1,True,warm_start,,False,0.042683,True,True,6.094083,0.000000
rand_n50_m50_d5_s42,R_all,TYPE_R,0.1,True,warm_start,,False,0.042683,True,True,6.094083,0.000000
rand_n50_m50_d5_s42,C_medium,TYPE_C,0,True,warm_start,0.286829,False,0.004290,False,False,0.000000,0.730526
rand_n50_m50_d5_s42,R_large,TYPE_R,0.5,True,warm_start,,False,0.034885,True,True,20.755825,0.000000
rand_n50_m50_d5_s42,C_medium,TYPE_C,0,True,warm_start,0.290355,False,0.001728,False,False,0.000000,0.802596
rand_n50_m50_d5_s42,C_large,TYPE_C,0,True,warm_start,0.619928,False,0.020925,True,True,0.000000,1.826316
rand_n50_m50_d5_s42,C_small,TYPE_C,0,True,warm_start,0.051705,False,0.000042,False,False,0.000000,0.182632
rand_n50_m50_d5_s42,C_small,TYPE_C,0,False,none,0.052847,True,0.000000,False,True,0.000000,0.200649
rand_n50_m50_d5_s42,C_small,TYPE_C,0,True,warm_start,0.054008,False,0.000014,False,False,0.000000,0.212720
rand_n50_m50_d5_s42,C_large,TYPE_C,0,True,warm_start,0.625636,False,0.016662,True,True,0.000000,2.006489
rand_n50_m50_d5_s42,C_medium,TYPE_C,0,True,warm_start,0.293930,False,0.000881,False,False,0.000000,0.850881
rand_n50_m50_d5_s42,RC_small,TYPE_RC,0.05,True,parametric_lp,,False,0.002094,False,False,2.075582,0.195299
rand_n50_m50_d5_s42,RC_small,TYPE_RC,0.05,True,parametric_lp,,False,0.005804,False,False,2.231508,0.200768
rand_n50_m50_d5_s42,RC_medium,TYPE_RC,0.2,True,parametric_lp,,False,0.023397,True,True,8.926031,0.803073
rand_n50_m50_d5_s42,C_large,TYPE_C,0,True,warm_start,0.631401,False,0.024733,True,True,0.000000,2.127203
rand_n50_m50_d5_s42,RC_small,TYPE_RC,0.05,True,parametric_lp,,False,0.005409,False,False,2.434520,0.232789
rand_n50_m50_d5_s42,RC_large,TYPE_RC,0.5,True,parametric_lp,,False,0.038895,True,True,20.755825,1.952991
rand_n50_m50_d5_s42,RC_large,TYPE_RC,0.5,True,parametric_lp,,False,0.047207,True,True,22.315078,2.007683
rand_n50_m50_d5_s42,RC_medium,TYPE_RC,0.2,True,parametric_lp,,False,0.025680,True,True,9.738080,0.931156
rand_n50_m50_d5_s42,RC_asym_bc,TYPE_RC,0.05,True,parametric_lp,,False,0.031133,True,True,2.231508,2.007683
rand_n50_m50_d5_s42,RC_medium,TYPE_RC,0.2,True,parametric_lp,,False,0.011282,True,True,8.302330,0.781196
rand_n50_m50_d5_s42,RC_large,TYPE_RC,0.5,True,parametric_lp,,False,0.057045,True,True,24.345199,2.327891
rand_n50_m50_d5_s42,RC_asym_bc,TYPE_RC,0.05,True,parametric_lp,,False,0.033338,True,True,2.434520,2.327891
rand_n50_m50_d5_s42,RC_asym_cb,TYPE_RC,0.5,True,parametric_lp,,False,0.036086,True,True,20.755825,0.195299
rand_n50_m50_d5_s42,RC_asym_bc,TYPE_RC,0.05,True,parametric_lp,,False,0.003113,False,False,2.075582,1.952991
rand_n50_m50_d5_s123,R_small,TYPE_R,0.05,True,warm_start,,False,0.005646,False,False,2.351893,0.000000
rand_n50_m50_d5_s123,R_small,TYPE_R,0.05,True,warm_start,,False,0.003507,False,False,2.161850,0.000000
rand_n50_m50_d5_s42,RC_asym_cb,TYPE_RC,0.5,True,parametric_lp,,False,0.035941,True,True,24.345199,0.232789
rand_n50_m50_d5_s42,RC_asym_cb,TYPE_RC,0.5,True,parametric_lp,,False,0.078571,True,True,22.315078,0.200768
rand_n50_m50_d5_s123,R_medium,TYPE_R,0.2,True,warm_start,,False,0.014178,True,True,8.647401,0.000000
rand_n50_m50_d5_s123,R_large,TYPE_R,0.5,True,warm_start,,False,0.036322,True,True,21.618503,0.000000
rand_n50_m50_d5_s123,R_medium,TYPE_R,0.2,True,warm_start,,False,0.023081,True,True,10.231860,0.000000
rand_n50_m50_d5_s123,R_small,TYPE_R,0.05,True,warm_start,,False,0.006178,False,False,2.557965,0.000000
rand_n50_m50_d5_s123,R_single,TYPE_R,0.2,False,recompute,,True,0.000000,False,True,4.700913,0.000000
rand_n50_m50_d5_s123,R_single,TYPE_R,0.2,True,warm_start,,False,0.015690,True,True,14.326186,0.000000
rand_n50_m50_d5_s123,R_all,TYPE_R,0.1,True,warm_start,,False,0.052916,True,True,7.163093,0.000000
rand_n50_m50_d5_s123,R_large,TYPE_R,0.5,True,warm_start,,False,0.069418,True,True,23.518934,0.000000
rand_n50_m50_d5_s123,R_large,TYPE_R,0.5,True,warm_start,,False,0.027837,True,True,25.579651,0.000000
rand_n50_m50_d5_s123,R_medium,TYPE_R,0.2,True,warm_start,,False,0.024874,True,True,9.407574,0.000000
rand_n50_m50_d5_s123,R_all,TYPE_R,0.1,True,warm_start,,False,0.052916,True,True,7.163093,0.000000
rand_n50_m50_d5_s123,C_small,TYPE_C,0,True,warm_start,0.087274,False,0.000092,False,False,0.000000,0.212233
rand_n50_m50_d5_s123,C_small,TYPE_C,0,True,warm_start,0.088395,False,0.000000,False,False,0.000000,0.219725
rand_n50_m50_d5_s123,R_single,TYPE_R,0.2,False,recompute,,True,0.000000,False,True,4.567245,0.000000
rand_n50_m50_d5_s123,C_medium,TYPE_C,0,True,warm_start,0.318105,False,0.004033,False,False,0.000000,0.848933
rand_n50_m50_d5_s123,C_medium,TYPE_C,0,True,warm_start,0.321567,False,0.001332,False,False,0.000000,0.878902
rand_n50_m50_d5_s123,R_all,TYPE_R,0.1,True,warm_start,,False,0.052916,True,True,7.163093,0.000000
rand_n50_m50_d5_s123,C_large,TYPE_C,0,True,warm_start,0.645124,False,0.027402,True,True,0.000000,2.122333
rand_n50_m50_d5_s123,C_large,TYPE_C,0,True,warm_start,0.656386,False,0.011208,True,True,0.000000,1.579330
rand_n50_m50_d5_s123,C_small,TYPE_C,0,True,warm_start,0.089535,False,0.000012,False,False,0.000000,0.157933
rand_n50_m50_d5_s123,C_large,TYPE_C,0,True,warm_start,0.650727,False,0.007311,False,False,0.000000,2.197254
rand_n50_m50_d5_s123,C_medium,TYPE_C,0,True,warm_start,0.325077,False,0.000700,False,False,0.000000,0.631732
rand_n50_m50_d5_s123,RC_small,TYPE_RC,0.05,True,parametric_lp,,False,0.005443,False,False,2.351893,0.184818
rand_n50_m50_d5_s123,RC_small,TYPE_RC,0.05,True,parametric_lp,,False,0.005990,False,False,2.557965,0.190762
rand_n50_m50_d5_s123,RC_small,TYPE_RC,0.05,True,parametric_lp,,False,0.003769,False,False,2.161850,0.197124
rand_n50_m50_d5_s123,RC_medium,TYPE_RC,0.2,True,parametric_lp,,False,0.017912,True,True,8.647401,0.788497
rand_n50_m50_d5_s123,RC_medium,TYPE_RC,0.2,True,parametric_lp,,False,0.021555,True,True,10.231860,0.763048
rand_n50_m50_d5_s123,RC_medium,TYPE_RC,0.2,True,parametric_lp,,False,0.019794,True,True,9.407574,0.739274
rand_n50_m50_d5_s123,RC_large,TYPE_RC,0.5,True,parametric_lp,,False,0.055545,True,True,21.618503,1.971243
rand_n50_m50_d5_s123,RC_asym_bc,TYPE_RC,0.05,True,parametric_lp,,False,0.009367,False,False,2.557965,1.907620
rand_n50_m50_d5_s123,RC_asym_bc,TYPE_RC,0.05,True,parametric_lp,,False,0.012546,True,True,2.351893,1.848185
rand_n50_m50_d5_s123,RC_asym_cb,TYPE_RC,0.5,True,parametric_lp,,False,0.039212,True,True,21.618503,0.197124
rand_n50_m50_d5_s123,RC_asym_bc,TYPE_RC,0.05,True,parametric_lp,,False,0.004977,False,False,2.161850,1.971243
rand_n50_m50_d5_s123,RC_asym_cb,TYPE_RC,0.5,True,parametric_lp,,False,0.069956,True,True,23.518934,0.184818
rand_n50_m50_d5_s123,RC_large,TYPE_RC,0.5,True,parametric_lp,,False,0.051315,True,True,23.518934,1.848185
rand_n50_m50_d5_s123,RC_large,TYPE_RC,0.5,True,parametric_lp,,False,0.029026,True,True,25.579651,1.907620
rand_n50_m50_d5_s456,R_small,TYPE_R,0.05,True,warm_start,,False,0.005840,False,False,1.811232,0.000000
rand_n50_m50_d5_s123,RC_asym_cb,TYPE_RC,0.5,True,parametric_lp,,False,0.027270,True,True,25.579651,0.190762
rand_n50_m50_d5_s456,R_small,TYPE_R,0.05,True,warm_start,,False,0.003958,False,False,1.667913,0.000000
rand_n50_m50_d5_s456,R_medium,TYPE_R,0.2,True,warm_start,,False,0.054768,True,True,8.727228,0.000000
rand_n50_m50_d5_s456,R_small,TYPE_R,0.05,True,warm_start,,False,0.011549,True,True,2.181807,0.000000
rand_n50_m50_d5_s456,R_large,TYPE_R,0.5,True,warm_start,,False,0.084548,True,True,16.679133,0.000000
rand_n50_m50_d5_s456,R_single,TYPE_R,0.2,False,recompute,,True,0.000000,False,True,1.834372,0.000000
rand_n50_m50_d5_s456,R_single,TYPE_R,0.2,True,warm_start,,False,0.001044,False,False,3.648164,0.000000
rand_n50_m50_d5_s456,R_large,TYPE_R,0.5,True,warm_start,,False,0.049285,True,True,18.112324,0.000000
rand_n50_m50_d5_s456,R_medium,TYPE_R,0.2,True,warm_start,,False,0.022692,True,True,7.244930,0.000000
rand_n50_m50_d5_s456,R_medium,TYPE_R,0.2,True,warm_start,,False,0.020845,True,True,6.671653,0.000000
rand_n50_m50_d5_s456,R_single,TYPE_R,0.2,False,recompute,,True,0.000095,False,True,0.101537,0.000000
rand_n50_m50_d5_s456,R_all,TYPE_R,0.1,True,warm_start,,False,0.042800,True,True,5.194133,0.000000
rand_n50_m50_d5_s456,C_small,TYPE_C,0,True,warm_start,0.079657,False,0.000105,False,False,0.000000,0.218207
rand_n50_m50_d5_s456,R_large,TYPE_R,0.5,True,warm_start,,False,0.209726,True,True,21.818070,0.000000
rand_n50_m50_d5_s456,R_all,TYPE_R,0.1,True,warm_start,,False,0.042800,True,True,5.194133,0.000000
rand_n50_m50_d5_s456,C_medium,TYPE_C,0,True,warm_start,0.310418,False,0.003805,False,False,0.000000,0.842350
rand_n50_m50_d5_s456,C_small,TYPE_C,0,True,warm_start,0.080802,False,0.000067,False,False,0.000000,0.200319
rand_n50_m50_d5_s456,C_large,TYPE_C,0,True,warm_start,0.644560,False,0.016691,True,True,0.000000,2.182075
rand_n50_m50_d5_s456,C_medium,TYPE_C,0,True,warm_start,0.313895,False,0.000997,False,False,0.000000,0.872830
rand_n50_m50_d5_s456,C_small,TYPE_C,0,True,warm_start,0.078531,False,0.000170,False,False,0.000000,0.210588
rand_n50_m50_d5_s456,R_all,TYPE_R,0.1,True,warm_start,,False,0.042800,True,True,5.194133,0.000000
rand_n50_m50_d5_s456,C_large,TYPE_C,0,True,warm_start,0.638931,False,0.027051,True,True,0.000000,2.105876
rand_n50_m50_d5_s456,C_medium,TYPE_C,0,True,warm_start,0.317421,False,0.001310,False,False,0.000000,0.801277
rand_n50_m50_d5_s456,RC_small,TYPE_RC,0.05,True,parametric_lp,,False,0.011533,True,True,2.181807,0.189826
rand_n50_m50_d5_s456,RC_small,TYPE_RC,0.05,True,parametric_lp,,False,0.005829,False,False,1.811232,0.238600
rand_n50_m50_d5_s456,RC_medium,TYPE_RC,0.2,True,parametric_lp,,False,0.018380,True,True,6.671653,0.845801
rand_n50_m50_d5_s456,RC_small,TYPE_RC,0.05,True,parametric_lp,,False,0.003860,False,False,1.667913,0.211450
rand_n50_m50_d5_s456,RC_medium,TYPE_RC,0.2,True,parametric_lp,,False,0.023731,True,True,7.244930,0.954402
rand_n50_m50_d5_s456,C_large,TYPE_C,0,True,warm_start,0.650245,False,0.006253,False,False,0.000000,2.003192
rand_n50_m50_d5_s456,RC_large,TYPE_RC,0.5,True,parametric_lp,,False,0.194166,True,True,21.818070,1.898258
rand_n50_m50_d5_s456,RC_medium,TYPE_RC,0.2,True,parametric_lp,,False,0.055559,True,True,8.727228,0.759303
rand_n50_m50_d5_s456,RC_large,TYPE_RC,0.5,True,parametric_lp,,False,0.058605,True,True,18.112324,2.386004
rand_n50_m50_d5_s456,RC_asym_bc,TYPE_RC,0.05,True,parametric_lp,,False,0.001824,False,False,2.181807,1.898258
rand_n50_m50_d5_s456,RC_large,TYPE_RC,0.5,True,parametric_lp,,False,0.086567,True,True,16.679133,2.114502
rand_n50_m50_d5_s456,RC_asym_bc,TYPE_RC,0.05,True,parametric_lp,,False,0.005510,False,False,1.667913,2.114502
rand_n50_m50_d5_s456,RC_asym_cb,TYPE_RC,0.5,True,parametric_lp,,False,0.209005,True,True,21.818070,0.189826
rand_n50_m50_d5_s789,R_small,TYPE_R,0.05,True,warm_start,,False,0.002020,False,False,2.304897,0.000000
rand_n50_m50_d5_s456,RC_asym_cb,TYPE_RC,0.5,True,parametric_lp,,False,0.085957,True,True,16.679133,0.211450
rand_n50_m50_d5_s456,RC_asym_cb,TYPE_RC,0.5,True,parametric_lp,,False,0.049574,True,True,18.112324,0.238600
rand_n50_m50_d5_s456,RC_asym_bc,TYPE_RC,0.05,True,parametric_lp,,False,0.010918,True,True,1.811232,2.386004
rand_n50_m50_d5_s789,R_small,TYPE_R,0.05,True,warm_start,,False,0.001583,False,False,2.558754,0.000000
rand_n50_m50_d5_s789,R_medium,TYPE_R,0.2,True,warm_start,,False,0.002496,False,False,9.219587,0.000000
rand_n50_m50_d5_s789,R_medium,TYPE_R,0.2,True,warm_start,,False,0.006531,False,False,10.235017,0.000000
rand_n50_m50_d5_s789,R_large,TYPE_R,0.5,True,warm_start,,False,0.029134,True,True,17.966476,0.000000
rand_n50_m50_d5_s789,R_medium,TYPE_R,0.2,True,warm_start,,False,0.010063,True,True,7.186590,0.000000
rand_n50_m50_d5_s789,R_small,TYPE_R,0.05,False,recompute,,True,0.002379,False,True,1.796648,0.000000
rand_n50_m50_d5_s789,R_large,TYPE_R,0.5,True,warm_start,,False,0.002857,False,False,23.048967,0.000000
rand_n50_m50_d5_s789,R_single,TYPE_R,0.2,False,recompute,,True,0.000000,False,True,0.137116,0.000000
rand_n50_m50_d5_s789,R_all,TYPE_R,0.1,True,warm_start,,False,0.034775,True,True,7.153707,0.000000
rand_n50_m50_d5_s789,R_large,TYPE_R,0.5,True,warm_start,,False,0.017191,True,True,25.587542,0.000000
rand_n50_m50_d5_s789,R_single,TYPE_R,0.2,False,recompute,,True,0.000000,False,True,6.787803,0.000000
rand_n50_m50_d5_s789,R_all,TYPE_R,0.1,True,warm_start,,False,0.034775,True,True,7.153707,0.000000
rand_n50_m50_d5_s789,R_single,TYPE_R,0.2,True,warm_start,,False,0.000613,False,False,5.899606,0.000000
rand_n50_m50_d5_s789,R_all,TYPE_R,0.1,True,warm_start,,False,0.034775,True,True,7.153707,0.000000
rand_n50_m50_d5_s789,C_small,TYPE_C,0,True,warm_start,0.087164,False,0.000099,False,False,0.000000,0.236383
rand_n50_m50_d5_s789,C_small,TYPE_C,0,True,warm_start,0.084900,False,0.000000,False,False,0.000000,0.170188
rand_n50_m50_d5_s789,C_medium,TYPE_C,0,True,warm_start,0.322999,False,0.001607,False,False,0.000000,0.945532
rand_n50_m50_d5_s789,C_large,TYPE_C,0,True,warm_start,0.654719,False,0.021715,True,True,0.000000,2.363830
rand_n50_m50_d5_s789,C_large,TYPE_C,0,True,warm_start,0.649053,False,0.006837,False,False,0.000000,1.803276
rand_n50_m50_d5_s789,C_small,TYPE_C,0,True,warm_start,0.086023,False,0.000000,False,False,0.000000,0.180328
rand_n50_m50_d5_s789,C_large,TYPE_C,0,True,warm_start,0.643443,False,0.009283,False,False,0.000000,1.701884
rand_n50_m50_d5_s789,C_medium,TYPE_C,0,True,warm_start,0.319484,False,0.000650,False,False,0.000000,0.721311
rand_n50_m50_d5_s789,C_medium,TYPE_C,0,True,warm_start,0.316019,False,0.001005,False,False,0.000000,0.680754
rand_n50_m50_d5_s789,RC_small,TYPE_RC,0.05,True,parametric_lp,,False,0.002467,False,False,2.304897,0.195606
rand_n50_m50_d5_s789,RC_small,TYPE_RC,0.05,True,parametric_lp,,False,0.001495,False,False,2.558754,0.191893
rand_n50_m50_d5_s789,RC_medium,TYPE_RC,0.2,True,parametric_lp,,False,0.004203,False,False,9.219587,0.782423
rand_n50_m50_d5_s789,RC_large,TYPE_RC,0.5,True,parametric_lp,,False,0.000966,False,False,23.048967,1.956056
rand_n50_m50_d5_s789,RC_medium,TYPE_RC,0.2,True,parametric_lp,,False,0.003964,False,False,7.186590,0.967335
rand_n50_m50_d5_s789,RC_large,TYPE_RC,0.5,True,parametric_lp,,False,0.007770,False,False,25.587542,1.918935
rand_n50_m50_d5_s789,RC_large,TYPE_RC,0.5,True,parametric_lp,,False,0.001603,False,False,17.966476,2.418337
rand_n50_m50_d5_s789,RC_small,TYPE_RC,0.05,True,parametric_lp,,False,0.001927,False,False,1.796648,0.241834
rand_n50_m50_d5_s789,RC_medium,TYPE_RC,0.2,True,parametric_lp,,False,0.003959,False,False,10.235017,0.767574
rand_n50_m50_d5_s789,RC_asym_bc,TYPE_RC,0.05,True,parametric_lp,,False,0.007807,False,False,2.558754,1.918935
rand_n50_m50_d5_s789,RC_asym_bc,TYPE_RC,0.05,True,parametric_lp,,False,0.008663,False,False,2.304897,1.956056
rand_n50_m50_d5_s789,RC_asym_cb,TYPE_RC,0.5,True,parametric_lp,,False,0.028283,True,True,17.966476,0.241834
rand_n50_m50_d5_s1024,R_small,TYPE_R,0.05,True,warm_start,,False,0.002924,False,False,3.607249,0.000000
rand_n50_m50_d5_s789,RC_asym_cb,TYPE_RC,0.5,True,parametric_lp,,False,0.003083,False,False,23.048967,0.195606
rand_n50_m50_d5_s1024,R_small,TYPE_R,0.05,False,recompute,,True,0.000904,False,True,2.056009,0.000000
rand_n50_m50_d5_s789,RC_asym_cb,TYPE_RC,0.5,True,parametric_lp,,False,0.016641,True,True,25.587542,0.191893
rand_n50_m50_d5_s1024,R_medium,TYPE_R,0.2,True,warm_start,,False,0.004802,False,False,8.224038,0.000000
rand_n50_m50_d5_s1024,R_medium,TYPE_R,0.2,True,warm_start,,False,0.010847,True,True,11.623585,0.000000
rand_n50_m50_d5_s1024,R_small,TYPE_R,0.05,True,warm_start,,False,0.002594,False,False,2.905896,0.000000
rand_n50_m50_d5_s1024,R_large,TYPE_R,0.5,True,warm_start,,False,0.003632,False,False,36.072488,0.000000
rand_n50_m50_d5_s789,RC_asym_bc,TYPE_RC,0.05,True,parametric_lp,,False,0.018271,True,True,1.796648,2.418337
rand_n50_m50_d5_s1024,R_medium,TYPE_R,0.2,True,warm_start,,False,0.010317,True,True,14.428995,0.000000
rand_n50_m50_d5_s1024,R_large,TYPE_R,0.5,True,warm_start,,False,0.033836,True,True,29.058962,0.000000
rand_n50_m50_d5_s1024,R_single,TYPE_R,0.2,False,recompute,,True,0.000000,False,True,1.783182,0.000000
rand_n50_m50_d5_s1024,R_single,TYPE_R,0.2,True,warm_start,,False,0.000659,False,False,3.520282,0.000000
rand_n50_m50_d5_s1024,R_all,TYPE_R,0.1,True,warm_start,,False,0.031894,True,True,7.953372,0.000000
rand_n50_m50_d5_s1024,R_all,TYPE_R,0.1,True,warm_start,,False,0.031894,True,True,7.953372,0.000000
rand_n50_m50_d5_s1024,R_all,TYPE_R,0.1,True,warm_start,,False,0.031894,True,True,7.953372,0.000000
rand_n50_m50_d5_s1024,C_small,TYPE_C,0,False,none,0.000000,True,0.000000,False,True,0.000000,0.190652
rand_n50_m50_d5_s1024,R_large,TYPE_R,0.5,True,warm_start,,False,0.021186,True,True,20.560094,0.000000
rand_n50_m50_d5_s1024,R_single,TYPE_R,0.2,False,recompute,,True,0.000000,False,True,3.842998,0.000000
rand_n50_m50_d5_s1024,C_small,TYPE_C,0,False,none,0.000000,True,0.000000,False,True,0.000000,0.178319
rand_n50_m50_d5_s1024,C_medium,TYPE_C,0,False,none,0.226716,True,0.000000,False,True,0.000000,0.713277
rand_n50_m50_d5_s1024,C_medium,TYPE_C,0,True,warm_start,0.234065,False,0.002532,False,False,0.000000,0.739164
rand_n50_m50_d5_s1024,C_large,TYPE_C,0,True,warm_start,0.571502,False,0.003005,False,False,0.000000,1.783191
rand_n50_m50_d5_s1024,C_large,TYPE_C,0,True,warm_start,0.577411,False,0.008594,False,False,0.000000,1.906518
rand_n50_m50_d5_s1024,C_small,TYPE_C,0,False,none,0.000000,True,0.000000,False,True,0.000000,0.184791
rand_n50_m50_d5_s1024,RC_small,TYPE_RC,0.05,True,parametric_lp,,False,0.002978,False,False,3.607249,0.237847
rand_n50_m50_d5_s1024,C_large,TYPE_C,0,True,warm_start,0.583377,False,0.012123,True,True,0.000000,1.847911
rand_n50_m50_d5_s1024,RC_small,TYPE_RC,0.05,False,recompute,,True,0.000948,False,True,2.056009,0.206917
rand_n50_m50_d5_s1024,C_medium,TYPE_C,0,True,warm_start,0.230364,False,0.001731,False,False,0.000000,0.762607
rand_n50_m50_d5_s1024,RC_medium,TYPE_RC,0.2,True,parametric_lp,,False,0.006875,False,False,14.428995,0.951388
rand_n50_m50_d5_s1024,RC_medium,TYPE_RC,0.2,True,parametric_lp,,False,0.004576,False,False,8.224038,0.827666
rand_n50_m50_d5_s1024,RC_large,TYPE_RC,0.5,True,parametric_lp,,False,0.004093,False,False,36.072488,2.378469
rand_n50_m50_d5_s1024,RC_small,TYPE_RC,0.05,True,parametric_lp,,False,0.002054,False,False,2.905896,0.225295
rand_n50_m50_d5_s1024,RC_large,TYPE_RC,0.5,True,parametric_lp,,False,0.013778,True,True,29.058962,2.252950
rand_n50_m50_d5_s1024,RC_large,TYPE_RC,0.5,True,parametric_lp,,False,0.007389,False,False,20.560094,2.069166
rand_n50_m50_d5_s1024,RC_asym_bc,TYPE_RC,0.05,True,parametric_lp,,False,0.006440,False,False,2.056009,2.069166
rand_n50_m50_d5_s1024,RC_asym_bc,TYPE_RC,0.05,True,parametric_lp,,False,0.006787,False,False,3.607249,2.378469
rand_n50_m50_d5_s1024,RC_medium,TYPE_RC,0.2,True,parametric_lp,,False,0.000297,False,False,11.623585,0.901180
rand_n50_m50_d5_s1024,RC_asym_cb,TYPE_RC,0.5,True,parametric_lp,,False,0.003881,False,False,36.072488,0.237847
rand_n50_m50_d5_s1024,RC_asym_cb,TYPE_RC,0.5,True,parametric_lp,,False,0.020439,True,True,20.560094,0.206917
rand_n50_m50_d8_s42,R_small,TYPE_R,0.05,False,recompute,,True,0.005974,False,True,2.220456,0.000000
rand_n50_m50_d5_s1024,RC_asym_bc,TYPE_RC,0.05,True,parametric_lp,,False,0.035789,True,True,2.905896,2.252950
rand_n50_m50_d8_s42,R_medium,TYPE_R,0.2,False,recompute,,True,0.024390,True,False,8.881822,0.000000
rand_n50_m50_d5_s1024,RC_asym_cb,TYPE_RC,0.5,True,parametric_lp,,False,0.030744,True,True,29.058962,0.225295
rand_n50_m50_d8_s42,R_small,TYPE_R,0.05,False,recompute,,True,0.006755,False,True,3.533730,0.000000
rand_n50_m50_d8_s42,R_small,TYPE_R,0.05,False,recompute,,True,0.007745,False,True,2.911243,0.000000
rand_n50_m50_d8_s42,R_medium,TYPE_R,0.2,True,warm_start,,False,0.028825,True,True,11.644973,0.000000
rand_n50_m50_d8_s42,R_large,TYPE_R,0.5,True,warm_start,,False,0.134259,True,True,35.337297,0.000000
rand_n50_m50_d8_s42,R_large,TYPE_R,0.5,True,warm_start,,False,0.063572,True,True,22.204556,0.000000
rand_n50_m50_d8_s42,R_medium,TYPE_R,0.2,True,warm_start,,False,0.033899,True,True,14.134919,0.000000
rand_n50_m50_d8_s42,R_single,TYPE_R,0.2,True,warm_start,,False,0.011477,True,True,10.455511,0.000000
rand_n50_m50_d8_s42,R_all,TYPE_R,0.1,True,warm_start,,False,0.044585,True,True,8.124480,0.000000
rand_n50_m50_d8_s42,C_small,TYPE_C,0,True,warm_start,0.059970,False,0.000000,False,False,0.000000,0.182632
rand_n50_m50_d8_s42,R_large,TYPE_R,0.5,True,warm_start,,False,0.060825,True,True,29.112432,0.000000
rand_n50_m50_d8_s42,R_single,TYPE_R,0.2,False,recompute,,True,0.000000,False,True,3.463170,0.000000
rand_n50_m50_d8_s42,C_small,TYPE_C,0,False,none,0.062264,True,0.000774,False,True,0.000000,0.212720
rand_n50_m50_d8_s42,R_single,TYPE_R,0.2,True,warm_start,,False,0.006575,False,False,8.011786,0.000000
rand_n50_m50_d8_s42,C_medium,TYPE_C,0,True,warm_start,0.294097,False,0.000000,False,False,0.000000,0.730526
rand_n50_m50_d8_s42,R_all,TYPE_R,0.1,True,warm_start,,False,0.044585,True,True,8.124480,0.000000
rand_n50_m50_d8_s42,R_all,TYPE_R,0.1,True,warm_start,,False,0.044585,True,True,8.124480,0.000000
rand_n50_m50_d8_s42,C_small,TYPE_C,0,True,warm_start,0.061107,False,0.000000,False,False,0.000000,0.200649
rand_n50_m50_d8_s42,C_medium,TYPE_C,0,True,warm_start,0.301168,False,0.007426,False,False,0.000000,0.850881
rand_n50_m50_d8_s42,C_large,TYPE_C,0,True,warm_start,0.625783,False,0.004968,False,False,0.000000,1.826316
rand_n50_m50_d8_s42,C_large,TYPE_C,0,True,warm_start,0.631467,False,0.000851,False,False,0.000000,2.006489
rand_n50_m50_d8_s42,C_large,TYPE_C,0,True,warm_start,0.637207,False,0.031651,True,True,0.000000,2.127203
rand_n50_m50_d8_s42,C_medium,TYPE_C,0,True,warm_start,0.297608,False,0.000000,False,False,0.000000,0.802596
rand_n50_m50_d8_s42,RC_small,TYPE_RC,0.05,True,parametric_lp,,False,0.006034,False,False,2.220456,0.195299
rand_n50_m50_d8_s42,RC_small,TYPE_RC,0.05,True,parametric_lp,,False,0.007866,False,False,2.911243,0.232789
rand_n50_m50_d8_s42,RC_medium,TYPE_RC,0.2,True,parametric_lp,,False,0.025404,True,True,8.881822,0.781196
rand_n50_m50_d8_s42,RC_medium,TYPE_RC,0.2,True,parametric_lp,,False,0.031185,True,True,11.644973,0.931156
rand_n50_m50_d8_s42,RC_large,TYPE_RC,0.5,True,parametric_lp,,False,0.069687,True,True,22.204556,1.952991
rand_n50_m50_d8_s42,RC_medium,TYPE_RC,0.2,True,parametric_lp,,False,0.033085,True,True,14.134919,0.803073
rand_n50_m50_d8_s42,RC_small,TYPE_RC,0.05,True,parametric_lp,,False,0.006607,False,False,3.533730,0.200768
rand_n50_m50_d8_s42,RC_asym_bc,TYPE_RC,0.05,True,parametric_lp,,False,0.002545,False,False,3.533730,2.007683
rand_n50_m50_d8_s42,RC_large,TYPE_RC,0.5,True,parametric_lp,,False,0.126171,True,True,35.337297,2.007683
rand_n50_m50_d8_s42,RC_large,TYPE_RC,0.5,True,parametric_lp,,False,0.090375,True,True,29.112432,2.327891
rand_n50_m50_d8_s42,RC_asym_bc,TYPE_RC,0.05,True,parametric_lp,,False,0.002993,False,False,2.220456,1.952991
rand_n50_m50_d8_s42,RC_asym_cb,TYPE_RC,0.5,True,parametric_lp,,False,0.134072,True,True,35.337297,0.200768
rand_n50_m50_d8_s123,R_small,TYPE_R,0.05,True,warm_start,,False,0.003769,False,False,3.966936,0.000000
rand_n50_m50_d8_s42,RC_asym_cb,TYPE_RC,0.5,True,parametric_lp,,False,0.061998,True,True,29.112432,0.232789
rand_n50_m50_d8_s42,RC_asym_bc,TYPE_RC,0.05,True,parametric_lp,,False,0.029257,True,True,2.911243,2.327891
rand_n50_m50_d8_s123,R_small,TYPE_R,0.05,True,warm_start,,False,0.003262,False,False,3.650850,0.000000
rand_n50_m50_d8_s42,RC_asym_cb,TYPE_RC,0.5,True,parametric_lp,,False,0.064373,True,True,22.204556,0.195299
rand_n50_m50_d8_s123,R_medium,TYPE_R,0.2,True,warm_start,,False,0.014436,True,True,14.603401,0.000000
rand_n50_m50_d8_s123,R_medium,TYPE_R,0.2,True,warm_start,,False,0.018429,True,True,15.867745,0.000000
rand_n50_m50_d8_s123,R_medium,TYPE_R,0.2,True,warm_start,,False,0.005116,False,False,14.899163,0.000000
rand_n50_m50_d8_s123,R_large,TYPE_R,0.5,True,warm_start,,False,0.048514,True,True,36.508504,0.000000
rand_n50_m50_d8_s123,R_small,TYPE_R,0.05,True,warm_start,,False,0.002585,False,False,3.724791,0.000000
rand_n50_m50_d8_s123,R_single,TYPE_R,0.2,True,warm_start,,False,0.000047,False,False,2.542678,0.000000
rand_n50_m50_d8_s123,R_large,TYPE_R,0.5,True,warm_start,,False,0.059832,True,True,39.669362,0.000000
rand_n50_m50_d8_s123,R_large,TYPE_R,0.5,True,warm_start,,False,0.017273,True,True,37.247907,0.000000
rand_n50_m50_d8_s123,R_all,TYPE_R,0.1,True,warm_start,,False,0.051509,True,True,11.487377,0.000000
rand_n50_m50_d8_s123,C_small,TYPE_C,0,False,none,0.000000,True,0.000001,False,True,0.000000,0.212233
rand_n50_m50_d8_s123,R_all,TYPE_R,0.1,True,warm_start,,False,0.051509,True,True,11.487377,0.000000
rand_n50_m50_d8_s123,R_single,TYPE_R,0.2,True,warm_start,,False,0.012045,True,True,15.420929,0.000000
rand_n50_m50_d8_s123,R_single,TYPE_R,0.2,True,warm_start,,False,0.008052,False,False,9.542713,0.000000
rand_n50_m50_d8_s123,C_medium,TYPE_C,0,True,warm_start,0.180860,False,0.002176,False,False,0.000000,0.878902
rand_n50_m50_d8_s123,C_small,TYPE_C,0,False,none,0.000000,True,0.000000,False,True,0.000000,0.219725
rand_n50_m50_d8_s123,C_small,TYPE_C,0,False,none,0.000000,True,0.000000,False,True,0.000000,0.157933
rand_n50_m50_d8_s123,R_all,TYPE_R,0.1,True,warm_start,,False,0.051509,True,True,11.487377,0.000000
rand_n50_m50_d8_s123,C_medium,TYPE_C,0,True,warm_start,0.177108,False,0.003295,False,False,0.000000,0.848933
rand_n50_m50_d8_s123,C_large,TYPE_C,0,True,warm_start,0.537615,False,0.016028,True,True,0.000000,2.197254
rand_n50_m50_d8_s123,C_medium,TYPE_C,0,True,warm_start,0.184664,False,0.000157,False,False,0.000000,0.631732
rand_n50_m50_d8_s123,C_large,TYPE_C,0,True,warm_start,0.531541,False,0.044097,True,True,0.000000,2.122333
rand_n50_m50_d8_s123,RC_small,TYPE_RC,0.05,True,parametric_lp,,False,0.002442,False,False,3.724791,0.190762
rand_n50_m50_d8_s123,RC_small,TYPE_RC,0.05,True,parametric_lp,,False,0.003053,False,False,3.650850,0.184818
rand_n50_m50_d8_s123,C_large,TYPE_C,0,True,warm_start,0.543748,False,0.004806,False,False,0.000000,1.579330
rand_n50_m50_d8_s123,RC_medium,TYPE_RC,0.2,True,parametric_lp,,False,0.012617,True,True,14.603401,0.739274
rand_n50_m50_d8_s123,RC_medium,TYPE_RC,0.2,True,parametric_lp,,False,0.018786,True,True,15.867745,0.788497
rand_n50_m50_d8_s123,RC_small,TYPE_RC,0.05,True,parametric_lp,,False,0.004071,False,False,3.966936,0.197124
rand_n50_m50_d8_s123,RC_asym_bc,TYPE_RC,0.05,True,parametric_lp,,False,0.007303,False,False,3.650850,1.848185
rand_n50_m50_d8_s123,RC_large,TYPE_RC,0.5,True,parametric_lp,,False,0.038718,True,True,39.669362,1.971243
rand_n50_m50_d8_s123,RC_large,TYPE_RC,0.5,True,parametric_lp,,False,0.036044,True,True,36.508504,1.848185
rand_n50_m50_d8_s123,RC_medium,TYPE_RC,0.2,True,parametric_lp,,False,0.005087,False,False,14.899163,0.763048
rand_n50_m50_d8_s123,RC_asym_cb,TYPE_RC,0.5,True,parametric_lp,,False,0.058762,True,True,39.669362,0.197124
rand_n50_m50_d8_s123,RC_asym_bc,TYPE_RC,0.05,True,parametric_lp,,False,0.011338,True,True,3.966936,1.971243
rand_n50_m50_d8_s123,RC_asym_bc,TYPE_RC,0.05,True,parametric_lp,,False,0.015581,True,True,3.724791,1.907620
rand_n50_m50_d8_s123,RC_asym_cb,TYPE_RC,0.5,True,parametric_lp,,False,0.048264,True,True,36.508504,0.184818
rand_n50_m50_d8_s123,RC_asym_cb,TYPE_RC,0.5,True,parametric_lp,,False,0.016407,True,True,37.247907,0.190762
rand_n50_m50_d8_s123,RC_large,TYPE_RC,0.5,True,parametric_lp,,False,0.002831,False,False,37.247907,1.907620
rand_n50_m50_d8_s456,R_small,TYPE_R,0.05,True,warm_start,,False,0.009284,False,False,3.533967,0.000000
rand_n50_m50_d8_s456,R_small,TYPE_R,0.05,True,warm_start,,False,0.005850,False,False,3.117630,0.000000
rand_n50_m50_d8_s456,R_small,TYPE_R,0.05,True,warm_start,,False,0.007938,False,False,3.547017,0.000000
rand_n50_m50_d8_s456,R_medium,TYPE_R,0.2,True,warm_start,,False,0.023824,True,True,12.470520,0.000000
rand_n50_m50_d8_s456,R_medium,TYPE_R,0.2,True,warm_start,,False,0.038743,True,True,14.135869,0.000000
rand_n50_m50_d8_s456,R_medium,TYPE_R,0.2,True,warm_start,,False,0.030943,True,True,14.188067,0.000000
rand_n50_m50_d8_s456,R_large,TYPE_R,0.5,True,warm_start,,False,0.107659,True,True,35.339673,0.000000
rand_n50_m50_d8_s456,R_single,TYPE_R,0.2,False,recompute,,True,0.000000,False,True,2.609548,0.000000
rand_n50_m50_d8_s456,R_single,TYPE_R,0.2,False,recompute,,True,0.000000,False,True,2.355947,0.000000
rand_n50_m50_d8_s456,R_all,TYPE_R,0.1,True,warm_start,,False,0.050807,True,True,9.683124,0.000000
rand_n50_m50_d8_s456,R_large,TYPE_R,0.5,True,warm_start,,False,0.074886,True,True,31.176300,0.000000
rand_n50_m50_d8_s456,R_single,TYPE_R,0.2,False,recompute,,True,0.000000,False,True,0.764284,0.000000
rand_n50_m50_d8_s456,R_large,TYPE_R,0.5,True,warm_start,,False,0.071331,True,True,35.470168,0.000000
rand_n50_m50_d8_s456,R_all,TYPE_R,0.1,True,warm_start,,False,0.050807,True,True,9.683124,0.000000
rand_n50_m50_d8_s456,C_small,TYPE_C,0,True,warm_start,0.088600,False,0.001112,False,False,0.000000,0.210588
rand_n50_m50_d8_s456,C_medium,TYPE_C,0,True,warm_start,0.319272,False,0.008313,False,False,0.000000,0.842350
rand_n50_m50_d8_s456,R_all,TYPE_R,0.1,True,warm_start,,False,0.050807,True,True,9.683124,0.000000
rand_n50_m50_d8_s456,C_small,TYPE_C,0,True,warm_start,0.090860,False,0.000280,False,False,0.000000,0.200319
rand_n50_m50_d8_s456,C_medium,TYPE_C,0,True,warm_start,0.322731,False,0.002785,False,False,0.000000,0.872830
rand_n50_m50_d8_s456,C_medium,TYPE_C,0,True,warm_start,0.326239,False,0.003126,False,False,0.000000,0.801277
rand_n50_m50_d8_s456,C_large,TYPE_C,0,True,warm_start,0.657318,False,0.018695,True,True,0.000000,2.003192
rand_n50_m50_d8_s456,C_large,TYPE_C,0,True,warm_start,0.646063,False,0.039118,True,True,0.000000,2.105876
rand_n50_m50_d8_s456,C_small,TYPE_C,0,True,warm_start,0.089721,False,0.000229,False,False,0.000000,0.218207
rand_n50_m50_d8_s456,RC_small,TYPE_RC,0.05,True,parametric_lp,,False,0.009090,False,False,3.547017,0.238600
rand_n50_m50_d8_s456,RC_medium,TYPE_RC,0.2,True,parametric_lp,,False,0.037052,True,True,14.188067,0.954402
rand_n50_m50_d8_s456,C_large,TYPE_C,0,True,warm_start,0.651663,False,0.016772,True,True,0.000000,2.182075
rand_n50_m50_d8_s456,RC_medium,TYPE_RC,0.2,True,parametric_lp,,False,0.020372,True,True,12.470520,0.845801
rand_n50_m50_d8_s456,RC_small,TYPE_RC,0.05,True,parametric_lp,,False,0.005217,False,False,3.117630,0.211450
rand_n50_m50_d8_s456,RC_small,TYPE_RC,0.05,True,parametric_lp,,False,0.009284,False,False,3.533967,0.189826
rand_n50_m50_d8_s456,RC_medium,TYPE_RC,0.2,True,parametric_lp,,False,0.038040,True,True,14.135869,0.759303
rand_n50_m50_d8_s456,RC_large,TYPE_RC,0.5,True,parametric_lp,,False,0.103607,True,True,35.470168,2.386004
rand_n50_m50_d8_s456,RC_large,TYPE_RC,0.5,True,parametric_lp,,False,0.090229,True,True,35.339673,1.898258
rand_n50_m50_d8_s456,RC_large,TYPE_RC,0.5,True,parametric_lp,,False,0.051071,True,True,31.176300,2.114502
rand_n50_m50_d8_s456,RC_asym_bc,TYPE_RC,0.05,True,parametric_lp,,False,0.040084,True,True,3.547017,2.386004
rand_n50_m50_d8_s456,RC_asym_cb,TYPE_RC,0.5,True,parametric_lp,,False,0.106705,True,True,35.339673,0.189826
rand_n50_m50_d8_s456,RC_asym_cb,TYPE_RC,0.5,True,parametric_lp,,False,0.074755,True,True,31.176300,0.211450
rand_n50_m50_d8_s456,RC_asym_bc,TYPE_RC,0.05,True,parametric_lp,,False,0.016181,True,True,3.117630,2.114502
rand_n50_m50_d8_s456,RC_asym_bc,TYPE_RC,0.05,True,parametric_lp,,False,0.003069,False,False,3.533967,1.898258
rand_n50_m50_d8_s789,R_small,TYPE_R,0.05,True,warm_start,,False,0.003970,False,False,3.626397,0.000000
rand_n50_m50_d8_s789,R_small,TYPE_R,0.05,True,warm_start,,False,0.002482,False,False,2.546301,0.000000
rand_n50_m50_d8_s789,R_medium,TYPE_R,0.2,True,warm_start,,False,0.011573,True,True,10.185204,0.000000
rand_n50_m50_d8_s456,RC_asym_cb,TYPE_RC,0.5,True,parametric_lp,,False,0.072880,True,True,35.470168,0.238600
rand_n50_m50_d8_s789,R_medium,TYPE_R,0.2,True,warm_start,,False,0.016498,True,True,14.505589,0.000000
rand_n50_m50_d8_s789,R_large,TYPE_R,0.5,True,warm_start,,False,0.044488,True,True,36.263974,0.000000
rand_n50_m50_d8_s789,R_large,TYPE_R,0.5,True,warm_start,,False,0.036030,True,True,25.463009,0.000000
rand_n50_m50_d8_s789,R_medium,TYPE_R,0.2,True,warm_start,,False,0.004070,False,False,10.448203,0.000000
rand_n50_m50_d8_s789,R_large,TYPE_R,0.5,True,warm_start,,False,0.014815,True,True,26.120507,0.000000
rand_n50_m50_d8_s789,R_small,TYPE_R,0.05,True,warm_start,,False,0.000108,False,False,2.612051,0.000000
rand_n50_m50_d8_s789,R_single,TYPE_R,0.2,True,warm_start,,False,0.010783,True,True,9.344352,0.000000
rand_n50_m50_d8_s789,R_single,TYPE_R,0.2,True,warm_start,,False,0.005758,False,False,9.553462,0.000000
rand_n50_m50_d8_s789,R_single,TYPE_R,0.2,False,recompute,,True,0.000089,False,True,1.583753,0.000000
rand_n50_m50_d8_s789,R_all,TYPE_R,0.1,True,warm_start,,False,0.039297,True,True,8.890515,0.000000
rand_n50_m50_d8_s789,C_small,TYPE_C,0,True,warm_start,0.078209,False,0.000240,False,False,0.000000,0.170188
rand_n50_m50_d8_s789,C_small,TYPE_C,0,True,warm_start,0.080481,False,0.000324,False,False,0.000000,0.236383
rand_n50_m50_d8_s789,R_all,TYPE_R,0.1,True,warm_start,,False,0.039297,True,True,8.890515,0.000000
rand_n50_m50_d8_s789,C_small,TYPE_C,0,True,warm_start,0.079336,False,0.000184,False,False,0.000000,0.180328
rand_n50_m50_d8_s789,R_all,TYPE_R,0.1,True,warm_start,,False,0.039297,True,True,8.890515,0.000000
rand_n50_m50_d8_s789,C_medium,TYPE_C,0,True,warm_start,0.310135,False,0.001206,False,False,0.000000,0.680754
rand_n50_m50_d8_s789,C_medium,TYPE_C,0,True,warm_start,0.313613,False,0.000865,False,False,0.000000,0.721311
rand_n50_m50_d8_s789,C_large,TYPE_C,0,True,warm_start,0.650019,False,0.017768,True,True,0.000000,2.363830
rand_n50_m50_d8_s789,C_large,TYPE_C,0,True,warm_start,0.644333,False,0.003912,False,False,0.000000,1.803276
rand_n50_m50_d8_s789,RC_small,TYPE_RC,0.05,True,parametric_lp,,False,0.000507,False,False,2.612051,0.195606
rand_n50_m50_d8_s789,RC_medium,TYPE_RC,0.2,True,parametric_lp,,False,0.014610,True,True,14.505589,0.767574
rand_n50_m50_d8_s789,C_large,TYPE_C,0,True,warm_start,0.638703,False,0.007728,False,False,0.000000,1.701884
rand_n50_m50_d8_s789,RC_small,TYPE_RC,0.05,True,parametric_lp,,False,0.003765,False,False,3.626397,0.191893
rand_n50_m50_d8_s789,RC_medium,TYPE_RC,0.2,True,parametric_lp,,False,0.003321,False,False,10.448203,0.782423
rand_n50_m50_d8_s789,C_medium,TYPE_C,0,True,warm_start,0.317139,False,0.004613,False,False,0.000000,0.945532
rand_n50_m50_d8_s789,RC_small,TYPE_RC,0.05,True,parametric_lp,,False,0.002478,False,False,2.546301,0.241834
rand_n50_m50_d8_s789,RC_medium,TYPE_RC,0.2,True,parametric_lp,,False,0.011800,True,True,10.185204,0.967335
rand_n50_m50_d8_s789,RC_large,TYPE_RC,0.5,True,parametric_lp,,False,0.000449,False,False,26.120507,1.956056
rand_n50_m50_d8_s789,RC_large,TYPE_RC,0.5,True,parametric_lp,,False,0.032975,True,True,36.263974,1.918935
rand_n50_m50_d8_s789,RC_large,TYPE_RC,0.5,True,parametric_lp,,False,0.005474,False,False,25.463009,2.418337
rand_n50_m50_d8_s789,RC_asym_bc,TYPE_RC,0.05,True,parametric_lp,,False,0.026054,True,True,2.546301,2.418337
rand_n50_m50_d8_s1024,R_small,TYPE_R,0.05,True,warm_start,,False,0.000450,False,False,3.763854,0.000000
rand_n50_m50_d8_s789,RC_asym_bc,TYPE_RC,0.05,True,parametric_lp,,False,0.018634,True,True,2.612051,1.956056
rand_n50_m50_d8_s1024,R_small,TYPE_R,0.05,True,warm_start,,False,0.001134,False,False,2.646707,0.000000
rand_n50_m50_d8_s789,RC_asym_cb,TYPE_RC,0.5,True,parametric_lp,,False,0.035447,True,True,25.463009,0.241834
rand_n50_m50_d8_s1024,R_small,TYPE_R,0.05,True,warm_start,,False,0.005083,False,False,3.907852,0.000000
rand_n50_m50_d8_s789,RC_asym_cb,TYPE_RC,0.5,True,parametric_lp,,False,0.043808,True,True,36.263974,0.191893
rand_n50_m50_d8_s789,RC_asym_cb,TYPE_RC,0.5,True,parametric_lp,,False,0.014743,True,True,26.120507,0.195606
rand_n50_m50_d8_s789,RC_asym_bc,TYPE_RC,0.05,True,parametric_lp,,False,0.006563,False,False,3.626397,1.918935
rand_n50_m50_d8_s1024,R_medium,TYPE_R,0.2,True,warm_start,,False,0.001532,False,False,15.055418,0.000000
rand_n50_m50_d8_s1024,R_medium,TYPE_R,0.2,True,warm_start,,False,0.004104,False,False,10.586828,0.000000
rand_n50_m50_d8_s1024,R_large,TYPE_R,0.5,True,warm_start,,False,0.000232,False,False,37.638544,0.000000
rand_n50_m50_d8_s1024,R_single,TYPE_R,0.2,False,recompute,,True,0.000000,False,True,9.379719,0.000000
rand_n50_m50_d8_s1024,R_medium,TYPE_R,0.2,True,warm_start,,False,0.022930,True,True,15.631410,0.000000
rand_n50_m50_d8_s1024,R_all,TYPE_R,0.1,True,warm_start,,False,0.036408,True,True,12.254357,0.000000
rand_n50_m50_d8_s1024,R_single,TYPE_R,0.2,True,warm_start,,False,0.001218,False,False,1.438800,0.000000
rand_n50_m50_d8_s1024,R_single,TYPE_R,0.2,False,recompute,,True,0.000000,False,True,1.211106,0.000000
rand_n50_m50_d8_s1024,R_large,TYPE_R,0.5,True,warm_start,,False,0.007990,False,False,26.467071,0.000000
rand_n50_m50_d8_s1024,R_all,TYPE_R,0.1,True,warm_start,,False,0.036408,True,True,12.254357,0.000000
rand_n50_m50_d8_s1024,R_large,TYPE_R,0.5,True,warm_start,,False,0.063064,True,True,39.078525,0.000000
rand_n50_m50_d8_s1024,C_small,TYPE_C,0,False,none,0.043958,False,0.000023,False,True,0.000000,0.178319
rand_n50_m50_d8_s1024,C_medium,TYPE_C,0,True,warm_start,0.280019,False,0.001452,False,False,0.000000,0.713277
rand_n50_m50_d8_s1024,C_small,TYPE_C,0,False,none,0.045105,True,0.000011,False,True,0.000000,0.190652
rand_n50_m50_d8_s1024,C_medium,TYPE_C,0,True,warm_start,0.283557,False,0.000377,False,False,0.000000,0.762607
rand_n50_m50_d8_s1024,C_large,TYPE_C,0,True,warm_start,0.614441,False,0.010520,True,True,0.000000,1.783191
rand_n50_m50_d8_s1024,C_large,TYPE_C,0,True,warm_start,0.620172,False,0.012867,True,True,0.000000,1.906518
rand_n50_m50_d8_s1024,R_all,TYPE_R,0.1,True,warm_start,,False,0.036408,True,True,12.254357,0.000000
rand_n50_m50_d8_s1024,RC_small,TYPE_RC,0.05,True,parametric_lp,,False,0.005024,False,False,3.907852,0.225295
rand_n50_m50_d8_s1024,C_medium,TYPE_C,0,True,warm_start,0.287147,False,0.001411,False,False,0.000000,0.739164
rand_n50_m50_d8_s1024,C_large,TYPE_C,0,True,warm_start,0.625959,False,0.017065,True,True,0.000000,1.847911
rand_n50_m50_d8_s1024,RC_small,TYPE_RC,0.05,True,parametric_lp,,False,0.001101,False,False,2.646707,0.206917
rand_n50_m50_d8_s1024,RC_small,TYPE_RC,0.05,True,parametric_lp,,False,0.001061,False,False,3.763854,0.237847
rand_n50_m50_d8_s1024,RC_medium,TYPE_RC,0.2,True,parametric_lp,,False,0.011138,True,True,15.055418,0.951388
rand_n50_m50_d8_s1024,C_small,TYPE_C,0,False,none,0.046271,False,0.000000,False,True,0.000000,0.184791
rand_n50_m50_d8_s1024,RC_medium,TYPE_RC,0.2,True,parametric_lp,,False,0.004592,False,False,10.586828,0.827666
rand_n50_m50_d8_s1024,RC_medium,TYPE_RC,0.2,True,parametric_lp,,False,0.020407,True,True,15.631410,0.901180
rand_n50_m50_d8_s1024,RC_large,TYPE_RC,0.5,True,parametric_lp,,False,0.016129,True,True,26.467071,2.069166
rand_n50_m50_d8_s1024,RC_asym_bc,TYPE_RC,0.05,True,parametric_lp,,False,0.046301,True,True,3.763854,2.378469
rand_n50_m50_d8_s1024,RC_large,TYPE_RC,0.5,True,parametric_lp,,False,0.042343,True,True,39.078525,2.252950
rand_n50_m50_d8_s1024,RC_asym_cb,TYPE_RC,0.5,True,parametric_lp,,False,0.002610,False,False,37.638544,0.237847
rand_n50_m50_d8_s1024,RC_large,TYPE_RC,0.5,True,parametric_lp,,False,0.051355,True,True,37.638544,2.378469
rand_n50_m50_d8_s1024,RC_asym_bc,TYPE_RC,0.05,True,parametric_lp,,False,0.005128,False,False,2.646707,2.069166
rand_n50_m50_d8_s1024,RC_asym_bc,TYPE_RC,0.05,True,parametric_lp,,False,0.012442,True,True,3.907852,2.252950
rand_n50_m50_d8_s1024,RC_asym_cb,TYPE_RC,0.5,True,parametric_lp,,False,0.062964,True,True,39.078525,0.225295
rand_n50_m50_d8_s1024,RC_asym_cb,TYPE_RC,0.5,True,parametric_lp,,False,0.008179,False,False,26.467071,0.206917
rand_n50_m100_d3_s42,R_small,TYPE_R,0.05,True,warm_start,,False,0.003261,False,False,2.094214,0.000000
rand_n50_m100_d3_s42,R_medium,TYPE_R,0.2,True,warm_start,,False,0.030962,True,True,7.223448,0.000000
rand_n50_m100_d3_s42,R_small,TYPE_R,0.05,True,warm_start,,False,0.005243,False,False,1.805862,0.000000
rand_n50_m100_d3_s42,R_small,TYPE_R,0.05,True,warm_start,,False,0.001162,False,False,1.815785,0.000000
rand_n50_m100_d3_s42,R_medium,TYPE_R,0.2,True,warm_start,,False,0.038570,True,True,8.376858,0.000000
rand_n50_m100_d3_s42,R_medium,TYPE_R,0.2,True,warm_start,,False,0.041252,True,True,7.263140,0.000000
rand_n50_m100_d3_s42,R_large,TYPE_R,0.5,True,warm_start,,False,0.347870,True,True,18.157851,0.000000
rand_n50_m100_d3_s42,R_large,TYPE_R,0.5,True,warm_start,,False,0.160339,True,True,18.058620,0.000000
rand_n50_m100_d3_s42,R_large,TYPE_R,0.5,True,warm_start,,False,0.240913,True,True,20.942145,0.000000
rand_n50_m100_d3_s42,R_all,TYPE_R,0.1,True,warm_start,,False,0.071391,True,True,4.427271,0.000000
rand_n50_m100_d3_s42,R_all,TYPE_R,0.1,True,warm_start,,False,0.071391,True,True,4.427271,0.000000
rand_n50_m100_d3_s42,R_all,TYPE_R,0.1,True,warm_start,,False,0.071391,True,True,4.427271,0.000000
rand_n50_m100_d3_s42,R_single,TYPE_R,0.2,False,recompute,,True,0.000000,False,True,0.595383,0.000000
rand_n50_m100_d3_s42,R_single,TYPE_R,0.2,True,warm_start,,False,0.001533,False,False,3.873903,0.000000
rand_n50_m100_d3_s42,R_single,TYPE_R,0.2,True,warm_start,,False,0.004713,False,False,3.829766,0.000000
rand_n50_m100_d3_s42,C_small,TYPE_C,0,False,none,0.039540,True,0.000000,False,True,0.000000,0.207434
rand_n50_m100_d3_s42,C_small,TYPE_C,0,False,none,0.038390,False,0.000002,False,True,0.000000,0.234802
rand_n50_m100_d3_s42,C_small,TYPE_C,0,False,none,0.040710,True,0.000000,False,True,0.000000,0.202859
rand_n50_m100_d3_s42,C_large,TYPE_C,0,True,warm_start,0.610497,False,0.008229,False,False,0.000000,2.348018
rand_n50_m100_d3_s42,C_medium,TYPE_C,0,True,warm_start,0.275122,False,0.001637,False,False,0.000000,0.939207
rand_n50_m100_d3_s42,C_large,TYPE_C,0,True,warm_start,0.616244,False,0.000012,False,False,0.000000,2.074336
rand_n50_m100_d3_s42,C_medium,TYPE_C,0,True,warm_start,0.278671,False,0.000000,False,False,0.000000,0.829734
rand_n50_m100_d3_s42,C_large,TYPE_C,0,True,warm_start,0.622048,False,0.004239,False,False,0.000000,2.028593
rand_n50_m100_d3_s42,C_medium,TYPE_C,0,True,warm_start,0.282271,False,0.000001,False,False,0.000000,0.811437
rand_n50_m100_d3_s42,RC_small,TYPE_RC,0.05,True,parametric_lp,,False,0.001084,False,False,1.815785,0.203658
rand_n50_m100_d3_s42,RC_small,TYPE_RC,0.05,True,parametric_lp,,False,0.004799,False,False,1.805862,0.220235
rand_n50_m100_d3_s42,RC_medium,TYPE_RC,0.2,True,parametric_lp,,False,0.040087,True,True,8.376858,0.844412
rand_n50_m100_d3_s42,RC_small,TYPE_RC,0.05,True,parametric_lp,,False,0.003536,False,False,2.094214,0.211103
rand_n50_m100_d3_s42,RC_medium,TYPE_RC,0.2,True,parametric_lp,,False,0.037477,True,True,7.263140,0.814630
rand_n50_m100_d3_s42,RC_large,TYPE_RC,0.5,True,parametric_lp,,False,0.231508,True,True,20.942145,2.111031
rand_n50_m100_d3_s42,RC_large,TYPE_RC,0.5,True,parametric_lp,,False,0.375815,True,True,18.157851,2.036576
rand_n50_m100_d3_s42,RC_medium,TYPE_RC,0.2,True,parametric_lp,,False,0.026426,True,True,7.223448,0.880939
rand_n50_m100_d3_s42,RC_large,TYPE_RC,0.5,True,parametric_lp,,False,0.124722,True,True,18.058620,2.202348
rand_n50_m100_d3_s42,RC_asym_bc,TYPE_RC,0.05,True,parametric_lp,,False,0.004024,False,False,1.815785,2.036576
rand_n50_m100_d3_s42,RC_asym_cb,TYPE_RC,0.5,True,parametric_lp,,False,0.351937,True,True,18.157851,0.203658
rand_n50_m100_d3_s42,RC_asym_cb,TYPE_RC,0.5,True,parametric_lp,,False,0.242027,True,True,20.942145,0.211103
rand_n50_m100_d3_s42,RC_asym_cb,TYPE_RC,0.5,True,parametric_lp,,False,0.157774,True,True,18.058620,0.220235
rand_n50_m100_d3_s42,RC_asym_bc,TYPE_RC,0.05,True,parametric_lp,,False,0.000152,False,False,1.805862,2.202348
rand_n50_m100_d3_s123,R_small,TYPE_R,0.05,True,warm_start,,False,0.004394,False,False,4.029469,0.000000
rand_n50_m100_d3_s123,R_small,TYPE_R,0.05,True,warm_start,,False,0.019515,True,True,2.472916,0.000000
rand_n50_m100_d3_s42,RC_asym_bc,TYPE_RC,0.05,True,parametric_lp,,False,0.003272,False,False,2.094214,2.111031
rand_n50_m100_d3_s123,R_small,TYPE_R,0.05,True,warm_start,,False,0.009181,False,False,1.775755,0.000000
rand_n50_m100_d3_s123,R_medium,TYPE_R,0.2,True,warm_start,,False,0.000324,False,False,16.117876,0.000000
rand_n50_m100_d3_s123,R_medium,TYPE_R,0.2,True,warm_start,,False,0.113519,True,True,9.891664,0.000000
rand_n50_m100_d3_s123,R_large,TYPE_R,0.5,True,warm_start,,False,0.403123,True,True,17.757552,0.000000
rand_n50_m100_d3_s123,R_large,TYPE_R,0.5,True,warm_start,,False,0.151129,True,True,40.294689,0.000000
rand_n50_m100_d3_s123,R_single,TYPE_R,0.2,True,warm_start,,False,0.006684,False,False,6.173618,0.000000
rand_n50_m100_d3_s123,R_medium,TYPE_R,0.2,True,warm_start,,False,0.052669,True,True,7.103021,0.000000
rand_n50_m100_d3_s123,R_single,TYPE_R,0.2,True,warm_start,,False,0.032997,True,True,9.926552,0.000000
rand_n50_m100_d3_s123,R_all,TYPE_R,0.1,True,warm_start,,False,0.089330,True,True,9.232549,0.000000
rand_n50_m100_d3_s123,R_all,TYPE_R,0.1,True,warm_start,,False,0.089330,True,True,9.232549,0.000000
rand_n50_m100_d3_s123,R_single,TYPE_R,0.2,False,recompute,,True,0.000000,False,True,1.814252,0.000000
rand_n50_m100_d3_s123,R_all,TYPE_R,0.1,True,warm_start,,False,0.089330,True,True,9.232549,0.000000
rand_n50_m100_d3_s123,C_small,TYPE_C,0,True,warm_start,0.091433,False,0.000016,False,False,0.000000,0.178800
rand_n50_m100_d3_s123,C_small,TYPE_C,0,True,warm_start,0.090294,False,0.000010,False,False,0.000000,0.232898
rand_n50_m100_d3_s123,C_medium,TYPE_C,0,True,warm_start,0.323234,False,0.000448,False,False,0.000000,0.931591
rand_n50_m100_d3_s123,C_medium,TYPE_C,0,True,warm_start,0.326741,False,0.000243,False,False,0.000000,0.715202
rand_n50_m100_d3_s123,C_medium,TYPE_C,0,True,warm_start,0.319776,False,0.001074,False,False,0.000000,0.768731
rand_n50_m100_d3_s123,C_small,TYPE_C,0,True,warm_start,0.089174,False,0.000023,False,False,0.000000,0.192183
rand_n50_m100_d3_s123,RC_small,TYPE_RC,0.05,True,parametric_lp,,False,0.009372,False,False,1.775755,0.216523
rand_n50_m100_d3_s123,C_large,TYPE_C,0,True,warm_start,0.652068,False,0.003648,False,False,0.000000,2.328978
rand_n50_m100_d3_s123,C_large,TYPE_C,0,True,warm_start,0.646470,False,0.004929,False,False,0.000000,1.921827
rand_n50_m100_d3_s123,RC_small,TYPE_RC,0.05,True,parametric_lp,,False,0.004941,False,False,4.029469,0.222724
rand_n50_m100_d3_s123,RC_medium,TYPE_RC,0.2,True,parametric_lp,,False,0.007044,False,False,16.117876,0.890895
rand_n50_m100_d3_s123,RC_medium,TYPE_RC,0.2,True,parametric_lp,,False,0.051007,True,True,7.103021,0.866093
rand_n50_m100_d3_s123,C_large,TYPE_C,0,True,warm_start,0.657721,False,0.012180,True,True,0.000000,1.788005
rand_n50_m100_d3_s123,RC_small,TYPE_RC,0.05,True,parametric_lp,,False,0.019425,True,True,2.472916,0.217334
rand_n50_m100_d3_s123,RC_medium,TYPE_RC,0.2,True,parametric_lp,,False,0.112414,True,True,9.891664,0.869335
rand_n50_m100_d3_s123,RC_asym_cb,TYPE_RC,0.5,True,parametric_lp,,False,0.148839,True,True,40.294689,0.222724
rand_n50_m100_d3_s123,RC_asym_bc,TYPE_RC,0.05,True,parametric_lp,,False,0.007997,False,False,1.775755,2.165232
rand_n50_m100_d3_s123,RC_large,TYPE_RC,0.5,True,parametric_lp,,False,0.109208,True,True,40.294689,2.227238
rand_n50_m100_d3_s123,RC_large,TYPE_RC,0.5,True,parametric_lp,,False,0.396134,True,True,17.757552,2.165232
rand_n50_m100_d3_s123,RC_asym_bc,TYPE_RC,0.05,True,parametric_lp,,False,0.022855,True,True,4.029469,2.227238
rand_n50_m100_d3_s123,RC_asym_bc,TYPE_RC,0.05,True,parametric_lp,,False,0.004649,False,False,2.472916,2.173338
rand_n50_m100_d3_s123,RC_asym_cb,TYPE_RC,0.5,True,parametric_lp,,False,0.403020,True,True,17.757552,0.216523
rand_n50_m100_d3_s456,R_small,TYPE_R,0.05,True,warm_start,,False,0.004537,False,False,2.252707,0.000000
rand_n50_m100_d3_s456,R_medium,TYPE_R,0.2,True,warm_start,,False,0.004185,False,False,7.916502,0.000000
rand_n50_m100_d3_s456,R_large,TYPE_R,0.5,True,warm_start,,False,0.085402,True,True,22.527071,0.000000
rand_n50_m100_d3_s456,R_medium,TYPE_R,0.2,True,warm_start,,False,0.019637,True,True,9.010828,0.000000
rand_n50_m100_d3_s456,R_medium,TYPE_R,0.2,True,warm_start,,False,0.027370,True,True,7.882426,0.000000
rand_n50_m100_d3_s456,R_small,TYPE_R,0.05,True,warm_start,,False,0.001311,False,False,1.979125,0.000000
rand_n50_m100_d3_s456,R_large,TYPE_R,0.5,True,warm_start,,False,0.100503,True,True,19.706064,0.000000
rand_n50_m100_d3_s456,R_small,TYPE_R,0.05,True,warm_start,,False,0.005368,False,False,1.970606,0.000000
rand_n50_m100_d3_s456,R_large,TYPE_R,0.5,True,warm_start,,False,0.001481,False,False,19.791254,0.000000
rand_n50_m100_d3_s456,R_single,TYPE_R,0.2,True,warm_start,,False,0.008901,False,False,5.679882,0.000000
rand_n50_m100_d3_s456,R_all,TYPE_R,0.1,True,warm_start,,False,0.053274,True,True,5.707396,0.000000
rand_n50_m100_d3_s456,R_all,TYPE_R,0.1,True,warm_start,,False,0.053274,True,True,5.707396,0.000000
rand_n50_m100_d3_s456,R_single,TYPE_R,0.2,False,recompute,,True,0.000000,False,True,1.660036,0.000000
rand_n50_m100_d3_s456,C_small,TYPE_C,0,True,warm_start,0.084559,False,0.000295,False,False,0.000000,0.194571
rand_n50_m100_d3_s456,R_single,TYPE_R,0.2,False,recompute,,True,0.000000,False,True,6.156215,0.000000
rand_n50_m100_d3_s456,C_small,TYPE_C,0,True,warm_start,0.083416,False,0.000058,False,False,0.000000,0.194583
rand_n50_m100_d3_s456,C_small,TYPE_C,0,True,warm_start,0.082292,False,0.000096,False,False,0.000000,0.205116
rand_n50_m100_d3_s456,R_all,TYPE_R,0.1,True,warm_start,,False,0.053274,True,True,5.707396,0.000000
rand_n50_m100_d3_s456,C_medium,TYPE_C,0,True,warm_start,0.317197,False,0.001506,False,False,0.000000,0.778331
rand_n50_m100_d3_s456,C_medium,TYPE_C,0,True,warm_start,0.320714,False,0.003506,False,False,0.000000,0.778285
rand_n50_m100_d3_s456,C_medium,TYPE_C,0,True,warm_start,0.313725,False,0.001867,False,False,0.000000,0.820465
rand_n50_m100_d3_s456,RC_small,TYPE_RC,0.05,True,parametric_lp,,False,0.004051,False,False,2.252707,0.195107
rand_n50_m100_d3_s456,C_large,TYPE_C,0,True,warm_start,0.647213,False,0.005659,False,False,0.000000,1.945827
rand_n50_m100_d3_s456,C_large,TYPE_C,0,True,warm_start,0.652887,False,0.011302,True,True,0.000000,1.945712
rand_n50_m100_d3_s456,C_large,TYPE_C,0,True,warm_start,0.641595,False,0.006702,False,False,0.000000,2.051164
rand_n50_m100_d3_s456,RC_small,TYPE_RC,0.05,True,parametric_lp,,False,0.005410,False,False,1.970606,0.184101
rand_n50_m100_d3_s456,RC_small,TYPE_RC,0.05,True,parametric_lp,,False,0.001274,False,False,1.979125,0.212997
rand_n50_m100_d3_s456,RC_large,TYPE_RC,0.5,True,parametric_lp,,False,0.063823,True,True,22.527071,1.951069
rand_n50_m100_d3_s456,RC_medium,TYPE_RC,0.2,True,parametric_lp,,False,0.025182,True,True,7.882426,0.736404
rand_n50_m100_d3_s456,RC_medium,TYPE_RC,0.2,True,parametric_lp,,False,0.011695,True,True,9.010828,0.780428
rand_n50_m100_d3_s456,RC_large,TYPE_RC,0.5,True,parametric_lp,,False,0.001838,False,False,19.791254,2.129969
rand_n50_m100_d3_s456,RC_medium,TYPE_RC,0.2,True,parametric_lp,,False,0.002264,False,False,7.916502,0.851988
rand_n50_m100_d3_s456,RC_asym_bc,TYPE_RC,0.05,True,parametric_lp,,False,0.016168,True,True,2.252707,1.951069
rand_n50_m100_d3_s456,RC_large,TYPE_RC,0.5,True,parametric_lp,,False,0.085158,True,True,19.706064,1.841009
rand_n50_m100_d3_s456,RC_asym_bc,TYPE_RC,0.05,True,parametric_lp,,False,0.005458,False,False,1.979125,2.129969
rand_n50_m100_d3_s456,RC_asym_cb,TYPE_RC,0.5,True,parametric_lp,,False,0.099260,True,True,19.706064,0.184101
rand_n50_m100_d3_s456,RC_asym_bc,TYPE_RC,0.05,True,parametric_lp,,False,0.006190,False,False,1.970606,1.841009
rand_n50_m100_d3_s789,R_small,TYPE_R,0.05,True,warm_start,,False,0.004398,False,False,2.891607,0.000000
rand_n50_m100_d3_s789,R_medium,TYPE_R,0.2,True,warm_start,,False,0.091957,True,True,7.624840,0.000000
rand_n50_m100_d3_s456,RC_asym_cb,TYPE_RC,0.5,True,parametric_lp,,False,0.001707,False,False,19.791254,0.212997
rand_n50_m100_d3_s789,R_small,TYPE_R,0.05,True,warm_start,,False,0.007475,False,False,2.344504,0.000000
rand_n50_m100_d3_s456,RC_asym_cb,TYPE_RC,0.5,True,parametric_lp,,False,0.083620,True,True,22.527071,0.195107
rand_n50_m100_d3_s789,R_medium,TYPE_R,0.2,True,warm_start,,False,0.021393,True,True,9.378015,0.000000
rand_n50_m100_d3_s789,R_small,TYPE_R,0.05,True,warm_start,,False,0.019592,True,True,1.906210,0.000000
rand_n50_m100_d3_s789,R_large,TYPE_R,0.5,True,warm_start,,False,0.034533,True,True,28.916073,0.000000
rand_n50_m100_d3_s789,R_all,TYPE_R,0.1,True,warm_start,,False,0.082163,True,True,8.265734,0.000000
rand_n50_m100_d3_s789,R_all,TYPE_R,0.1,True,warm_start,,False,0.082163,True,True,8.265734,0.000000
rand_n50_m100_d3_s789,R_large,TYPE_R,0.5,True,warm_start,,False,0.031781,True,True,23.445036,0.000000
rand_n50_m100_d3_s789,R_medium,TYPE_R,0.2,True,warm_start,,False,0.008976,False,False,11.566429,0.000000
rand_n50_m100_d3_s789,R_single,TYPE_R,0.2,True,warm_start,,False,0.001179,False,False,8.401634,0.000000
rand_n50_m100_d3_s789,R_single,TYPE_R,0.2,False,recompute,,True,0.000000,False,True,2.983584,0.000000
rand_n50_m100_d3_s789,R_single,TYPE_R,0.2,True,warm_start,,False,0.009974,False,False,6.306934,0.000000
rand_n50_m100_d3_s789,C_small,TYPE_C,0,True,warm_start,0.089172,False,0.000000,False,False,0.000000,0.235632
rand_n50_m100_d3_s789,R_all,TYPE_R,0.1,True,warm_start,,False,0.082163,True,True,8.265734,0.000000
rand_n50_m100_d3_s789,C_small,TYPE_C,0,True,warm_start,0.088051,False,0.000000,False,False,0.000000,0.214246
rand_n50_m100_d3_s789,C_medium,TYPE_C,0,True,warm_start,0.318788,False,0.001395,False,False,0.000000,0.856985
rand_n50_m100_d3_s789,C_small,TYPE_C,0,True,warm_start,0.090311,False,0.000081,False,False,0.000000,0.172591
rand_n50_m100_d3_s789,C_large,TYPE_C,0,True,warm_start,0.645674,False,0.004984,False,False,0.000000,2.142462
rand_n50_m100_d3_s789,C_medium,TYPE_C,0,True,warm_start,0.322249,False,0.000181,False,False,0.000000,0.942526
rand_n50_m100_d3_s789,C_medium,TYPE_C,0,True,warm_start,0.325757,False,0.001458,False,False,0.000000,0.690362
rand_n50_m100_d3_s789,C_large,TYPE_C,0,True,warm_start,0.651276,False,0.003788,False,False,0.000000,2.356315
rand_n50_m100_d3_s789,C_large,TYPE_C,0,True,warm_start,0.656932,False,0.015433,True,True,0.000000,1.725906
rand_n50_m100_d3_s789,RC_small,TYPE_RC,0.05,True,parametric_lp,,False,0.003716,False,False,2.891607,0.217785
rand_n50_m100_d3_s789,RC_medium,TYPE_RC,0.2,True,parametric_lp,,False,0.093528,True,True,7.624840,0.937569
rand_n50_m100_d3_s789,RC_small,TYPE_RC,0.05,True,parametric_lp,,False,0.019278,True,True,1.906210,0.234392
rand_n50_m100_d3_s789,RC_medium,TYPE_RC,0.2,True,parametric_lp,,False,0.020703,True,True,9.378015,0.876259
rand_n50_m100_d3_s789,RC_medium,TYPE_RC,0.2,True,parametric_lp,,False,0.007777,False,False,11.566429,0.871141
rand_n50_m100_d3_s789,RC_small,TYPE_RC,0.05,True,parametric_lp,,False,0.007440,False,False,2.344504,0.219065
rand_n50_m100_d3_s789,RC_large,TYPE_RC,0.5,True,parametric_lp,,False,0.029015,True,True,28.916073,2.177852
rand_n50_m100_d3_s789,RC_asym_bc,TYPE_RC,0.05,True,parametric_lp,,False,0.016663,True,True,2.344504,2.190647
rand_n50_m100_d3_s789,RC_large,TYPE_RC,0.5,True,parametric_lp,,False,0.050129,True,True,23.445036,2.190647
rand_n50_m100_d3_s789,RC_asym_bc,TYPE_RC,0.05,True,parametric_lp,,False,0.017269,True,True,2.891607,2.177852
rand_n50_m100_d3_s1024,R_small,TYPE_R,0.05,True,warm_start,,False,0.020844,True,True,2.562163,0.000000
rand_n50_m100_d3_s789,RC_asym_bc,TYPE_RC,0.05,True,parametric_lp,,False,0.008680,False,False,1.906210,2.343923
rand_n50_m100_d3_s789,RC_asym_cb,TYPE_RC,0.5,True,parametric_lp,,False,0.034569,True,True,23.445036,0.219065
rand_n50_m100_d3_s789,RC_asym_cb,TYPE_RC,0.5,True,parametric_lp,,False,0.034992,True,True,28.916073,0.217785
rand_n50_m100_d3_s1024,R_small,TYPE_R,0.05,True,warm_start,,False,0.003973,False,False,2.152666,0.000000
rand_n50_m100_d3_s1024,R_small,TYPE_R,0.05,True,warm_start,,False,0.002192,False,False,2.299339,0.000000
rand_n50_m100_d3_s1024,R_large,TYPE_R,0.5,True,warm_start,,False,0.069372,True,True,21.526663,0.000000
rand_n50_m100_d3_s1024,R_medium,TYPE_R,0.2,True,warm_start,,False,0.005827,False,False,8.610665,0.000000
rand_n50_m100_d3_s1024,R_medium,TYPE_R,0.2,True,warm_start,,False,0.002983,False,False,9.197356,0.000000
rand_n50_m100_d3_s1024,R_large,TYPE_R,0.5,True,warm_start,,False,0.028305,True,True,22.993390,0.000000
rand_n50_m100_d3_s1024,R_single,TYPE_R,0.2,False,recompute,,True,0.001879,False,True,0.495923,0.000000
rand_n50_m100_d3_s1024,R_medium,TYPE_R,0.2,True,warm_start,,False,0.101124,True,True,10.248650,0.000000
rand_n50_m100_d3_s1024,R_single,TYPE_R,0.2,False,recompute,,True,0.000000,False,True,3.158090,0.000000
rand_n50_m100_d3_s1024,R_all,TYPE_R,0.1,True,warm_start,,False,0.078398,True,True,7.707082,0.000000
rand_n50_m100_d3_s1024,R_single,TYPE_R,0.2,True,warm_start,,False,0.004062,False,False,8.954497,0.000000
rand_n50_m100_d3_s1024,C_small,TYPE_C,0,True,warm_start,0.087688,False,0.000766,False,False,0.000000,0.238703
rand_n50_m100_d3_s1024,R_all,TYPE_R,0.1,True,warm_start,,False,0.078398,True,True,7.707082,0.000000
rand_n50_m100_d3_s1024,R_all,TYPE_R,0.1,True,warm_start,,False,0.078398,True,True,7.707082,0.000000
rand_n50_m100_d3_s1024,C_small,TYPE_C,0,True,warm_start,0.088809,False,0.000359,False,False,0.000000,0.216718
rand_n50_m100_d3_s1024,C_medium,TYPE_C,0,True,warm_start,0.325433,False,0.004604,False,False,0.000000,0.721150
rand_n50_m100_d3_s1024,C_medium,TYPE_C,0,True,warm_start,0.321930,False,0.004627,False,False,0.000000,0.866870
rand_n50_m100_d3_s1024,C_medium,TYPE_C,0,True,warm_start,0.318469,False,0.005817,False,False,0.000000,0.954810
rand_n50_m100_d3_s1024,C_large,TYPE_C,0,True,warm_start,0.651019,False,0.018373,True,True,0.000000,2.167175
rand_n50_m100_d3_s1024,C_small,TYPE_C,0,True,warm_start,0.089955,False,0.000251,False,False,0.000000,0.180287
rand_n50_m100_d3_s1024,C_large,TYPE_C,0,True,warm_start,0.656676,False,0.017583,True,True,0.000000,1.802874
rand_n50_m100_d3_s1024,RC_small,TYPE_RC,0.05,True,parametric_lp,,False,0.020424,True,True,2.562163,0.198379
rand_n50_m100_d3_s1024,C_large,TYPE_C,0,True,warm_start,0.645417,False,0.025222,True,True,0.000000,2.387025
rand_n50_m100_d3_s1024,RC_medium,TYPE_RC,0.2,True,parametric_lp,,False,0.002424,False,False,9.197356,0.830077
rand_n50_m100_d3_s1024,RC_small,TYPE_RC,0.05,True,parametric_lp,,False,0.002363,False,False,2.299339,0.207519
rand_n50_m100_d3_s1024,RC_medium,TYPE_RC,0.2,True,parametric_lp,,False,0.095939,True,True,10.248650,0.793518
rand_n50_m100_d3_s1024,RC_small,TYPE_RC,0.05,True,parametric_lp,,False,0.003972,False,False,2.152666,0.195444
rand_n50_m100_d3_s1024,RC_medium,TYPE_RC,0.2,True,parametric_lp,,False,0.007960,False,False,8.610665,0.781775
rand_n50_m100_d3_s1024,RC_asym_bc,TYPE_RC,0.05,True,parametric_lp,,False,0.008938,False,False,2.562163,1.983795
rand_n50_m100_d3_s1024,RC_large,TYPE_RC,0.5,True,parametric_lp,,False,0.062567,True,True,21.526663,1.954437
rand_n50_m100_d3_s1024,RC_large,TYPE_RC,0.5,True,parametric_lp,,False,0.039945,True,True,22.993390,2.075192
rand_n50_m100_d3_s1024,RC_asym_bc,TYPE_RC,0.05,True,parametric_lp,,False,0.015695,True,True,2.299339,2.075192
rand_n50_m100_d3_s1024,RC_asym_bc,TYPE_RC,0.05,True,parametric_lp,,False,0.016905,True,True,2.152666,1.954437
rand_n50_m100_d3_s1024,RC_asym_cb,TYPE_RC,0.5,True,parametric_lp,,False,0.069632,True,True,21.526663,0.195444
rand_n50_m100_d3_s1024,RC_asym_cb,TYPE_RC,0.5,True,parametric_lp,,False,0.029998,True,True,22.993390,0.207519
rand_n50_m100_d5_s42,R_small,TYPE_R,0.05,False,recompute,,True,0.000367,False,True,2.954691,0.000000
rand_n50_m100_d5_s42,R_small,TYPE_R,0.05,True,warm_start,,False,0.016106,True,True,2.992419,0.000000
rand_n50_m100_d5_s42,R_medium,TYPE_R,0.2,True,warm_start,,False,0.089181,True,True,10.000985,0.000000
rand_n50_m100_d5_s42,R_medium,TYPE_R,0.2,True,warm_start,,False,0.013344,True,True,11.818764,0.000000
rand_n50_m100_d5_s42,R_medium,TYPE_R,0.2,True,warm_start,,False,0.080703,True,True,11.969677,0.000000
rand_n50_m100_d5_s42,R_small,TYPE_R,0.05,True,warm_start,,False,0.019424,True,True,2.500246,0.000000
rand_n50_m100_d5_s42,R_large,TYPE_R,0.5,True,warm_start,,False,0.264038,True,True,29.924192,0.000000
rand_n50_m100_d5_s42,R_single,TYPE_R,0.2,False,recompute,,True,0.000000,False,True,2.038987,0.000000
rand_n50_m100_d5_s42,R_large,TYPE_R,0.5,True,warm_start,,False,0.465807,True,True,25.002464,0.000000
rand_n50_m100_d5_s42,R_large,TYPE_R,0.5,True,warm_start,,False,0.241387,True,True,29.546911,0.000000
rand_n50_m100_d5_s42,R_all,TYPE_R,0.1,True,warm_start,,False,0.081013,True,True,7.336248,0.000000
rand_n50_m100_d5_s42,R_all,TYPE_R,0.1,True,warm_start,,False,0.081013,True,True,7.336248,0.000000
rand_n50_m100_d5_s42,R_single,TYPE_R,0.2,True,warm_start,,False,0.001110,False,False,7.450773,0.000000
rand_n50_m100_d5_s42,R_single,TYPE_R,0.2,True,warm_start,,False,0.003923,False,False,2.946186,0.000000
rand_n50_m100_d5_s42,C_small,TYPE_C,0,False,none,0.027794,True,0.000000,False,True,0.000000,0.234802
rand_n50_m100_d5_s42,C_small,TYPE_C,0,False,none,0.028950,True,0.000000,False,True,0.000000,0.207434
rand_n50_m100_d5_s42,C_small,TYPE_C,0,False,none,0.030125,True,0.000052,False,True,0.000000,0.202859
rand_n50_m100_d5_s42,C_medium,TYPE_C,0,True,warm_start,0.269372,False,0.000781,False,False,0.000000,0.829734
rand_n50_m100_d5_s42,R_all,TYPE_R,0.1,True,warm_start,,False,0.081013,True,True,7.336248,0.000000
rand_n50_m100_d5_s42,C_medium,TYPE_C,0,True,warm_start,0.272992,False,0.001010,False,False,0.000000,0.811437
rand_n50_m100_d5_s42,C_medium,TYPE_C,0,True,warm_start,0.265804,False,0.001038,False,False,0.000000,0.939207
rand_n50_m100_d5_s42,RC_small,TYPE_RC,0.05,True,parametric_lp,,False,0.000124,False,False,2.954691,0.203658
rand_n50_m100_d5_s42,C_large,TYPE_C,0,True,warm_start,0.608769,False,0.005248,False,False,0.000000,2.074336
rand_n50_m100_d5_s42,C_large,TYPE_C,0,True,warm_start,0.614604,False,0.006922,False,False,0.000000,2.028593
rand_n50_m100_d5_s42,C_large,TYPE_C,0,True,warm_start,0.602991,False,0.007114,False,False,0.000000,2.348018
rand_n50_m100_d5_s42,RC_small,TYPE_RC,0.05,True,parametric_lp,,False,0.016084,True,True,2.992419,0.220235
rand_n50_m100_d5_s42,RC_medium,TYPE_RC,0.2,True,parametric_lp,,False,0.085822,True,True,10.000985,0.844412
rand_n50_m100_d5_s42,RC_small,TYPE_RC,0.05,True,parametric_lp,,False,0.018991,True,True,2.500246,0.211103
rand_n50_m100_d5_s42,RC_medium,TYPE_RC,0.2,True,parametric_lp,,False,0.066560,True,True,11.969677,0.880939
rand_n50_m100_d5_s42,RC_medium,TYPE_RC,0.2,True,parametric_lp,,False,0.013577,True,True,11.818764,0.814630
rand_n50_m100_d5_s42,RC_large,TYPE_RC,0.5,True,parametric_lp,,False,0.189835,True,True,29.924192,2.202348
rand_n50_m100_d5_s42,RC_large,TYPE_RC,0.5,True,parametric_lp,,False,0.420126,True,True,25.002464,2.111031
rand_n50_m100_d5_s42,RC_asym_bc,TYPE_RC,0.05,True,parametric_lp,,False,0.007092,False,False,2.954691,2.036576
rand_n50_m100_d5_s42,RC_large,TYPE_RC,0.5,True,parametric_lp,,False,0.231842,True,True,29.546911,2.036576
rand_n50_m100_d5_s42,RC_asym_bc,TYPE_RC,0.05,True,parametric_lp,,False,0.003220,False,False,2.992419,2.202348
rand_n50_m100_d5_s123,R_small,TYPE_R,0.05,True,warm_start,,False,0.000054,False,False,3.804007,0.000000
rand_n50_m100_d5_s42,RC_asym_bc,TYPE_RC,0.05,True,parametric_lp,,False,0.010254,True,True,2.500246,2.111031
rand_n50_m100_d5_s42,RC_asym_cb,TYPE_RC,0.5,True,parametric_lp,,False,0.257470,True,True,29.924192,0.220235
rand_n50_m100_d5_s42,RC_asym_cb,TYPE_RC,0.5,True,parametric_lp,,False,0.240653,True,True,29.546911,0.203658
rand_n50_m100_d5_s42,RC_asym_cb,TYPE_RC,0.5,True,parametric_lp,,False,0.462074,True,True,25.002464,0.211103
rand_n50_m100_d5_s123,R_medium,TYPE_R,0.2,True,warm_start,,False,0.011476,True,True,10.815047,0.000000
rand_n50_m100_d5_s123,R_small,TYPE_R,0.05,True,warm_start,,False,0.020362,True,True,3.122812,0.000000
rand_n50_m100_d5_s123,R_small,TYPE_R,0.05,True,warm_start,,False,0.000404,False,False,2.703762,0.000000
rand_n50_m100_d5_s123,R_medium,TYPE_R,0.2,True,warm_start,,False,0.005282,False,False,15.216030,0.000000
rand_n50_m100_d5_s123,R_large,TYPE_R,0.5,True,warm_start,,False,0.146434,True,True,38.040075,0.000000
rand_n50_m100_d5_s123,R_single,TYPE_R,0.2,True,warm_start,,False,0.002355,False,False,6.202673,0.000000
rand_n50_m100_d5_s123,R_large,TYPE_R,0.5,True,warm_start,,False,0.178153,True,True,27.037618,0.000000
rand_n50_m100_d5_s123,R_medium,TYPE_R,0.2,True,warm_start,,False,0.118845,True,True,12.491249,0.000000
rand_n50_m100_d5_s123,R_all,TYPE_R,0.1,True,warm_start,,False,0.073034,True,True,8.715959,0.000000
rand_n50_m100_d5_s123,R_all,TYPE_R,0.1,True,warm_start,,False,0.073034,True,True,8.715959,0.000000
rand_n50_m100_d5_s123,R_single,TYPE_R,0.2,False,recompute,,True,0.000000,False,True,5.497218,0.000000
rand_n50_m100_d5_s123,R_single,TYPE_R,0.2,False,recompute,,True,0.000000,False,True,6.946089,0.000000
rand_n50_m100_d5_s123,C_small,TYPE_C,0,False,none,0.000000,True,0.000000,False,True,0.000000,0.192183
rand_n50_m100_d5_s123,C_medium,TYPE_C,0,True,warm_start,0.135443,False,0.000575,False,False,0.000000,0.768731
rand_n50_m100_d5_s123,C_small,TYPE_C,0,False,none,0.000000,True,0.000000,False,True,0.000000,0.178800
rand_n50_m100_d5_s123,C_small,TYPE_C,0,False,none,0.000000,True,0.000000,False,True,0.000000,0.232898
rand_n50_m100_d5_s123,R_all,TYPE_R,0.1,True,warm_start,,False,0.073034,True,True,8.715959,0.000000
rand_n50_m100_d5_s123,C_medium,TYPE_C,0,False,none,0.143171,True,0.001179,False,True,0.000000,0.715202
rand_n50_m100_d5_s123,C_large,TYPE_C,0,True,warm_start,0.504190,False,0.014972,True,True,0.000000,2.328978
rand_n50_m100_d5_s123,C_large,TYPE_C,0,True,warm_start,0.510463,False,0.008661,False,False,0.000000,1.788005
rand_n50_m100_d5_s123,C_large,TYPE_C,0,True,warm_start,0.497977,False,0.005202,False,False,0.000000,1.921827
rand_n50_m100_d5_s123,RC_small,TYPE_RC,0.05,True,parametric_lp,,False,0.000838,False,False,3.804007,0.222724
rand_n50_m100_d5_s123,RC_small,TYPE_RC,0.05,True,parametric_lp,,False,0.000586,False,False,2.703762,0.216523
rand_n50_m100_d5_s123,C_medium,TYPE_C,0,True,warm_start,0.139280,False,0.001706,False,False,0.000000,0.931591
rand_n50_m100_d5_s123,RC_small,TYPE_RC,0.05,True,parametric_lp,,False,0.019309,True,True,3.122812,0.217334
rand_n50_m100_d5_s123,RC_medium,TYPE_RC,0.2,True,parametric_lp,,False,0.009673,False,False,10.815047,0.866093
rand_n50_m100_d5_s123,RC_medium,TYPE_RC,0.2,True,parametric_lp,,False,0.007901,False,False,15.216030,0.890895
rand_n50_m100_d5_s123,RC_medium,TYPE_RC,0.2,True,parametric_lp,,False,0.103248,True,True,12.491249,0.869335
rand_n50_m100_d5_s123,RC_asym_bc,TYPE_RC,0.05,True,parametric_lp,,False,0.023206,True,True,3.804007,2.227238
rand_n50_m100_d5_s123,RC_large,TYPE_RC,0.5,True,parametric_lp,,False,0.107480,True,True,38.040075,2.227238
rand_n50_m100_d5_s123,RC_large,TYPE_RC,0.5,True,parametric_lp,,False,0.150111,True,True,27.037618,2.165232
rand_n50_m100_d5_s123,RC_asym_bc,TYPE_RC,0.05,True,parametric_lp,,False,0.007296,False,False,2.703762,2.165232
rand_n50_m100_d5_s123,RC_asym_cb,TYPE_RC,0.5,True,parametric_lp,,False,0.142980,True,True,38.040075,0.222724
rand_n50_m100_d5_s123,RC_asym_cb,TYPE_RC,0.5,True,parametric_lp,,False,0.176339,True,True,27.037618,0.216523
rand_n50_m100_d5_s123,RC_asym_bc,TYPE_RC,0.05,True,parametric_lp,,False,0.004695,False,False,3.122812,2.173338
rand_n50_m100_d5_s456,R_small,TYPE_R,0.05,True,warm_start,,False,0.003575,False,False,3.377488,0.000000
rand_n50_m100_d5_s456,R_medium,TYPE_R,0.2,True,warm_start,,False,0.019381,True,True,13.509953,0.000000
rand_n50_m100_d5_s456,R_small,TYPE_R,0.05,True,warm_start,,False,0.005347,False,False,2.427453,0.000000
rand_n50_m100_d5_s456,R_small,TYPE_R,0.05,True,warm_start,,False,0.003669,False,False,3.428546,0.000000
rand_n50_m100_d5_s456,R_medium,TYPE_R,0.2,True,warm_start,,False,0.019270,True,True,9.709812,0.000000
rand_n50_m100_d5_s456,R_medium,TYPE_R,0.2,True,warm_start,,False,0.034248,True,True,13.714182,0.000000
rand_n50_m100_d5_s456,R_large,TYPE_R,0.5,True,warm_start,,False,0.112781,True,True,33.774882,0.000000
rand_n50_m100_d5_s456,R_large,TYPE_R,0.5,True,warm_start,,False,0.030656,True,True,24.274531,0.000000
rand_n50_m100_d5_s456,R_single,TYPE_R,0.2,False,recompute,,True,0.000000,False,True,0.536870,0.000000
rand_n50_m100_d5_s456,R_single,TYPE_R,0.2,False,recompute,,True,0.000000,False,True,4.555496,0.000000
rand_n50_m100_d5_s456,R_single,TYPE_R,0.2,True,warm_start,,False,0.019837,True,True,8.641952,0.000000
rand_n50_m100_d5_s456,R_all,TYPE_R,0.1,True,warm_start,,False,0.066911,True,True,7.938638,0.000000
rand_n50_m100_d5_s456,R_all,TYPE_R,0.1,True,warm_start,,False,0.066911,True,True,7.938638,0.000000
rand_n50_m100_d5_s456,C_small,TYPE_C,0,True,warm_start,0.078839,False,0.000026,False,False,0.000000,0.194583
rand_n50_m100_d5_s456,C_small,TYPE_C,0,True,warm_start,0.079984,False,0.000105,False,False,0.000000,0.194571
rand_n50_m100_d5_s456,R_all,TYPE_R,0.1,True,warm_start,,False,0.066911,True,True,7.938638,0.000000
rand_n50_m100_d5_s456,C_large,TYPE_C,0,True,warm_start,0.638350,False,0.007427,False,False,0.000000,2.051164
rand_n50_m100_d5_s456,C_small,TYPE_C,0,True,warm_start,0.077712,False,0.000241,False,False,0.000000,0.205116
rand_n50_m100_d5_s456,C_medium,TYPE_C,0,True,warm_start,0.316704,False,0.001423,False,False,0.000000,0.778285
rand_n50_m100_d5_s456,C_medium,TYPE_C,0,True,warm_start,0.309697,False,0.001267,False,False,0.000000,0.820465
rand_n50_m100_d5_s456,C_medium,TYPE_C,0,True,warm_start,0.313177,False,0.000178,False,False,0.000000,0.778331
rand_n50_m100_d5_s456,C_large,TYPE_C,0,True,warm_start,0.649669,False,0.008849,False,False,0.000000,1.945712
rand_n50_m100_d5_s456,RC_small,TYPE_RC,0.05,True,parametric_lp,,False,0.004058,False,False,3.377488,0.195107
rand_n50_m100_d5_s456,RC_small,TYPE_RC,0.05,True,parametric_lp,,False,0.003799,False,False,3.428546,0.184101
rand_n50_m100_d5_s456,RC_medium,TYPE_RC,0.2,True,parametric_lp,,False,0.030669,True,True,13.509953,0.780428
rand_n50_m100_d5_s456,C_large,TYPE_C,0,True,warm_start,0.643982,False,0.001364,False,False,0.000000,1.945827
rand_n50_m100_d5_s456,RC_small,TYPE_RC,0.05,True,parametric_lp,,False,0.005824,False,False,2.427453,0.212997
rand_n50_m100_d5_s456,RC_medium,TYPE_RC,0.2,True,parametric_lp,,False,0.039972,True,True,13.714182,0.736404
rand_n50_m100_d5_s456,RC_medium,TYPE_RC,0.2,True,parametric_lp,,False,0.023290,True,True,9.709812,0.851988
rand_n50_m100_d5_s456,RC_large,TYPE_RC,0.5,True,parametric_lp,,False,0.180843,True,True,33.774882,1.951069
rand_n50_m100_d5_s456,RC_large,TYPE_RC,0.5,True,parametric_lp,,False,0.045159,True,True,24.274531,2.129969
rand_n50_m100_d5_s456,RC_asym_bc,TYPE_RC,0.05,True,parametric_lp,,False,0.000282,False,False,3.428546,1.841009
rand_n50_m100_d5_s456,RC_asym_bc,TYPE_RC,0.05,True,parametric_lp,,False,0.013046,True,True,2.427453,2.129969
rand_n50_m100_d5_s789,R_small,TYPE_R,0.05,True,warm_start,,False,0.002340,False,False,2.811317,0.000000
rand_n50_m100_d5_s456,RC_asym_cb,TYPE_RC,0.5,True,parametric_lp,,False,0.032088,True,True,24.274531,0.212997
rand_n50_m100_d5_s789,R_small,TYPE_R,0.05,True,warm_start,,False,0.003782,False,False,3.325734,0.000000
rand_n50_m100_d5_s789,R_small,TYPE_R,0.05,True,warm_start,,False,0.002587,False,False,2.925354,0.000000
rand_n50_m100_d5_s456,RC_asym_bc,TYPE_RC,0.05,True,parametric_lp,,False,0.005219,False,False,3.377488,1.951069
rand_n50_m100_d5_s456,RC_asym_cb,TYPE_RC,0.5,True,parametric_lp,,False,0.120101,True,True,33.774882,0.195107
rand_n50_m100_d5_s789,R_medium,TYPE_R,0.2,True,warm_start,,False,0.035533,True,True,11.701415,0.000000
rand_n50_m100_d5_s789,R_medium,TYPE_R,0.2,True,warm_start,,False,0.053502,True,True,11.245269,0.000000
rand_n50_m100_d5_s789,R_large,TYPE_R,0.5,True,warm_start,,False,0.390469,True,True,28.113172,0.000000
rand_n50_m100_d5_s789,R_single,TYPE_R,0.2,True,warm_start,,False,0.024629,True,True,15.658629,0.000000
rand_n50_m100_d5_s789,R_large,TYPE_R,0.5,True,warm_start,,False,0.143111,True,True,29.253537,0.000000
rand_n50_m100_d5_s789,R_single,TYPE_R,0.2,True,warm_start,,False,0.002734,False,False,8.820021,0.000000
rand_n50_m100_d5_s789,R_medium,TYPE_R,0.2,True,warm_start,,False,0.031264,True,True,13.302936,0.000000
rand_n50_m100_d5_s789,R_single,TYPE_R,0.2,True,warm_start,,False,0.000999,False,False,7.650691,0.000000
rand_n50_m100_d5_s789,R_all,TYPE_R,0.1,True,warm_start,,False,0.070175,True,True,8.362199,0.000000
rand_n50_m100_d5_s789,R_all,TYPE_R,0.1,True,warm_start,,False,0.070175,True,True,8.362199,0.000000
rand_n50_m100_d5_s789,C_small,TYPE_C,0,True,warm_start,0.070004,False,0.000028,False,False,0.000000,0.214246
rand_n50_m100_d5_s789,R_all,TYPE_R,0.1,True,warm_start,,False,0.070175,True,True,8.362199,0.000000
rand_n50_m100_d5_s789,C_medium,TYPE_C,0,True,warm_start,0.302919,False,0.000308,False,False,0.000000,0.856985
rand_n50_m100_d5_s789,C_small,TYPE_C,0,True,warm_start,0.071135,False,0.000025,False,False,0.000000,0.235632
rand_n50_m100_d5_s789,C_small,TYPE_C,0,True,warm_start,0.072285,False,0.000014,False,False,0.000000,0.172591
rand_n50_m100_d5_s789,C_medium,TYPE_C,0,True,warm_start,0.306412,False,0.000901,False,False,0.000000,0.942526
rand_n50_m100_d5_s789,C_medium,TYPE_C,0,True,warm_start,0.309954,False,0.000180,False,False,0.000000,0.690362
rand_n50_m100_d5_s789,C_large,TYPE_C,0,True,warm_start,0.644255,False,0.001457,False,False,0.000000,1.725906
rand_n50_m100_d5_s789,C_large,TYPE_C,0,True,warm_start,0.632891,False,0.001040,False,False,0.000000,2.142462
rand_n50_m100_d5_s789,RC_small,TYPE_RC,0.05,True,parametric_lp,,False,0.004209,False,False,3.325734,0.219065
rand_n50_m100_d5_s789,C_large,TYPE_C,0,True,warm_start,0.638545,False,0.009070,False,False,0.000000,2.356315
rand_n50_m100_d5_s789,RC_small,TYPE_RC,0.05,True,parametric_lp,,False,0.002203,False,False,2.811317,0.234392
rand_n50_m100_d5_s789,RC_medium,TYPE_RC,0.2,True,parametric_lp,,False,0.038687,True,True,13.302936,0.876259
rand_n50_m100_d5_s789,RC_medium,TYPE_RC,0.2,True,parametric_lp,,False,0.045094,True,True,11.245269,0.937569
rand_n50_m100_d5_s789,RC_small,TYPE_RC,0.05,True,parametric_lp,,False,0.002681,False,False,2.925354,0.217785
rand_n50_m100_d5_s789,RC_large,TYPE_RC,0.5,True,parametric_lp,,False,0.362266,True,True,28.113172,2.343923
rand_n50_m100_d5_s789,RC_large,TYPE_RC,0.5,True,parametric_lp,,False,0.117373,True,True,29.253537,2.177852
rand_n50_m100_d5_s789,RC_asym_bc,TYPE_RC,0.05,True,parametric_lp,,False,0.009958,False,False,2.811317,2.343923
rand_n50_m100_d5_s789,RC_asym_bc,TYPE_RC,0.05,True,parametric_lp,,False,0.017145,True,True,2.925354,2.177852
rand_n50_m100_d5_s789,RC_medium,TYPE_RC,0.2,True,parametric_lp,,False,0.030947,True,True,11.701415,0.871141
rand_n50_m100_d5_s789,RC_asym_bc,TYPE_RC,0.05,True,parametric_lp,,False,0.007107,False,False,3.325734,2.190647
rand_n50_m100_d5_s789,RC_asym_cb,TYPE_RC,0.5,True,parametric_lp,,False,0.140692,True,True,29.253537,0.217785
rand_n50_m100_d5_s789,RC_asym_cb,TYPE_RC,0.5,True,parametric_lp,,False,0.387941,True,True,28.113172,0.234392
rand_n50_m100_d5_s1024,R_small,TYPE_R,0.05,True,warm_start,,False,0.015024,True,True,2.647477,0.000000
rand_n50_m100_d5_s1024,R_medium,TYPE_R,0.2,True,warm_start,,False,0.096461,True,True,10.589907,0.000000
rand_n50_m100_d5_s1024,R_small,TYPE_R,0.05,True,warm_start,,False,0.002882,False,False,2.233009,0.000000
rand_n50_m100_d5_s1024,R_small,TYPE_R,0.05,True,warm_start,,False,0.003665,False,False,3.492117,0.000000
rand_n50_m100_d5_s1024,R_medium,TYPE_R,0.2,True,warm_start,,False,0.017833,True,True,8.932038,0.000000
rand_n50_m100_d5_s1024,R_medium,TYPE_R,0.2,True,warm_start,,False,0.002976,False,False,13.968468,0.000000
rand_n50_m100_d5_s1024,R_single,TYPE_R,0.2,False,recompute,,True,0.000000,False,True,4.045087,0.000000
rand_n50_m100_d5_s1024,R_large,TYPE_R,0.5,True,warm_start,,False,0.117728,True,True,34.921170,0.000000
rand_n50_m100_d5_s1024,R_single,TYPE_R,0.2,True,warm_start,,False,0.012681,True,True,7.871946,0.000000
rand_n50_m100_d5_s1024,R_single,TYPE_R,0.2,False,recompute,,True,0.000000,False,True,1.453831,0.000000
rand_n50_m100_d5_s1024,R_all,TYPE_R,0.1,True,warm_start,,False,0.079542,True,True,10.950682,0.000000
rand_n50_m100_d5_s1024,R_large,TYPE_R,0.5,True,warm_start,,False,0.087340,True,True,22.330094,0.000000
rand_n50_m100_d5_s1024,R_all,TYPE_R,0.1,True,warm_start,,False,0.079542,True,True,10.950682,0.000000
rand_n50_m100_d5_s1024,C_small,TYPE_C,0,True,warm_start,0.084809,False,0.000346,False,False,0.000000,0.180287
rand_n50_m100_d5_s1024,C_small,TYPE_C,0,True,warm_start,0.082537,False,0.000031,False,False,0.000000,0.238703
rand_n50_m100_d5_s1024,R_all,TYPE_R,0.1,True,warm_start,,False,0.079542,True,True,10.950682,0.000000
rand_n50_m100_d5_s1024,C_small,TYPE_C,0,True,warm_start,0.083660,False,0.000118,False,False,0.000000,0.216718
rand_n50_m100_d5_s1024,C_medium,TYPE_C,0,True,warm_start,0.313940,False,0.000848,False,False,0.000000,0.954810
rand_n50_m100_d5_s1024,C_medium,TYPE_C,0,True,warm_start,0.317410,False,0.001051,False,False,0.000000,0.866870
rand_n50_m100_d5_s1024,C_large,TYPE_C,0,True,warm_start,0.641768,False,0.010042,True,True,0.000000,2.387025
rand_n50_m100_d5_s1024,C_large,TYPE_C,0,True,warm_start,0.653057,False,0.004491,False,False,0.000000,1.802874
rand_n50_m100_d5_s1024,C_medium,TYPE_C,0,True,warm_start,0.320922,False,0.001553,False,False,0.000000,0.721150
rand_n50_m100_d5_s1024,RC_small,TYPE_RC,0.05,True,parametric_lp,,False,0.002553,False,False,2.233009,0.207519
rand_n50_m100_d5_s1024,RC_small,TYPE_RC,0.05,True,parametric_lp,,False,0.004357,False,False,3.492117,0.195444
rand_n50_m100_d5_s1024,RC_small,TYPE_RC,0.05,True,parametric_lp,,False,0.015507,True,True,2.647477,0.198379
rand_n50_m100_d5_s1024,C_large,TYPE_C,0,True,warm_start,0.647385,False,0.005147,False,False,0.000000,2.167175
rand_n50_m100_d5_s1024,RC_medium,TYPE_RC,0.2,True,parametric_lp,,False,0.002504,False,False,13.968468,0.781775
rand_n50_m100_d5_s1024,RC_medium,TYPE_RC,0.2,True,parametric_lp,,False,0.100175,True,True,10.589907,0.793518
rand_n50_m100_d5_s1024,RC_medium,TYPE_RC,0.2,True,parametric_lp,,False,0.015299,True,True,8.932038,0.830077
rand_n50_m100_d5_s1024,RC_large,TYPE_RC,0.5,True,parametric_lp,,False,0.102145,True,True,22.330094,2.075192
rand_n50_m100_d5_s1024,RC_large,TYPE_RC,0.5,True,parametric_lp,,False,0.102756,True,True,34.921170,1.954437
rand_n50_m100_d5_s1024,RC_asym_bc,TYPE_RC,0.05,True,parametric_lp,,False,0.018363,True,True,2.647477,1.983795
rand_n50_m100_d5_s1024,RC_asym_cb,TYPE_RC,0.5,True,parametric_lp,,False,0.089394,True,True,22.330094,0.207519
rand_n50_m100_d5_s1024,RC_asym_bc,TYPE_RC,0.05,True,parametric_lp,,False,0.013691,True,True,3.492117,1.954437
rand_n50_m100_d8_s42,R_small,TYPE_R,0.05,True,warm_start,,False,0.001135,False,False,3.312322,0.000000
rand_n50_m100_d5_s1024,RC_asym_cb,TYPE_RC,0.5,True,parametric_lp,,False,0.116661,True,True,34.921170,0.195444
rand_n50_m100_d5_s1024,RC_asym_bc,TYPE_RC,0.05,True,parametric_lp,,False,0.006801,False,False,2.233009,2.075192
rand_n50_m100_d8_s42,R_small,TYPE_R,0.05,True,warm_start,,False,0.009554,False,False,3.045947,0.000000
rand_n50_m100_d8_s42,R_small,TYPE_R,0.05,True,warm_start,,False,0.007736,False,False,2.518145,0.000000
rand_n50_m100_d8_s42,R_medium,TYPE_R,0.2,True,warm_start,,False,0.006234,False,False,13.249290,0.000000
rand_n50_m100_d8_s42,R_medium,TYPE_R,0.2,True,warm_start,,False,0.034307,True,True,10.072582,0.000000
rand_n50_m100_d8_s42,R_medium,TYPE_R,0.2,True,warm_start,,False,0.021414,True,True,12.183789,0.000000
rand_n50_m100_d8_s42,R_large,TYPE_R,0.5,True,warm_start,,False,0.145469,True,True,25.181454,0.000000
rand_n50_m100_d8_s42,R_large,TYPE_R,0.5,True,warm_start,,False,0.020401,True,True,30.459472,0.000000
rand_n50_m100_d8_s42,R_single,TYPE_R,0.2,True,warm_start,,False,0.011228,True,True,8.610550,0.000000
rand_n50_m100_d8_s42,R_single,TYPE_R,0.2,True,warm_start,,False,0.008662,False,False,6.063733,0.000000
rand_n50_m100_d8_s42,R_all,TYPE_R,0.1,True,warm_start,,False,0.081986,True,True,9.209104,0.000000
rand_n50_m100_d8_s42,R_all,TYPE_R,0.1,True,warm_start,,False,0.081986,True,True,9.209104,0.000000
rand_n50_m100_d8_s42,R_single,TYPE_R,0.2,False,recompute,,True,0.000000,False,True,10.830599,0.000000
rand_n50_m100_d8_s42,R_all,TYPE_R,0.1,True,warm_start,,False,0.081986,True,True,9.209104,0.000000
rand_n50_m100_d8_s42,C_small,TYPE_C,0,False,none,0.006106,True,0.000000,False,True,0.000000,0.234802
rand_n50_m100_d8_s42,C_small,TYPE_C,0,False,none,0.008464,True,0.000000,False,True,0.000000,0.202859
rand_n50_m100_d8_s42,C_medium,TYPE_C,0,True,warm_start,0.250342,False,0.001831,False,False,0.000000,0.829734
rand_n50_m100_d8_s42,C_small,TYPE_C,0,False,none,0.007275,True,0.000000,False,True,0.000000,0.207434
rand_n50_m100_d8_s42,C_medium,TYPE_C,0,True,warm_start,0.254001,False,0.002461,False,False,0.000000,0.811437
rand_n50_m100_d8_s42,C_large,TYPE_C,0,True,warm_start,0.593470,False,0.012042,True,True,0.000000,2.074336
rand_n50_m100_d8_s42,C_medium,TYPE_C,0,True,warm_start,0.246734,False,0.000073,False,False,0.000000,0.939207
rand_n50_m100_d8_s42,C_large,TYPE_C,0,True,warm_start,0.599370,False,0.012240,True,True,0.000000,2.028593
rand_n50_m100_d8_s42,C_large,TYPE_C,0,True,warm_start,0.587629,False,0.004607,False,False,0.000000,2.348018
rand_n50_m100_d8_s42,RC_small,TYPE_RC,0.05,True,parametric_lp,,False,0.001334,False,False,3.312322,0.203658
rand_n50_m100_d8_s42,RC_medium,TYPE_RC,0.2,True,parametric_lp,,False,0.005157,False,False,13.249290,0.814630
rand_n50_m100_d8_s42,RC_small,TYPE_RC,0.05,True,parametric_lp,,False,0.008664,False,False,3.045947,0.211103
rand_n50_m100_d8_s42,RC_small,TYPE_RC,0.05,True,parametric_lp,,False,0.008022,False,False,2.518145,0.220235
rand_n50_m100_d8_s42,RC_large,TYPE_RC,0.5,True,parametric_lp,,False,0.009131,False,False,30.459472,2.111031
rand_n50_m100_d8_s42,RC_large,TYPE_RC,0.5,True,parametric_lp,,False,0.124741,True,True,25.181454,2.202348
rand_n50_m100_d8_s42,RC_asym_bc,TYPE_RC,0.05,True,parametric_lp,,False,0.021480,True,True,3.312322,2.036576
rand_n50_m100_d8_s42,RC_medium,TYPE_RC,0.2,True,parametric_lp,,False,0.036923,True,True,10.072582,0.880939
rand_n50_m100_d8_s42,RC_asym_bc,TYPE_RC,0.05,True,parametric_lp,,False,0.004533,False,False,2.518145,2.202348
rand_n50_m100_d8_s42,RC_medium,TYPE_RC,0.2,True,parametric_lp,,False,0.017087,True,True,12.183789,0.844412
rand_n50_m100_d8_s42,RC_asym_bc,TYPE_RC,0.05,True,parametric_lp,,False,0.016119,True,True,3.045947,2.111031
rand_n50_m100_d8_s42,RC_asym_cb,TYPE_RC,0.5,True,parametric_lp,,False,0.143984,True,True,25.181454,0.220235
rand_n50_m100_d8_s42,RC_asym_cb,TYPE_RC,0.5,True,parametric_lp,,False,0.021195,True,True,30.459472,0.211103
rand_n50_m100_d8_s123,R_small,TYPE_R,0.05,True,warm_start,,False,0.009018,False,False,3.281038,0.000000
rand_n50_m100_d8_s123,R_small,TYPE_R,0.05,True,warm_start,,False,0.013508,True,True,4.330834,0.000000
rand_n50_m100_d8_s123,R_medium,TYPE_R,0.2,True,warm_start,,False,0.025396,True,True,13.124150,0.000000
rand_n50_m100_d8_s123,R_small,TYPE_R,0.05,True,warm_start,,False,0.023554,True,True,4.052114,0.000000
rand_n50_m100_d8_s123,R_medium,TYPE_R,0.2,True,warm_start,,False,0.059726,True,True,17.323335,0.000000
rand_n50_m100_d8_s123,R_large,TYPE_R,0.5,True,warm_start,,False,0.286653,True,True,43.308338,0.000000
rand_n50_m100_d8_s123,R_medium,TYPE_R,0.2,True,warm_start,,False,0.147313,True,True,16.208455,0.000000
rand_n50_m100_d8_s123,R_large,TYPE_R,0.5,True,warm_start,,False,0.036766,True,True,32.810376,0.000000
rand_n50_m100_d8_s123,R_single,TYPE_R,0.2,True,warm_start,,False,0.000227,False,False,7.281761,0.000000
rand_n50_m100_d8_s123,R_single,TYPE_R,0.2,False,recompute,,True,0.000000,False,True,7.402126,0.000000
rand_n50_m100_d8_s123,R_all,TYPE_R,0.1,True,warm_start,,False,0.079087,True,True,11.850506,0.000000
rand_n50_m100_d8_s123,R_all,TYPE_R,0.1,True,warm_start,,False,0.079087,True,True,11.850506,0.000000
rand_n50_m100_d8_s123,R_all,TYPE_R,0.1,True,warm_start,,False,0.079087,True,True,11.850506,0.000000
rand_n50_m100_d8_s123,R_single,TYPE_R,0.2,True,warm_start,,False,0.000546,False,False,4.371920,0.000000
rand_n50_m100_d8_s123,C_small,TYPE_C,0,False,none,0.046145,True,0.000000,False,True,0.000000,0.232898
rand_n50_m100_d8_s123,C_small,TYPE_C,0,False,none,0.045000,False,0.000092,False,True,0.000000,0.192183
rand_n50_m100_d8_s123,C_medium,TYPE_C,0,True,warm_start,0.288058,False,0.000752,False,False,0.000000,0.715202
rand_n50_m100_d8_s123,C_small,TYPE_C,0,False,none,0.047310,False,0.000037,False,True,0.000000,0.178800
rand_n50_m100_d8_s123,C_medium,TYPE_C,0,True,warm_start,0.284471,False,0.000693,False,False,0.000000,0.931591
rand_n50_m100_d8_s123,C_large,TYPE_C,0,True,warm_start,0.620906,False,0.007532,False,False,0.000000,2.328978
rand_n50_m100_d8_s123,C_medium,TYPE_C,0,True,warm_start,0.280933,False,0.000732,False,False,0.000000,0.768731
rand_n50_m100_d8_s123,C_large,TYPE_C,0,True,warm_start,0.626690,False,0.005163,False,False,0.000000,1.788005
rand_n50_m100_d8_s123,C_large,TYPE_C,0,True,warm_start,0.615179,False,0.006740,False,False,0.000000,1.921827
rand_n50_m100_d8_s123,RC_small,TYPE_RC,0.05,True,parametric_lp,,False,0.009260,False,False,3.281038,0.216523
rand_n50_m100_d8_s123,RC_small,TYPE_RC,0.05,True,parametric_lp,,False,0.013324,True,True,4.330834,0.222724
rand_n50_m100_d8_s123,RC_small,TYPE_RC,0.05,True,parametric_lp,,False,0.023276,True,True,4.052114,0.217334
rand_n50_m100_d8_s123,RC_medium,TYPE_RC,0.2,True,parametric_lp,,False,0.057028,True,True,17.323335,0.890895
rand_n50_m100_d8_s123,RC_large,TYPE_RC,0.5,True,parametric_lp,,False,0.030293,True,True,32.810376,2.165232
rand_n50_m100_d8_s123,RC_medium,TYPE_RC,0.2,True,parametric_lp,,False,0.031925,True,True,13.124150,0.866093
rand_n50_m100_d8_s123,RC_large,TYPE_RC,0.5,True,parametric_lp,,False,0.309893,True,True,43.308338,2.227238
rand_n50_m100_d8_s123,RC_medium,TYPE_RC,0.2,True,parametric_lp,,False,0.152536,True,True,16.208455,0.869335
rand_n50_m100_d8_s123,RC_asym_bc,TYPE_RC,0.05,True,parametric_lp,,False,0.034351,True,True,3.281038,2.165232
rand_n50_m100_d8_s123,RC_asym_bc,TYPE_RC,0.05,True,parametric_lp,,False,0.001771,False,False,4.330834,2.227238
rand_n50_m100_d8_s123,RC_asym_cb,TYPE_RC,0.5,True,parametric_lp,,False,0.288973,True,True,43.308338,0.222724
rand_n50_m100_d8_s123,RC_asym_cb,TYPE_RC,0.5,True,parametric_lp,,False,0.037448,True,True,32.810376,0.216523
rand_n50_m100_d8_s123,RC_asym_bc,TYPE_RC,0.05,True,parametric_lp,,False,0.015482,True,True,4.052114,2.173338
rand_n50_m100_d8_s456,R_small,TYPE_R,0.05,True,warm_start,,False,0.003196,False,False,3.187225,0.000000
rand_n50_m100_d8_s456,R_small,TYPE_R,0.05,True,warm_start,,False,0.000463,False,False,4.284940,0.000000
rand_n50_m100_d8_s456,R_small,TYPE_R,0.05,True,warm_start,,False,0.000484,False,False,3.141373,0.000000
rand_n50_m100_d8_s456,R_medium,TYPE_R,0.2,True,warm_start,,False,0.004320,False,False,12.748899,0.000000
rand_n50_m100_d8_s456,R_medium,TYPE_R,0.2,True,warm_start,,False,0.025364,True,True,12.565491,0.000000
rand_n50_m100_d8_s456,R_large,TYPE_R,0.5,True,warm_start,,False,0.209309,True,True,31.413729,0.000000
rand_n50_m100_d8_s456,R_large,TYPE_R,0.5,True,warm_start,,False,0.054242,True,True,31.872247,0.000000
rand_n50_m100_d8_s456,R_large,TYPE_R,0.5,True,warm_start,,False,0.163191,True,True,42.849400,0.000000
rand_n50_m100_d8_s456,R_single,TYPE_R,0.2,True,warm_start,,False,0.032794,True,True,18.070114,0.000000
rand_n50_m100_d8_s456,R_medium,TYPE_R,0.2,True,warm_start,,False,0.014617,True,True,17.139760,0.000000
rand_n50_m100_d8_s456,R_single,TYPE_R,0.2,False,recompute,,True,0.000000,False,True,0.846221,0.000000
rand_n50_m100_d8_s456,R_single,TYPE_R,0.2,False,recompute,,True,0.000000,False,True,2.065142,0.000000
rand_n50_m100_d8_s456,R_all,TYPE_R,0.1,True,warm_start,,False,0.078319,True,True,9.035057,0.000000
rand_n50_m100_d8_s456,R_all,TYPE_R,0.1,True,warm_start,,False,0.078319,True,True,9.035057,0.000000
rand_n50_m100_d8_s456,C_small,TYPE_C,0,True,warm_start,0.071600,False,0.000000,False,False,0.000000,0.194583
rand_n50_m100_d8_s456,R_all,TYPE_R,0.1,True,warm_start,,False,0.078319,True,True,9.035057,0.000000
rand_n50_m100_d8_s456,C_medium,TYPE_C,0,True,warm_start,0.306821,False,0.000648,False,False,0.000000,0.778331
rand_n50_m100_d8_s456,C_small,TYPE_C,0,True,warm_start,0.070468,False,0.000196,False,False,0.000000,0.205116
rand_n50_m100_d8_s456,C_medium,TYPE_C,0,True,warm_start,0.310361,False,0.000455,False,False,0.000000,0.778285
rand_n50_m100_d8_s456,C_medium,TYPE_C,0,True,warm_start,0.303328,False,0.002522,False,False,0.000000,0.820465
rand_n50_m100_d8_s456,C_small,TYPE_C,0,True,warm_start,0.072749,False,0.000006,False,False,0.000000,0.194571
rand_n50_m100_d8_s456,C_large,TYPE_C,0,True,warm_start,0.633220,False,0.014123,True,True,0.000000,2.051164
rand_n50_m100_d8_s456,C_large,TYPE_C,0,True,warm_start,0.644581,False,0.004572,False,False,0.000000,1.945712
rand_n50_m100_d8_s456,C_large,TYPE_C,0,True,warm_start,0.638872,False,0.002884,False,False,0.000000,1.945827
rand_n50_m100_d8_s456,RC_small,TYPE_RC,0.05,True,parametric_lp,,False,0.000419,False,False,3.141373,0.195107
rand_n50_m100_d8_s456,RC_small,TYPE_RC,0.05,True,parametric_lp,,False,0.003291,False,False,3.187225,0.212997
rand_n50_m100_d8_s456,RC_medium,TYPE_RC,0.2,True,parametric_lp,,False,0.008400,False,False,12.748899,0.851988
rand_n50_m100_d8_s456,RC_small,TYPE_RC,0.05,True,parametric_lp,,False,0.000374,False,False,4.284940,0.184101
rand_n50_m100_d8_s456,RC_medium,TYPE_RC,0.2,True,parametric_lp,,False,0.023918,True,True,12.565491,0.780428
rand_n50_m100_d8_s456,RC_large,TYPE_RC,0.5,True,parametric_lp,,False,0.175088,True,True,31.413729,1.951069
rand_n50_m100_d8_s456,RC_medium,TYPE_RC,0.2,True,parametric_lp,,False,0.018401,True,True,17.139760,0.736404
rand_n50_m100_d8_s456,RC_asym_bc,TYPE_RC,0.05,True,parametric_lp,,False,0.016870,True,True,3.141373,1.951069
rand_n50_m100_d8_s456,RC_large,TYPE_RC,0.5,True,parametric_lp,,False,0.200507,True,True,42.849400,1.841009
rand_n50_m100_d8_s456,RC_large,TYPE_RC,0.5,True,parametric_lp,,False,0.021651,True,True,31.872247,2.129969
rand_n50_m100_d8_s456,RC_asym_cb,TYPE_RC,0.5,True,parametric_lp,,False,0.206339,True,True,31.413729,0.195107
rand_n50_m100_d8_s456,RC_asym_bc,TYPE_RC,0.05,True,parametric_lp,,False,0.007954,False,False,4.284940,1.841009
rand_n50_m100_d8_s456,RC_asym_bc,TYPE_RC,0.05,True,parametric_lp,,False,0.028787,True,True,3.187225,2.129969
rand_n50_m100_d8_s456,RC_asym_cb,TYPE_RC,0.5,True,parametric_lp,,False,0.052044,True,True,31.872247,0.212997
rand_n50_m100_d8_s789,R_small,TYPE_R,0.05,True,warm_start,,False,0.008309,False,False,2.660480,0.000000
rand_n50_m100_d8_s456,RC_asym_cb,TYPE_RC,0.5,True,parametric_lp,,False,0.166846,True,True,42.849400,0.184101
rand_n50_m100_d8_s789,R_small,TYPE_R,0.05,True,warm_start,,False,0.004319,False,False,2.852321,0.000000
rand_n50_m100_d8_s789,R_medium,TYPE_R,0.2,True,warm_start,,False,0.046260,True,True,10.641919,0.000000
rand_n50_m100_d8_s789,R_small,TYPE_R,0.05,True,warm_start,,False,0.004172,False,False,2.337474,0.000000
rand_n50_m100_d8_s789,R_large,TYPE_R,0.5,True,warm_start,,False,0.262663,True,True,26.604799,0.000000
rand_n50_m100_d8_s789,R_medium,TYPE_R,0.2,True,warm_start,,False,0.044319,True,True,9.349894,0.000000
rand_n50_m100_d8_s789,R_large,TYPE_R,0.5,True,warm_start,,False,0.261105,True,True,23.374736,0.000000
rand_n50_m100_d8_s789,R_single,TYPE_R,0.2,False,recompute,,True,0.000000,False,True,5.863529,0.000000
rand_n50_m100_d8_s789,R_medium,TYPE_R,0.2,True,warm_start,,False,0.032603,True,True,11.409283,0.000000
rand_n50_m100_d8_s789,R_single,TYPE_R,0.2,True,warm_start,,False,0.010256,True,True,7.898116,0.000000
rand_n50_m100_d8_s789,R_single,TYPE_R,0.2,True,warm_start,,False,0.019757,True,True,14.383183,0.000000
rand_n50_m100_d8_s789,R_all,TYPE_R,0.1,True,warm_start,,False,0.085263,True,True,7.881256,0.000000
rand_n50_m100_d8_s789,R_all,TYPE_R,0.1,True,warm_start,,False,0.085263,True,True,7.881256,0.000000
rand_n50_m100_d8_s789,C_small,TYPE_C,0,True,warm_start,0.085045,False,0.000169,False,False,0.000000,0.214246
rand_n50_m100_d8_s789,C_small,TYPE_C,0,True,warm_start,0.086167,False,0.000474,False,False,0.000000,0.235632
rand_n50_m100_d8_s789,C_small,TYPE_C,0,True,warm_start,0.087308,False,0.000000,False,False,0.000000,0.172591
rand_n50_m100_d8_s789,R_all,TYPE_R,0.1,True,warm_start,,False,0.085263,True,True,7.881256,0.000000
rand_n50_m100_d8_s789,C_medium,TYPE_C,0,True,warm_start,0.316145,False,0.001799,False,False,0.000000,0.856985
rand_n50_m100_d8_s789,C_medium,TYPE_C,0,True,warm_start,0.319611,False,0.002756,False,False,0.000000,0.942526
rand_n50_m100_d8_s789,C_medium,TYPE_C,0,True,warm_start,0.323125,False,0.000000,False,False,0.000000,0.690362
rand_n50_m100_d8_s789,C_large,TYPE_C,0,True,warm_start,0.649155,False,0.008203,False,False,0.000000,2.356315
rand_n50_m100_d8_s789,C_large,TYPE_C,0,True,warm_start,0.654821,False,0.001197,False,False,0.000000,1.725906
rand_n50_m100_d8_s789,C_large,TYPE_C,0,True,warm_start,0.643545,False,0.009259,False,False,0.000000,2.142462
rand_n50_m100_d8_s789,RC_small,TYPE_RC,0.05,True,parametric_lp,,False,0.008301,False,False,2.660480,0.234392
rand_n50_m100_d8_s789,RC_medium,TYPE_RC,0.2,True,parametric_lp,,False,0.032885,True,True,11.409283,0.876259
rand_n50_m100_d8_s789,RC_small,TYPE_RC,0.05,True,parametric_lp,,False,0.004579,False,False,2.337474,0.217785
rand_n50_m100_d8_s789,RC_small,TYPE_RC,0.05,True,parametric_lp,,False,0.004111,False,False,2.852321,0.219065
rand_n50_m100_d8_s789,RC_medium,TYPE_RC,0.2,True,parametric_lp,,False,0.048491,True,True,10.641919,0.937569
rand_n50_m100_d8_s789,RC_large,TYPE_RC,0.5,True,parametric_lp,,False,0.265469,True,True,26.604799,2.343923
rand_n50_m100_d8_s789,RC_medium,TYPE_RC,0.2,True,parametric_lp,,False,0.047785,True,True,9.349894,0.871141
rand_n50_m100_d8_s789,RC_large,TYPE_RC,0.5,True,parametric_lp,,False,0.298429,True,True,23.374736,2.177852
rand_n50_m100_d8_s789,RC_asym_bc,TYPE_RC,0.05,True,parametric_lp,,False,0.005068,False,False,2.337474,2.177852
rand_n50_m100_d8_s789,RC_asym_bc,TYPE_RC,0.05,True,parametric_lp,,False,0.004545,False,False,2.660480,2.343923
rand_n50_m100_d8_s789,RC_asym_bc,TYPE_RC,0.05,True,parametric_lp,,False,0.003820,False,False,2.852321,2.190647
rand_n50_m100_d8_s789,RC_asym_cb,TYPE_RC,0.5,True,parametric_lp,,False,0.263126,True,True,26.604799,0.234392
rand_n50_m100_d8_s789,RC_asym_cb,TYPE_RC,0.5,True,parametric_lp,,False,0.264589,True,True,23.374736,0.217785
rand_n50_m100_d8_s1024,R_small,TYPE_R,0.05,True,warm_start,,False,0.000060,False,False,5.241047,0.000000
rand_n50_m100_d8_s1024,R_small,TYPE_R,0.05,True,warm_start,,False,0.002475,False,False,4.326968,0.000000
rand_n50_m100_d8_s1024,R_small,TYPE_R,0.05,True,warm_start,,False,0.001241,False,False,5.479436,0.000000
rand_n50_m100_d8_s1024,R_medium,TYPE_R,0.2,True,warm_start,,False,0.038826,True,True,20.964188,0.000000
rand_n50_m100_d8_s1024,R_large,TYPE_R,0.5,True,warm_start,,False,0.558998,True,True,52.410469,0.000000
rand_n50_m100_d8_s1024,R_medium,TYPE_R,0.2,True,warm_start,,False,0.006138,False,False,17.307872,0.000000
rand_n50_m100_d8_s1024,R_medium,TYPE_R,0.2,True,warm_start,,False,0.000457,False,False,21.917746,0.000000
rand_n50_m100_d8_s1024,R_large,TYPE_R,0.5,True,warm_start,,False,0.012697,True,True,43.269679,0.000000
rand_n50_m100_d8_s1024,R_single,TYPE_R,0.2,False,recompute,,True,0.000000,False,True,1.805924,0.000000
rand_n50_m100_d8_s1024,R_single,TYPE_R,0.2,False,recompute,,True,0.000000,False,True,3.405446,0.000000
rand_n50_m100_d8_s1024,R_single,TYPE_R,0.2,True,warm_start,,False,0.000786,False,False,7.561375,0.000000
rand_n50_m100_d8_s1024,R_all,TYPE_R,0.1,True,warm_start,,False,0.073443,True,True,12.272756,0.000000
rand_n50_m100_d8_s1024,R_large,TYPE_R,0.5,True,warm_start,,False,0.048374,True,True,54.794364,0.000000
rand_n50_m100_d8_s1024,R_all,TYPE_R,0.1,True,warm_start,,False,0.073443,True,True,12.272756,0.000000
rand_n50_m100_d8_s1024,R_all,TYPE_R,0.1,True,warm_start,,False,0.073443,True,True,12.272756,0.000000
rand_n50_m100_d8_s1024,C_small,TYPE_C,0,True,warm_start,0.086169,False,0.000000,False,False,0.000000,0.238703
rand_n50_m100_d8_s1024,C_small,TYPE_C,0,True,warm_start,0.087290,False,0.000001,False,False,0.000000,0.216718
rand_n50_m100_d8_s1024,C_large,TYPE_C,0,True,warm_start,0.644340,False,0.005707,False,False,0.000000,2.387025
rand_n50_m100_d8_s1024,C_medium,TYPE_C,0,True,warm_start,0.317133,False,0.000785,False,False,0.000000,0.954810
rand_n50_m100_d8_s1024,C_small,TYPE_C,0,True,warm_start,0.088437,False,0.000052,False,False,0.000000,0.180287
rand_n50_m100_d8_s1024,C_medium,TYPE_C,0,True,warm_start,0.320597,False,0.002578,False,False,0.000000,0.866870
rand_n50_m100_d8_s1024,C_medium,TYPE_C,0,True,warm_start,0.324103,False,0.002830,False,False,0.000000,0.721150
rand_n50_m100_d8_s1024,C_large,TYPE_C,0,True,warm_start,0.649947,False,0.013514,True,True,0.000000,2.167175
rand_n50_m100_d8_s1024,RC_small,TYPE_RC,0.05,True,parametric_lp,,False,0.000481,False,False,5.241047,0.198379
rand_n50_m100_d8_s1024,RC_small,TYPE_RC,0.05,True,parametric_lp,,False,0.001120,False,False,5.479436,0.195444
rand_n50_m100_d8_s1024,C_large,TYPE_C,0,True,warm_start,0.655608,False,0.013013,True,True,0.000000,1.802874
rand_n50_m100_d8_s1024,RC_medium,TYPE_RC,0.2,True,parametric_lp,,False,0.007443,False,False,17.307872,0.830077
rand_n50_m100_d8_s1024,RC_small,TYPE_RC,0.05,True,parametric_lp,,False,0.002609,False,False,4.326968,0.207519
rand_n50_m100_d8_s1024,RC_medium,TYPE_RC,0.2,True,parametric_lp,,False,0.033462,True,True,20.964188,0.793518
rand_n50_m100_d8_s1024,RC_large,TYPE_RC,0.5,True,parametric_lp,,False,0.483578,True,True,52.410469,1.983795
rand_n50_m100_d8_s1024,RC_medium,TYPE_RC,0.2,True,parametric_lp,,False,0.001456,False,False,21.917746,0.781775
rand_n50_m100_d8_s1024,RC_large,TYPE_RC,0.5,True,parametric_lp,,False,0.002067,False,False,43.269679,2.075192
rand_n50_m100_d8_s1024,RC_large,TYPE_RC,0.5,True,parametric_lp,,False,0.030363,True,True,54.794364,1.954437
rand_n50_m100_d8_s1024,RC_asym_bc,TYPE_RC,0.05,True,parametric_lp,,False,0.011108,True,True,5.241047,1.983795
rand_n50_m100_d8_s1024,RC_asym_bc,TYPE_RC,0.05,True,parametric_lp,,False,0.005105,False,False,4.326968,2.075192
rand_n50_m100_d8_s1024,RC_asym_cb,TYPE_RC,0.5,True,parametric_lp,,False,0.551507,True,True,52.410469,0.198379
rand_n50_m100_d8_s1024,RC_asym_cb,TYPE_RC,0.5,True,parametric_lp,,False,0.046980,True,True,54.794364,0.195444
rand_n50_m100_d8_s1024,RC_asym_bc,TYPE_RC,0.05,True,parametric_lp,,False,0.009170,False,False,5.479436,1.954437
rand_n50_m100_d8_s1024,RC_asym_cb,TYPE_RC,0.5,True,parametric_lp,,False,0.011629,True,True,43.269679,0.207519
