base_instance,perturbation,change_type,magnitude,n_vars,n_cons,method_used,warmstart_pivots,scratch_pivots,pivot_reduction,speedup,time_warmstart,time_scratch,run_time_warmstart,run_time_scratch,optimal_match,z_warmstart,z_scratch
rand_n10_m10_d3_s42,R_small,TYPE_R,0.785676,10,10,warm_start,0,0,0.00,0.0,0.000213,0.000233,0.000040,0.000116,True,417.097331,417.097331
rand_n10_m10_d3_s42,R_large,TYPE_R,7.856761,10,10,warm_start,0,0,0.00,0.0,0.000172,0.000210,0.000030,0.000101,True,389.859919,389.859919
rand_n10_m10_d3_s42,R_small,TYPE_R,0.854743,10,10,warm_start,0,0,0.00,0.0,0.000192,0.000219,0.000032,0.000105,True,422.173994,422.173994
rand_n10_m10_d3_s42,R_large,TYPE_R,7.976806,10,10,warm_start_dual,1,0,-1.00,0.0,0.000213,0.000200,0.000077,0.000094,True,423.749817,423.749817
rand_n10_m10_d3_s42,R_single,TYPE_R,3.555768,10,10,warm_start,0,0,0.00,0.0,0.000162,0.000205,0.000025,0.000096,True,432.359792,432.359792
rand_n10_m10_d3_s42,R_single,TYPE_R,1.282041,10,10,warm_start,0,0,0.00,0.0,0.000155,0.000198,0.000024,0.000095,True,420.123712,420.123712
rand_n10_m10_d3_s42,R_single,TYPE_R,1.890270,10,10,warm_start,0,0,0.00,0.0,0.000155,0.000197,0.000023,0.000092,True,428.416384,428.416384
rand_n10_m10_d3_s42,R_all,TYPE_R,2.280190,10,10,warm_start,0,0,0.00,0.0,0.000153,0.000190,0.000024,0.000089,True,435.692226,435.692226
rand_n10_m10_d3_s42,R_all,TYPE_R,2.280190,10,10,warm_start,0,0,0.00,0.0,0.000150,0.000192,0.000022,0.000089,True,435.692226,435.692226
rand_n10_m10_d3_s42,R_all,TYPE_R,2.280190,10,10,warm_start,0,0,0.00,0.0,0.000151,0.000187,0.000023,0.000086,True,435.692226,435.692226
rand_n10_m10_d3_s42,C_small,TYPE_C,0.192894,10,10,warm_start,0,0,0.00,0.0,0.000150,0.000192,0.000022,0.000089,True,426.781885,426.781885
rand_n10_m10_d3_s42,R_medium,TYPE_R,3.418972,10,10,warm_start,0,0,0.00,0.0,0.000207,0.000226,0.000037,0.000112,True,428.324851,428.324851
rand_n10_m10_d3_s42,C_small,TYPE_C,0.094732,10,10,warm_start,0,0,0.00,0.0,0.000150,0.000187,0.000022,0.000087,True,419.443733,419.443733
rand_n10_m10_d3_s42,C_small,TYPE_C,0.149471,10,10,warm_start,0,0,0.00,0.0,0.000150,0.000192,0.000022,0.000089,True,414.448722,414.448722
rand_n10_m10_d3_s42,C_medium,TYPE_C,0.771577,10,10,warm_start,0,0,0.00,0.0,0.000164,0.000211,0.000026,0.000100,True,446.756346,446.756346
rand_n10_m10_d3_s42,R_small,TYPE_R,0.797681,10,10,warm_start,0,0,0.00,0.0,0.000194,0.000223,0.000032,0.000107,True,421.059587,421.059587
rand_n10_m10_d3_s42,C_medium,TYPE_C,0.378929,10,10,warm_start,0,0,0.00,0.0,0.000148,0.000185,0.000022,0.000085,True,417.403825,417.403825
rand_n10_m10_d3_s42,C_medium,TYPE_C,0.597884,10,10,warm_start,0,0,0.00,0.0,0.000150,0.000190,0.000022,0.000087,True,397.423831,397.423831
rand_n10_m10_d3_s42,C_large,TYPE_C,1.928943,10,10,warm_start,0,0,0.00,0.0,0.000160,0.000206,0.000025,0.000100,True,486.705347,486.705347
rand_n10_m10_d3_s42,C_large,TYPE_C,1.494711,10,10,warm_start,0,0,0.00,0.0,0.000148,0.000184,0.000022,0.000085,True,363.373997,363.373997
rand_n10_m10_d3_s123,R_small,TYPE_R,0.748868,10,10,warm_start,0,2,1.00,2.0,0.000149,0.000221,0.000022,0.000119,True,387.626240,387.626240
rand_n10_m10_d3_s123,R_small,TYPE_R,0.814699,10,10,warm_start,0,2,1.00,2.0,0.000160,0.000228,0.000026,0.000123,True,388.299688,388.299688
rand_n10_m10_d3_s42,R_medium,TYPE_R,3.142704,10,10,warm_start,0,0,0.00,0.0,0.000194,0.000221,0.000032,0.000107,True,408.018194,408.018194
rand_n10_m10_d3_s123,R_small,TYPE_R,0.822077,10,10,warm_start,0,2,1.00,2.0,0.000152,0.000215,0.000024,0.000114,True,388.073304,388.073304
rand_n10_m10_d3_s123,R_medium,TYPE_R,2.995473,10,10,warm_start,0,2,1.00,2.0,0.000147,0.000215,0.000021,0.000109,True,384.520971,384.520971
rand_n10_m10_d3_s123,R_medium,TYPE_R,3.258798,10,10,warm_start,0,2,1.00,2.0,0.000155,0.000215,0.000023,0.000112,True,387.214765,387.214765
rand_n10_m10_d3_s123,R_medium,TYPE_R,3.288309,10,10,warm_start_dual,1,2,0.50,2.0,0.000189,0.000235,0.000051,0.000126,True,386.043382,386.043382
rand_n10_m10_d3_s123,R_large,TYPE_R,7.488682,10,10,warm_start_dual,1,3,0.67,3.0,0.000170,0.000214,0.000044,0.000114,True,375.815347,375.815347
rand_n10_m10_d3_s123,R_large,TYPE_R,8.146995,10,10,warm_start,0,2,1.00,2.0,0.000147,0.000208,0.000021,0.000107,True,385.044920,385.044920
rand_n10_m10_d3_s42,R_large,TYPE_R,8.547430,10,10,warm_start_dual,1,0,-1.00,0.0,0.000229,0.000218,0.000069,0.000104,True,431.808561,431.808561
rand_n10_m10_d3_s123,R_large,TYPE_R,8.220773,10,10,warm_start_dual,1,2,0.50,2.0,0.000172,0.000220,0.000043,0.000116,True,380.862138,380.862138
rand_n10_m10_d3_s123,R_single,TYPE_R,3.389185,10,10,warm_start,0,2,1.00,2.0,0.000156,0.000220,0.000024,0.000114,True,388.661329,388.661329
rand_n10_m10_d3_s123,R_single,TYPE_R,0.573067,10,10,warm_start,0,2,1.00,2.0,0.000150,0.000205,0.000023,0.000105,True,388.661329,388.661329
rand_n10_m10_d3_s123,R_single,TYPE_R,2.561106,10,10,warm_start,0,2,1.00,2.0,0.000148,0.000208,0.000021,0.000107,True,396.517066,396.517066
rand_n10_m10_d3_s123,R_all,TYPE_R,2.349929,10,10,warm_start,0,2,1.00,2.0,0.000161,0.000231,0.000024,0.000122,True,395.715524,395.715524
rand_n10_m10_d3_s123,R_all,TYPE_R,2.349929,10,10,warm_start,0,2,1.00,2.0,0.000151,0.000220,0.000022,0.000117,True,395.715524,395.715524
rand_n10_m10_d3_s123,C_small,TYPE_C,0.109012,10,10,warm_start,0,2,1.00,2.0,0.000150,0.000206,0.000023,0.000106,True,388.146722,388.146722
rand_n10_m10_d3_s123,C_small,TYPE_C,0.088124,10,10,warm_start,0,2,1.00,2.0,0.000148,0.000207,0.000021,0.000106,True,391.990328,391.990328
rand_n10_m10_d3_s123,C_medium,TYPE_C,0.436050,10,10,warm_start,0,2,1.00,2.0,0.000154,0.000235,0.000022,0.000120,True,386.602940,386.602940
rand_n10_m10_d3_s123,C_medium,TYPE_C,0.352497,10,10,warm_start,0,2,1.00,2.0,0.000148,0.000205,0.000023,0.000105,True,401.977365,401.977365
rand_n10_m10_d3_s123,C_medium,TYPE_C,0.630495,10,10,warm_start,0,2,1.00,2.0,0.000146,0.000205,0.000021,0.000103,True,382.887939,382.887939
rand_n10_m10_d3_s123,C_large,TYPE_C,0.881242,10,10,warm_start,0,2,1.00,2.0,0.000149,0.000201,0.000022,0.000102,True,421.951364,421.951364
rand_n10_m10_d3_s123,C_large,TYPE_C,1.576237,10,10,warm_start,0,2,1.00,2.0,0.000147,0.000206,0.000021,0.000104,True,374.227874,374.227874
rand_n10_m10_d3_s42,R_medium,TYPE_R,3.190722,10,10,warm_start,0,0,0.00,0.0,0.000231,0.000242,0.000046,0.000122,True,423.867231,423.867231
rand_n10_m10_d3_s456,R_small,TYPE_R,0.380612,10,10,warm_start,0,1,1.00,1.0,0.000151,0.000220,0.000024,0.000120,True,334.617133,334.617133
rand_n10_m10_d3_s456,R_small,TYPE_R,0.956054,10,10,warm_start,0,1,1.00,1.0,0.000153,0.000224,0.000023,0.000121,True,332.898915,332.898915
rand_n10_m10_d3_s456,R_medium,TYPE_R,1.522447,10,10,warm_start,0,1,1.00,1.0,0.000151,0.000213,0.000023,0.000112,True,334.175107,334.175107
rand_n10_m10_d3_s456,R_medium,TYPE_R,3.824218,10,10,warm_start_dual,1,2,0.50,2.0,0.000171,0.000229,0.000042,0.000126,True,326.590368,326.590368
rand_n10_m10_d3_s456,R_medium,TYPE_R,1.456262,10,10,warm_start,0,1,1.00,1.0,0.000218,0.000279,0.000039,0.000162,True,341.118109,341.118109
rand_n10_m10_d3_s123,C_large,TYPE_C,1.090124,10,10,warm_start,0,3,1.00,3.0,0.000827,0.000263,0.000036,0.000143,True,383.515357,383.515357
rand_n10_m10_d3_s123,R_all,TYPE_R,2.349929,10,10,warm_start,0,2,1.00,2.0,0.003504,0.000352,0.003376,0.000188,True,395.715524,395.715524
rand_n10_m10_d3_s42,C_large,TYPE_C,0.947323,10,10,warm_start,0,0,0.00,0.0,0.007208,0.002224,0.000134,0.000164,True,413.323996,413.323996
rand_n10_m10_d3_s123,C_small,TYPE_C,0.157624,10,10,warm_start,0,2,1.00,2.0,0.002207,0.000327,0.000138,0.000170,True,387.217979,387.217979
rand_n10_m10_d3_s456,R_single,TYPE_R,1.352582,10,10,warm_start,0,1,1.00,1.0,0.000204,0.000255,0.000029,0.000143,True,334.764475,334.764475
rand_n10_m10_d3_s456,R_large,TYPE_R,9.560544,10,10,warm_start_dual,2,1,-1.00,0.5,0.001341,0.000309,0.000448,0.000161,True,306.854998,306.854998
rand_n10_m10_d3_s456,R_single,TYPE_R,1.246655,10,10,warm_start,0,1,1.00,1.0,0.000172,0.000245,0.000026,0.000138,True,334.764475,334.764475
rand_n10_m10_d3_s456,R_all,TYPE_R,2.998023,10,10,warm_start,0,1,1.00,1.0,0.000167,0.000240,0.000026,0.000132,True,348.139184,348.139184
rand_n10_m10_d3_s456,R_all,TYPE_R,2.998023,10,10,warm_start,0,1,1.00,1.0,0.000169,0.000244,0.000026,0.000132,True,348.139184,348.139184
rand_n10_m10_d3_s456,R_all,TYPE_R,2.998023,10,10,warm_start,0,1,1.00,1.0,0.000153,0.000220,0.000023,0.000120,True,348.139184,348.139184
rand_n10_m10_d3_s456,C_small,TYPE_C,0.127120,10,10,warm_start,0,1,1.00,1.0,0.000168,0.000237,0.000026,0.000127,True,334.317231,334.317231
rand_n10_m10_d3_s456,C_small,TYPE_C,0.081901,10,10,warm_start,0,1,1.00,1.0,0.000158,0.000228,0.000024,0.000124,True,334.077720,334.077720
rand_n10_m10_d3_s456,C_small,TYPE_C,0.161830,10,10,warm_start,0,1,1.00,1.0,0.000159,0.000228,0.000024,0.000122,True,336.407435,336.407435
rand_n10_m10_d3_s456,C_medium,TYPE_C,0.327604,10,10,warm_start,0,1,1.00,1.0,0.000153,0.000217,0.000022,0.000116,True,332.017468,332.017468
rand_n10_m10_d3_s456,R_single,TYPE_R,1.272815,10,10,warm_start,0,1,1.00,1.0,0.000953,0.001172,0.000112,0.000515,True,334.764475,334.764475
rand_n10_m10_d3_s456,C_medium,TYPE_C,0.647319,10,10,warm_start,0,1,1.00,1.0,0.000159,0.000223,0.000024,0.000119,True,341.336342,341.336342
rand_n10_m10_d3_s456,C_medium,TYPE_C,0.508480,10,10,warm_start,0,1,1.00,1.0,0.000174,0.000260,0.000027,0.000148,True,332.975413,332.975413
rand_n10_m10_d3_s456,C_large,TYPE_C,1.271201,10,10,warm_start,0,1,1.00,1.0,0.000156,0.000225,0.000023,0.000121,True,330.291819,330.291819
rand_n10_m10_d3_s456,C_large,TYPE_C,1.618297,10,10,warm_start,0,1,1.00,1.0,0.000151,0.000217,0.000022,0.000115,True,351.194176,351.194176
rand_n10_m10_d3_s789,R_small,TYPE_R,0.805070,10,10,warm_start,0,5,1.00,5.0,0.000175,0.000256,0.000027,0.000145,True,310.386886,310.386886
rand_n10_m10_d3_s789,R_small,TYPE_R,0.477352,10,10,warm_start,0,5,1.00,5.0,0.000164,0.000238,0.000025,0.000131,True,312.816299,312.816299
rand_n10_m10_d3_s789,R_medium,TYPE_R,3.220280,10,10,warm_start,0,5,1.00,5.0,0.000159,0.000230,0.000024,0.000129,True,303.358052,303.358052
rand_n10_m10_d3_s789,R_medium,TYPE_R,1.909408,10,10,warm_start,0,5,1.00,5.0,0.000172,0.000312,0.000027,0.000159,True,313.075689,313.075689
rand_n10_m10_d3_s789,R_large,TYPE_R,8.050701,10,10,warm_start,0,5,1.00,5.0,0.000333,0.000291,0.000043,0.000167,True,289.300368,289.300368
rand_n10_m10_d3_s789,R_small,TYPE_R,0.595003,10,10,warm_start,0,5,1.00,5.0,0.000231,0.000281,0.000037,0.000165,True,314.500531,314.500531
rand_n10_m10_d3_s789,R_large,TYPE_R,5.950029,10,10,warm_start_dual,1,4,0.75,4.0,0.000181,0.000231,0.000046,0.000127,True,329.832245,329.832245
rand_n10_m10_d3_s456,C_large,TYPE_C,0.819009,10,10,warm_start,0,1,1.00,1.0,0.000185,0.000247,0.000027,0.000136,True,327.896959,327.896959
rand_n10_m10_d3_s789,R_large,TYPE_R,4.773520,10,10,warm_start_dual,4,7,0.43,1.8,0.000196,0.000242,0.000054,0.000134,True,258.035603,258.035603
rand_n10_m10_d3_s789,R_single,TYPE_R,2.475238,10,10,warm_start,0,5,1.00,5.0,0.000169,0.000242,0.000026,0.000133,True,313.328876,313.328876
rand_n10_m10_d3_s789,R_single,TYPE_R,0.146895,10,10,warm_start,0,5,1.00,5.0,0.000163,0.000238,0.000024,0.000131,True,311.896625,311.896625
rand_n10_m10_d3_s789,R_single,TYPE_R,2.706434,10,10,warm_start_dual,1,6,0.83,6.0,0.000181,0.000232,0.000045,0.000128,True,308.754647,308.754647
rand_n10_m10_d3_s789,R_all,TYPE_R,2.340447,10,10,warm_start,0,5,1.00,5.0,0.000159,0.000226,0.000026,0.000121,True,323.539647,323.539647
rand_n10_m10_d3_s789,R_all,TYPE_R,2.340447,10,10,warm_start,0,5,1.00,5.0,0.000161,0.000230,0.000024,0.000123,True,323.539647,323.539647
rand_n10_m10_d3_s789,C_small,TYPE_C,0.171448,10,10,warm_start,0,5,1.00,5.0,0.000169,0.000227,0.000023,0.000123,True,307.300386,307.300386
rand_n10_m10_d3_s789,C_small,TYPE_C,0.109388,10,10,warm_start,0,5,1.00,5.0,0.000160,0.000232,0.000024,0.000127,True,316.466071,316.466071
rand_n10_m10_d3_s456,R_large,TYPE_R,3.640656,10,10,warm_start_dual,1,1,0.00,1.0,0.000169,0.015291,0.000042,0.015190,True,348.888749,348.888749
rand_n10_m10_d3_s789,C_small,TYPE_C,0.124213,10,10,warm_start,0,5,1.00,5.0,0.000157,0.000219,0.000023,0.000116,True,314.752162,314.752162
rand_n10_m10_d3_s789,C_medium,TYPE_C,0.685794,10,10,warm_start,0,5,1.00,5.0,0.000157,0.000224,0.000023,0.000118,True,291.011960,291.011960
rand_n10_m10_d3_s789,C_medium,TYPE_C,0.496852,10,10,warm_start,0,5,1.00,5.0,0.000156,0.000223,0.000023,0.000119,True,320.819179,320.819179
rand_n10_m10_d3_s789,C_large,TYPE_C,1.714484,10,10,warm_start,0,5,1.00,5.0,0.000177,0.000251,0.000029,0.000139,True,258.435162,258.435162
rand_n10_m10_d3_s456,R_large,TYPE_R,3.806118,10,10,warm_start,0,1,1.00,1.0,0.000191,0.000247,0.000031,0.000134,True,333.291048,333.291048
rand_n10_m10_d3_s789,C_large,TYPE_C,1.093885,10,10,warm_start,0,5,1.00,5.0,0.000154,0.000215,0.000025,0.000111,True,350.092257,350.092257
rand_n10_m10_d3_s789,C_large,TYPE_C,1.242130,10,10,warm_start,0,5,1.00,5.0,0.000156,0.000222,0.000023,0.000117,True,332.953163,332.953163
rand_n10_m10_d3_s1024,R_small,TYPE_R,0.707657,10,10,warm_start,0,1,1.00,1.0,0.000154,0.000219,0.000023,0.000117,True,263.859667,263.859667
rand_n10_m10_d3_s1024,R_small,TYPE_R,0.451504,10,10,warm_start,0,1,1.00,1.0,0.000159,0.000224,0.000024,0.000116,True,265.148644,265.148644
rand_n10_m10_d3_s456,R_small,TYPE_R,0.364066,10,10,warm_start,0,1,1.00,1.0,0.000192,0.000253,0.000030,0.000140,True,336.352883,336.352883
rand_n10_m10_d3_s1024,R_small,TYPE_R,0.358590,10,10,warm_start,0,1,1.00,1.0,0.000166,0.000226,0.000026,0.000118,True,265.611155,265.611155
rand_n10_m10_d3_s1024,R_medium,TYPE_R,2.830629,10,10,warm_start,0,1,1.00,1.0,0.000154,0.000221,0.000023,0.000117,True,259.414910,259.414910
rand_n10_m10_d3_s789,R_all,TYPE_R,2.340447,10,10,warm_start,0,5,1.00,5.0,0.000160,0.003633,0.000024,0.003526,True,323.539647,323.539647
rand_n10_m10_d3_s1024,R_medium,TYPE_R,1.806014,10,10,warm_start,0,1,1.00,1.0,0.000155,0.000231,0.000024,0.000127,True,264.570835,264.570835
rand_n10_m10_d3_s789,R_medium,TYPE_R,2.380011,10,10,warm_start,0,5,1.00,5.0,0.000156,0.000228,0.000023,0.000126,True,319.812621,319.812621
rand_n10_m10_d3_s1024,R_medium,TYPE_R,1.434360,10,10,warm_start,0,0,0.00,0.0,0.000150,0.000195,0.000022,0.000093,True,266.420863,266.420863
rand_n10_m10_d3_s1024,R_large,TYPE_R,7.076573,10,10,warm_start,0,0,0.00,0.0,0.000153,0.000208,0.000023,0.000095,True,250.525402,250.525402
rand_n10_m10_d3_s1024,R_large,TYPE_R,3.585901,10,10,warm_start,0,0,0.00,0.0,0.000159,0.000195,0.000026,0.000090,True,268.040283,268.040283
rand_n10_m10_d3_s1024,R_single,TYPE_R,2.212670,10,10,warm_start_dual,1,3,0.67,3.0,0.000203,0.000246,0.000056,0.000135,True,273.391505,273.391505
rand_n10_m10_d3_s1024,R_large,TYPE_R,4.515036,10,10,warm_start,0,1,1.00,1.0,0.000164,0.001200,0.000026,0.000581,True,263.415214,263.415214
rand_n10_m10_d3_s1024,R_all,TYPE_R,2.057255,10,10,warm_start_dual,1,3,0.67,3.0,0.000233,0.000282,0.000073,0.000160,True,270.033430,270.033430
rand_n10_m10_d3_s1024,C_small,TYPE_C,0.126178,10,10,warm_start,1,4,0.75,4.0,0.000173,0.000229,0.000044,0.000126,True,264.909715,264.909715
rand_n10_m10_d3_s1024,R_single,TYPE_R,1.110849,10,10,warm_start,0,1,1.00,1.0,0.000348,0.000267,0.000051,0.000140,True,265.341249,265.341249
rand_n10_m10_d3_s1024,R_all,TYPE_R,2.057255,10,10,warm_start_dual,1,3,0.67,3.0,0.000228,0.000249,0.000058,0.000135,True,270.033430,270.033430
rand_n10_m10_d3_s1024,C_small,TYPE_C,0.116727,10,10,warm_start,0,1,1.00,1.0,0.000162,0.000223,0.000025,0.000118,True,264.283206,264.283206
rand_n10_m10_d3_s1024,C_small,TYPE_C,0.121212,10,10,warm_start,1,4,0.75,4.0,0.000181,0.000238,0.000044,0.000131,True,267.270584,267.270584
rand_n10_m10_d3_s1024,C_medium,TYPE_C,0.504712,10,10,warm_start,1,4,0.75,4.0,0.000176,0.000236,0.000041,0.000132,True,265.557033,265.557033
rand_n10_m10_d3_s1024,C_medium,TYPE_C,0.466907,10,10,warm_start,0,1,1.00,1.0,0.000148,0.000207,0.000022,0.000107,True,261.109134,261.109134
rand_n10_m10_d3_s1024,C_large,TYPE_C,1.261780,10,10,warm_start,3,4,0.25,1.3,0.000180,0.000249,0.000045,0.000140,True,267.303668,267.303668
rand_n10_m10_d3_s1024,C_medium,TYPE_C,0.484847,10,10,warm_start,1,4,0.75,4.0,0.000186,0.000244,0.000043,0.000136,True,275.000448,275.000448
rand_n10_m10_d3_s1024,C_large,TYPE_C,1.167269,10,10,warm_start,0,1,1.00,1.0,0.000157,0.000219,0.000024,0.000116,True,254.760937,254.760937
rand_n10_m10_d3_s1024,C_large,TYPE_C,1.212117,10,10,warm_start,1,4,0.75,4.0,0.000168,0.000228,0.000038,0.000124,True,290.460161,290.460161
rand_n10_m10_d5_s42,R_small,TYPE_R,0.871741,10,10,warm_start,0,4,1.00,4.0,0.000163,0.000242,0.000025,0.000134,True,417.781560,417.781560
rand_n10_m10_d5_s42,R_small,TYPE_R,0.854743,10,10,warm_start,0,4,1.00,4.0,0.000156,0.000236,0.000024,0.000129,True,421.284250,421.284250
rand_n10_m10_d5_s42,R_small,TYPE_R,0.730211,10,10,warm_start,0,4,1.00,4.0,0.000165,0.000241,0.000025,0.000133,True,422.466785,422.466785
rand_n10_m10_d5_s42,R_medium,TYPE_R,3.486964,10,10,warm_start,0,4,1.00,4.0,0.000164,0.000249,0.000024,0.000141,True,406.817127,406.817127
rand_n10_m10_d5_s42,R_medium,TYPE_R,3.418972,10,10,warm_start,0,4,1.00,4.0,0.000161,0.000246,0.000024,0.000138,True,420.827879,420.827879
rand_n10_m10_d5_s42,R_medium,TYPE_R,2.920844,10,10,warm_start_dual,1,4,0.75,4.0,0.000191,0.000239,0.000046,0.000131,True,425.050240,425.050240
rand_n10_m10_d5_s42,R_large,TYPE_R,8.547430,10,10,warm_start,0,4,1.00,4.0,0.000158,0.000238,0.000023,0.000130,True,419.915140,419.915140
rand_n10_m10_d5_s42,R_large,TYPE_R,8.717410,10,10,warm_start,0,3,1.00,3.0,0.000161,0.000253,0.000024,0.000146,True,384.888267,384.888267
rand_n10_m10_d3_s1024,R_all,TYPE_R,2.057255,10,10,warm_start_dual,1,3,0.67,3.0,0.000247,0.000262,0.000065,0.000143,True,270.033430,270.033430
rand_n10_m10_d3_s1024,R_single,TYPE_R,1.052341,10,10,warm_start,0,1,1.00,1.0,0.000203,0.000251,0.000034,0.000137,True,265.341249,265.341249
rand_n10_m10_d5_s42,R_single,TYPE_R,1.927420,10,10,warm_start,0,4,1.00,4.0,0.000159,0.000236,0.000023,0.000130,True,421.436370,421.436370
rand_n10_m10_d5_s42,R_single,TYPE_R,3.555768,10,10,warm_start,0,4,1.00,4.0,0.000175,0.000256,0.000027,0.000143,True,426.030041,426.030041
rand_n10_m10_d3_s789,C_medium,TYPE_C,0.437554,10,10,warm_start,0,5,1.00,5.0,0.000176,0.000249,0.000027,0.000138,True,327.674791,327.674791
rand_n10_m10_d5_s42,R_all,TYPE_R,2.261755,10,10,warm_start,0,4,1.00,4.0,0.000153,0.000230,0.000023,0.000125,True,435.950781,435.950781
rand_n10_m10_d5_s42,R_all,TYPE_R,2.261755,10,10,warm_start,0,4,1.00,4.0,0.000176,0.000256,0.000027,0.000144,True,435.950781,435.950781
rand_n10_m10_d5_s42,R_all,TYPE_R,2.261755,10,10,warm_start,0,4,1.00,4.0,0.000162,0.000246,0.000024,0.000138,True,435.950781,435.950781
rand_n10_m10_d5_s42,C_small,TYPE_C,0.192894,10,10,warm_start,0,4,1.00,4.0,0.000162,0.000246,0.000026,0.000138,True,428.061743,428.061743
rand_n10_m10_d5_s42,C_small,TYPE_C,0.094732,10,10,warm_start,0,4,1.00,4.0,0.000155,0.000234,0.000022,0.000127,True,419.280043,419.280043
rand_n10_m10_d5_s42,C_small,TYPE_C,0.149471,10,10,warm_start,0,4,1.00,4.0,0.000164,0.000244,0.000024,0.000135,True,413.875739,413.875739
rand_n10_m10_d5_s42,C_medium,TYPE_C,0.378929,10,10,warm_start,0,4,1.00,4.0,0.000152,0.000225,0.000022,0.000120,True,412.811106,412.811106
rand_n10_m10_d5_s42,C_medium,TYPE_C,0.771577,10,10,warm_start,0,4,1.00,4.0,0.000162,0.000243,0.000024,0.000137,True,447.937851,447.937851
rand_n10_m10_d5_s42,C_medium,TYPE_C,0.597884,10,10,warm_start,0,4,1.00,4.0,0.000162,0.000236,0.000024,0.000129,True,391.193944,391.193944
rand_n10_m10_d5_s42,C_large,TYPE_C,1.928943,10,10,warm_start,0,4,1.00,4.0,0.000160,0.000235,0.000022,0.000130,True,487.690101,487.690101
rand_n10_m10_d5_s42,C_large,TYPE_C,0.947323,10,10,warm_start,0,4,1.00,4.0,0.000158,0.000238,0.000024,0.000129,True,399.873217,399.873217
rand_n10_m10_d5_s42,C_large,TYPE_C,1.494711,10,10,warm_start,0,4,1.00,4.0,0.000157,0.000229,0.000023,0.000123,True,345.830246,345.830246
rand_n10_m10_d5_s42,R_large,TYPE_R,7.302110,10,10,warm_start_dual,1,3,0.67,3.0,0.001263,0.001207,0.000228,0.000638,True,422.663646,422.663646
rand_n10_m10_d5_s123,R_small,TYPE_R,1.228737,10,10,warm_start,0,6,1.00,6.0,0.000168,0.000235,0.000025,0.000127,True,397.092132,397.092132
rand_n10_m10_d5_s123,R_small,TYPE_R,1.336752,10,10,warm_start,0,6,1.00,6.0,0.000158,0.000227,0.000024,0.000122,True,397.873293,397.873293
rand_n10_m10_d5_s42,R_single,TYPE_R,4.523510,10,10,warm_start_dual,1,3,0.67,3.0,0.000266,0.000273,0.000064,0.000156,True,434.339811,434.339811
rand_n10_m10_d5_s123,R_small,TYPE_R,1.072434,10,10,warm_start,0,6,1.00,6.0,0.000166,0.000236,0.000025,0.000129,True,399.769297,399.769297
rand_n10_m10_d5_s123,R_medium,TYPE_R,4.914947,10,10,warm_start,0,6,1.00,6.0,0.000166,0.000233,0.000025,0.000127,True,395.097118,395.097118
rand_n10_m10_d5_s123,R_medium,TYPE_R,4.289736,10,10,warm_start,0,6,1.00,6.0,0.000162,0.000235,0.000025,0.000128,True,405.805788,405.805788
rand_n10_m10_d5_s123,R_large,TYPE_R,12.287368,10,10,warm_start_dual,1,7,0.86,7.0,0.000188,0.000238,0.000047,0.000130,True,390.360392,390.360392
rand_n10_m10_d5_s123,R_large,TYPE_R,10.724340,10,10,warm_start_dual,1,5,0.80,5.0,0.000180,0.000229,0.000045,0.000122,True,410.386682,410.386682
rand_n10_m10_d5_s123,R_single,TYPE_R,5.560947,10,10,warm_start,0,6,1.00,6.0,0.000157,0.000227,0.000023,0.000121,True,397.757133,397.757133
rand_n10_m10_d5_s123,R_single,TYPE_R,0.153277,10,10,warm_start,0,6,1.00,6.0,0.000170,0.000237,0.000025,0.000129,True,397.757133,397.757133
rand_n10_m10_d5_s123,R_single,TYPE_R,1.755631,10,10,warm_start_dual,1,7,0.86,7.0,0.000181,0.000235,0.000045,0.000128,True,405.000862,405.000862
rand_n10_m10_d5_s123,R_all,TYPE_R,2.780474,10,10,warm_start_dual,1,7,0.86,7.0,0.000178,0.000234,0.000045,0.000127,True,411.635652,411.635652
rand_n10_m10_d5_s123,R_all,TYPE_R,2.780474,10,10,warm_start_dual,1,7,0.86,7.0,0.000182,0.000232,0.000045,0.000124,True,411.635652,411.635652
rand_n10_m10_d5_s123,C_small,TYPE_C,0.109012,10,10,warm_start,0,6,1.00,6.0,0.000158,0.000227,0.000024,0.000120,True,397.184498,397.184498
rand_n10_m10_d5_s123,C_small,TYPE_C,0.088124,10,10,warm_start,0,6,1.00,6.0,0.000153,0.000223,0.000022,0.000116,True,400.880772,400.880772
rand_n10_m10_d5_s123,C_small,TYPE_C,0.157624,10,10,warm_start,0,6,1.00,6.0,0.000162,0.000229,0.000023,0.000124,True,397.505823,397.505823
rand_n10_m10_d5_s123,R_large,TYPE_R,13.367522,10,10,warm_start,0,6,1.00,6.0,0.000178,0.000253,0.000027,0.000140,True,398.918707,398.918707
rand_n10_m10_d5_s123,C_medium,TYPE_C,0.352497,10,10,warm_start,0,6,1.00,6.0,0.000156,0.000230,0.000024,0.000121,True,410.251730,410.251730
rand_n10_m10_d5_s123,C_medium,TYPE_C,0.630495,10,10,warm_start,0,6,1.00,6.0,0.000157,0.000227,0.000023,0.000121,True,396.751914,396.751914
rand_n10_m10_d5_s123,C_large,TYPE_C,1.090124,10,10,warm_start,1,6,0.83,6.0,0.000175,0.000226,0.000043,0.000121,True,392.246656,392.246656
rand_n10_m10_d5_s123,R_medium,TYPE_R,5.347009,10,10,warm_start,0,6,1.00,6.0,0.000183,0.000255,0.000028,0.000141,True,398.221764,398.221764
rand_n10_m10_d5_s123,R_all,TYPE_R,2.780474,10,10,warm_start_dual,1,7,0.86,7.0,0.000179,0.000233,0.000044,0.000127,True,411.635652,411.635652
rand_n10_m10_d5_s123,C_large,TYPE_C,0.881242,10,10,warm_start,0,6,1.00,6.0,0.000158,0.000220,0.000022,0.000114,True,428.993579,428.993579
rand_n10_m10_d5_s456,R_small,TYPE_R,1.120205,10,10,warm_start,0,6,1.00,6.0,0.000176,0.000239,0.000025,0.000102,True,290.446149,290.446149
rand_n10_m10_d5_s456,R_small,TYPE_R,0.977708,10,10,warm_start_dual,1,5,0.80,5.0,0.000184,0.000178,0.000050,0.000070,True,298.585766,298.585766
rand_n10_m10_d5_s456,R_small,TYPE_R,1.218680,10,10,warm_start_dual,1,5,0.80,5.0,0.000216,0.000208,0.000052,0.000088,True,300.337715,300.337715
rand_n10_m10_d5_s456,R_medium,TYPE_R,4.480821,10,10,warm_start,0,6,1.00,6.0,0.000155,0.000181,0.000023,0.000076,True,275.834269,275.834269
rand_n10_m10_d5_s456,R_large,TYPE_R,11.202052,10,10,warm_start_dual,1,4,0.75,4.0,0.000181,0.000185,0.000044,0.000079,True,243.220698,243.220698
rand_n10_m10_d5_s456,R_medium,TYPE_R,4.874719,10,10,warm_start_dual,1,6,0.83,6.0,0.000193,0.000191,0.000047,0.000079,True,314.107433,314.107433
rand_n10_m10_d5_s456,R_medium,TYPE_R,3.910833,10,10,warm_start_dual,1,8,0.88,8.0,0.000209,0.000205,0.000055,0.000088,True,307.099647,307.099647
rand_n10_m10_d5_s456,R_large,TYPE_R,12.186797,10,10,warm_start_dual,2,5,0.60,2.5,0.000194,0.000192,0.000048,0.000077,True,339.899853,339.899853
rand_n10_m10_d5_s456,R_large,TYPE_R,9.777082,10,10,warm_start_dual,2,5,0.60,2.5,0.000177,0.000174,0.000043,0.000069,True,322.955858,322.955858
rand_n10_m10_d5_s123,C_large,TYPE_C,1.576237,10,10,warm_start,0,6,1.00,6.0,0.000167,0.001375,0.000028,0.000720,True,395.244068,395.244068
rand_n10_m10_d5_s456,R_single,TYPE_R,1.110692,10,10,warm_start,0,6,1.00,6.0,0.000153,0.000172,0.000022,0.000068,True,295.316773,295.316773
rand_n10_m10_d5_s456,R_single,TYPE_R,5.069761,10,10,warm_start_dual,1,6,0.83,6.0,0.000187,0.000189,0.000044,0.000076,True,314.751646,314.751646
rand_n10_m10_d5_s456,R_single,TYPE_R,0.040305,10,10,warm_start,0,6,1.00,6.0,0.000157,0.000188,0.000023,0.000075,True,295.316773,295.316773
rand_n10_m10_d5_s456,R_all,TYPE_R,2.534880,10,10,warm_start_dual,1,5,0.80,5.0,0.000181,0.000188,0.000043,0.000071,True,307.956906,307.956906
rand_n10_m10_d5_s123,C_medium,TYPE_C,0.436050,10,10,warm_start,0,6,1.00,6.0,0.001447,0.000294,0.000236,0.000156,True,395.466607,395.466607
rand_n10_m10_d5_s456,R_all,TYPE_R,2.534880,10,10,warm_start_dual,1,5,0.80,5.0,0.000188,0.000184,0.000045,0.000072,True,307.956906,307.956906
rand_n10_m10_d5_s456,R_all,TYPE_R,2.534880,10,10,warm_start_dual,1,5,0.80,5.0,0.000183,0.000193,0.000043,0.000074,True,307.956906,307.956906
rand_n10_m10_d5_s456,C_small,TYPE_C,0.127120,10,10,warm_start,0,5,1.00,5.0,0.000154,0.000172,0.000022,0.000068,True,294.509278,294.509278
rand_n10_m10_d5_s456,C_small,TYPE_C,0.161830,10,10,warm_start,0,6,1.00,6.0,0.000155,0.000175,0.000022,0.000069,True,296.039420,296.039420
rand_n10_m10_d5_s456,C_medium,TYPE_C,0.327604,10,10,warm_start,0,6,1.00,6.0,0.000157,0.000175,0.000022,0.000068,True,301.015430,301.015430
rand_n10_m10_d5_s456,C_medium,TYPE_C,0.647319,10,10,warm_start,1,5,0.80,5.0,0.000176,0.000176,0.000040,0.000068,True,299.364102,299.364102
rand_n10_m10_d5_s456,C_medium,TYPE_C,0.508480,10,10,warm_start,0,5,1.00,5.0,0.000173,0.000189,0.000026,0.000079,True,292.086689,292.086689
rand_n10_m10_d5_s456,C_large,TYPE_C,1.271201,10,10,warm_start,1,6,0.83,6.0,0.000186,0.000197,0.000042,0.000086,True,288.029896,288.029896
rand_n10_m10_d5_s456,C_large,TYPE_C,1.618297,10,10,warm_start,2,5,0.60,2.5,0.000178,0.000184,0.000041,0.000072,True,316.893397,316.893397
rand_n10_m10_d5_s789,R_small,TYPE_R,1.267515,10,10,warm_start,0,6,1.00,6.0,0.000165,0.000243,0.000024,0.000134,True,204.542217,204.542217
rand_n10_m10_d5_s789,R_small,TYPE_R,0.808707,10,10,warm_start,0,6,1.00,6.0,0.000162,0.000243,0.000024,0.000135,True,209.674069,209.674069
rand_n10_m10_d5_s789,R_small,TYPE_R,0.463180,10,10,warm_start,0,6,1.00,6.0,0.000158,0.000246,0.000023,0.000133,True,208.585829,208.585829
rand_n10_m10_d5_s789,R_medium,TYPE_R,5.070060,10,10,warm_start_dual,1,5,0.80,5.0,0.000184,0.000240,0.000043,0.000130,True,196.017650,196.017650
rand_n10_m10_d5_s789,R_medium,TYPE_R,3.234829,10,10,warm_start,0,6,1.00,6.0,0.000164,0.000251,0.000025,0.000141,True,216.698990,216.698990
rand_n10_m10_d5_s789,R_medium,TYPE_R,1.852720,10,10,warm_start,0,6,1.00,6.0,0.000167,0.000250,0.000024,0.000141,True,212.346028,212.346028
rand_n10_m10_d5_s789,R_large,TYPE_R,8.087072,10,10,warm_start_dual,3,3,0.00,1.0,0.000184,0.000236,0.000047,0.000128,True,226.727420,226.727420
rand_n10_m10_d5_s789,R_large,TYPE_R,4.631799,10,10,warm_start_dual,2,4,0.50,2.0,0.000180,0.000233,0.000044,0.000126,True,216.723126,216.723126
rand_n10_m10_d5_s789,R_single,TYPE_R,2.401751,10,10,warm_start,0,6,1.00,6.0,0.000157,0.000234,0.000022,0.000127,True,210.027695,210.027695
rand_n10_m10_d5_s456,C_large,TYPE_C,0.819009,10,10,warm_start,0,6,1.00,6.0,0.000181,0.000206,0.000027,0.000090,True,309.563387,309.563387
rand_n10_m10_d5_s789,R_single,TYPE_R,0.814385,10,10,warm_start,0,6,1.00,6.0,0.000160,0.000236,0.000023,0.000128,True,207.332430,207.332430
rand_n10_m10_d5_s789,R_single,TYPE_R,1.739789,10,10,warm_start,0,6,1.00,6.0,0.000159,0.000236,0.000023,0.000128,True,205.598053,205.598053
rand_n10_m10_d5_s789,R_all,TYPE_R,3.684836,10,10,warm_start,0,6,1.00,6.0,0.000159,0.000235,0.000023,0.000127,True,216.044708,216.044708
rand_n10_m10_d5_s789,R_all,TYPE_R,3.684836,10,10,warm_start,0,6,1.00,6.0,0.000158,0.000237,0.000023,0.000131,True,216.044708,216.044708
rand_n10_m10_d5_s789,R_all,TYPE_R,3.684836,10,10,warm_start,0,6,1.00,6.0,0.000155,0.000232,0.000022,0.000126,True,216.044708,216.044708
rand_n10_m10_d5_s789,R_large,TYPE_R,12.675150,10,10,warm_start_dual,1,5,0.80,5.0,0.000186,0.000311,0.000044,0.000171,True,178.071908,178.071908
rand_n10_m10_d5_s789,C_small,TYPE_C,0.208744,10,10,warm_start,0,6,1.00,6.0,0.000154,0.000231,0.000022,0.000123,True,209.547411,209.547411
rand_n10_m10_d5_s789,C_small,TYPE_C,0.156047,10,10,warm_start,0,6,1.00,6.0,0.000164,0.000241,0.000023,0.000132,True,208.143039,208.143039
rand_n10_m10_d5_s789,C_medium,TYPE_C,0.834976,10,10,warm_start,0,6,1.00,6.0,0.000158,0.000234,0.000022,0.000126,True,216.192370,216.192370
rand_n10_m10_d5_s789,C_medium,TYPE_C,0.624189,10,10,warm_start,0,6,1.00,6.0,0.000157,0.000233,0.000022,0.000126,True,210.574890,210.574890
rand_n10_m10_d5_s789,C_large,TYPE_C,2.087440,10,10,warm_start,0,6,1.00,6.0,0.000158,0.000236,0.000022,0.000128,True,229.482284,229.482284
rand_n10_m10_d5_s789,C_large,TYPE_C,0.990475,10,10,warm_start,0,6,1.00,6.0,0.000173,0.000259,0.000026,0.000144,True,201.495114,201.495114
rand_n10_m10_d5_s789,C_large,TYPE_C,1.560474,10,10,warm_start,0,6,1.00,6.0,0.000155,0.000232,0.000022,0.000124,True,215.438536,215.438536
rand_n10_m10_d5_s456,C_small,TYPE_C,0.081901,10,10,warm_start,0,6,1.00,6.0,0.000607,0.000630,0.000095,0.000280,True,296.741429,296.741429
rand_n10_m10_d5_s1024,R_small,TYPE_R,0.780290,10,10,warm_start,0,5,1.00,5.0,0.000157,0.000233,0.000023,0.000128,True,258.003249,258.003249
rand_n10_m10_d5_s1024,R_small,TYPE_R,0.497845,10,10,warm_start,0,7,1.00,7.0,0.000157,0.000236,0.000024,0.000129,True,259.934811,259.934811
rand_n10_m10_d5_s1024,R_small,TYPE_R,0.462875,10,10,warm_start,0,5,1.00,5.0,0.000158,0.000226,0.000023,0.000121,True,258.804573,258.804573
rand_n10_m10_d5_s1024,R_medium,TYPE_R,3.121158,10,10,warm_start_dual,1,5,0.80,5.0,0.000178,0.000234,0.000043,0.000128,True,252.828907,252.828907
rand_n10_m10_d5_s1024,R_medium,TYPE_R,1.851500,10,10,warm_start,0,5,1.00,5.0,0.000154,0.000227,0.000022,0.000120,True,256.039578,256.039578
rand_n10_m10_d5_s1024,R_medium,TYPE_R,1.991379,10,10,warm_start_dual,1,6,0.83,6.0,0.000184,0.000255,0.000047,0.000140,True,260.293069,260.293069
rand_n10_m10_d5_s1024,R_single,TYPE_R,1.250652,10,10,warm_start,0,5,1.00,5.0,0.000159,0.000227,0.000023,0.000121,True,259.726228,259.726228
rand_n10_m10_d5_s1024,R_large,TYPE_R,7.802896,10,10,warm_start_dual,1,9,0.89,9.0,0.000205,0.000267,0.000054,0.000154,True,242.360549,242.360549
rand_n10_m10_d5_s1024,R_single,TYPE_R,2.506212,10,10,warm_start_dual,1,6,0.83,6.0,0.000176,0.000231,0.000042,0.000125,True,258.132767,258.132767
rand_n10_m10_d5_s789,C_small,TYPE_C,0.099047,10,10,warm_start,0,6,1.00,6.0,0.000626,0.002110,0.000078,0.001362,True,206.748713,206.748713
rand_n10_m10_d5_s1024,R_single,TYPE_R,1.846953,10,10,warm_start_dual,1,7,0.86,7.0,0.000175,0.000230,0.000043,0.000124,True,269.045708,269.045708
rand_n10_m10_d5_s1024,R_all,TYPE_R,2.268407,10,10,warm_start,0,5,1.00,5.0,0.000262,0.000309,0.000043,0.000172,True,270.106496,270.106496
rand_n10_m10_d5_s1024,R_all,TYPE_R,2.268407,10,10,warm_start,0,5,1.00,5.0,0.000157,0.000224,0.000023,0.000119,True,270.106496,270.106496
rand_n10_m10_d5_s1024,R_all,TYPE_R,2.268407,10,10,warm_start,0,5,1.00,5.0,0.000168,0.000233,0.000026,0.000125,True,270.106496,270.106496
rand_n10_m10_d5_s1024,C_small,TYPE_C,0.126178,10,10,warm_start,1,8,0.88,8.0,0.000174,0.000231,0.000041,0.000125,True,258.158271,258.158271
rand_n10_m10_d5_s1024,C_small,TYPE_C,0.121212,10,10,warm_start,0,7,1.00,7.0,0.000153,0.000228,0.000022,0.000121,True,261.798905,261.798905
rand_n10_m10_d5_s1024,C_small,TYPE_C,0.116727,10,10,warm_start,0,5,1.00,5.0,0.000180,0.000258,0.000029,0.000140,True,258.657672,258.657672
rand_n10_m10_d5_s1024,C_medium,TYPE_C,0.504712,10,10,warm_start,1,9,0.89,9.0,0.000191,0.000257,0.000046,0.000142,True,253.613507,253.613507
rand_n10_m10_d5_s1024,C_medium,TYPE_C,0.466907,10,10,warm_start,1,6,0.83,6.0,0.000172,0.000224,0.000039,0.000119,True,255.482851,255.482851
rand_n10_m10_d5_s1024,C_medium,TYPE_C,0.484847,10,10,warm_start,0,7,1.00,7.0,0.000160,0.000231,0.000024,0.000124,True,268.016900,268.016900
rand_n10_m10_d5_s1024,C_large,TYPE_C,1.261780,10,10,warm_start,6,9,0.33,1.5,0.000179,0.000236,0.000046,0.000130,True,248.954803,248.954803
rand_n10_m10_d5_s1024,C_large,TYPE_C,1.167269,10,10,warm_start,1,6,0.83,6.0,0.000169,0.000224,0.000038,0.000118,True,249.197288,249.197288
rand_n10_m10_d5_s1024,C_large,TYPE_C,1.212117,10,10,warm_start,1,9,0.89,9.0,0.000183,0.000250,0.000042,0.000137,True,282.106158,282.106158
rand_n10_m10_d8_s42,R_small,TYPE_R,1.079431,10,10,warm_start,0,4,1.00,4.0,0.000171,0.000253,0.000025,0.000137,True,465.089438,465.089438
rand_n10_m10_d8_s42,R_small,TYPE_R,0.512182,10,10,warm_start,0,4,1.00,4.0,0.000168,0.000247,0.000024,0.000134,True,467.641221,467.641221
rand_n10_m10_d8_s42,R_medium,TYPE_R,4.317724,10,10,warm_start,0,4,1.00,4.0,0.000165,0.000240,0.000023,0.000129,True,455.734561,455.734561
rand_n10_m10_d8_s42,R_small,TYPE_R,0.806933,10,10,warm_start,0,4,1.00,4.0,0.000168,0.000253,0.000026,0.000140,True,469.682085,469.682085
rand_n10_m10_d8_s42,R_medium,TYPE_R,2.048729,10,10,warm_start,0,4,1.00,4.0,0.000162,0.000240,0.000023,0.000128,True,465.941693,465.941693
rand_n10_m10_d8_s42,R_medium,TYPE_R,3.227731,10,10,warm_start,0,4,1.00,4.0,0.000173,0.000257,0.000025,0.000139,True,474.105159,474.105159
rand_n10_m10_d8_s42,R_large,TYPE_R,10.794309,10,10,warm_start,0,4,1.00,4.0,0.000165,0.000263,0.000024,0.000139,True,437.024805,437.024805
rand_n10_m10_d5_s789,C_medium,TYPE_C,0.396190,10,10,warm_start,0,6,1.00,6.0,0.000779,0.000314,0.000100,0.000168,True,204.997520,204.997520
rand_n10_m10_d8_s42,R_large,TYPE_R,5.121821,10,10,warm_start,0,4,1.00,4.0,0.000164,0.000242,0.000023,0.000129,True,462.542637,462.542637
rand_n10_m10_d8_s42,R_large,TYPE_R,8.069327,10,10,warm_start,0,4,1.00,4.0,0.000162,0.000236,0.000023,0.000125,True,482.951305,482.951305
rand_n10_m10_d8_s42,R_single,TYPE_R,1.632470,10,10,warm_start,0,4,1.00,4.0,0.000168,0.000238,0.000025,0.000128,True,468.461711,468.461711
rand_n10_m10_d8_s42,R_single,TYPE_R,0.633513,10,10,warm_start,0,4,1.00,4.0,0.000160,0.000237,0.000022,0.000124,True,468.207730,468.207730
rand_n10_m10_d8_s42,R_all,TYPE_R,2.394934,10,10,warm_start,0,4,1.00,4.0,0.000164,0.000243,0.000023,0.000129,True,477.163219,477.163219
rand_n10_m10_d8_s42,R_all,TYPE_R,2.394934,10,10,warm_start,0,4,1.00,4.0,0.000162,0.000234,0.000022,0.000125,True,477.163219,477.163219
rand_n10_m10_d8_s42,R_all,TYPE_R,2.394934,10,10,warm_start,0,4,1.00,4.0,0.000176,0.000250,0.000026,0.000136,True,477.163219,477.163219
rand_n10_m10_d8_s42,C_small,TYPE_C,0.192894,10,10,warm_start,0,4,1.00,4.0,0.000161,0.000234,0.000022,0.000124,True,474.964101,474.964101
rand_n10_m10_d8_s42,C_small,TYPE_C,0.094732,10,10,warm_start,0,4,1.00,4.0,0.000160,0.000234,0.000024,0.000124,True,466.560233,466.560233
rand_n10_m10_d8_s42,C_small,TYPE_C,0.149471,10,10,warm_start,0,4,1.00,4.0,0.000160,0.000236,0.000022,0.000124,True,460.649179,460.649179
rand_n10_m10_d8_s42,C_medium,TYPE_C,0.771577,10,10,warm_start,0,4,1.00,4.0,0.000163,0.000238,0.000023,0.000125,True,495.233208,495.233208
rand_n10_m10_d5_s1024,R_large,TYPE_R,4.628751,10,10,warm_start_dual,1,5,0.80,5.0,0.005349,0.001570,0.001208,0.000984,True,250.392620,250.392620
rand_n10_m10_d8_s42,C_medium,TYPE_C,0.378929,10,10,warm_start,0,4,1.00,4.0,0.000162,0.000236,0.000022,0.000126,True,461.617806,461.617806
rand_n10_m10_d8_s42,C_medium,TYPE_C,0.597884,10,10,warm_start,0,4,1.00,4.0,0.000165,0.000239,0.000023,0.000126,True,437.973619,437.973619
rand_n10_m10_d8_s42,C_large,TYPE_C,1.928943,10,10,warm_start,0,4,1.00,4.0,0.000159,0.000231,0.000022,0.000121,True,535.771450,535.771450
rand_n10_m10_d8_s42,C_large,TYPE_C,0.947323,10,10,warm_start,1,4,0.75,4.0,0.000180,0.000234,0.000042,0.000124,True,451.837083,451.837083
rand_n10_m10_d8_s42,C_large,TYPE_C,1.494711,10,10,warm_start,1,4,0.75,4.0,0.000175,0.000234,0.000039,0.000123,True,394.220959,394.220959
rand_n10_m10_d5_s1024,R_large,TYPE_R,4.978448,10,10,warm_start_dual,1,7,0.86,7.0,0.001136,0.001342,0.000167,0.000402,True,259.401923,259.401923
rand_n10_m10_d8_s123,R_small,TYPE_R,1.201770,10,10,warm_start,0,9,1.00,9.0,0.000166,0.000195,0.000024,0.000084,True,342.084070,342.084070
rand_n10_m10_d8_s123,R_medium,TYPE_R,5.507691,10,10,warm_start_dual,1,11,0.91,11.0,0.000195,0.000201,0.000052,0.000090,True,313.570671,313.570671
rand_n10_m10_d8_s123,R_medium,TYPE_R,5.991859,10,10,warm_start,0,9,1.00,9.0,0.000166,0.000195,0.000024,0.000085,True,344.265635,344.265635
rand_n10_m10_d8_s123,R_small,TYPE_R,1.376923,10,10,warm_start,0,10,1.00,10.0,0.000168,0.000207,0.000024,0.000095,True,333.118085,333.118085
rand_n10_m10_d8_s123,R_large,TYPE_R,13.769228,10,10,warm_start_dual,4,12,0.67,3.0,0.000203,0.000206,0.000060,0.000095,True,203.982832,203.982832
rand_n10_m10_d8_s42,R_single,TYPE_R,4.145650,10,10,warm_start,0,4,1.00,4.0,0.000184,0.000271,0.000028,0.000149,True,485.969086,485.969086
rand_n10_m10_d8_s123,R_large,TYPE_R,14.979648,10,10,warm_start_dual,1,10,0.90,10.0,0.000218,0.000218,0.000059,0.000099,True,349.188086,349.188086
rand_n10_m10_d8_s123,R_single,TYPE_R,6.231599,10,10,warm_start,0,9,1.00,9.0,0.000171,0.000194,0.000025,0.000082,True,338.927626,338.927626
rand_n10_m10_d8_s123,R_single,TYPE_R,3.822264,10,10,warm_start,0,9,1.00,9.0,0.000171,0.000191,0.000029,0.000081,True,338.927626,338.927626
rand_n10_m10_d8_s123,R_all,TYPE_R,3.115799,10,10,warm_start,0,8,1.00,8.0,0.000164,0.000194,0.000024,0.000082,True,352.389238,352.389238
rand_n10_m10_d8_s123,R_medium,TYPE_R,4.807079,10,10,warm_start_dual,1,14,0.93,14.0,0.000189,0.000211,0.000048,0.000100,True,351.032906,351.032906
rand_n10_m10_d8_s123,R_small,TYPE_R,1.497965,10,10,warm_start,0,9,1.00,9.0,0.000230,0.000238,0.000036,0.000112,True,340.262127,340.262127
rand_n10_m10_d8_s123,R_all,TYPE_R,3.115799,10,10,warm_start,0,8,1.00,8.0,0.000180,0.000206,0.000027,0.000091,True,352.389238,352.389238
rand_n10_m10_d8_s123,R_all,TYPE_R,3.115799,10,10,warm_start,0,8,1.00,8.0,0.000171,0.000207,0.000026,0.000088,True,352.389238,352.389238
rand_n10_m10_d8_s123,C_small,TYPE_C,0.109012,10,10,warm_start,0,9,1.00,9.0,0.000174,0.000192,0.000029,0.000081,True,338.104772,338.104772
rand_n10_m10_d8_s123,C_small,TYPE_C,0.088124,10,10,warm_start,0,9,1.00,9.0,0.000161,0.000186,0.000023,0.000078,True,341.060148,341.060148
rand_n10_m10_d8_s123,C_small,TYPE_C,0.157624,10,10,warm_start,0,9,1.00,9.0,0.000163,0.000200,0.000023,0.000084,True,337.235380,337.235380
rand_n10_m10_d8_s123,R_large,TYPE_R,12.017697,10,10,warm_start_dual,3,7,0.57,2.3,0.000187,0.004286,0.000048,0.000140,True,356.953904,356.953904
rand_n10_m10_d8_s123,C_medium,TYPE_C,0.436050,10,10,warm_start,0,9,1.00,9.0,0.000190,0.000216,0.000029,0.000095,True,335.636218,335.636218
rand_n10_m10_d8_s123,C_medium,TYPE_C,0.352497,10,10,warm_start,0,9,1.00,9.0,0.000193,0.000220,0.000032,0.000100,True,347.457752,347.457752
rand_n10_m10_d8_s123,C_medium,TYPE_C,0.630495,10,10,warm_start,0,9,1.00,9.0,0.000189,0.000223,0.000029,0.000102,True,332.158638,332.158638
rand_n10_m10_d8_s123,C_large,TYPE_C,1.090124,10,10,warm_start,0,10,1.00,10.0,0.000189,0.000230,0.000029,0.000113,True,330.699119,330.699119
rand_n10_m10_d8_s123,C_large,TYPE_C,0.881242,10,10,warm_start,0,9,1.00,9.0,0.000195,0.000223,0.000031,0.000102,True,360.252913,360.252913
rand_n10_m10_d8_s123,R_single,TYPE_R,4.541156,10,10,warm_start,0,8,1.00,8.0,0.000253,0.000244,0.000042,0.000114,True,353.277478,353.277478
rand_n10_m10_d8_s123,C_large,TYPE_C,1.576237,10,10,warm_start,0,14,1.00,14.0,0.000203,0.000230,0.000032,0.000109,True,322.005151,322.005151
rand_n10_m10_d8_s456,R_small,TYPE_R,1.830604,10,10,warm_start,0,6,1.00,6.0,0.000189,0.000211,0.000029,0.000092,True,297.388740,297.388740
rand_n10_m10_d8_s456,R_small,TYPE_R,1.682683,10,10,warm_start,0,5,1.00,5.0,0.000195,0.000213,0.000030,0.000092,True,287.190650,287.190650
rand_n10_m10_d8_s456,R_small,TYPE_R,1.468636,10,10,warm_start,0,6,1.00,6.0,0.000188,0.000213,0.000029,0.000093,True,296.356878,296.356878
rand_n10_m10_d8_s456,R_medium,TYPE_R,5.874543,10,10,warm_start,0,6,1.00,6.0,0.000192,0.000217,0.000032,0.000096,True,309.004066,309.004066
rand_n10_m10_d8_s456,R_medium,TYPE_R,7.322416,10,10,warm_start_dual,1,5,0.80,5.0,0.000219,0.000206,0.000058,0.000086,True,312.759257,312.759257
rand_n10_m10_d8_s456,R_large,TYPE_R,18.306040,10,10,warm_start_dual,2,4,0.50,2.0,0.000230,0.000213,0.000060,0.000090,True,341.428217,341.428217
rand_n10_m10_d8_s456,R_medium,TYPE_R,6.730733,10,10,warm_start,0,6,1.00,6.0,0.000186,0.000211,0.000028,0.000090,True,272.339154,272.339154
rand_n10_m10_d8_s456,R_large,TYPE_R,14.686356,10,10,warm_start_dual,2,4,0.50,2.0,0.000220,0.000209,0.000060,0.000086,True,332.678105,332.678105
rand_n10_m10_d8_s456,R_single,TYPE_R,0.262478,10,10,warm_start,0,5,1.00,5.0,0.000187,0.000209,0.000028,0.000091,True,292.141148,292.141148
rand_n10_m10_d8_s456,R_all,TYPE_R,3.807696,10,10,warm_start,0,6,1.00,6.0,0.000175,0.000203,0.000026,0.000087,True,303.652250,303.652250
rand_n10_m10_d8_s456,R_single,TYPE_R,7.615392,10,10,warm_start_dual,1,5,0.80,5.0,0.000217,0.000211,0.000058,0.000089,True,313.682948,313.682948
rand_n10_m10_d8_s456,R_large,TYPE_R,16.826833,10,10,warm_start_dual,1,6,0.83,6.0,0.000264,0.000228,0.000069,0.000102,True,237.938469,237.938469
rand_n10_m10_d8_s456,R_all,TYPE_R,3.807696,10,10,warm_start,0,6,1.00,6.0,0.000208,0.000220,0.000033,0.000097,True,303.652250,303.652250
rand_n10_m10_d8_s456,R_single,TYPE_R,0.812673,10,10,warm_start,0,5,1.00,5.0,0.000193,0.000209,0.000028,0.000090,True,292.838062,292.838062
rand_n10_m10_d8_s456,C_small,TYPE_C,0.127120,10,10,warm_start,0,4,1.00,4.0,0.000190,0.000208,0.000029,0.000088,True,290.466423,290.466423
rand_n10_m10_d8_s456,R_all,TYPE_R,3.807696,10,10,warm_start,0,6,1.00,6.0,0.000183,0.000213,0.000028,0.000096,True,303.652250,303.652250
rand_n10_m10_d8_s456,C_small,TYPE_C,0.081901,10,10,warm_start,0,5,1.00,5.0,0.000184,0.000207,0.000028,0.000086,True,291.496991,291.496991
rand_n10_m10_d8_s456,C_small,TYPE_C,0.161830,10,10,warm_start,1,6,0.83,6.0,0.000212,0.000221,0.000051,0.000098,True,293.315414,293.315414
rand_n10_m10_d8_s456,C_large,TYPE_C,1.271201,10,10,warm_start,1,4,0.75,4.0,0.000196,0.000199,0.000046,0.000083,True,276.967084,276.967084
rand_n10_m10_d8_s456,C_large,TYPE_C,0.819009,10,10,warm_start,3,7,0.57,2.3,0.000193,0.000200,0.000046,0.000085,True,297.075188,297.075188
rand_n10_m10_d8_s789,R_small,TYPE_R,1.519061,10,10,warm_start_dual,1,7,0.86,7.0,0.000196,0.000201,0.000047,0.000086,True,176.934762,176.934762
rand_n10_m10_d8_s456,C_large,TYPE_C,1.618297,10,10,warm_start,4,4,0.00,1.0,0.000198,0.000208,0.000049,0.000081,True,313.941343,313.941343
rand_n10_m10_d8_s789,R_small,TYPE_R,0.969200,10,10,warm_start,0,6,1.00,6.0,0.000175,0.000199,0.000025,0.000084,True,180.821261,180.821261
rand_n10_m10_d8_s789,R_small,TYPE_R,0.669474,10,10,warm_start,0,6,1.00,6.0,0.000198,0.000203,0.000032,0.000087,True,179.786884,179.786884
rand_n10_m10_d8_s456,C_medium,TYPE_C,0.508480,10,10,warm_start,0,4,1.00,4.0,0.000213,0.000231,0.000035,0.000106,True,285.442190,285.442190
rand_n10_m10_d8_s789,R_medium,TYPE_R,6.076245,10,10,warm_start_dual,2,7,0.71,3.5,0.000201,0.000205,0.000052,0.000088,True,168.104798,168.104798
rand_n10_m10_d8_s789,R_medium,TYPE_R,3.876801,10,10,warm_start_dual,1,6,0.83,6.0,0.000197,0.000202,0.000048,0.000085,True,183.899104,183.899104
rand_n10_m10_d8_s789,R_medium,TYPE_R,2.677895,10,10,warm_start_dual,1,6,0.83,6.0,0.000188,0.000196,0.000044,0.000081,True,180.229051,180.229051
rand_n10_m10_d8_s789,R_large,TYPE_R,15.190613,10,10,warm_start_dual,2,7,0.71,3.5,0.000217,0.000219,0.000056,0.000096,True,146.828085,146.828085
rand_n10_m10_d8_s789,R_large,TYPE_R,9.692003,10,10,warm_start_dual,1,6,0.83,6.0,0.000189,0.000196,0.000045,0.000080,True,189.804954,189.804954
rand_n10_m10_d8_s789,R_large,TYPE_R,6.694736,10,10,warm_start_dual,1,7,0.86,7.0,0.000193,0.000203,0.000046,0.000088,True,180.629826,180.629826
rand_n10_m10_d8_s789,R_single,TYPE_R,3.029207,10,10,warm_start_dual,1,7,0.86,7.0,0.000193,0.000200,0.000047,0.000085,True,178.673829,178.673829
rand_n10_m10_d8_s789,R_single,TYPE_R,0.640650,10,10,warm_start,0,6,1.00,6.0,0.000177,0.000209,0.000027,0.000093,True,179.100788,179.100788
rand_n10_m10_d8_s789,R_all,TYPE_R,4.416115,10,10,warm_start_dual,1,6,0.83,6.0,0.000187,0.000190,0.000043,0.000078,True,188.242284,188.242284
rand_n10_m10_d8_s789,R_all,TYPE_R,4.416115,10,10,warm_start_dual,1,6,0.83,6.0,0.000206,0.000200,0.000047,0.000082,True,188.242284,188.242284
rand_n10_m10_d8_s789,R_all,TYPE_R,4.416115,10,10,warm_start_dual,1,6,0.83,6.0,0.000187,0.000194,0.000043,0.000080,True,188.242284,188.242284
rand_n10_m10_d8_s456,C_medium,TYPE_C,0.647319,10,10,warm_start,2,5,0.60,2.5,0.000884,0.000250,0.000170,0.000108,True,299.843663,299.843663
rand_n10_m10_d8_s789,C_small,TYPE_C,0.208744,10,10,warm_start,0,6,1.00,6.0,0.000174,0.000196,0.000028,0.000081,True,181.669749,181.669749
rand_n10_m10_d8_s789,C_small,TYPE_C,0.099047,10,10,warm_start,0,6,1.00,6.0,0.000174,0.000200,0.000027,0.000083,True,179.528763,179.528763
rand_n10_m10_d8_s789,C_small,TYPE_C,0.156047,10,10,warm_start,0,6,1.00,6.0,0.000172,0.000198,0.000026,0.000082,True,178.837093,178.837093
rand_n10_m10_d8_s789,C_medium,TYPE_C,0.834976,10,10,warm_start,0,6,1.00,6.0,0.000167,0.000194,0.000024,0.000080,True,188.328683,188.328683
rand_n10_m10_d8_s789,C_medium,TYPE_C,0.624189,10,10,warm_start,0,6,1.00,6.0,0.000167,0.000194,0.000024,0.000079,True,176.998093,176.998093
rand_n10_m10_d8_s789,C_medium,TYPE_C,0.396190,10,10,warm_start,0,6,1.00,6.0,0.000173,0.000196,0.000025,0.000082,True,179.764702,179.764702
rand_n10_m10_d8_s789,C_large,TYPE_C,2.087440,10,10,warm_start,0,6,1.00,6.0,0.000178,0.000203,0.000027,0.000086,True,201.646580,201.646580
rand_n10_m10_d8_s789,C_large,TYPE_C,0.990475,10,10,warm_start,0,6,1.00,6.0,0.000165,0.000194,0.000023,0.000080,True,180.236559,180.236559
rand_n10_m10_d8_s789,C_large,TYPE_C,1.560474,10,10,warm_start,0,6,1.00,6.0,0.000172,0.000198,0.000027,0.000083,True,173.320042,173.320042
rand_n10_m10_d8_s1024,R_small,TYPE_R,0.827649,10,10,warm_start,0,9,1.00,9.0,0.000173,0.000205,0.000027,0.000092,True,175.254149,175.254149
rand_n10_m10_d8_s456,C_medium,TYPE_C,0.327604,10,10,warm_start,5,3,-0.67,0.6,0.005035,0.000950,0.003676,0.000512,True,292.044278,292.044278
rand_n10_m10_d8_s1024,R_small,TYPE_R,0.896027,10,10,warm_start,0,9,1.00,9.0,0.000169,0.000200,0.000025,0.000089,True,180.778832,180.778832
rand_n10_m10_d8_s1024,R_small,TYPE_R,1.022740,10,10,warm_start,0,9,1.00,9.0,0.000170,0.000210,0.000025,0.000097,True,182.048364,182.048364
rand_n10_m10_d8_s1024,R_medium,TYPE_R,3.310595,10,10,warm_start,0,9,1.00,9.0,0.000170,0.000199,0.000026,0.000086,True,162.907682,162.907682
rand_n10_m10_d8_s789,R_single,TYPE_R,0.135990,10,10,warm_start,0,6,1.00,6.0,0.000168,0.005824,0.000024,0.005709,True,179.353502,179.353502
rand_n10_m10_d8_s1024,R_medium,TYPE_R,3.584107,10,10,warm_start,0,9,1.00,9.0,0.000173,0.000201,0.000027,0.000089,True,185.006413,185.006413
rand_n10_m10_d8_s1024,R_large,TYPE_R,8.276489,10,10,warm_start_dual,2,12,0.83,6.0,0.000207,0.000212,0.000053,0.000100,True,135.849316,135.849316
rand_n10_m10_d8_s1024,R_large,TYPE_R,8.960266,10,10,warm_start_dual,1,9,0.89,9.0,0.000197,0.000200,0.000045,0.000086,True,192.755656,192.755656
rand_n10_m10_d8_s1024,R_single,TYPE_R,3.727510,10,10,warm_start,0,9,1.00,9.0,0.000171,0.000197,0.000026,0.000087,True,188.369176,188.369176
rand_n10_m10_d8_s1024,R_large,TYPE_R,10.227402,10,10,warm_start_dual,1,8,0.88,8.0,0.000210,0.000209,0.000053,0.000092,True,205.053143,205.053143
rand_n10_m10_d8_s1024,R_single,TYPE_R,0.041231,10,10,warm_start,0,9,1.00,9.0,0.000197,0.000222,0.000031,0.000104,True,179.369640,179.369640
rand_n10_m10_d8_s1024,R_single,TYPE_R,4.811835,10,10,warm_start,0,9,1.00,9.0,0.000193,0.000221,0.000030,0.000102,True,197.122006,197.122006
rand_n10_m10_d8_s1024,R_all,TYPE_R,3.207138,10,10,warm_start,0,9,1.00,9.0,0.000171,0.000198,0.000027,0.000087,True,195.941920,195.941920
rand_n10_m10_d8_s1024,C_small,TYPE_C,0.126178,10,10,warm_start,0,9,1.00,9.0,0.000165,0.000194,0.000024,0.000083,True,178.510138,178.510138
rand_n10_m10_d8_s1024,R_medium,TYPE_R,4.090961,10,10,warm_start,0,9,1.00,9.0,0.000169,0.000210,0.000025,0.000096,True,190.084522,190.084522
rand_n10_m10_d8_s1024,C_small,TYPE_C,0.116727,10,10,warm_start,0,9,1.00,9.0,0.000167,0.000195,0.000024,0.000085,True,178.534167,178.534167
rand_n10_m10_d8_s1024,C_small,TYPE_C,0.121212,10,10,warm_start,0,9,1.00,9.0,0.000173,0.000202,0.000026,0.000088,True,181.213580,181.213580
rand_n10_m10_d8_s1024,C_medium,TYPE_C,0.504712,10,10,warm_start,0,10,1.00,10.0,0.000179,0.000208,0.000029,0.000093,True,175.931676,175.931676
rand_n10_m10_d8_s1024,R_all,TYPE_R,3.207138,10,10,warm_start,0,9,1.00,9.0,0.000191,0.000216,0.000032,0.000098,True,195.941920,195.941920
rand_n10_m10_d8_s1024,C_medium,TYPE_C,0.466907,10,10,warm_start,0,8,1.00,8.0,0.000176,0.000206,0.000027,0.000088,True,176.027782,176.027782
rand_n10_m10_d8_s1024,C_medium,TYPE_C,0.484847,10,10,warm_start,0,9,1.00,9.0,0.000174,0.000201,0.000028,0.000090,True,186.745374,186.745374
rand_n10_m10_d8_s1024,C_large,TYPE_C,1.212117,10,10,warm_start,1,12,0.92,12.0,0.000191,0.000206,0.000046,0.000094,True,199.730896,199.730896
rand_n10_m10_d8_s1024,C_large,TYPE_C,1.167269,10,10,warm_start,0,8,1.00,8.0,0.000194,0.000228,0.000032,0.000104,True,171.014971,171.014971
rand_n10_m20_d3_s42,R_small,TYPE_R,1.067845,10,20,warm_start,0,8,1.00,8.0,0.000205,0.000309,0.000028,0.000152,True,173.103977,173.103977
rand_n10_m20_d3_s42,R_small,TYPE_R,0.904204,10,20,warm_start,0,8,1.00,8.0,0.000217,0.000302,0.000027,0.000158,True,172.014905,172.014905
rand_n10_m20_d3_s42,R_medium,TYPE_R,4.294617,10,20,warm_start_dual,3,7,0.57,2.3,0.000243,0.000305,0.000056,0.000147,True,167.083996,167.083996
rand_n10_m20_d3_s42,R_medium,TYPE_R,4.271380,10,20,warm_start_dual,1,7,0.86,7.0,0.000235,0.000297,0.000054,0.000153,True,173.360875,173.360875
rand_n10_m10_d8_s1024,R_all,TYPE_R,3.207138,10,10,warm_start,0,9,1.00,9.0,0.000580,0.000269,0.000094,0.000121,True,195.941920,195.941920
rand_n10_m20_d3_s42,R_medium,TYPE_R,3.616816,10,20,warm_start,0,7,1.00,7.0,0.000204,0.000287,0.000027,0.000145,True,171.009958,171.009958
rand_n10_m20_d3_s42,R_large,TYPE_R,10.736543,10,20,warm_start_dual,4,9,0.56,2.2,0.000245,0.000310,0.000061,0.000162,True,141.067978,141.067978
rand_n10_m20_d3_s42,R_large,TYPE_R,10.678449,10,20,warm_start_dual,2,6,0.67,3.0,0.000240,0.000291,0.000054,0.000148,True,171.755458,171.755458
rand_n10_m20_d3_s42,R_single,TYPE_R,4.442281,10,20,warm_start_dual,1,7,0.86,7.0,0.000236,0.000305,0.000051,0.000152,True,173.063926,173.063926
rand_n10_m20_d3_s42,R_single,TYPE_R,1.695465,10,20,warm_start,0,8,1.00,8.0,0.000205,0.000294,0.000028,0.000151,True,172.349886,172.349886
rand_n10_m20_d3_s42,R_all,TYPE_R,3.121038,10,20,warm_start_dual,1,8,0.88,8.0,0.000224,0.000296,0.000050,0.000146,True,178.143670,178.143670
rand_n10_m20_d3_s42,R_single,TYPE_R,6.242077,10,20,warm_start,0,7,1.00,7.0,0.000214,0.000304,0.000030,0.000159,True,172.349886,172.349886
rand_n10_m20_d3_s42,R_all,TYPE_R,3.121038,10,20,warm_start_dual,1,8,0.88,8.0,0.000235,0.000297,0.000054,0.000152,True,178.143670,178.143670
rand_n10_m20_d3_s42,R_all,TYPE_R,3.121038,10,20,warm_start_dual,1,8,0.88,8.0,0.000231,0.000293,0.000050,0.000148,True,178.143670,178.143670
rand_n10_m20_d3_s42,C_small,TYPE_C,0.134945,10,20,warm_start,0,8,1.00,8.0,0.000205,0.000292,0.000026,0.000140,True,173.761108,173.761108
rand_n10_m20_d3_s42,C_small,TYPE_C,0.146808,10,20,warm_start,0,8,1.00,8.0,0.000202,0.000289,0.000027,0.000146,True,171.402606,171.402606
rand_n10_m20_d3_s42,C_small,TYPE_C,0.117779,10,20,warm_start,0,8,1.00,8.0,0.000197,0.000290,0.000025,0.000141,True,172.680129,172.680129
rand_n10_m20_d3_s42,C_medium,TYPE_C,0.539780,10,20,warm_start,0,8,1.00,8.0,0.000198,0.000291,0.000026,0.000142,True,177.994736,177.994736
rand_n10_m20_d3_s42,C_medium,TYPE_C,0.587231,10,20,warm_start,0,8,1.00,8.0,0.000207,0.000286,0.000025,0.000145,True,168.560678,168.560678
rand_n10_m20_d3_s42,C_large,TYPE_C,1.349450,10,20,warm_start,1,10,0.90,10.0,0.000227,0.000300,0.000046,0.000150,True,186.485827,186.485827
rand_n10_m20_d3_s42,C_large,TYPE_C,1.468076,10,20,warm_start,0,9,1.00,9.0,0.000208,0.000284,0.000027,0.000144,True,162.876856,162.876856
rand_n10_m20_d3_s42,R_small,TYPE_R,1.073654,10,20,warm_start,0,7,1.00,7.0,0.001397,0.001163,0.000627,0.000507,True,171.395598,171.395598
rand_n10_m10_d8_s1024,C_large,TYPE_C,1.261780,10,10,warm_start,0,9,1.00,9.0,0.000190,0.000219,0.000032,0.000101,True,170.774690,170.774690
rand_n10_m20_d3_s42,R_large,TYPE_R,9.042040,10,20,warm_start_dual,1,5,0.80,5.0,0.000251,0.000317,0.000056,0.000167,True,165.695362,165.695362
rand_n10_m20_d3_s42,C_large,TYPE_C,1.177791,10,20,warm_start,0,8,1.00,8.0,0.000196,0.000274,0.000025,0.000135,True,175.652118,175.652118
rand_n10_m20_d3_s42,C_medium,TYPE_C,0.471117,10,20,warm_start,0,8,1.00,8.0,0.000202,0.000281,0.000024,0.000139,True,173.670808,173.670808
rand_n10_m20_d3_s123,R_medium,TYPE_R,3.899987,10,20,warm_start_dual,2,7,0.71,3.5,0.000233,0.000299,0.000059,0.000153,True,207.591157,207.591157
rand_n10_m20_d3_s123,R_medium,TYPE_R,4.164769,10,20,warm_start_dual,2,7,0.71,3.5,0.000249,0.000306,0.000062,0.000158,True,225.885276,225.885276
rand_n10_m20_d3_s123,R_small,TYPE_R,1.041192,10,20,warm_start,0,7,1.00,7.0,0.000219,0.000321,0.000030,0.000160,True,219.706679,219.706679
rand_n10_m20_d3_s123,R_medium,TYPE_R,3.341262,10,20,warm_start_dual,2,7,0.71,3.5,0.000248,0.000307,0.000059,0.000159,True,216.879115,216.879115
rand_n10_m20_d3_s123,R_large,TYPE_R,10.411922,10,20,warm_start_dual,3,6,0.50,2.0,0.000231,0.000280,0.000057,0.000140,True,215.533787,215.533787
rand_n10_m20_d3_s123,R_large,TYPE_R,9.749966,10,20,warm_start_dual,2,7,0.71,3.5,0.000250,0.000298,0.000065,0.000155,True,178.012827,178.012827
rand_n10_m20_d3_s123,R_single,TYPE_R,4.331405,10,20,warm_start,0,7,1.00,7.0,0.000208,0.000292,0.000030,0.000149,True,216.693086,216.693086
rand_n10_m20_d3_s123,R_single,TYPE_R,3.404943,10,20,warm_start_dual,2,7,0.71,3.5,0.000232,0.000291,0.000056,0.000147,True,212.112977,212.112977
rand_n10_m20_d3_s123,R_single,TYPE_R,5.668495,10,20,warm_start,0,7,1.00,7.0,0.000204,0.000300,0.000026,0.000145,True,216.693086,216.693086
rand_n10_m20_d3_s123,R_all,TYPE_R,3.156087,10,20,warm_start,0,8,1.00,8.0,0.000195,0.000281,0.000025,0.000140,True,235.688084,235.688084
rand_n10_m20_d3_s123,R_all,TYPE_R,3.156087,10,20,warm_start,0,8,1.00,8.0,0.000202,0.000291,0.000028,0.000147,True,235.688084,235.688084
rand_n10_m20_d3_s123,R_all,TYPE_R,3.156087,10,20,warm_start,0,8,1.00,8.0,0.000217,0.000292,0.000029,0.000151,True,235.688084,235.688084
rand_n10_m20_d3_s123,R_small,TYPE_R,0.974997,10,20,warm_start_dual,1,7,0.86,7.0,0.000328,0.000338,0.000083,0.000176,True,215.997468,215.997468
rand_n10_m20_d3_s123,R_small,TYPE_R,0.835316,10,20,warm_start,0,7,1.00,7.0,0.000238,0.000317,0.000030,0.000170,True,216.996505,216.996505
rand_n10_m20_d3_s123,R_large,TYPE_R,8.353155,10,20,warm_start_dual,5,8,0.38,1.6,0.000267,0.000323,0.000077,0.000170,True,201.221803,201.221803
rand_n10_m20_d3_s123,C_medium,TYPE_C,0.348581,10,20,warm_start,0,7,1.00,7.0,0.000309,0.000335,0.000044,0.000177,True,226.191100,226.191100
rand_n10_m20_d3_s123,C_medium,TYPE_C,0.488958,10,20,warm_start,1,8,0.88,8.0,0.000315,0.000329,0.000072,0.000176,True,216.992782,216.992782
rand_n10_m20_d3_s123,C_medium,TYPE_C,0.637114,10,20,warm_start,0,7,1.00,7.0,0.000256,0.000312,0.000032,0.000162,True,217.565324,217.565324
rand_n10_m20_d3_s123,C_small,TYPE_C,0.159278,10,20,warm_start,0,7,1.00,7.0,0.000226,0.000327,0.000030,0.000172,True,216.911130,216.911130
rand_n10_m20_d3_s123,C_large,TYPE_C,1.222394,10,20,warm_start,1,8,0.88,8.0,0.000225,0.000285,0.000048,0.000143,True,218.516232,218.516232
rand_n10_m20_d3_s123,C_large,TYPE_C,0.871453,10,20,warm_start,2,8,0.75,4.0,0.000223,0.000289,0.000048,0.000148,True,242.515887,242.515887
rand_n10_m20_d3_s123,C_small,TYPE_C,0.122239,10,20,warm_start,0,7,1.00,7.0,0.000785,0.000977,0.000114,0.000476,True,216.472721,216.472721
rand_n10_m20_d3_s123,C_large,TYPE_C,1.592785,10,20,warm_start,1,7,0.86,7.0,0.000230,0.000293,0.000052,0.000147,True,219.308903,219.308903
rand_n10_m20_d3_s456,R_small,TYPE_R,0.531771,10,20,warm_start,0,3,1.00,3.0,0.000204,0.000279,0.000028,0.000138,True,389.549289,389.549289
rand_n10_m20_d3_s456,R_small,TYPE_R,0.417838,10,20,warm_start,0,3,1.00,3.0,0.000203,0.000284,0.000027,0.000140,True,385.810258,385.810258
rand_n10_m20_d3_s456,R_small,TYPE_R,0.433892,10,20,warm_start,0,3,1.00,3.0,0.000200,0.000279,0.000025,0.000139,True,389.440392,389.440392
rand_n10_m20_d3_s456,R_medium,TYPE_R,2.127083,10,20,warm_start_dual,1,2,0.50,2.0,0.000232,0.000289,0.000055,0.000143,True,396.862390,396.862390
rand_n10_m20_d3_s456,R_medium,TYPE_R,1.671352,10,20,warm_start,0,3,1.00,3.0,0.000197,0.000271,0.000025,0.000133,True,382.087444,382.087444
rand_n10_m20_d3_s456,R_medium,TYPE_R,1.735567,10,20,warm_start,0,3,1.00,3.0,0.000196,0.000272,0.000025,0.000134,True,396.607977,396.607977
rand_n10_m20_d3_s456,R_large,TYPE_R,4.178380,10,20,warm_start_dual,1,2,0.50,2.0,0.000236,0.000286,0.000052,0.000142,True,373.466371,373.466371
rand_n10_m20_d3_s456,R_large,TYPE_R,4.338918,10,20,warm_start_dual,2,1,-1.00,0.5,0.000222,0.000281,0.000051,0.000139,True,404.129232,404.129232
rand_n10_m20_d3_s456,R_single,TYPE_R,1.064271,10,20,warm_start,0,3,1.00,3.0,0.000195,0.000280,0.000025,0.000132,True,387.051197,387.051197
rand_n10_m20_d3_s456,R_single,TYPE_R,0.037788,10,20,warm_start,0,3,1.00,3.0,0.000199,0.000290,0.000025,0.000147,True,387.051197,387.051197
rand_n10_m20_d3_s456,R_large,TYPE_R,5.317708,10,20,warm_start_dual,1,2,0.50,2.0,0.000277,0.000316,0.000063,0.000156,True,406.156184,406.156184
rand_n10_m20_d3_s456,R_all,TYPE_R,1.599586,10,20,warm_start,0,3,1.00,3.0,0.000194,0.000273,0.000025,0.000126,True,398.551760,398.551760
rand_n10_m20_d3_s456,R_all,TYPE_R,1.599586,10,20,warm_start,0,3,1.00,3.0,0.000192,0.000269,0.000024,0.000132,True,398.551760,398.551760
rand_n10_m20_d3_s123,C_small,TYPE_C,0.087145,10,20,warm_start,0,7,1.00,7.0,0.001076,0.002134,0.000310,0.001589,True,219.067589,219.067589
rand_n10_m20_d3_s456,R_single,TYPE_R,0.331413,10,20,warm_start,0,3,1.00,3.0,0.000195,0.001635,0.000024,0.000762,True,387.051197,387.051197
rand_n10_m20_d3_s456,R_all,TYPE_R,1.599586,10,20,warm_start,0,3,1.00,3.0,0.000210,0.000281,0.000032,0.000138,True,398.551760,398.551760
rand_n10_m20_d3_s456,C_small,TYPE_C,0.182191,10,20,warm_start,0,3,1.00,3.0,0.000194,0.000265,0.000025,0.000128,True,389.036242,389.036242
rand_n10_m20_d3_s456,C_small,TYPE_C,0.134589,10,20,warm_start,0,3,1.00,3.0,0.000193,0.000269,0.000024,0.000130,True,391.796651,391.796651
rand_n10_m20_d3_s456,C_medium,TYPE_C,0.538355,10,20,warm_start,0,3,1.00,3.0,0.000194,0.000272,0.000025,0.000125,True,406.032975,406.032975
rand_n10_m20_d3_s456,C_medium,TYPE_C,0.515697,10,20,warm_start,0,3,1.00,3.0,0.000193,0.000268,0.000024,0.000129,True,419.591170,419.591170
rand_n10_m20_d3_s456,C_medium,TYPE_C,0.728766,10,20,warm_start,0,3,1.00,3.0,0.000208,0.000282,0.000027,0.000138,True,394.991391,394.991391
rand_n10_m20_d3_s456,C_large,TYPE_C,1.289242,10,20,warm_start,0,3,1.00,3.0,0.000215,0.000274,0.000027,0.000134,True,468.401071,468.401071
rand_n10_m20_d3_s456,C_large,TYPE_C,1.345886,10,20,warm_start,0,3,1.00,3.0,0.000219,0.000303,0.000029,0.000157,True,434.505610,434.505610
rand_n10_m20_d3_s789,R_small,TYPE_R,1.147650,10,20,warm_start,0,5,1.00,5.0,0.000199,0.000289,0.000025,0.000142,True,294.921710,294.921710
rand_n10_m20_d3_s789,R_small,TYPE_R,0.746371,10,20,warm_start,0,5,1.00,5.0,0.000200,0.000280,0.000025,0.000139,True,294.517296,294.517296
rand_n10_m20_d3_s789,R_small,TYPE_R,0.615820,10,20,warm_start,0,5,1.00,5.0,0.000200,0.000289,0.000026,0.000142,True,295.428638,295.428638
rand_n10_m20_d3_s789,R_medium,TYPE_R,4.590600,10,20,warm_start,0,4,1.00,4.0,0.000197,0.000293,0.000024,0.000147,True,286.526783,286.526783
rand_n10_m20_d3_s789,R_medium,TYPE_R,2.985482,10,20,warm_start,0,5,1.00,5.0,0.000212,0.000288,0.000028,0.000143,True,284.909144,284.909144
rand_n10_m20_d3_s789,R_medium,TYPE_R,2.463281,10,20,warm_start,0,5,1.00,5.0,0.000222,0.000293,0.000027,0.000149,True,288.554491,288.554491
rand_n10_m20_d3_s789,R_large,TYPE_R,11.476500,10,20,warm_start_dual,2,6,0.67,3.0,0.000256,0.000319,0.000061,0.000166,True,258.928938,258.928938
rand_n10_m20_d3_s789,R_large,TYPE_R,7.463705,10,20,warm_start,0,4,1.00,4.0,0.000205,0.000297,0.000025,0.000157,True,265.692833,265.692833
rand_n10_m20_d3_s789,R_large,TYPE_R,6.158202,10,20,warm_start,0,4,1.00,4.0,0.000195,0.000294,0.000025,0.000145,True,274.806201,274.806201
rand_n10_m20_d3_s789,R_single,TYPE_R,0.554078,10,20,warm_start,0,5,1.00,5.0,0.000194,0.000281,0.000024,0.000134,True,297.720018,297.720018
rand_n10_m20_d3_s789,R_single,TYPE_R,3.390112,10,20,warm_start,0,5,1.00,5.0,0.000193,0.000286,0.000024,0.000138,True,282.653993,282.653993
rand_n10_m20_d3_s456,C_large,TYPE_C,1.821914,10,20,warm_start,0,3,1.00,3.0,0.000221,0.000314,0.000034,0.000157,True,406.901659,406.901659
rand_n10_m20_d3_s789,R_all,TYPE_R,2.393852,10,20,warm_start_dual,1,6,0.83,6.0,0.000229,0.000293,0.000053,0.000148,True,308.984805,308.984805
rand_n10_m20_d3_s789,R_all,TYPE_R,2.393852,10,20,warm_start_dual,1,6,0.83,6.0,0.000230,0.000286,0.000050,0.000146,True,308.984805,308.984805
rand_n10_m20_d3_s789,C_small,TYPE_C,0.201113,10,20,warm_start,0,5,1.00,5.0,0.000200,0.000281,0.000025,0.000137,True,296.746751,296.746751
rand_n10_m20_d3_s456,C_small,TYPE_C,0.128924,10,20,warm_start,0,3,1.00,3.0,0.001322,0.000972,0.000116,0.000487,True,395.186185,395.186185
rand_n10_m20_d3_s789,R_single,TYPE_R,0.473645,10,20,warm_start,0,5,1.00,5.0,0.000220,0.000299,0.000030,0.000151,True,297.720018,297.720018
rand_n10_m20_d3_s789,C_small,TYPE_C,0.218792,10,20,warm_start,0,5,1.00,5.0,0.000197,0.000280,0.000023,0.000143,True,296.399558,296.399558
rand_n10_m20_d3_s789,C_medium,TYPE_C,0.804450,10,20,warm_start,0,5,1.00,5.0,0.000211,0.000303,0.000029,0.000149,True,293.826971,293.826971
rand_n10_m20_d3_s789,C_medium,TYPE_C,0.875167,10,20,warm_start,0,5,1.00,5.0,0.000202,0.000282,0.000029,0.000140,True,292.438232,292.438232
rand_n10_m20_d3_s789,R_all,TYPE_R,2.393852,10,20,warm_start_dual,1,6,0.83,6.0,0.000235,0.000366,0.000051,0.000188,True,308.984805,308.984805
rand_n10_m20_d3_s789,C_medium,TYPE_C,0.702119,10,20,warm_start,0,5,1.00,5.0,0.000198,0.000278,0.000029,0.000139,True,315.264578,315.264578
rand_n10_m20_d3_s789,C_large,TYPE_C,2.011125,10,20,warm_start,0,5,1.00,5.0,0.000203,0.000274,0.000023,0.000135,True,287.987386,287.987386
rand_n10_m20_d3_s789,C_small,TYPE_C,0.175530,10,20,warm_start,0,5,1.00,5.0,0.000222,0.000294,0.000032,0.000150,True,302.106145,302.106145
rand_n10_m20_d3_s789,C_large,TYPE_C,2.187918,10,20,warm_start,0,5,1.00,5.0,0.000230,0.000312,0.000035,0.000153,True,284.515562,284.515562
rand_n10_m20_d3_s1024,R_small,TYPE_R,1.084002,10,20,warm_start,0,1,1.00,1.0,0.000217,0.000292,0.000030,0.000149,True,385.358018,385.358018
rand_n10_m20_d3_s1024,R_small,TYPE_R,1.179294,10,20,warm_start,0,1,1.00,1.0,0.000216,0.000295,0.000031,0.000150,True,382.189981,382.189981
rand_n10_m20_d3_s789,C_large,TYPE_C,1.755298,10,20,warm_start,0,5,1.00,5.0,0.000227,0.000311,0.000029,0.000159,True,341.581466,341.581466
rand_n10_m20_d3_s1024,R_small,TYPE_R,0.946111,10,20,warm_start,0,1,1.00,1.0,0.000219,0.000296,0.000029,0.000150,True,381.025290,381.025290
rand_n10_m20_d3_s1024,R_medium,TYPE_R,4.717178,10,20,warm_start,0,1,1.00,1.0,0.000210,0.000310,0.000028,0.000155,True,377.492713,377.492713
rand_n10_m20_d3_s1024,R_medium,TYPE_R,3.784443,10,20,warm_start,0,2,1.00,2.0,0.000217,0.000300,0.000031,0.000154,True,372.833913,372.833913
rand_n10_m20_d3_s1024,R_single,TYPE_R,4.905916,10,20,warm_start,0,1,1.00,1.0,0.000203,0.000281,0.000028,0.000140,True,385.259806,385.259806
rand_n10_m20_d3_s1024,R_large,TYPE_R,9.461106,10,20,warm_start_dual,1,2,0.50,2.0,0.000232,0.000288,0.000057,0.000147,True,351.919748,351.919748
rand_n10_m20_d3_s1024,R_single,TYPE_R,1.590174,10,20,warm_start,0,1,1.00,1.0,0.000203,0.000284,0.000027,0.000142,True,387.513879,387.513879
rand_n10_m20_d3_s1024,R_single,TYPE_R,0.705513,10,20,warm_start,0,1,1.00,1.0,0.000204,0.000288,0.000026,0.000143,True,383.755745,383.755745
rand_n10_m20_d3_s1024,R_all,TYPE_R,2.452958,10,20,warm_start,0,1,1.00,1.0,0.000199,0.000286,0.000026,0.000144,True,398.961798,398.961798
rand_n10_m20_d3_s1024,R_all,TYPE_R,2.452958,10,20,warm_start,0,1,1.00,1.0,0.000203,0.000283,0.000028,0.000142,True,398.961798,398.961798
rand_n10_m20_d3_s1024,R_large,TYPE_R,10.840024,10,20,warm_start_dual,2,2,0.00,1.0,0.000250,0.000293,0.000069,0.000148,True,376.632276,376.632276
rand_n10_m20_d3_s1024,R_all,TYPE_R,2.452958,10,20,warm_start,0,1,1.00,1.0,0.000199,0.000282,0.000028,0.000140,True,398.961798,398.961798
rand_n10_m20_d3_s1024,C_small,TYPE_C,0.190382,10,20,warm_start,0,1,1.00,1.0,0.000192,0.000268,0.000024,0.000131,True,386.425045,386.425045
rand_n10_m20_d3_s1024,C_small,TYPE_C,0.158027,10,20,warm_start,0,1,1.00,1.0,0.000197,0.000277,0.000025,0.000135,True,380.694886,380.694886
rand_n10_m20_d3_s1024,C_medium,TYPE_C,0.787900,10,20,warm_start,0,1,1.00,1.0,0.000201,0.000274,0.000028,0.000134,True,384.353500,384.353500
rand_n10_m20_d3_s1024,C_medium,TYPE_C,0.761530,10,20,warm_start,0,1,1.00,1.0,0.000191,0.000303,0.000024,0.000149,True,394.433072,394.433072
rand_n10_m20_d3_s1024,C_medium,TYPE_C,0.632107,10,20,warm_start,0,1,1.00,1.0,0.000215,0.000279,0.000025,0.000137,True,371.512280,371.512280
rand_n10_m20_d3_s1024,C_small,TYPE_C,0.196975,10,20,warm_start,0,1,1.00,1.0,0.000200,0.000287,0.000026,0.000137,True,383.905193,383.905193
rand_n10_m20_d3_s1024,R_medium,TYPE_R,4.336010,10,20,warm_start_dual,1,2,0.50,2.0,0.000976,0.000362,0.000195,0.000187,True,387.816974,387.816974
rand_n10_m20_d3_s1024,R_large,TYPE_R,11.792945,10,20,warm_start,0,0,0.00,0.0,0.000212,0.001179,0.000027,0.000453,True,368.098154,368.098154
rand_n10_m20_d3_s1024,C_large,TYPE_C,1.903824,10,20,warm_start,1,2,0.50,2.0,0.000240,0.000281,0.000057,0.000142,True,410.760241,410.760241
rand_n10_m20_d3_s1024,C_large,TYPE_C,1.969750,10,20,warm_start,0,1,1.00,1.0,0.000223,0.000312,0.000034,0.000164,True,385.250116,385.250116
rand_n10_m20_d5_s42,R_small,TYPE_R,1.288187,10,20,warm_start,0,10,1.00,10.0,0.000229,0.000326,0.000030,0.000172,True,254.297620,254.297620
rand_n10_m20_d5_s42,R_small,TYPE_R,0.743333,10,20,warm_start_dual,1,9,0.89,9.0,0.000265,0.000327,0.000069,0.000172,True,253.350322,253.350322
rand_n10_m20_d5_s42,R_medium,TYPE_R,5.152750,10,20,warm_start,0,9,1.00,9.0,0.000244,0.000345,0.000032,0.000184,True,258.383743,258.383743
rand_n10_m20_d5_s42,R_medium,TYPE_R,2.973332,10,20,warm_start_dual,1,9,0.89,9.0,0.000261,0.000332,0.000063,0.000172,True,254.311102,254.311102
rand_n10_m20_d5_s42,R_large,TYPE_R,12.881875,10,20,warm_start_dual,1,9,0.89,9.0,0.000248,0.000320,0.000058,0.000168,True,266.548748,266.548748
rand_n10_m20_d3_s1024,C_large,TYPE_C,1.580268,10,20,warm_start,0,1,1.00,1.0,0.000238,0.000322,0.000035,0.000172,True,353.147137,353.147137
rand_n10_m20_d5_s42,R_single,TYPE_R,1.254860,10,20,warm_start,0,10,1.00,10.0,0.000271,0.000318,0.000068,0.000161,True,252.935578,252.935578
rand_n10_m20_d5_s42,R_large,TYPE_R,7.433331,10,20,warm_start_dual,2,10,0.80,5.0,0.000246,0.000386,0.000059,0.000208,True,256.232655,256.232655
rand_n10_m20_d5_s42,R_single,TYPE_R,3.854443,10,20,warm_start,0,10,1.00,10.0,0.000467,0.000365,0.000036,0.000197,True,252.935578,252.935578
rand_n10_m20_d5_s42,R_single,TYPE_R,5.522100,10,20,warm_start_dual,1,9,0.89,9.0,0.000247,0.000330,0.000056,0.000175,True,253.282692,253.282692
rand_n10_m20_d5_s42,R_large,TYPE_R,9.498163,10,20,warm_start_dual,3,7,0.57,2.3,0.000265,0.001255,0.000068,0.001100,True,220.369470,220.369470
rand_n10_m20_d5_s42,R_all,TYPE_R,3.969171,10,20,warm_start,0,9,1.00,9.0,0.000214,0.000319,0.000027,0.000166,True,270.235578,270.235578
rand_n10_m20_d5_s42,R_all,TYPE_R,3.969171,10,20,warm_start,0,9,1.00,9.0,0.000220,0.000317,0.000028,0.000166,True,270.235578,270.235578
rand_n10_m20_d5_s42,R_all,TYPE_R,3.969171,10,20,warm_start,0,9,1.00,9.0,0.000218,0.000309,0.000027,0.000158,True,270.235578,270.235578
rand_n10_m20_d5_s42,C_small,TYPE_C,0.215414,10,20,warm_start,0,10,1.00,10.0,0.000219,0.000326,0.000028,0.000170,True,255.898238,255.898238
rand_n10_m20_d5_s42,C_small,TYPE_C,0.234350,10,20,warm_start,0,10,1.00,10.0,0.000224,0.000329,0.000028,0.000176,True,253.371463,253.371463
rand_n10_m20_d5_s42,C_small,TYPE_C,0.188012,10,20,warm_start,0,10,1.00,10.0,0.000222,0.000320,0.000028,0.000168,True,254.447933,254.447933
rand_n10_m20_d5_s42,C_medium,TYPE_C,0.937401,10,20,warm_start,0,10,1.00,10.0,0.000209,0.000308,0.000026,0.000158,True,254.679099,254.679099
rand_n10_m20_d5_s42,C_medium,TYPE_C,0.861655,10,20,warm_start,0,10,1.00,10.0,0.000227,0.000347,0.000031,0.000182,True,264.786142,264.786142
rand_n10_m20_d5_s42,C_large,TYPE_C,2.154137,10,20,warm_start,3,9,0.67,3.0,0.000241,0.000326,0.000055,0.000164,True,283.631309,283.631309
rand_n10_m20_d5_s42,C_large,TYPE_C,2.343502,10,20,warm_start,1,7,0.86,7.0,0.000233,0.000334,0.000046,0.000157,True,257.407446,257.407446
rand_n10_m20_d5_s123,R_small,TYPE_R,1.107786,10,20,warm_start,0,9,1.00,9.0,0.000218,0.000264,0.000028,0.000110,True,266.474633,266.474633
rand_n10_m20_d5_s42,C_large,TYPE_C,1.880117,10,20,warm_start,2,6,0.67,3.0,0.000252,0.000327,0.000058,0.000177,True,274.460045,274.460045
rand_n10_m20_d5_s42,R_small,TYPE_R,0.949816,10,20,warm_start,0,9,1.00,9.0,0.000917,0.000952,0.000120,0.000457,True,249.994117,249.994117
rand_n10_m20_d5_s123,R_small,TYPE_R,1.205169,10,20,warm_start,0,9,1.00,9.0,0.000212,0.000257,0.000027,0.000105,True,263.145799,263.145799
rand_n10_m20_d5_s42,R_medium,TYPE_R,3.799265,10,20,warm_start_dual,1,8,0.88,8.0,0.000297,0.000379,0.000077,0.000209,True,240.768700,240.768700
rand_n10_m20_d5_s123,R_small,TYPE_R,0.966869,10,20,warm_start,0,8,1.00,8.0,0.000229,0.000279,0.000030,0.000126,True,262.366073,262.366073
rand_n10_m20_d5_s123,R_medium,TYPE_R,4.431146,10,20,warm_start_dual,4,7,0.43,1.8,0.000281,0.000273,0.000075,0.000111,True,272.283712,272.283712
rand_n10_m20_d5_s123,R_medium,TYPE_R,3.867477,10,20,warm_start_dual,3,9,0.67,3.0,0.000280,0.000273,0.000070,0.000114,True,256.052274,256.052274
rand_n10_m20_d5_s123,R_large,TYPE_R,11.077864,10,20,warm_start_dual,5,7,0.29,1.4,0.000277,0.000265,0.000073,0.000109,True,273.550394,273.550394
rand_n10_m20_d5_s123,R_large,TYPE_R,9.668692,10,20,warm_start_dual,7,11,0.36,1.6,0.000251,0.000266,0.000068,0.000113,True,232.551953,232.551953
rand_n10_m20_d5_s123,R_single,TYPE_R,5.013557,10,20,warm_start,0,8,1.00,8.0,0.000236,0.000277,0.000029,0.000113,True,263.163650,263.163650
rand_n10_m20_d5_s123,R_single,TYPE_R,5.046482,10,20,warm_start_dual,3,9,0.67,3.0,0.000246,0.000255,0.000060,0.000103,True,258.253284,258.253284
rand_n10_m20_d5_s123,R_single,TYPE_R,5.668495,10,20,warm_start,0,7,1.00,7.0,0.000227,0.000261,0.000030,0.000104,True,263.657699,263.657699
rand_n10_m20_d5_s123,R_all,TYPE_R,2.834247,10,20,warm_start,0,8,1.00,8.0,0.000224,0.000261,0.000029,0.000105,True,274.646220,274.646220
rand_n10_m20_d5_s123,R_all,TYPE_R,2.834247,10,20,warm_start,0,8,1.00,8.0,0.000213,0.000253,0.000027,0.000101,True,274.646220,274.646220
rand_n10_m20_d5_s123,R_all,TYPE_R,2.834247,10,20,warm_start,0,8,1.00,8.0,0.000210,0.000247,0.000026,0.000097,True,274.646220,274.646220
rand_n10_m20_d5_s123,C_small,TYPE_C,0.122239,10,20,warm_start,0,8,1.00,8.0,0.000226,0.000279,0.000028,0.000115,True,263.631628,263.631628
rand_n10_m20_d5_s123,C_small,TYPE_C,0.087145,10,20,warm_start,0,8,1.00,8.0,0.000213,0.000251,0.000028,0.000099,True,265.519731,265.519731
rand_n10_m20_d5_s123,C_small,TYPE_C,0.159278,10,20,warm_start,0,8,1.00,8.0,0.000221,0.000260,0.000028,0.000104,True,262.460802,262.460802
rand_n10_m20_d5_s123,C_medium,TYPE_C,0.348581,10,20,warm_start,0,8,1.00,8.0,0.000209,0.000252,0.000026,0.000098,True,272.587954,272.587954
rand_n10_m20_d5_s123,C_medium,TYPE_C,0.488958,10,20,warm_start,1,9,0.89,9.0,0.000239,0.000259,0.000051,0.000104,True,265.789362,265.789362
rand_n10_m20_d5_s123,C_medium,TYPE_C,0.637114,10,20,warm_start,0,6,1.00,6.0,0.000207,0.000242,0.000025,0.000091,True,260.352309,260.352309
rand_n10_m20_d5_s123,C_large,TYPE_C,0.871453,10,20,warm_start,0,6,1.00,6.0,0.000214,0.000247,0.000029,0.000096,True,286.724418,286.724418
rand_n10_m20_d5_s123,C_large,TYPE_C,1.592785,10,20,warm_start,2,9,0.78,4.5,0.000242,0.000259,0.000052,0.000105,True,258.453844,258.453844
rand_n10_m20_d5_s456,R_small,TYPE_R,0.856988,10,20,warm_start,0,6,1.00,6.0,0.000207,0.000241,0.000026,0.000093,True,324.604884,324.604884
rand_n10_m20_d5_s456,R_small,TYPE_R,0.932324,10,20,warm_start,0,6,1.00,6.0,0.000211,0.000244,0.000027,0.000093,True,325.555420,325.555420
rand_n10_m20_d5_s456,R_small,TYPE_R,0.747974,10,20,warm_start,0,7,1.00,7.0,0.000206,0.000239,0.000026,0.000093,True,323.256865,323.256865
rand_n10_m20_d5_s123,R_medium,TYPE_R,4.820677,10,20,warm_start_dual,3,11,0.73,3.7,0.000287,0.000286,0.000080,0.000127,True,256.944026,256.944026
rand_n10_m20_d5_s456,R_medium,TYPE_R,3.427952,10,20,warm_start_dual,1,7,0.86,7.0,0.000235,0.000244,0.000055,0.000096,True,323.602861,323.602861
rand_n10_m20_d5_s456,R_medium,TYPE_R,3.729296,10,20,warm_start,0,7,1.00,7.0,0.000221,0.000263,0.000027,0.000108,True,332.268687,332.268687
rand_n10_m20_d5_s456,R_medium,TYPE_R,2.991896,10,20,warm_start,0,7,1.00,7.0,0.000204,0.000247,0.000025,0.000092,True,323.074438,323.074438
rand_n10_m20_d5_s456,R_large,TYPE_R,8.569881,10,20,warm_start_dual,4,10,0.60,2.5,0.000240,0.000254,0.000059,0.000103,True,311.138416,311.138416
rand_n10_m20_d5_s42,C_medium,TYPE_C,0.752047,10,20,warm_start,2,7,0.71,3.5,0.009251,0.001061,0.000194,0.000564,True,259.924388,259.924388
rand_n10_m20_d5_s456,R_large,TYPE_R,9.323239,10,20,warm_start,0,7,1.00,7.0,0.000202,0.000238,0.000025,0.000090,True,345.695206,345.695206
rand_n10_m20_d5_s123,C_large,TYPE_C,1.222394,10,20,warm_start,1,9,0.89,9.0,0.000798,0.000775,0.000170,0.000290,True,270.240828,270.240828
rand_n10_m20_d5_s456,R_large,TYPE_R,7.479740,10,20,warm_start_dual,1,5,0.80,5.0,0.000256,0.000262,0.000057,0.000099,True,317.369347,317.369347
rand_n10_m20_d5_s123,R_large,TYPE_R,12.051693,10,20,warm_start_dual,6,12,0.50,2.0,0.001021,0.005590,0.000285,0.000163,True,228.373694,228.373694
rand_n10_m20_d5_s456,R_single,TYPE_R,1.972079,10,20,warm_start,0,6,1.00,6.0,0.000218,0.000247,0.000027,0.000093,True,323.317673,323.317673
rand_n10_m20_d5_s456,R_all,TYPE_R,2.170397,10,20,warm_start,0,6,1.00,6.0,0.000208,0.000246,0.000026,0.000091,True,338.568150,338.568150
rand_n10_m20_d5_s456,R_all,TYPE_R,2.170397,10,20,warm_start,0,6,1.00,6.0,0.000205,0.000241,0.000025,0.000087,True,338.568150,338.568150
rand_n10_m20_d5_s456,C_small,TYPE_C,0.135102,10,20,warm_start,0,6,1.00,6.0,0.000232,0.000302,0.000037,0.000124,True,328.031401,328.031401
rand_n10_m20_d5_s456,R_single,TYPE_R,2.077572,10,20,warm_start,0,6,1.00,6.0,0.000242,0.000264,0.000037,0.000107,True,323.317673,323.317673
rand_n10_m20_d5_s456,C_medium,TYPE_C,0.722904,10,20,warm_start,0,6,1.00,6.0,0.000219,0.000243,0.000028,0.000094,True,334.623767,334.623767
rand_n10_m20_d5_s456,R_all,TYPE_R,2.170397,10,20,warm_start,0,6,1.00,6.0,0.000231,0.000271,0.000031,0.000105,True,338.568150,338.568150
rand_n10_m20_d5_s456,C_medium,TYPE_C,0.540409,10,20,warm_start,0,6,1.00,6.0,0.000225,0.000274,0.000031,0.000112,True,342.172522,342.172522
rand_n10_m20_d5_s456,C_medium,TYPE_C,0.517592,10,20,warm_start,0,6,1.00,6.0,0.000227,0.000286,0.000031,0.000125,True,313.476704,313.476704
rand_n10_m20_d5_s456,C_large,TYPE_C,1.807259,10,20,warm_start,0,6,1.00,6.0,0.000219,0.000254,0.000030,0.000100,True,351.582887,351.582887
rand_n10_m20_d5_s456,C_large,TYPE_C,1.351024,10,20,warm_start,0,6,1.00,6.0,0.000207,0.000238,0.000026,0.000088,True,370.454803,370.454803
rand_n10_m20_d5_s456,C_large,TYPE_C,1.293980,10,20,warm_start,0,6,1.00,6.0,0.000241,0.000279,0.000034,0.000110,True,298.715214,298.715214
rand_n10_m20_d5_s789,R_small,TYPE_R,1.046340,10,20,warm_start_dual,1,6,0.83,6.0,0.000271,0.000276,0.000063,0.000106,True,233.437161,233.437161
rand_n10_m20_d5_s789,R_small,TYPE_R,1.149692,10,20,warm_start_dual,1,7,0.86,7.0,0.000254,0.000262,0.000057,0.000101,True,230.189357,230.189357
rand_n10_m20_d5_s789,R_small,TYPE_R,0.924066,10,20,warm_start_dual,1,8,0.88,8.0,0.000269,0.000280,0.000067,0.000124,True,230.866212,230.866212
rand_n10_m20_d5_s789,R_medium,TYPE_R,4.185362,10,20,warm_start_dual,1,7,0.86,7.0,0.000244,0.000253,0.000057,0.000101,True,226.521040,226.521040
rand_n10_m20_d5_s789,R_medium,TYPE_R,4.598768,10,20,warm_start_dual,3,10,0.70,3.3,0.000244,0.000262,0.000060,0.000112,True,213.042694,213.042694
rand_n10_m20_d5_s789,R_medium,TYPE_R,3.696264,10,20,warm_start_dual,3,8,0.62,2.7,0.000260,0.000268,0.000070,0.000104,True,214.558741,214.558741
rand_n10_m20_d5_s789,R_large,TYPE_R,10.463404,10,20,warm_start_dual,4,7,0.43,1.8,0.000262,0.000268,0.000064,0.000102,True,203.853482,203.853482
rand_n10_m20_d5_s789,R_large,TYPE_R,11.496920,10,20,warm_start_dual,7,12,0.42,1.7,0.000264,0.000282,0.000069,0.000116,True,171.526704,171.526704
rand_n10_m20_d5_s789,R_large,TYPE_R,9.240660,10,20,warm_start_dual,6,8,0.25,1.3,0.000266,0.000273,0.000073,0.000119,True,175.081189,175.081189
rand_n10_m20_d5_s456,R_single,TYPE_R,3.878508,10,20,warm_start,0,6,1.00,6.0,0.001166,0.000910,0.000117,0.000336,True,323.317673,323.317673
rand_n10_m20_d5_s456,C_small,TYPE_C,0.180726,10,20,warm_start,0,6,1.00,6.0,0.000749,0.000930,0.000083,0.000353,True,326.144199,326.144199
rand_n10_m20_d5_s789,R_single,TYPE_R,1.008821,10,20,warm_start,0,8,1.00,8.0,0.000212,0.000246,0.000027,0.000097,True,235.724458,235.724458
rand_n10_m20_d5_s789,R_single,TYPE_R,5.222050,10,20,warm_start_dual,1,7,0.86,7.0,0.000237,0.000256,0.000053,0.000102,True,211.805708,211.805708
rand_n10_m20_d5_s789,R_single,TYPE_R,3.051756,10,20,warm_start,0,8,1.00,8.0,0.000215,0.000259,0.000028,0.000099,True,235.724458,235.724458
rand_n10_m20_d5_s789,R_all,TYPE_R,2.611025,10,20,warm_start,0,7,1.00,7.0,0.000225,0.000273,0.000028,0.000108,True,254.875794,254.875794
rand_n10_m20_d5_s789,R_all,TYPE_R,2.611025,10,20,warm_start,0,7,1.00,7.0,0.000226,0.000261,0.000027,0.000106,True,254.875794,254.875794
rand_n10_m20_d5_s789,C_small,TYPE_C,0.159205,10,20,warm_start,1,8,0.88,8.0,0.000235,0.000248,0.000049,0.000098,True,233.146729,233.146729
rand_n10_m20_d5_s789,C_small,TYPE_C,0.170857,10,20,warm_start,0,8,1.00,8.0,0.000228,0.000268,0.000032,0.000113,True,235.926878,235.926878
rand_n10_m20_d5_s789,C_medium,TYPE_C,0.683430,10,20,warm_start,0,8,1.00,8.0,0.000211,0.000249,0.000027,0.000100,True,236.534133,236.534133
rand_n10_m20_d5_s789,C_medium,TYPE_C,0.290260,10,20,warm_start,1,8,0.88,8.0,0.000242,0.000261,0.000048,0.000101,True,233.290745,233.290745
rand_n10_m20_d5_s789,C_large,TYPE_C,1.708575,10,20,warm_start,1,9,0.89,9.0,0.000237,0.000260,0.000045,0.000102,True,237.853492,237.853492
rand_n10_m20_d5_s789,C_large,TYPE_C,0.725651,10,20,warm_start,2,8,0.75,4.0,0.000231,0.000250,0.000048,0.000101,True,230.293006,230.293006
rand_n10_m20_d5_s789,C_large,TYPE_C,1.592051,10,20,warm_start,2,8,0.75,4.0,0.000247,0.000258,0.000059,0.000105,True,224.631531,224.631531
rand_n10_m20_d5_s456,C_small,TYPE_C,0.129398,10,20,warm_start,0,6,1.00,6.0,0.000231,0.001033,0.000027,0.000357,True,320.857441,320.857441
rand_n10_m20_d5_s1024,R_small,TYPE_R,0.686726,10,20,warm_start_dual,1,8,0.88,8.0,0.000242,0.000311,0.000056,0.000162,True,275.288161,275.288161
rand_n10_m20_d5_s789,C_small,TYPE_C,0.072565,10,20,warm_start,1,8,0.88,8.0,0.000284,0.000279,0.000062,0.000118,True,235.100724,235.100724
rand_n10_m20_d5_s1024,R_small,TYPE_R,0.844401,10,20,warm_start,0,7,1.00,7.0,0.000216,0.000318,0.000027,0.000166,True,280.021969,280.021969
rand_n10_m20_d5_s1024,R_small,TYPE_R,0.599370,10,20,warm_start,0,7,1.00,7.0,0.000216,0.000310,0.000030,0.000159,True,279.346821,279.346821
rand_n10_m20_d5_s1024,R_medium,TYPE_R,2.746904,10,20,warm_start_dual,1,8,0.88,8.0,0.000236,0.000311,0.000053,0.000163,True,268.243747,268.243747
rand_n10_m20_d5_s1024,R_medium,TYPE_R,3.377604,10,20,warm_start_dual,1,8,0.88,8.0,0.000241,0.000324,0.000056,0.000174,True,288.121312,288.121312
rand_n10_m20_d5_s1024,R_large,TYPE_R,6.867259,10,20,warm_start_dual,1,9,0.89,9.0,0.000237,0.000318,0.000053,0.000168,True,254.154912,254.154912
rand_n10_m20_d5_s1024,R_large,TYPE_R,8.444010,10,20,warm_start_dual,1,8,0.88,8.0,0.000247,0.000336,0.000057,0.000172,True,303.848824,303.848824
rand_n10_m20_d5_s789,C_medium,TYPE_C,0.636820,10,20,warm_start,2,8,0.75,4.0,0.000245,0.000271,0.000052,0.000110,True,229.754705,229.754705
rand_n10_m20_d5_s1024,R_single,TYPE_R,3.107945,10,20,warm_start,0,7,1.00,7.0,0.000231,0.000310,0.000030,0.000158,True,283.753586,283.753586
rand_n10_m20_d5_s1024,R_single,TYPE_R,0.878158,10,20,warm_start,0,7,1.00,7.0,0.000208,0.000305,0.000026,0.000156,True,278.997064,278.997064
rand_n10_m20_d5_s1024,R_single,TYPE_R,2.584906,10,20,warm_start,0,7,1.00,7.0,0.000211,0.000305,0.000028,0.000155,True,277.305841,277.305841
rand_n10_m20_d5_s1024,R_all,TYPE_R,2.601773,10,20,warm_start,0,7,1.00,7.0,0.000209,0.000306,0.000027,0.000157,True,298.802097,298.802097
rand_n10_m20_d5_s1024,R_all,TYPE_R,2.601773,10,20,warm_start,0,7,1.00,7.0,0.000213,0.000316,0.000027,0.000155,True,298.802097,298.802097
rand_n10_m20_d5_s1024,R_all,TYPE_R,2.601773,10,20,warm_start,0,7,1.00,7.0,0.000242,0.000340,0.000032,0.000169,True,298.802097,298.802097
rand_n10_m20_d5_s1024,R_medium,TYPE_R,2.397481,10,20,warm_start,0,7,1.00,7.0,0.000277,0.000344,0.000043,0.000183,True,285.469766,285.469766
rand_n10_m20_d5_s1024,C_small,TYPE_C,0.152907,10,20,warm_start,0,7,1.00,7.0,0.000217,0.000300,0.000026,0.000150,True,278.197215,278.197215
rand_n10_m20_d5_s1024,R_large,TYPE_R,5.993702,10,20,warm_start_dual,1,10,0.90,10.0,0.000243,0.004079,0.000058,0.003927,True,296.583079,296.583079
rand_n10_m20_d5_s1024,C_small,TYPE_C,0.166348,10,20,warm_start,0,7,1.00,7.0,0.000208,0.000293,0.000029,0.000147,True,276.259510,276.259510
rand_n10_m20_d5_s789,R_all,TYPE_R,2.611025,10,20,warm_start,0,7,1.00,7.0,0.001207,0.001003,0.000106,0.000317,True,254.875794,254.875794
rand_n10_m20_d5_s1024,C_small,TYPE_C,0.152887,10,20,warm_start,0,7,1.00,7.0,0.000218,0.000303,0.000039,0.000148,True,276.917150,276.917150
rand_n10_m20_d5_s1024,C_medium,TYPE_C,0.611626,10,20,warm_start,0,7,1.00,7.0,0.000210,0.000302,0.000026,0.000153,True,280.871337,280.871337
rand_n10_m20_d5_s1024,C_medium,TYPE_C,0.665393,10,20,warm_start,0,7,1.00,7.0,0.000220,0.000322,0.000026,0.000162,True,273.120565,273.120565
rand_n10_m20_d5_s1024,C_medium,TYPE_C,0.611546,10,20,warm_start,0,7,1.00,7.0,0.000219,0.000323,0.000029,0.000161,True,275.751142,275.751142
rand_n10_m20_d5_s1024,C_large,TYPE_C,1.529066,10,20,warm_start,0,7,1.00,7.0,0.000221,0.000313,0.000030,0.000158,True,286.219589,286.219589
rand_n10_m20_d5_s1024,C_large,TYPE_C,1.663483,10,20,warm_start,2,9,0.78,4.5,0.000235,0.000313,0.000053,0.000163,True,268.605651,268.605651
rand_n10_m20_d8_s42,R_small,TYPE_R,1.022924,10,20,warm_start,0,14,1.00,14.0,0.000244,0.000295,0.000029,0.000139,True,211.173292,211.173292
rand_n10_m20_d8_s42,R_medium,TYPE_R,4.091696,10,20,warm_start,0,14,1.00,14.0,0.000229,0.000301,0.000030,0.000130,True,201.871914,201.871914
rand_n10_m20_d5_s1024,C_large,TYPE_C,1.528865,10,20,warm_start,0,7,1.00,7.0,0.000237,0.000337,0.000031,0.000178,True,273.419104,273.419104
rand_n10_m20_d8_s42,R_medium,TYPE_R,5.627417,10,20,warm_start_dual,1,15,0.93,15.0,0.000269,0.000374,0.000058,0.000177,True,222.538445,222.538445
rand_n10_m20_d8_s42,R_large,TYPE_R,10.229241,10,20,warm_start_dual,3,11,0.73,3.7,0.000280,0.000310,0.000071,0.000143,True,175.861437,175.861437
rand_n10_m20_d8_s42,R_small,TYPE_R,0.888408,10,20,warm_start,0,13,1.00,13.0,0.000251,0.000461,0.000035,0.000254,True,215.477844,215.477844
rand_n10_m20_d8_s42,R_medium,TYPE_R,3.553633,10,20,warm_start_dual,2,15,0.87,7.5,0.000280,0.000313,0.000065,0.000140,True,217.849876,217.849876
rand_n10_m20_d8_s42,R_small,TYPE_R,1.406854,10,20,warm_start,0,14,1.00,14.0,0.000273,0.000325,0.000038,0.000143,True,216.988005,216.988005
rand_n10_m20_d8_s42,R_single,TYPE_R,4.606709,10,20,warm_start_dual,1,15,0.93,15.0,0.000268,0.000293,0.000060,0.000131,True,218.754579,218.754579
rand_n10_m20_d8_s42,R_large,TYPE_R,8.884081,10,20,warm_start_dual,2,12,0.83,6.0,0.000288,0.000306,0.000072,0.000140,True,220.881818,220.881818
rand_n10_m20_d8_s42,R_single,TYPE_R,5.947138,10,20,warm_start,0,11,1.00,11.0,0.000256,0.000306,0.000038,0.000139,True,214.273751,214.273751
rand_n10_m20_d8_s42,R_all,TYPE_R,4.334808,10,20,warm_start,0,13,1.00,13.0,0.000259,0.000312,0.000035,0.000144,True,234.182406,234.182406
rand_n10_m20_d8_s42,R_all,TYPE_R,4.334808,10,20,warm_start,0,13,1.00,13.0,0.000253,0.000307,0.000034,0.000143,True,234.182406,234.182406
rand_n10_m20_d8_s42,R_all,TYPE_R,4.334808,10,20,warm_start,0,13,1.00,13.0,0.000255,0.000317,0.000036,0.000144,True,234.182406,234.182406
rand_n10_m20_d8_s42,C_small,TYPE_C,0.234350,10,20,warm_start,0,13,1.00,13.0,0.000232,0.000283,0.000030,0.000121,True,214.310414,214.310414
rand_n10_m20_d8_s42,C_small,TYPE_C,0.188012,10,20,warm_start,0,13,1.00,13.0,0.000231,0.000293,0.000030,0.000131,True,214.988459,214.988459
rand_n10_m20_d8_s42,C_medium,TYPE_C,0.861655,10,20,warm_start,0,12,1.00,12.0,0.000235,0.000296,0.000031,0.000129,True,229.892827,229.892827
rand_n10_m20_d8_s42,C_medium,TYPE_C,0.937401,10,20,warm_start,0,13,1.00,13.0,0.000247,0.000293,0.000036,0.000127,True,214.420383,214.420383
rand_n10_m20_d8_s42,C_medium,TYPE_C,0.752047,10,20,warm_start,1,13,0.92,13.0,0.000265,0.000305,0.000054,0.000138,True,219.418205,219.418205
rand_n10_m20_d8_s42,C_large,TYPE_C,2.154137,10,20,warm_start,0,12,1.00,12.0,0.000238,0.000293,0.000031,0.000127,True,253.321426,253.321426
rand_n10_m20_d8_s42,C_large,TYPE_C,2.343502,10,20,warm_start,1,13,0.92,13.0,0.000248,0.000286,0.000050,0.000124,True,218.658305,218.658305
rand_n10_m20_d8_s42,C_large,TYPE_C,1.880117,10,20,warm_start,1,11,0.91,11.0,0.000248,0.000292,0.000050,0.000129,True,231.854452,231.854452
rand_n10_m20_d8_s123,R_small,TYPE_R,1.323946,10,20,warm_start,0,14,1.00,14.0,0.000231,0.000295,0.000032,0.000132,True,245.175176,245.175176
rand_n10_m20_d8_s42,R_single,TYPE_R,1.966014,10,20,warm_start,0,13,1.00,13.0,0.000764,0.001040,0.000092,0.000436,True,214.273751,214.273751
rand_n10_m20_d8_s123,R_small,TYPE_R,1.281729,10,20,warm_start_dual,1,12,0.92,12.0,0.000271,0.000309,0.000060,0.000143,True,239.596021,239.596021
rand_n10_m20_d8_s42,C_small,TYPE_C,0.215414,10,20,warm_start,0,14,1.00,14.0,0.000828,0.000347,0.000097,0.000160,True,218.178532,218.178532
rand_n10_m20_d8_s123,R_medium,TYPE_R,5.295783,10,20,warm_start_dual,3,11,0.73,3.7,0.000278,0.000301,0.000066,0.000127,True,243.299974,243.299974
rand_n10_m20_d8_s123,R_medium,TYPE_R,5.126918,10,20,warm_start_dual,2,14,0.86,7.0,0.000265,0.000289,0.000059,0.000129,True,222.849572,222.849572
rand_n10_m20_d8_s123,R_medium,TYPE_R,4.120765,10,20,warm_start_dual,2,12,0.83,6.0,0.000256,0.000290,0.000060,0.000130,True,224.135730,224.135730
rand_n10_m20_d8_s123,R_large,TYPE_R,13.239457,10,20,warm_start_dual,2,11,0.82,5.5,0.000259,0.000291,0.000061,0.000127,True,232.714224,232.714224
rand_n10_m20_d8_s123,R_large,TYPE_R,10.301912,10,20,warm_start_dual,3,12,0.75,4.0,0.000272,0.000295,0.000063,0.000127,True,192.539316,192.539316
rand_n10_m20_d8_s123,R_single,TYPE_R,3.903435,10,20,warm_start,0,14,1.00,14.0,0.000237,0.000305,0.000032,0.000134,True,242.253401,242.253401
rand_n10_m20_d8_s123,R_single,TYPE_R,5.821781,10,20,warm_start_dual,2,12,0.83,6.0,0.000276,0.000308,0.000060,0.000126,True,225.975565,225.975565
rand_n10_m20_d8_s123,R_single,TYPE_R,5.340937,10,20,warm_start_dual,1,11,0.91,11.0,0.000251,0.000279,0.000055,0.000118,True,244.955382,244.955382
rand_n10_m20_d8_s123,R_all,TYPE_R,2.910891,10,20,warm_start_dual,2,10,0.80,5.0,0.000251,0.000281,0.000057,0.000116,True,258.228765,258.228765
rand_n10_m20_d8_s123,R_all,TYPE_R,2.910891,10,20,warm_start_dual,2,10,0.80,5.0,0.000254,0.000279,0.000060,0.000117,True,258.228765,258.228765
rand_n10_m20_d8_s123,C_small,TYPE_C,0.122239,10,20,warm_start,0,12,1.00,12.0,0.000232,0.000292,0.000030,0.000120,True,244.642594,244.642594
rand_n10_m20_d8_s123,R_all,TYPE_R,2.910891,10,20,warm_start_dual,2,10,0.80,5.0,0.000263,0.000288,0.000058,0.000119,True,258.228765,258.228765
rand_n10_m20_d8_s123,C_small,TYPE_C,0.087145,10,20,warm_start,0,12,1.00,12.0,0.000235,0.000290,0.000029,0.000119,True,246.937590,246.937590
rand_n10_m20_d8_s123,C_small,TYPE_C,0.159278,10,20,warm_start,0,11,1.00,11.0,0.000225,0.000278,0.000028,0.000116,True,244.510155,244.510155
rand_n10_m20_d8_s123,C_medium,TYPE_C,0.348581,10,20,warm_start,0,10,1.00,10.0,0.000225,0.000282,0.000029,0.000119,True,253.511225,253.511225
rand_n10_m20_d8_s123,C_large,TYPE_C,1.222394,10,20,warm_start,2,9,0.78,4.5,0.000268,0.000285,0.000059,0.000121,True,244.540251,244.540251
rand_n10_m20_d8_s123,C_large,TYPE_C,0.871453,10,20,warm_start,0,10,1.00,10.0,0.000246,0.000298,0.000035,0.000130,True,266.658503,266.658503
rand_n10_m20_d8_s42,R_large,TYPE_R,14.068542,10,20,warm_start_dual,3,15,0.80,5.0,0.000286,0.000313,0.000070,0.000144,True,223.249666,223.249666
rand_n10_m20_d8_s123,R_small,TYPE_R,1.030191,10,20,warm_start,0,13,1.00,13.0,0.000239,0.001259,0.000030,0.000627,True,239.889476,239.889476
rand_n10_m20_d8_s123,C_medium,TYPE_C,0.488958,10,20,warm_start,1,11,0.91,11.0,0.000316,0.000320,0.000070,0.000146,True,244.369636,244.369636
rand_n10_m20_d8_s123,C_large,TYPE_C,1.592785,10,20,warm_start,4,11,0.64,2.8,0.000251,0.000279,0.000055,0.000119,True,251.640029,251.640029
rand_n10_m20_d8_s456,R_small,TYPE_R,2.851150,10,20,warm_start,0,10,1.00,10.0,0.000229,0.000277,0.000031,0.000116,True,245.766095,245.766095
rand_n10_m20_d8_s456,R_small,TYPE_R,1.214524,10,20,warm_start,0,10,1.00,10.0,0.000235,0.000274,0.000036,0.000114,True,244.491314,244.491314
rand_n10_m20_d8_s456,R_small,TYPE_R,1.029985,10,20,warm_start,0,9,1.00,9.0,0.000235,0.000288,0.000031,0.000116,True,246.417800,246.417800
rand_n10_m20_d8_s456,R_medium,TYPE_R,11.404599,10,20,warm_start_dual,2,12,0.83,6.0,0.000272,0.000294,0.000062,0.000129,True,243.859737,243.859737
rand_n10_m20_d8_s123,R_large,TYPE_R,12.817294,10,20,warm_start_dual,3,12,0.75,4.0,0.000953,0.001039,0.000241,0.000407,True,185.227197,185.227197
rand_n10_m20_d8_s456,R_medium,TYPE_R,4.119938,10,20,warm_start,0,12,1.00,12.0,0.000245,0.000294,0.000033,0.000130,True,250.314260,250.314260
rand_n10_m20_d8_s456,R_large,TYPE_R,28.511498,10,20,warm_start_dual,3,7,0.57,2.3,0.000259,0.000271,0.000062,0.000111,True,231.163375,231.163375
rand_n10_m20_d8_s123,C_medium,TYPE_C,0.637114,10,20,warm_start,0,10,1.00,10.0,0.000238,0.000283,0.000030,0.000122,True,243.801549,243.801549
rand_n10_m20_d8_s456,R_large,TYPE_R,12.145237,10,20,warm_start_dual,4,10,0.60,2.5,0.000259,0.000277,0.000064,0.000116,True,236.603360,236.603360
rand_n10_m20_d8_s456,R_large,TYPE_R,10.299846,10,20,warm_start_dual,2,11,0.82,5.5,0.000268,0.000283,0.000064,0.000123,True,245.543026,245.543026
rand_n10_m20_d8_s456,R_single,TYPE_R,5.052472,10,20,warm_start,0,9,1.00,9.0,0.000236,0.000295,0.000030,0.000124,True,245.118982,245.118982
rand_n10_m20_d8_s456,R_single,TYPE_R,1.594299,10,20,warm_start,0,9,1.00,9.0,0.000235,0.000290,0.000029,0.000117,True,245.118982,245.118982
rand_n10_m20_d8_s456,R_single,TYPE_R,1.783162,10,20,warm_start,0,9,1.00,9.0,0.000270,0.000328,0.000038,0.000148,True,245.118982,245.118982
rand_n10_m20_d8_s456,R_medium,TYPE_R,4.858095,10,20,warm_start_dual,1,9,0.89,9.0,0.000289,0.000297,0.000070,0.000130,True,242.240524,242.240524
rand_n10_m20_d8_s456,R_all,TYPE_R,5.947137,10,20,warm_start,0,10,1.00,10.0,0.000244,0.000290,0.000034,0.000128,True,259.797533,259.797533
rand_n10_m20_d8_s456,R_all,TYPE_R,5.947137,10,20,warm_start,0,10,1.00,10.0,0.000245,0.000403,0.000034,0.000187,True,259.797533,259.797533
rand_n10_m20_d8_s456,C_small,TYPE_C,0.129398,10,20,warm_start,0,9,1.00,9.0,0.000263,0.000301,0.000042,0.000132,True,243.879172,243.879172
rand_n10_m20_d8_s456,C_medium,TYPE_C,0.540409,10,20,warm_start,2,10,0.80,5.0,0.000275,0.000292,0.000062,0.000128,True,256.093540,256.093540
rand_n10_m20_d8_s456,C_medium,TYPE_C,0.517592,10,20,warm_start,0,10,1.00,10.0,0.000248,0.000295,0.000036,0.000129,True,240.159700,240.159700
rand_n10_m20_d8_s456,C_small,TYPE_C,0.135102,10,20,warm_start,0,9,1.00,9.0,0.000256,0.000291,0.000043,0.000125,True,247.589545,247.589545
rand_n10_m20_d8_s456,C_large,TYPE_C,1.807259,10,20,warm_start,0,9,1.00,9.0,0.000239,0.000294,0.000032,0.000132,True,265.006706,265.006706
rand_n10_m20_d8_s456,C_large,TYPE_C,1.293980,10,20,warm_start,0,9,1.00,9.0,0.000250,0.000290,0.000033,0.000126,True,232.720753,232.720753
rand_n10_m20_d8_s456,C_small,TYPE_C,0.180726,10,20,warm_start,0,8,1.00,8.0,0.000272,0.000300,0.000042,0.000133,True,247.107758,247.107758
rand_n10_m20_d8_s456,C_large,TYPE_C,1.351024,10,20,warm_start,2,8,0.75,4.0,0.000263,0.000284,0.000057,0.000119,True,274.156115,274.156115
rand_n10_m20_d8_s789,R_small,TYPE_R,1.188370,10,20,warm_start,0,13,1.00,13.0,0.000245,0.000293,0.000038,0.000130,True,196.732341,196.732341
rand_n10_m20_d8_s789,R_small,TYPE_R,1.254662,10,20,warm_start,0,14,1.00,14.0,0.000256,0.000307,0.000036,0.000136,True,192.197160,192.197160
rand_n10_m20_d8_s789,R_medium,TYPE_R,4.753478,10,20,warm_start_dual,2,14,0.86,7.0,0.000267,0.000291,0.000066,0.000130,True,187.855106,187.855106
rand_n10_m20_d8_s789,R_medium,TYPE_R,5.018650,10,20,warm_start,0,14,1.00,14.0,0.000237,0.000302,0.000033,0.000138,True,176.706451,176.706451
rand_n10_m20_d8_s789,R_medium,TYPE_R,4.033744,10,20,warm_start_dual,2,12,0.83,6.0,0.000274,0.000295,0.000068,0.000130,True,194.633932,194.633932
rand_n10_m20_d8_s789,R_large,TYPE_R,11.883696,10,20,warm_start_dual,7,12,0.42,1.7,0.000281,0.000294,0.000077,0.000127,True,155.949033,155.949033
rand_n10_m20_d8_s456,C_medium,TYPE_C,0.722904,10,20,warm_start,0,9,1.00,9.0,0.000911,0.000358,0.000184,0.000165,True,253.074075,253.074075
rand_n10_m20_d8_s789,R_large,TYPE_R,12.546624,10,20,warm_start_dual,5,9,0.44,1.8,0.000277,0.000286,0.000070,0.000124,True,135.741057,135.741057
rand_n10_m20_d8_s789,R_single,TYPE_R,0.984020,10,20,warm_start,0,14,1.00,14.0,0.000231,0.000288,0.000031,0.000127,True,197.099761,197.099761
rand_n10_m20_d8_s789,R_single,TYPE_R,5.698839,10,20,warm_start_dual,2,11,0.82,5.5,0.000272,0.000295,0.000073,0.000124,True,183.383071,183.383071
rand_n10_m20_d8_s789,R_single,TYPE_R,2.945524,10,20,warm_start,0,14,1.00,14.0,0.000233,0.000289,0.000032,0.000127,True,197.360727,197.360727
rand_n10_m20_d8_s789,R_all,TYPE_R,3.454750,10,20,warm_start,0,14,1.00,14.0,0.000233,0.000298,0.000031,0.000127,True,215.358374,215.358374
rand_n10_m20_d8_s789,R_all,TYPE_R,3.454750,10,20,warm_start,0,14,1.00,14.0,0.000260,0.000322,0.000034,0.000148,True,215.358374,215.358374
rand_n10_m20_d8_s789,R_all,TYPE_R,3.454750,10,20,warm_start,0,14,1.00,14.0,0.000231,0.000288,0.000031,0.000127,True,215.358374,215.358374
rand_n10_m20_d8_s789,R_large,TYPE_R,10.084361,10,20,warm_start_dual,6,12,0.50,2.0,0.000333,0.000318,0.000095,0.000148,True,164.928237,164.928237
rand_n10_m20_d8_s789,C_small,TYPE_C,0.159205,10,20,warm_start,1,15,0.93,15.0,0.000254,0.000292,0.000054,0.000129,True,196.041138,196.041138
rand_n10_m20_d8_s789,C_medium,TYPE_C,0.683430,10,20,warm_start,1,12,0.92,12.0,0.000263,0.000301,0.000052,0.000129,True,196.410542,196.410542
rand_n10_m20_d8_s789,C_medium,TYPE_C,0.290260,10,20,warm_start,1,14,0.93,14.0,0.000268,0.000314,0.000055,0.000140,True,195.461511,195.461511
rand_n10_m20_d8_s789,C_medium,TYPE_C,0.636820,10,20,warm_start,2,14,0.86,7.0,0.000250,0.000288,0.000052,0.000129,True,192.386853,192.386853
rand_n10_m20_d8_s456,R_all,TYPE_R,5.947137,10,20,warm_start,0,10,1.00,10.0,0.000278,0.000317,0.000041,0.000144,True,259.797533,259.797533
rand_n10_m20_d8_s789,R_small,TYPE_R,1.008436,10,20,warm_start,0,14,1.00,14.0,0.001604,0.001155,0.000183,0.000422,True,199.114557,199.114557
rand_n10_m20_d8_s789,C_large,TYPE_C,1.708575,10,20,warm_start,3,14,0.79,4.7,0.000275,0.000311,0.000061,0.000147,True,198.448047,198.448047
rand_n10_m20_d8_s789,C_large,TYPE_C,0.725651,10,20,warm_start,1,13,0.92,13.0,0.000249,0.000283,0.000050,0.000123,True,193.005753,193.005753
rand_n10_m20_d8_s789,C_large,TYPE_C,1.592051,10,20,warm_start,3,11,0.73,3.7,0.000267,0.000291,0.000057,0.000122,True,186.126510,186.126510
rand_n10_m20_d8_s1024,R_small,TYPE_R,1.109559,10,20,warm_start,0,11,1.00,11.0,0.000242,0.000289,0.000034,0.000118,True,235.164518,235.164518
rand_n10_m20_d8_s1024,R_small,TYPE_R,0.944984,10,20,warm_start_dual,1,11,0.91,11.0,0.000257,0.000280,0.000057,0.000118,True,245.689999,245.689999
rand_n10_m20_d8_s1024,R_small,TYPE_R,0.758131,10,20,warm_start,0,10,1.00,10.0,0.000251,0.000292,0.000038,0.000125,True,247.215544,247.215544
rand_n10_m20_d8_s789,C_small,TYPE_C,0.170857,10,20,warm_start,0,13,1.00,13.0,0.000735,0.001064,0.000091,0.000402,True,196.825522,196.825522
rand_n10_m20_d8_s1024,R_medium,TYPE_R,3.779938,10,20,warm_start_dual,1,11,0.91,11.0,0.000269,0.000297,0.000067,0.000131,True,256.060754,256.060754
rand_n10_m20_d8_s1024,R_medium,TYPE_R,3.032524,10,20,warm_start_dual,3,9,0.67,3.0,0.000264,0.000279,0.000065,0.000115,True,261.600545,261.600545
rand_n10_m20_d8_s1024,R_large,TYPE_R,11.095587,10,20,warm_start_dual,1,13,0.92,13.0,0.000267,0.000298,0.000059,0.000125,True,183.343519,183.343519
rand_n10_m20_d8_s1024,R_large,TYPE_R,7.581311,10,20,warm_start_dual,5,8,0.38,1.6,0.000265,0.000273,0.000066,0.000113,True,279.856913,279.856913
rand_n10_m20_d8_s1024,R_large,TYPE_R,9.449844,10,20,warm_start_dual,1,10,0.90,10.0,0.000274,0.000299,0.000065,0.000126,True,276.802258,276.802258
rand_n10_m20_d8_s1024,R_single,TYPE_R,6.450820,10,20,warm_start_dual,3,9,0.67,3.0,0.000266,0.000278,0.000064,0.000114,True,243.672779,243.672779
rand_n10_m20_d8_s1024,R_all,TYPE_R,3.225410,10,20,warm_start_dual,1,9,0.89,9.0,0.000254,0.000269,0.000056,0.000109,True,264.035441,264.035441
rand_n10_m20_d8_s1024,R_single,TYPE_R,0.171269,10,20,warm_start,0,10,1.00,10.0,0.000259,0.000302,0.000035,0.000135,True,241.059153,241.059153
rand_n10_m20_d8_s1024,R_all,TYPE_R,3.225410,10,20,warm_start_dual,1,9,0.89,9.0,0.000271,0.000279,0.000065,0.000108,True,264.035441,264.035441
rand_n10_m20_d8_s1024,R_all,TYPE_R,3.225410,10,20,warm_start_dual,1,9,0.89,9.0,0.000249,0.000270,0.000054,0.000108,True,264.035441,264.035441
rand_n10_m20_d8_s1024,C_small,TYPE_C,0.152907,10,20,warm_start,0,10,1.00,10.0,0.000236,0.000278,0.000029,0.000111,True,240.997372,240.997372
rand_n10_m20_d8_s789,C_small,TYPE_C,0.072565,10,20,warm_start,0,14,1.00,14.0,0.000227,0.000293,0.000029,0.000134,True,196.778656,196.778656
rand_n10_m20_d8_s1024,C_small,TYPE_C,0.166348,10,20,warm_start,0,10,1.00,10.0,0.000232,0.000284,0.000031,0.000123,True,240.865569,240.865569
rand_n10_m20_d8_s1024,C_small,TYPE_C,0.152887,10,20,warm_start,1,10,0.90,10.0,0.000249,0.000270,0.000051,0.000109,True,240.434015,240.434015
rand_n10_m20_d8_s1024,C_medium,TYPE_C,0.611626,10,20,warm_start,0,11,1.00,11.0,0.000243,0.000295,0.000030,0.000129,True,241.710948,241.710948
rand_n10_m20_d8_s1024,C_medium,TYPE_C,0.611546,10,20,warm_start,2,12,0.83,6.0,0.000245,0.000274,0.000049,0.000116,True,239.968234,239.968234
rand_n10_m20_d8_s1024,C_large,TYPE_C,1.529066,10,20,warm_start,0,10,1.00,10.0,0.000232,0.000298,0.000028,0.000128,True,243.138096,243.138096
rand_n10_m20_d8_s1024,R_medium,TYPE_R,4.438235,10,20,warm_start,0,11,1.00,11.0,0.001505,0.001033,0.000389,0.000401,True,218.379507,218.379507
rand_n10_m20_d8_s1024,C_medium,TYPE_C,0.665393,10,20,warm_start,1,11,0.91,11.0,0.000246,0.000287,0.000047,0.000115,True,241.187677,241.187677
rand_n10_m20_d8_s1024,R_single,TYPE_R,3.931176,10,20,warm_start_dual,1,11,0.91,11.0,0.000275,0.000467,0.000069,0.000242,True,256.038001,256.038001
rand_n10_m20_d8_s1024,C_large,TYPE_C,1.663483,10,20,warm_start,1,10,0.90,10.0,0.000288,0.000298,0.000061,0.000129,True,241.850635,241.850635
rand_n20_m20_d3_s42,R_small,TYPE_R,0.927366,20,20,warm_start,0,13,1.00,13.0,0.000271,0.000385,0.000033,0.000203,True,525.186964,525.186964
rand_n20_m20_d3_s42,R_small,TYPE_R,0.792885,20,20,warm_start,0,13,1.00,13.0,0.000269,0.000377,0.000032,0.000187,True,528.687108,528.687108
rand_n20_m20_d3_s42,R_medium,TYPE_R,3.309052,20,20,warm_start,0,13,1.00,13.0,0.000286,0.000384,0.000035,0.000197,True,527.679092,527.679092
rand_n20_m20_d3_s42,R_medium,TYPE_R,3.171540,20,20,warm_start,0,13,1.00,13.0,0.000421,0.000394,0.000039,0.000207,True,538.865949,538.865949
rand_n20_m20_d3_s42,R_large,TYPE_R,8.272631,20,20,warm_start,0,15,1.00,15.0,0.000264,0.000394,0.000032,0.000202,True,531.256488,531.256488
rand_n20_m20_d3_s42,R_large,TYPE_R,9.273661,20,20,warm_start_dual,4,11,0.64,2.8,0.000314,0.000399,0.000077,0.000203,True,521.215266,521.215266
rand_n20_m20_d3_s42,R_large,TYPE_R,7.928851,20,20,warm_start_dual,2,19,0.89,9.5,0.000303,0.000406,0.000067,0.000212,True,556.594475,556.594475
rand_n20_m20_d3_s42,R_single,TYPE_R,1.013689,20,20,warm_start,0,13,1.00,13.0,0.000259,0.000375,0.000029,0.000197,True,525.294157,525.294157
rand_n20_m20_d3_s42,R_single,TYPE_R,0.276885,20,20,warm_start,0,13,1.00,13.0,0.000263,0.000378,0.000032,0.000193,True,525.294157,525.294157
rand_n20_m20_d3_s42,R_single,TYPE_R,1.859136,20,20,warm_start,0,13,1.00,13.0,0.000266,0.000380,0.000030,0.000196,True,525.720576,525.720576
rand_n20_m20_d3_s42,R_all,TYPE_R,3.550116,20,20,warm_start,0,12,1.00,12.0,0.000261,0.000368,0.000029,0.000186,True,544.322008,544.322008
rand_n20_m20_d3_s42,R_all,TYPE_R,3.550116,20,20,warm_start,0,12,1.00,12.0,0.000259,0.000365,0.000031,0.000183,True,544.322008,544.322008
rand_n20_m20_d3_s42,R_all,TYPE_R,3.550116,20,20,warm_start,0,12,1.00,12.0,0.000256,0.000380,0.000031,0.000189,True,544.322008,544.322008
rand_n20_m20_d3_s42,C_small,TYPE_C,0.142126,20,20,warm_start,0,13,1.00,13.0,0.000247,0.000354,0.000029,0.000176,True,530.050972,530.050972
rand_n10_m20_d8_s1024,C_large,TYPE_C,1.528865,10,20,warm_start,4,11,0.64,2.8,0.001371,0.006165,0.000380,0.000833,True,241.973459,241.973459
rand_n20_m20_d3_s42,C_small,TYPE_C,0.170734,20,20,warm_start,0,13,1.00,13.0,0.000261,0.000367,0.000035,0.000186,True,523.308184,523.308184
rand_n20_m20_d3_s42,C_small,TYPE_C,0.144712,20,20,warm_start,0,13,1.00,13.0,0.000261,0.000379,0.000030,0.000196,True,525.088940,525.088940
rand_n20_m20_d3_s42,C_medium,TYPE_C,0.568503,20,20,warm_start,0,12,1.00,12.0,0.000260,0.000382,0.000029,0.000197,True,544.321430,544.321430
rand_n20_m20_d3_s42,C_medium,TYPE_C,0.682934,20,20,warm_start,1,14,0.93,14.0,0.000282,0.000379,0.000055,0.000195,True,518.979275,518.979275
rand_n20_m20_d3_s42,C_medium,TYPE_C,0.578847,20,20,warm_start,2,13,0.85,6.5,0.000281,0.000368,0.000057,0.000185,True,525.539115,525.539115
rand_n20_m20_d3_s42,C_large,TYPE_C,1.421256,20,20,warm_start,2,14,0.86,7.0,0.000275,0.000374,0.000054,0.000194,True,578.784572,578.784572
rand_n20_m20_d3_s42,R_small,TYPE_R,0.827263,20,20,warm_start,0,13,1.00,13.0,0.001531,0.001229,0.000120,0.000577,True,525.890387,525.890387
rand_n20_m20_d3_s42,C_large,TYPE_C,1.707336,20,20,warm_start,4,16,0.75,4.0,0.000311,0.000402,0.000071,0.000211,True,517.408965,517.408965
rand_n20_m20_d3_s123,R_small,TYPE_R,0.830179,20,20,warm_start,0,7,1.00,7.0,0.000265,0.000292,0.000029,0.000105,True,668.345715,668.345715
rand_n20_m20_d3_s42,C_large,TYPE_C,1.447118,20,20,warm_start,4,12,0.67,3.0,0.000416,0.000373,0.000184,0.000183,True,534.432176,534.432176
rand_n20_m20_d3_s123,R_small,TYPE_R,0.919779,20,20,warm_start,0,7,1.00,7.0,0.000252,0.000293,0.000031,0.000111,True,663.777679,663.777679
rand_n20_m20_d3_s123,R_small,TYPE_R,0.739273,20,20,warm_start,0,7,1.00,7.0,0.000245,0.000284,0.000029,0.000107,True,668.626096,668.626096
rand_n20_m20_d3_s123,R_medium,TYPE_R,3.320715,20,20,warm_start,0,7,1.00,7.0,0.000247,0.000285,0.000030,0.000108,True,675.752004,675.752004
rand_n20_m20_d3_s123,R_medium,TYPE_R,3.679114,20,20,warm_start,0,8,1.00,8.0,0.000242,0.000280,0.000029,0.000107,True,657.479872,657.479872
rand_n20_m20_d3_s123,R_large,TYPE_R,8.301786,20,20,warm_start_dual,2,6,0.67,3.0,0.000291,0.000295,0.000065,0.000109,True,689.820122,689.820122
rand_n20_m20_d3_s123,R_large,TYPE_R,9.197785,20,20,warm_start_dual,1,6,0.83,6.0,0.000275,0.000292,0.000057,0.000105,True,644.845194,644.845194
rand_n20_m20_d3_s123,R_large,TYPE_R,7.392729,20,20,warm_start_dual,1,6,0.83,6.0,0.000275,0.000286,0.000057,0.000108,True,684.917626,684.917626
rand_n20_m20_d3_s123,R_single,TYPE_R,0.139562,20,20,warm_start,0,7,1.00,7.0,0.000251,0.000284,0.000027,0.000108,True,666.018839,666.018839
rand_n20_m20_d3_s123,R_single,TYPE_R,4.177753,20,20,warm_start,0,7,1.00,7.0,0.000252,0.000292,0.000033,0.000114,True,665.876947,665.876947
rand_n20_m20_d3_s123,R_single,TYPE_R,1.781515,20,20,warm_start,0,7,1.00,7.0,0.000251,0.000278,0.000030,0.000101,True,665.876947,665.876947
rand_n20_m20_d3_s123,R_all,TYPE_R,2.393284,20,20,warm_start,0,7,1.00,7.0,0.000236,0.000273,0.000027,0.000102,True,676.681932,676.681932
rand_n20_m20_d3_s123,R_all,TYPE_R,2.393284,20,20,warm_start,0,7,1.00,7.0,0.000251,0.000294,0.000032,0.000109,True,676.681932,676.681932
rand_n20_m20_d3_s123,R_all,TYPE_R,2.393284,20,20,warm_start,0,7,1.00,7.0,0.000240,0.000275,0.000028,0.000101,True,676.681932,676.681932
rand_n20_m20_d3_s123,C_small,TYPE_C,0.147575,20,20,warm_start,0,7,1.00,7.0,0.000247,0.000277,0.000031,0.000102,True,662.150984,662.150984
rand_n20_m20_d3_s123,C_small,TYPE_C,0.157821,20,20,warm_start,0,7,1.00,7.0,0.000245,0.000269,0.000027,0.000097,True,669.473612,669.473612
rand_n20_m20_d3_s123,C_small,TYPE_C,0.128151,20,20,warm_start,0,7,1.00,7.0,0.000247,0.000282,0.000027,0.000099,True,672.229021,672.229021
rand_n20_m20_d3_s123,C_medium,TYPE_C,0.590301,20,20,warm_start,0,7,1.00,7.0,0.000251,0.000284,0.000028,0.000108,True,650.973136,650.973136
rand_n20_m20_d3_s123,C_medium,TYPE_C,0.631285,20,20,warm_start,0,7,1.00,7.0,0.000239,0.000275,0.000027,0.000100,True,680.263585,680.263585
rand_n20_m20_d3_s123,C_medium,TYPE_C,0.512605,20,20,warm_start,0,7,1.00,7.0,0.000249,0.000293,0.000030,0.000109,True,691.285163,691.285163
rand_n20_m20_d3_s123,C_large,TYPE_C,1.578214,20,20,warm_start,0,7,1.00,7.0,0.000247,0.000285,0.000029,0.000107,True,701.843565,701.843565
rand_n20_m20_d3_s42,R_medium,TYPE_R,3.709464,20,20,warm_start_dual,1,13,0.92,13.0,0.001278,0.000752,0.000230,0.000248,True,524.531534,524.531534
rand_n20_m20_d3_s123,C_large,TYPE_C,1.281512,20,20,warm_start,0,7,1.00,7.0,0.000237,0.000274,0.000026,0.000101,True,729.397458,729.397458
rand_n20_m20_d3_s123,R_medium,TYPE_R,2.957091,20,20,warm_start_dual,1,6,0.83,6.0,0.000436,0.000323,0.000082,0.000131,True,675.341745,675.341745
rand_n20_m20_d3_s456,R_small,TYPE_R,2.009739,20,20,warm_start_dual,1,16,0.94,16.0,0.000291,0.000330,0.000063,0.000142,True,657.063787,657.063787
rand_n20_m20_d3_s456,R_small,TYPE_R,0.757462,20,20,warm_start,0,14,1.00,14.0,0.000257,0.000304,0.000033,0.000127,True,658.182129,658.182129
rand_n20_m20_d3_s456,R_medium,TYPE_R,8.038954,20,20,warm_start_dual,1,12,0.92,12.0,0.000296,0.000321,0.000066,0.000130,True,631.891294,631.891294
rand_n20_m20_d3_s456,R_medium,TYPE_R,2.629629,20,20,warm_start_dual,1,13,0.92,13.0,0.000294,0.000339,0.000064,0.000139,True,632.553288,632.553288
rand_n20_m20_d3_s456,R_medium,TYPE_R,3.029847,20,20,warm_start_dual,1,16,0.94,16.0,0.000314,0.000345,0.000077,0.000159,True,642.568084,642.568084
rand_n20_m20_d3_s123,C_large,TYPE_C,1.475752,20,20,warm_start,2,8,0.75,4.0,0.000924,0.000335,0.000195,0.000138,True,628.810886,628.810886
rand_n20_m20_d3_s456,R_large,TYPE_R,6.574072,20,20,warm_start_dual,1,13,0.92,13.0,0.000314,0.000333,0.000069,0.000144,True,583.017608,583.017608
rand_n20_m20_d3_s456,R_large,TYPE_R,7.574617,20,20,warm_start_dual,1,16,0.94,16.0,0.000325,0.000345,0.000077,0.000156,True,611.307083,611.307083
rand_n20_m20_d3_s456,R_single,TYPE_R,1.584811,20,20,warm_start,0,14,1.00,14.0,0.000270,0.000314,0.000035,0.000137,True,657.705929,657.705929
rand_n20_m20_d3_s456,R_single,TYPE_R,2.849408,20,20,warm_start,0,13,1.00,13.0,0.000267,0.000306,0.000032,0.000125,True,656.932575,656.932575
rand_n20_m20_d3_s456,R_single,TYPE_R,3.125211,20,20,warm_start,0,14,1.00,14.0,0.000258,0.000309,0.000032,0.000122,True,663.298071,663.298071
rand_n20_m20_d3_s456,R_all,TYPE_R,4.192060,20,20,warm_start_dual,1,16,0.94,16.0,0.000300,0.000331,0.000065,0.000139,True,694.821442,694.821442
rand_n20_m20_d3_s456,R_all,TYPE_R,4.192060,20,20,warm_start_dual,1,16,0.94,16.0,0.000299,0.000326,0.000068,0.000144,True,694.821442,694.821442
rand_n20_m20_d3_s456,R_all,TYPE_R,4.192060,20,20,warm_start_dual,1,16,0.94,16.0,0.000294,0.000327,0.000062,0.000136,True,694.821442,694.821442
rand_n20_m20_d3_s456,C_small,TYPE_C,0.202154,20,20,warm_start,0,14,1.00,14.0,0.000250,0.000304,0.000031,0.000127,True,660.027879,660.027879
rand_n20_m20_d3_s456,R_large,TYPE_R,20.097386,20,20,warm_start_dual,2,14,0.86,7.0,0.001405,0.000667,0.000213,0.000160,True,579.979700,579.979700
rand_n20_m20_d3_s456,C_small,TYPE_C,0.162482,20,20,warm_start,0,16,1.00,16.0,0.000264,0.000323,0.000036,0.000133,True,670.673810,670.673810
rand_n20_m20_d3_s456,R_small,TYPE_R,0.657407,20,20,warm_start,0,14,1.00,14.0,0.001646,0.001765,0.000125,0.000845,True,655.621589,655.621589
rand_n20_m20_d3_s456,C_medium,TYPE_C,0.808618,20,20,warm_start,0,14,1.00,14.0,0.000257,0.000310,0.000032,0.000130,True,650.217204,650.217204
rand_n20_m20_d3_s456,C_small,TYPE_C,0.145546,20,20,warm_start,0,14,1.00,14.0,0.000269,0.000327,0.000033,0.000142,True,659.061938,659.061938
rand_n20_m20_d3_s456,C_large,TYPE_C,1.455462,20,20,warm_start,1,16,0.94,16.0,0.000292,0.000322,0.000057,0.000139,True,620.983608,620.983608
rand_n20_m20_d3_s456,C_large,TYPE_C,2.021544,20,20,warm_start,0,18,1.00,18.0,0.000250,0.000318,0.000030,0.000141,True,630.595867,630.595867
rand_n20_m20_d3_s456,C_large,TYPE_C,1.624818,20,20,warm_start,2,19,0.89,9.5,0.000310,0.000346,0.000068,0.000157,True,738.528326,738.528326
rand_n20_m20_d3_s789,R_small,TYPE_R,1.701308,20,20,warm_start,0,11,1.00,11.0,0.000246,0.000359,0.000029,0.000184,True,358.620832,358.620832
rand_n20_m20_d3_s789,R_small,TYPE_R,1.850866,20,20,warm_start,0,15,1.00,15.0,0.000272,0.000396,0.000034,0.000209,True,368.526831,368.526831
rand_n20_m20_d3_s789,R_small,TYPE_R,1.484891,20,20,warm_start,0,15,1.00,15.0,0.000247,0.000370,0.000030,0.000192,True,369.909276,369.909276
rand_n20_m20_d3_s789,R_medium,TYPE_R,7.403463,20,20,warm_start_dual,1,12,0.92,12.0,0.000283,0.000371,0.000059,0.000190,True,375.840350,375.840350
rand_n20_m20_d3_s789,R_medium,TYPE_R,5.939564,20,20,warm_start,0,16,1.00,16.0,0.000245,0.000371,0.000029,0.000197,True,381.445650,381.445650
rand_n20_m20_d3_s789,R_large,TYPE_R,17.013079,20,20,warm_start_dual,5,14,0.64,2.8,0.000302,0.000389,0.000074,0.000209,True,286.366905,286.366905
rand_n20_m20_d3_s789,R_large,TYPE_R,18.508658,20,20,warm_start_dual,5,12,0.58,2.4,0.000287,0.000359,0.000070,0.000183,True,387.021864,387.021864
rand_n20_m20_d3_s789,R_large,TYPE_R,14.848911,20,20,warm_start_dual,5,13,0.62,2.6,0.000306,0.000381,0.000072,0.000198,True,402.365776,402.365776
rand_n20_m20_d3_s789,R_single,TYPE_R,7.699682,20,20,warm_start_dual,1,12,0.92,12.0,0.000274,0.000359,0.000058,0.000183,True,384.614550,384.614550
rand_n20_m20_d3_s789,R_single,TYPE_R,0.422021,20,20,warm_start,0,11,1.00,11.0,0.000251,0.000364,0.000030,0.000185,True,366.063816,366.063816
rand_n20_m20_d3_s789,R_single,TYPE_R,0.975998,20,20,warm_start,0,12,1.00,12.0,0.000241,0.000352,0.000028,0.000173,True,366.059119,366.059119
rand_n20_m20_d3_s456,C_medium,TYPE_C,0.582185,20,20,warm_start,0,15,1.00,15.0,0.000260,0.000320,0.000032,0.000135,True,646.353597,646.353597
rand_n20_m20_d3_s789,R_all,TYPE_R,3.849841,20,20,warm_start_dual,1,13,0.92,13.0,0.000289,0.000381,0.000063,0.000201,True,393.070838,393.070838
rand_n20_m20_d3_s789,R_all,TYPE_R,3.849841,20,20,warm_start_dual,1,13,0.92,13.0,0.000271,0.000357,0.000057,0.000182,True,393.070838,393.070838
rand_n20_m20_d3_s789,R_all,TYPE_R,3.849841,20,20,warm_start_dual,1,13,0.92,13.0,0.000297,0.000379,0.000062,0.000195,True,393.070838,393.070838
rand_n20_m20_d3_s789,C_small,TYPE_C,0.230369,20,20,warm_start,1,12,0.92,12.0,0.000266,0.000359,0.000052,0.000183,True,366.861401,366.861401
rand_n20_m20_d3_s789,C_small,TYPE_C,0.127386,20,20,warm_start,0,11,1.00,11.0,0.000240,0.000350,0.000028,0.000175,True,369.849553,369.849553
rand_n20_m20_d3_s789,C_small,TYPE_C,0.094550,20,20,warm_start,1,12,0.92,12.0,0.000268,0.000365,0.000049,0.000186,True,363.812220,363.812220
rand_n20_m20_d3_s789,C_medium,TYPE_C,0.378200,20,20,warm_start,2,12,0.83,6.0,0.000277,0.000374,0.000056,0.000195,True,357.940809,357.940809
rand_n20_m20_d3_s789,C_medium,TYPE_C,0.921477,20,20,warm_start,2,12,0.83,6.0,0.000297,0.000394,0.000061,0.000208,True,369.635709,369.635709
rand_n20_m20_d3_s789,C_medium,TYPE_C,0.509545,20,20,warm_start,0,12,1.00,12.0,0.000242,0.000346,0.000029,0.000173,True,381.206724,381.206724
rand_n20_m20_d3_s789,C_large,TYPE_C,2.303693,20,20,warm_start,2,17,0.88,8.5,0.000283,0.000393,0.000054,0.000208,True,375.327109,375.327109
rand_n20_m20_d3_s789,C_large,TYPE_C,0.945501,20,20,warm_start,3,14,0.79,4.7,0.000269,0.000361,0.000055,0.000185,True,350.800565,350.800565
rand_n20_m20_d3_s789,C_large,TYPE_C,1.273862,20,20,warm_start,1,14,0.93,14.0,0.000263,0.000361,0.000050,0.000181,True,404.419010,404.419010
rand_n20_m20_d3_s1024,R_small,TYPE_R,1.375624,20,20,warm_start,0,14,1.00,14.0,0.000245,0.000357,0.000029,0.000183,True,636.755062,636.755062
rand_n20_m20_d3_s456,C_medium,TYPE_C,0.649927,20,20,warm_start,0,19,1.00,19.0,0.001404,0.001374,0.000161,0.000400,True,692.800896,692.800896
rand_n20_m20_d3_s1024,R_small,TYPE_R,1.496552,20,20,warm_start,0,14,1.00,14.0,0.000247,0.000355,0.000030,0.000182,True,628.712485,628.712485
rand_n20_m20_d3_s1024,R_small,TYPE_R,1.455770,20,20,warm_start_dual,2,14,0.86,7.0,0.000290,0.000390,0.000066,0.000200,True,630.031666,630.031666
rand_n20_m20_d3_s1024,R_medium,TYPE_R,5.502498,20,20,warm_start_dual,1,16,0.94,16.0,0.000271,0.000355,0.000058,0.000186,True,647.073736,647.073736
rand_n20_m20_d3_s1024,R_medium,TYPE_R,5.986209,20,20,warm_start_dual,3,11,0.73,3.7,0.000291,0.000359,0.000065,0.000184,True,614.481850,614.481850
rand_n20_m20_d3_s1024,R_medium,TYPE_R,5.823080,20,20,warm_start_dual,4,13,0.69,3.2,0.000281,0.000356,0.000066,0.000186,True,618.652506,618.652506
rand_n20_m20_d3_s789,R_medium,TYPE_R,6.805232,20,20,warm_start_dual,2,11,0.82,5.5,0.001019,0.001584,0.000201,0.000976,True,336.205870,336.205870
rand_n20_m20_d3_s1024,R_large,TYPE_R,13.756245,20,20,warm_start_dual,4,11,0.64,2.8,0.000281,0.000353,0.000068,0.000181,True,666.740784,666.740784
rand_n20_m20_d3_s1024,R_large,TYPE_R,14.965523,20,20,warm_start_dual,6,9,0.33,1.5,0.000284,0.000356,0.000070,0.000179,True,582.571394,582.571394
rand_n20_m20_d3_s1024,R_single,TYPE_R,6.225723,20,20,warm_start,0,14,1.00,14.0,0.000259,0.000374,0.000031,0.000186,True,633.863945,633.863945
rand_n20_m20_d3_s1024,R_single,TYPE_R,5.059328,20,20,warm_start_dual,2,12,0.83,6.0,0.000281,0.000362,0.000062,0.000184,True,624.534077,624.534077
rand_n20_m20_d3_s1024,R_single,TYPE_R,0.853302,20,20,warm_start,0,14,1.00,14.0,0.000240,0.000351,0.000028,0.000178,True,633.314879,633.314879
rand_n20_m20_d3_s1024,R_all,TYPE_R,4.161356,20,20,warm_start_dual,1,13,0.92,13.0,0.000266,0.000354,0.000056,0.000182,True,659.208210,659.208210
rand_n20_m20_d3_s1024,C_small,TYPE_C,0.188353,20,20,warm_start,2,13,0.85,6.5,0.000263,0.000346,0.000053,0.000173,True,633.885399,633.885399
rand_n20_m20_d3_s1024,C_small,TYPE_C,0.204911,20,20,warm_start,0,14,1.00,14.0,0.000242,0.000358,0.000028,0.000184,True,628.996825,628.996825
rand_n20_m20_d3_s1024,R_large,TYPE_R,14.557699,20,20,warm_start_dual,9,9,0.00,1.0,0.000323,0.000706,0.000087,0.000230,True,587.334968,587.334968
rand_n20_m20_d3_s1024,C_medium,TYPE_C,0.753413,20,20,warm_start,4,10,0.60,2.5,0.000307,0.000356,0.000070,0.000179,True,639.488586,639.488586
rand_n20_m20_d3_s1024,C_medium,TYPE_C,0.819644,20,20,warm_start,3,13,0.77,4.3,0.000267,0.000345,0.000055,0.000175,True,616.194656,616.194656
rand_n20_m20_d3_s1024,R_all,TYPE_R,4.161356,20,20,warm_start_dual,1,13,0.92,13.0,0.000302,0.000383,0.000068,0.000203,True,659.208210,659.208210
rand_n20_m20_d3_s1024,C_medium,TYPE_C,0.657575,20,20,warm_start,3,12,0.75,4.0,0.000274,0.000346,0.000062,0.000175,True,641.699184,641.699184
rand_n20_m20_d3_s1024,C_large,TYPE_C,1.883533,20,20,warm_start,8,8,0.00,1.0,0.000277,0.000353,0.000066,0.000171,True,658.996834,658.996834
rand_n20_m20_d3_s1024,C_large,TYPE_C,2.049110,20,20,warm_start,4,11,0.64,2.8,0.000269,0.000348,0.000056,0.000175,True,592.587986,592.587986
rand_n20_m20_d3_s1024,C_large,TYPE_C,1.643936,20,20,warm_start,5,10,0.50,2.0,0.000298,0.000369,0.000066,0.000189,True,656.560096,656.560096
rand_n20_m20_d5_s42,R_small,TYPE_R,1.205283,20,20,warm_start,0,15,1.00,15.0,0.000278,0.000356,0.000033,0.000158,True,458.327490,458.327490
rand_n20_m20_d5_s42,R_small,TYPE_R,0.709178,20,20,warm_start,0,14,1.00,14.0,0.000269,0.000339,0.000032,0.000147,True,459.779042,459.779042
rand_n20_m20_d5_s42,R_medium,TYPE_R,4.821133,20,20,warm_start_dual,1,12,0.92,12.0,0.000306,0.000345,0.000060,0.000151,True,449.053764,449.053764
rand_n20_m20_d5_s42,R_medium,TYPE_R,2.836713,20,20,warm_start,0,14,1.00,14.0,0.000275,0.000352,0.000031,0.000152,True,456.541594,456.541594
rand_n20_m20_d5_s42,R_medium,TYPE_R,2.827342,20,20,warm_start_dual,1,13,0.92,13.0,0.000299,0.000342,0.000061,0.000147,True,473.948785,473.948785
rand_n20_m20_d5_s42,R_large,TYPE_R,12.052833,20,20,warm_start_dual,2,11,0.82,5.5,0.000315,0.000342,0.000067,0.000143,True,428.111541,428.111541
rand_n20_m20_d3_s1024,R_all,TYPE_R,4.161356,20,20,warm_start_dual,1,13,0.92,13.0,0.000341,0.000395,0.000087,0.000211,True,659.208210,659.208210
rand_n20_m20_d5_s42,R_large,TYPE_R,7.091782,20,20,warm_start_dual,1,16,0.94,16.0,0.000307,0.000362,0.000063,0.000154,True,450.055946,450.055946
rand_n20_m20_d5_s42,R_large,TYPE_R,7.068356,20,20,warm_start_dual,2,13,0.85,6.5,0.000302,0.000336,0.000064,0.000144,True,492.561365,492.561365
rand_n20_m20_d5_s42,R_single,TYPE_R,1.676951,20,20,warm_start,0,19,1.00,19.0,0.000274,0.000358,0.000031,0.000155,True,460.858191,460.858191
rand_n20_m20_d5_s42,R_single,TYPE_R,2.360440,20,20,warm_start,0,19,1.00,19.0,0.000274,0.000358,0.000035,0.000163,True,460.858191,460.858191
rand_n20_m20_d5_s42,R_single,TYPE_R,3.451821,20,20,warm_start_dual,1,20,0.95,20.0,0.000301,0.000362,0.000059,0.000167,True,462.830648,462.830648
rand_n20_m20_d3_s1024,C_small,TYPE_C,0.164394,20,20,warm_start,1,14,0.93,14.0,0.001130,0.000748,0.000197,0.000254,True,635.030429,635.030429
rand_n20_m20_d5_s42,R_all,TYPE_R,3.788114,20,20,warm_start_dual,1,13,0.92,13.0,0.000329,0.000366,0.000066,0.000153,True,483.640601,483.640601
rand_n20_m20_d5_s42,R_all,TYPE_R,3.788114,20,20,warm_start_dual,1,13,0.92,13.0,0.000444,0.000355,0.000200,0.000150,True,483.640601,483.640601
rand_n20_m20_d5_s42,C_small,TYPE_C,0.142126,20,20,warm_start,0,20,1.00,20.0,0.000267,0.000350,0.000031,0.000159,True,464.594071,464.594071
rand_n20_m20_d5_s42,R_small,TYPE_R,0.706836,20,20,warm_start_dual,1,18,0.94,18.0,0.000311,0.000361,0.000064,0.000160,True,464.156569,464.156569
rand_n20_m20_d5_s42,C_small,TYPE_C,0.170734,20,20,warm_start,1,22,0.95,22.0,0.000287,0.000364,0.000054,0.000161,True,458.698941,458.698941
rand_n20_m20_d5_s42,C_small,TYPE_C,0.144712,20,20,warm_start,0,19,1.00,19.0,0.000269,0.000351,0.000029,0.000159,True,461.304397,461.304397
rand_n20_m20_d5_s42,C_medium,TYPE_C,0.568503,20,20,warm_start,0,12,1.00,12.0,0.000276,0.000336,0.000030,0.000136,True,475.801767,475.801767
rand_n20_m20_d5_s42,C_medium,TYPE_C,0.682934,20,20,warm_start,1,17,0.94,17.0,0.000332,0.000386,0.000059,0.000176,True,452.999347,452.999347
rand_n20_m20_d5_s42,C_medium,TYPE_C,0.578847,20,20,warm_start,0,14,1.00,14.0,0.000284,0.000351,0.000032,0.000153,True,462.643049,462.643049
rand_n20_m20_d5_s42,C_large,TYPE_C,1.421256,20,20,warm_start,2,15,0.87,7.5,0.000308,0.000356,0.000058,0.000150,True,498.418923,498.418923
rand_n20_m20_d5_s42,C_large,TYPE_C,1.707336,20,20,warm_start,1,15,0.93,15.0,0.000287,0.000346,0.000051,0.000154,True,441.600117,441.600117
rand_n20_m20_d5_s123,R_small,TYPE_R,0.982714,20,20,warm_start,0,7,1.00,7.0,0.000256,0.000306,0.000029,0.000118,True,667.366813,667.366813
rand_n20_m20_d5_s42,R_all,TYPE_R,3.788114,20,20,warm_start_dual,1,13,0.92,13.0,0.001596,0.000371,0.000240,0.000158,True,483.640601,483.640601
rand_n20_m20_d5_s123,R_small,TYPE_R,1.394000,20,20,warm_start,0,7,1.00,7.0,0.000273,0.000301,0.000028,0.000114,True,665.996763,665.996763
rand_n20_m20_d5_s123,R_small,TYPE_R,1.120429,20,20,warm_start,0,6,1.00,6.0,0.000267,0.000314,0.000030,0.000115,True,665.975070,665.975070
rand_n20_m20_d5_s123,R_medium,TYPE_R,3.930857,20,20,warm_start,0,7,1.00,7.0,0.000277,0.000328,0.000032,0.000129,True,671.056951,671.056951
rand_n20_m20_d5_s123,R_medium,TYPE_R,5.576000,20,20,warm_start,0,8,1.00,8.0,0.000266,0.000329,0.000031,0.000135,True,665.576759,665.576759
rand_n20_m20_d5_s123,R_medium,TYPE_R,4.481715,20,20,warm_start_dual,1,7,0.86,7.0,0.000316,0.000326,0.000060,0.000122,True,665.078587,665.078587
rand_n20_m20_d5_s123,R_large,TYPE_R,9.827143,20,20,warm_start_dual,1,7,0.86,7.0,0.000287,0.000315,0.000059,0.000121,True,678.198393,678.198393
rand_n20_m20_d5_s123,R_large,TYPE_R,13.940000,20,20,warm_start,0,7,1.00,7.0,0.000256,0.000303,0.000028,0.000115,True,664.736744,664.736744
rand_n20_m20_d5_s123,R_single,TYPE_R,0.160303,20,20,warm_start,0,7,1.00,7.0,0.000270,0.000296,0.000027,0.000112,True,666.136767,666.136767
rand_n20_m20_d5_s123,R_large,TYPE_R,11.204288,20,20,warm_start_dual,1,7,0.86,7.0,0.000298,0.000318,0.000063,0.000124,True,660.945060,660.945060
rand_n20_m20_d5_s123,R_single,TYPE_R,6.331728,20,20,warm_start,0,7,1.00,7.0,0.000267,0.000308,0.000028,0.000111,True,666.136767,666.136767
rand_n20_m20_d5_s123,R_single,TYPE_R,3.693708,20,20,warm_start,0,7,1.00,7.0,0.000279,0.000325,0.000030,0.000135,True,666.136767,666.136767
rand_n20_m20_d5_s123,R_all,TYPE_R,3.165864,20,20,warm_start,0,7,1.00,7.0,0.000270,0.000317,0.000030,0.000117,True,675.095480,675.095480
rand_n20_m20_d5_s123,R_all,TYPE_R,3.165864,20,20,warm_start,0,7,1.00,7.0,0.000267,0.000314,0.000029,0.000115,True,675.095480,675.095480
rand_n20_m20_d5_s123,R_all,TYPE_R,3.165864,20,20,warm_start,0,7,1.00,7.0,0.000256,0.000319,0.000029,0.000122,True,675.095480,675.095480
rand_n20_m20_d5_s123,C_small,TYPE_C,0.147575,20,20,warm_start,1,8,0.88,8.0,0.000279,0.000306,0.000054,0.000118,True,660.453357,660.453357
rand_n20_m20_d5_s123,C_small,TYPE_C,0.157821,20,20,warm_start,0,7,1.00,7.0,0.000267,0.000292,0.000027,0.000108,True,669.657371,669.657371
rand_n20_m20_d5_s123,C_small,TYPE_C,0.128151,20,20,warm_start,0,7,1.00,7.0,0.000261,0.000306,0.000030,0.000115,True,672.075280,672.075280
rand_n20_m20_d5_s123,C_medium,TYPE_C,0.590301,20,20,warm_start,1,8,0.88,8.0,0.000279,0.000314,0.000046,0.000115,True,647.906273,647.906273
rand_n20_m20_d5_s123,C_large,TYPE_C,1.578214,20,20,warm_start,1,6,0.83,6.0,0.000275,0.000317,0.000049,0.000120,True,702.476536,702.476536
rand_n20_m20_d5_s123,C_large,TYPE_C,1.475752,20,20,warm_start,1,7,0.86,7.0,0.000281,0.000315,0.000049,0.000116,True,622.811933,622.811933
rand_n20_m20_d5_s123,C_medium,TYPE_C,0.512605,20,20,warm_start,1,8,0.88,8.0,0.000286,0.000322,0.000051,0.000118,True,690.421111,690.421111
rand_n20_m20_d5_s42,C_large,TYPE_C,1.447118,20,20,warm_start,1,13,0.92,13.0,0.000336,0.000377,0.000066,0.000167,True,465.545066,465.545066
rand_n20_m20_d5_s123,C_large,TYPE_C,1.281512,20,20,warm_start,1,7,0.86,7.0,0.000279,0.000298,0.000046,0.000111,True,729.099196,729.099196
rand_n20_m20_d5_s456,R_small,TYPE_R,1.609376,20,20,warm_start_dual,2,12,0.83,6.0,0.000304,0.000329,0.000062,0.000137,True,712.862153,712.862153
rand_n20_m20_d5_s456,R_small,TYPE_R,1.326129,20,20,warm_start,0,13,1.00,13.0,0.000300,0.000355,0.000036,0.000158,True,707.185233,707.185233
rand_n20_m20_d5_s456,R_small,TYPE_R,1.065877,20,20,warm_start,0,13,1.00,13.0,0.000274,0.000349,0.000031,0.000147,True,707.275850,707.275850
rand_n20_m20_d5_s123,C_medium,TYPE_C,0.631285,20,20,warm_start,1,6,0.83,6.0,0.000295,0.000372,0.000050,0.000153,True,680.422007,680.422007
rand_n20_m20_d5_s456,R_medium,TYPE_R,6.437506,20,20,warm_start_dual,3,16,0.81,5.3,0.000327,0.000365,0.000077,0.000163,True,702.857329,702.857329
rand_n20_m20_d5_s456,R_medium,TYPE_R,5.304516,20,20,warm_start_dual,2,15,0.87,7.5,0.000394,0.000384,0.000099,0.000174,True,683.606408,683.606408
rand_n20_m20_d5_s456,R_medium,TYPE_R,4.263510,20,20,warm_start,0,13,1.00,13.0,0.000314,0.000422,0.000045,0.000186,True,684.883163,684.883163
rand_n20_m20_d5_s456,R_large,TYPE_R,16.093764,20,20,warm_start_dual,4,12,0.67,3.0,0.000328,0.000347,0.000076,0.000148,True,674.407386,674.407386
rand_n20_m20_d5_s456,R_single,TYPE_R,0.357560,20,20,warm_start,0,13,1.00,13.0,0.000300,0.000358,0.000037,0.000159,True,714.740074,714.740074
rand_n20_m20_d5_s456,R_all,TYPE_R,3.356955,20,20,warm_start_dual,1,10,0.90,10.0,0.000307,0.000334,0.000062,0.000141,True,741.569504,741.569504
rand_n20_m20_d5_s456,R_large,TYPE_R,13.261290,20,20,warm_start_dual,3,13,0.77,4.3,0.000343,0.001198,0.000087,0.000523,True,628.372242,628.372242
rand_n20_m20_d5_s456,R_single,TYPE_R,0.543346,20,20,warm_start,0,13,1.00,13.0,0.000317,0.000381,0.000047,0.000170,True,713.647971,713.647971
rand_n20_m20_d5_s456,R_all,TYPE_R,3.356955,20,20,warm_start_dual,1,10,0.90,10.0,0.000324,0.000365,0.000068,0.000154,True,741.569504,741.569504
rand_n20_m20_d5_s456,R_all,TYPE_R,3.356955,20,20,warm_start_dual,1,10,0.90,10.0,0.000329,0.000353,0.000069,0.000143,True,741.569504,741.569504
rand_n20_m20_d5_s456,C_small,TYPE_C,0.202154,20,20,warm_start,0,13,1.00,13.0,0.000274,0.000347,0.000032,0.000143,True,711.969671,711.969671
rand_n20_m20_d5_s456,C_small,TYPE_C,0.162482,20,20,warm_start,0,13,1.00,13.0,0.000263,0.000322,0.000029,0.000130,True,721.762977,721.762977
rand_n20_m20_d5_s456,C_medium,TYPE_C,0.808618,20,20,warm_start,1,10,0.90,10.0,0.000315,0.000361,0.000060,0.000151,True,703.679406,703.679406
rand_n20_m20_d5_s456,C_medium,TYPE_C,0.582185,20,20,warm_start,0,16,1.00,16.0,0.000291,0.000374,0.000037,0.000165,True,695.380341,695.380341
rand_n20_m20_d5_s456,C_medium,TYPE_C,0.649927,20,20,warm_start,2,12,0.83,6.0,0.000297,0.000335,0.000056,0.000135,True,742.981249,742.981249
rand_n20_m20_d5_s456,C_large,TYPE_C,1.455462,20,20,warm_start,1,14,0.93,14.0,0.000314,0.000356,0.000062,0.000152,True,672.037118,672.037118
rand_n20_m20_d5_s456,R_single,TYPE_R,6.023450,20,20,warm_start_dual,1,14,0.93,14.0,0.001973,0.001366,0.000181,0.000435,True,694.899482,694.899482
rand_n20_m20_d5_s456,C_large,TYPE_C,2.021544,20,20,warm_start,2,13,0.85,6.5,0.000300,0.000340,0.000060,0.000145,True,687.588236,687.588236
rand_n20_m20_d5_s456,C_large,TYPE_C,1.624818,20,20,warm_start,3,16,0.81,5.3,0.000291,0.000337,0.000057,0.000144,True,788.665658,788.665658
rand_n20_m20_d5_s789,R_small,TYPE_R,1.933323,20,20,warm_start_dual,1,19,0.95,19.0,0.000327,0.000381,0.000071,0.000179,True,333.824442,333.824442
rand_n20_m20_d5_s789,R_small,TYPE_R,2.103277,20,20,warm_start_dual,2,17,0.88,8.5,0.000320,0.000379,0.000073,0.000171,True,348.380899,348.380899
rand_n20_m20_d5_s789,R_small,TYPE_R,1.687392,20,20,warm_start_dual,2,18,0.89,9.0,0.000317,0.000367,0.000071,0.000170,True,348.063977,348.063977
rand_n20_m20_d5_s456,C_small,TYPE_C,0.145546,20,20,warm_start,0,16,1.00,16.0,0.000279,0.001474,0.000034,0.000463,True,709.900134,709.900134
rand_n20_m20_d5_s789,R_medium,TYPE_R,7.733291,20,20,warm_start_dual,4,21,0.81,5.2,0.000332,0.000388,0.000078,0.000184,True,297.518366,297.518366
rand_n20_m20_d5_s789,R_medium,TYPE_R,6.749569,20,20,warm_start_dual,3,13,0.77,4.3,0.000325,0.000350,0.000077,0.000153,True,360.353905,360.353905
rand_n20_m20_d5_s789,R_large,TYPE_R,21.032765,20,20,warm_start_dual,4,11,0.64,2.8,0.000335,0.000361,0.000078,0.000162,True,380.825156,380.825156
rand_n20_m20_d5_s789,R_large,TYPE_R,16.873922,20,20,warm_start_dual,6,12,0.50,2.0,0.000327,0.000358,0.000082,0.000152,True,368.045086,368.045086
rand_n20_m20_d5_s789,R_single,TYPE_R,8.749722,20,20,warm_start_dual,2,13,0.85,6.5,0.000312,0.000349,0.000069,0.000152,True,370.713284,370.713284
rand_n20_m20_d5_s789,R_single,TYPE_R,0.467463,20,20,warm_start_dual,1,17,0.94,17.0,0.000321,0.000363,0.000067,0.000159,True,343.376645,343.376645
rand_n20_m20_d5_s789,R_all,TYPE_R,4.374861,20,20,warm_start_dual,3,16,0.81,5.3,0.000331,0.000356,0.000075,0.000164,True,372.723241,372.723241
rand_n20_m20_d5_s789,R_single,TYPE_R,0.393424,20,20,warm_start,0,18,1.00,18.0,0.000328,0.000400,0.000048,0.000190,True,343.709085,343.709085
rand_n20_m20_d5_s789,R_all,TYPE_R,4.374861,20,20,warm_start_dual,3,16,0.81,5.3,0.000329,0.000371,0.000075,0.000171,True,372.723241,372.723241
rand_n20_m20_d5_s789,C_small,TYPE_C,0.230369,20,20,warm_start,0,16,1.00,16.0,0.000276,0.000361,0.000033,0.000157,True,344.821744,344.821744
rand_n20_m20_d5_s789,R_all,TYPE_R,4.374861,20,20,warm_start_dual,3,16,0.81,5.3,0.000310,0.000373,0.000072,0.000163,True,372.723241,372.723241
rand_n20_m20_d5_s789,C_small,TYPE_C,0.094550,20,20,warm_start,0,19,1.00,19.0,0.000291,0.000374,0.000041,0.000176,True,343.224822,343.224822
rand_n20_m20_d5_s789,C_small,TYPE_C,0.127386,20,20,warm_start,2,16,0.88,8.0,0.000315,0.000363,0.000067,0.000167,True,346.669426,346.669426
rand_n20_m20_d5_s789,C_medium,TYPE_C,0.921477,20,20,warm_start,1,18,0.94,18.0,0.000310,0.000380,0.000060,0.000174,True,348.179731,348.179731
rand_n20_m20_d5_s789,C_medium,TYPE_C,0.378200,20,20,warm_start,3,14,0.79,4.7,0.000312,0.000367,0.000063,0.000159,True,342.308257,342.308257
rand_n20_m20_d5_s789,C_medium,TYPE_C,0.509545,20,20,warm_start,4,16,0.75,4.0,0.000308,0.000366,0.000064,0.000162,True,355.845753,355.845753
rand_n20_m20_d5_s789,C_large,TYPE_C,2.303693,20,20,warm_start,1,18,0.94,18.0,0.000298,0.000373,0.000057,0.000167,True,354.902524,354.902524
rand_n20_m20_d5_s789,C_large,TYPE_C,0.945501,20,20,warm_start,4,15,0.73,3.8,0.000325,0.000360,0.000073,0.000164,True,341.201011,341.201011
rand_n20_m20_d5_s456,R_large,TYPE_R,10.658774,20,20,warm_start_dual,2,13,0.85,6.5,0.001267,0.001187,0.000209,0.000455,True,637.550921,637.550921
rand_n20_m20_d5_s789,C_large,TYPE_C,1.273862,20,20,warm_start,4,18,0.78,4.5,0.000317,0.000375,0.000065,0.000180,True,375.002753,375.002753
rand_n20_m20_d5_s789,R_medium,TYPE_R,8.413106,20,20,warm_start_dual,3,13,0.77,4.3,0.001850,0.001061,0.000712,0.000422,True,362.140743,362.140743
rand_n20_m20_d5_s1024,R_small,TYPE_R,1.363557,20,20,warm_start_dual,1,17,0.94,17.0,0.000313,0.000356,0.000065,0.000156,True,663.213133,663.213133
rand_n20_m20_d5_s789,R_large,TYPE_R,19.333228,20,20,warm_start_dual,7,19,0.63,2.7,0.000324,0.000367,0.000086,0.000174,True,155.649618,155.649618
rand_n20_m20_d5_s1024,R_small,TYPE_R,1.455354,20,20,warm_start,0,19,1.00,19.0,0.000276,0.000363,0.000033,0.000168,True,667.286377,667.286377
rand_n20_m20_d5_s1024,R_small,TYPE_R,1.354601,20,20,warm_start,0,18,1.00,18.0,0.000271,0.000358,0.000035,0.000158,True,663.678542,663.678542
rand_n20_m20_d5_s1024,R_medium,TYPE_R,5.454226,20,20,warm_start_dual,3,18,0.83,6.0,0.000302,0.000356,0.000068,0.000155,True,658.895524,658.895524
rand_n20_m20_d5_s1024,R_medium,TYPE_R,5.418406,20,20,warm_start_dual,1,17,0.94,17.0,0.000314,0.000366,0.000066,0.000162,True,661.430013,661.430013
rand_n20_m20_d5_s1024,R_large,TYPE_R,13.635566,20,20,warm_start_dual,6,14,0.57,2.3,0.000326,0.000347,0.000075,0.000145,True,637.136376,637.136376
rand_n20_m20_d5_s1024,R_large,TYPE_R,14.553540,20,20,warm_start_dual,3,18,0.83,6.0,0.000309,0.000355,0.000072,0.000162,True,692.149381,692.149381
rand_n20_m20_d5_s1024,R_large,TYPE_R,13.546015,20,20,warm_start_dual,2,16,0.88,8.0,0.000325,0.000356,0.000073,0.000158,True,652.259967,652.259967
rand_n20_m20_d5_s1024,R_single,TYPE_R,5.635201,20,20,warm_start,0,21,1.00,21.0,0.000558,0.000416,0.000047,0.000197,True,674.580822,674.580822
rand_n20_m20_d5_s1024,R_all,TYPE_R,4.160167,20,20,warm_start,0,20,1.00,20.0,0.000311,0.000387,0.000042,0.000180,True,688.710706,688.710706
rand_n20_m20_d5_s1024,R_medium,TYPE_R,5.821416,20,20,warm_start,0,18,1.00,18.0,0.000324,0.000389,0.000044,0.000179,True,675.902622,675.902622
rand_n20_m20_d5_s1024,R_single,TYPE_R,2.737363,20,20,warm_start,0,18,1.00,18.0,0.000313,0.000382,0.000044,0.000180,True,660.305668,660.305668
rand_n20_m20_d5_s1024,R_all,TYPE_R,4.160167,20,20,warm_start,0,20,1.00,20.0,0.000268,0.000353,0.000032,0.000154,True,688.710706,688.710706
rand_n20_m20_d5_s1024,C_small,TYPE_C,0.188353,20,20,warm_start,1,19,0.95,19.0,0.000296,0.000351,0.000062,0.000152,True,670.121352,670.121352
rand_n20_m20_d5_s1024,C_small,TYPE_C,0.204911,20,20,warm_start,0,18,1.00,18.0,0.000275,0.000362,0.000034,0.000166,True,657.456846,657.456846
rand_n20_m20_d5_s1024,C_small,TYPE_C,0.164394,20,20,warm_start,1,18,0.94,18.0,0.000310,0.000371,0.000058,0.000166,True,664.268040,664.268040
rand_n20_m20_d5_s1024,C_medium,TYPE_C,0.753413,20,20,warm_start,1,20,0.95,20.0,0.000294,0.000363,0.000057,0.000160,True,687.253007,687.253007
rand_n20_m20_d5_s1024,C_medium,TYPE_C,0.819644,20,20,warm_start,0,19,1.00,19.0,0.000281,0.000368,0.000034,0.000164,True,636.584509,636.584509
rand_n20_m20_d5_s1024,C_large,TYPE_C,1.883533,20,20,warm_start,4,17,0.76,4.2,0.000293,0.000349,0.000059,0.000150,True,722.577562,722.577562
rand_n20_m20_d5_s1024,C_large,TYPE_C,2.049110,20,20,warm_start,0,21,1.00,21.0,0.000275,0.000360,0.000032,0.000169,True,594.839807,594.839807
rand_n20_m20_d5_s1024,C_large,TYPE_C,1.643936,20,20,warm_start,3,18,0.83,6.0,0.000310,0.000358,0.000062,0.000155,True,664.957771,664.957771
rand_n20_m20_d5_s1024,R_single,TYPE_R,1.195596,20,20,warm_start,0,18,1.00,18.0,0.000275,0.000392,0.000033,0.000176,True,664.414295,664.414295
rand_n20_m20_d5_s1024,C_medium,TYPE_C,0.657575,20,20,warm_start,2,18,0.89,9.0,0.000302,0.000354,0.000059,0.000157,True,663.891009,663.891009
rand_n20_m20_d8_s42,R_small,TYPE_R,1.176720,20,20,warm_start,0,14,1.00,14.0,0.000320,0.000407,0.000040,0.000182,True,405.300405,405.300405
rand_n20_m20_d8_s42,R_small,TYPE_R,0.734373,20,20,warm_start,0,14,1.00,14.0,0.000315,0.000398,0.000045,0.000183,True,405.473946,405.473946
rand_n20_m20_d8_s42,R_small,TYPE_R,1.018647,20,20,warm_start_dual,1,16,0.94,16.0,0.000352,0.000406,0.000072,0.000179,True,408.011095,408.011095
rand_n20_m20_d8_s42,R_medium,TYPE_R,4.706881,20,20,warm_start,0,14,1.00,14.0,0.000305,0.000395,0.000038,0.000173,True,401.260965,401.260965
rand_n20_m20_d8_s42,R_medium,TYPE_R,2.937492,20,20,warm_start_dual,1,13,0.92,13.0,0.000344,0.000388,0.000071,0.000174,True,401.943180,401.943180
rand_n20_m20_d8_s42,R_medium,TYPE_R,4.074589,20,20,warm_start_dual,2,13,0.85,6.5,0.000353,0.000399,0.000074,0.000174,True,411.731291,411.731291
rand_n20_m20_d8_s42,R_large,TYPE_R,11.767203,20,20,warm_start_dual,3,18,0.83,6.0,0.000383,0.000440,0.000086,0.000208,True,388.987389,388.987389
rand_n20_m20_d8_s42,R_single,TYPE_R,2.243969,20,20,warm_start,0,14,1.00,14.0,0.000311,0.000385,0.000036,0.000172,True,406.646884,406.646884
rand_n20_m20_d8_s42,R_single,TYPE_R,3.041382,20,20,warm_start,0,14,1.00,14.0,0.000329,0.000408,0.000042,0.000190,True,406.756581,406.756581
rand_n20_m20_d8_s42,R_large,TYPE_R,10.186473,20,20,warm_start_dual,7,13,0.46,1.9,0.000391,0.000410,0.000097,0.000180,True,414.671788,414.671788
rand_n20_m20_d8_s42,R_single,TYPE_R,2.170892,20,20,warm_start_dual,1,15,0.93,15.0,0.000332,0.000385,0.000068,0.000171,True,408.286288,408.286288
rand_n20_m20_d8_s42,R_all,TYPE_R,3.698343,20,20,warm_start_dual,2,14,0.86,7.0,0.000345,0.000381,0.000080,0.000168,True,432.055099,432.055099
rand_n20_m20_d8_s42,R_all,TYPE_R,3.698343,20,20,warm_start_dual,2,14,0.86,7.0,0.000340,0.000388,0.000073,0.000172,True,432.055099,432.055099
rand_n20_m20_d8_s42,R_all,TYPE_R,3.698343,20,20,warm_start_dual,2,14,0.86,7.0,0.000356,0.000410,0.000074,0.000173,True,432.055099,432.055099
rand_n20_m20_d8_s42,C_small,TYPE_C,0.142126,20,20,warm_start,1,18,0.94,18.0,0.000327,0.000399,0.000063,0.000184,True,412.005594,412.005594
rand_n20_m20_d8_s42,C_small,TYPE_C,0.170734,20,20,warm_start,0,18,1.00,18.0,0.000306,0.000401,0.000038,0.000186,True,404.801344,404.801344
rand_n20_m20_d8_s42,C_medium,TYPE_C,0.568503,20,20,warm_start,2,14,0.86,7.0,0.000326,0.000384,0.000062,0.000172,True,429.122913,429.122913
rand_n20_m20_d8_s42,C_small,TYPE_C,0.144712,20,20,warm_start,1,19,0.95,19.0,0.000348,0.000418,0.000062,0.000199,True,404.784612,404.784612
rand_n20_m20_d8_s42,C_medium,TYPE_C,0.682934,20,20,warm_start,0,17,1.00,17.0,0.000299,0.000392,0.000036,0.000179,True,399.264743,399.264743
rand_n20_m20_d5_s1024,R_all,TYPE_R,4.160167,20,20,warm_start,0,20,1.00,20.0,0.001105,0.001120,0.000337,0.000495,True,688.710706,688.710706
rand_n20_m20_d8_s42,C_medium,TYPE_C,0.578847,20,20,warm_start,2,14,0.86,7.0,0.000327,0.000391,0.000062,0.000174,True,403.436908,403.436908
rand_n20_m20_d8_s42,R_large,TYPE_R,7.343729,20,20,warm_start_dual,2,18,0.89,9.0,0.000392,0.000443,0.000090,0.000210,True,393.613235,393.613235
rand_n20_m20_d8_s42,C_large,TYPE_C,1.707336,20,20,warm_start,1,17,0.94,17.0,0.000324,0.000402,0.000059,0.000179,True,389.568458,389.568458
rand_n20_m20_d8_s123,R_small,TYPE_R,0.998188,20,20,warm_start,0,13,1.00,13.0,0.000290,0.000364,0.000034,0.000157,True,630.562339,630.562339
rand_n20_m20_d8_s123,R_small,TYPE_R,1.034310,20,20,warm_start,0,13,1.00,13.0,0.000312,0.000388,0.000036,0.000173,True,627.628608,627.628608
rand_n20_m20_d8_s123,R_small,TYPE_R,0.831327,20,20,warm_start,0,13,1.00,13.0,0.000289,0.000370,0.000034,0.000160,True,627.564578,627.564578
rand_n20_m20_d8_s42,C_large,TYPE_C,1.447118,20,20,warm_start,2,16,0.88,8.0,0.000357,0.000411,0.000069,0.000189,True,403.320010,403.320010
rand_n20_m20_d8_s123,R_medium,TYPE_R,4.137238,20,20,warm_start,0,14,1.00,14.0,0.000292,0.000382,0.000034,0.000169,True,626.800342,626.800342
rand_n20_m20_d8_s123,R_medium,TYPE_R,3.325309,20,20,warm_start,0,16,1.00,16.0,0.000306,0.000409,0.000037,0.000176,True,626.544228,626.544228
rand_n20_m20_d8_s123,R_large,TYPE_R,9.981879,20,20,warm_start_dual,1,10,0.90,10.0,0.000321,0.000373,0.000064,0.000152,True,653.759012,653.759012
rand_n20_m20_d8_s123,R_large,TYPE_R,10.343095,20,20,warm_start_dual,1,13,0.92,13.0,0.000321,0.000370,0.000065,0.000160,True,624.892395,624.892395
rand_n20_m20_d8_s123,R_large,TYPE_R,8.313273,20,20,warm_start,0,12,1.00,12.0,0.000293,0.000370,0.000034,0.000157,True,624.503525,624.503525
rand_n20_m20_d8_s123,R_single,TYPE_R,2.074034,20,20,warm_start,0,13,1.00,13.0,0.000287,0.000364,0.000032,0.000155,True,627.904695,627.904695
rand_n20_m20_d8_s123,R_single,TYPE_R,2.686287,20,20,warm_start,0,13,1.00,13.0,0.000289,0.000372,0.000033,0.000160,True,627.904695,627.904695
rand_n20_m20_d8_s123,R_single,TYPE_R,4.697968,20,20,warm_start,0,13,1.00,13.0,0.000321,0.000391,0.000037,0.000174,True,627.904695,627.904695
rand_n20_m20_d8_s123,R_medium,TYPE_R,3.992752,20,20,warm_start,0,10,1.00,10.0,0.000349,0.000399,0.000046,0.000178,True,638.535274,638.535274
rand_n20_m20_d8_s123,R_all,TYPE_R,2.901866,20,20,warm_start,0,10,1.00,10.0,0.000292,0.000355,0.000034,0.000147,True,639.365845,639.365845
rand_n20_m20_d8_s123,R_all,TYPE_R,2.901866,20,20,warm_start,0,10,1.00,10.0,0.000296,0.000361,0.000033,0.000150,True,639.365845,639.365845
rand_n20_m20_d8_s123,C_small,TYPE_C,0.147575,20,20,warm_start,0,13,1.00,13.0,0.000297,0.000373,0.000034,0.000162,True,624.017049,624.017049
rand_n20_m20_d8_s123,C_small,TYPE_C,0.157821,20,20,warm_start,0,13,1.00,13.0,0.000287,0.000367,0.000032,0.000157,True,631.012071,631.012071
rand_n20_m20_d8_s42,C_large,TYPE_C,1.421256,20,20,warm_start,3,12,0.75,4.0,0.001112,0.001282,0.000218,0.000570,True,465.041866,465.041866
rand_n20_m20_d8_s123,C_small,TYPE_C,0.128151,20,20,warm_start,0,13,1.00,13.0,0.000291,0.000366,0.000032,0.000154,True,635.908007,635.908007
rand_n20_m20_d8_s123,C_medium,TYPE_C,0.590301,20,20,warm_start,0,14,1.00,14.0,0.000301,0.000386,0.000037,0.000172,True,612.354110,612.354110
rand_n20_m20_d8_s123,C_medium,TYPE_C,0.631285,20,20,warm_start,0,13,1.00,13.0,0.000302,0.000387,0.000037,0.000169,True,640.334123,640.334123
rand_n20_m20_d8_s123,C_large,TYPE_C,1.281512,20,20,warm_start,0,10,1.00,10.0,0.000292,0.000358,0.000037,0.000149,True,707.937643,707.937643
rand_n20_m20_d8_s123,R_all,TYPE_R,2.901866,20,20,warm_start,0,10,1.00,10.0,0.000361,0.000427,0.000046,0.000193,True,639.365845,639.365845
rand_n20_m20_d8_s456,R_small,TYPE_R,1.711214,20,20,warm_start,0,15,1.00,15.0,0.000297,0.000389,0.000035,0.000176,True,698.334758,698.334758
rand_n20_m20_d8_s123,C_large,TYPE_C,1.475752,20,20,warm_start,4,17,0.76,4.2,0.000332,0.000466,0.000067,0.000209,True,593.799936,593.799936
rand_n20_m20_d8_s123,C_large,TYPE_C,1.578214,20,20,warm_start,0,12,1.00,12.0,0.000364,0.000423,0.000046,0.000195,True,658.978321,658.978321
rand_n20_m20_d8_s456,R_small,TYPE_R,1.375390,20,20,warm_start,0,15,1.00,15.0,0.000313,0.000385,0.000039,0.000169,True,699.668767,699.668767
rand_n20_m20_d8_s456,R_medium,TYPE_R,9.528074,20,20,warm_start_dual,4,15,0.73,3.8,0.000347,0.000389,0.000078,0.000174,True,683.882292,683.882292
rand_n20_m20_d8_s456,R_medium,TYPE_R,6.844855,20,20,warm_start,0,16,1.00,16.0,0.000294,0.000381,0.000035,0.000171,True,666.589825,666.589825
rand_n20_m20_d8_s456,R_medium,TYPE_R,5.501559,20,20,warm_start_dual,1,17,0.94,17.0,0.000340,0.000408,0.000073,0.000184,True,671.834428,671.834428
rand_n20_m20_d8_s123,C_medium,TYPE_C,0.512605,20,20,warm_start,0,13,1.00,13.0,0.000297,0.001277,0.000035,0.000528,True,659.917880,659.917880
rand_n20_m20_d8_s456,R_large,TYPE_R,17.112138,20,20,warm_start_dual,3,18,0.83,6.0,0.000357,0.000407,0.000080,0.000187,True,599.673067,599.673067
rand_n20_m20_d8_s456,R_large,TYPE_R,13.753897,20,20,warm_start_dual,5,17,0.71,3.4,0.000360,0.000411,0.000081,0.000192,True,612.019226,612.019226
rand_n20_m20_d8_s456,R_single,TYPE_R,7.772555,20,20,warm_start_dual,1,17,0.94,17.0,0.000333,0.000390,0.000068,0.000175,True,688.508148,688.508148
rand_n20_m20_d8_s456,R_single,TYPE_R,2.100233,20,20,warm_start,0,15,1.00,15.0,0.000301,0.000394,0.000036,0.000178,True,708.916399,708.916399
rand_n20_m20_d8_s456,R_large,TYPE_R,23.820185,20,20,warm_start_dual,5,13,0.62,2.6,0.000343,0.000377,0.000082,0.000164,True,636.501494,636.501494
rand_n20_m20_d8_s456,R_single,TYPE_R,1.527013,20,20,warm_start,0,15,1.00,15.0,0.000292,0.000374,0.000034,0.000164,True,708.916399,708.916399
rand_n20_m20_d8_s456,R_all,TYPE_R,4.968589,20,20,warm_start_dual,5,12,0.58,2.4,0.000353,0.000375,0.000078,0.000160,True,744.649009,744.649009
rand_n20_m20_d8_s456,R_all,TYPE_R,4.968589,20,20,warm_start_dual,5,12,0.58,2.4,0.000351,0.000408,0.000082,0.000174,True,744.649009,744.649009
rand_n20_m20_d8_s456,C_small,TYPE_C,0.145546,20,20,warm_start,1,15,0.93,15.0,0.000326,0.000378,0.000060,0.000162,True,703.259503,703.259503
rand_n20_m20_d8_s456,R_small,TYPE_R,2.382019,20,20,warm_start_dual,1,19,0.95,19.0,0.001228,0.001297,0.000250,0.000593,True,704.773824,704.773824
rand_n20_m20_d8_s456,C_small,TYPE_C,0.202154,20,20,warm_start,0,14,1.00,14.0,0.000302,0.000385,0.000036,0.000164,True,705.918671,705.918671
rand_n20_m20_d8_s456,R_all,TYPE_R,4.968589,20,20,warm_start_dual,5,12,0.58,2.4,0.000367,0.000394,0.000093,0.000177,True,744.649009,744.649009
rand_n20_m20_d8_s456,C_medium,TYPE_C,0.582185,20,20,warm_start,5,12,0.58,2.4,0.000356,0.000386,0.000076,0.000168,True,688.843507,688.843507
rand_n20_m20_d8_s456,C_medium,TYPE_C,0.808618,20,20,warm_start,1,14,0.93,14.0,0.000338,0.000398,0.000063,0.000176,True,696.938610,696.938610
rand_n20_m20_d8_s456,C_small,TYPE_C,0.162482,20,20,warm_start,0,14,1.00,14.0,0.000302,0.001733,0.000034,0.001520,True,717.037131,717.037131
rand_n20_m20_d8_s456,C_large,TYPE_C,2.021544,20,20,warm_start,1,12,0.92,12.0,0.000340,0.000394,0.000064,0.000168,True,681.442127,681.442127
rand_n20_m20_d8_s789,R_small,TYPE_R,1.820032,20,20,warm_start,0,10,1.00,10.0,0.000310,0.000383,0.000035,0.000160,True,407.115040,407.115040
rand_n20_m20_d8_s456,C_large,TYPE_C,1.624818,20,20,warm_start,5,17,0.71,3.4,0.000361,0.000413,0.000084,0.000190,True,791.247807,791.247807
rand_n20_m20_d8_s789,R_small,TYPE_R,1.465679,20,20,warm_start,0,12,1.00,12.0,0.000317,0.000392,0.000037,0.000175,True,409.330407,409.330407
rand_n20_m20_d8_s789,R_small,TYPE_R,1.360572,20,20,warm_start,0,10,1.00,10.0,0.000306,0.000379,0.000037,0.000161,True,408.954704,408.954704
rand_n20_m20_d8_s789,R_medium,TYPE_R,7.280128,20,20,warm_start,0,10,1.00,10.0,0.000299,0.000371,0.000036,0.000157,True,404.898974,404.898974
rand_n20_m20_d8_s789,R_large,TYPE_R,18.200321,20,20,warm_start,0,10,1.00,10.0,0.000307,0.000379,0.000034,0.000166,True,400.466846,400.466846
rand_n20_m20_d8_s789,R_large,TYPE_R,14.656795,20,20,warm_start_dual,5,9,0.44,1.8,0.000369,0.000471,0.000088,0.000179,True,406.426916,406.426916
rand_n20_m20_d8_s789,R_large,TYPE_R,13.605720,20,20,warm_start_dual,5,11,0.55,2.2,0.000350,0.000385,0.000077,0.000171,True,413.643122,413.643122
rand_n20_m20_d8_s789,R_single,TYPE_R,2.836020,20,20,warm_start,0,10,1.00,10.0,0.000302,0.000370,0.000036,0.000156,True,407.853728,407.853728
rand_n20_m20_d8_s789,R_all,TYPE_R,4.038106,20,20,warm_start_dual,1,11,0.91,11.0,0.000330,0.000367,0.000065,0.000154,True,427.567541,427.567541
rand_n20_m20_d8_s789,R_all,TYPE_R,4.038106,20,20,warm_start_dual,1,11,0.91,11.0,0.000377,0.000431,0.000071,0.000178,True,427.567541,427.567541
rand_n20_m20_d8_s789,R_single,TYPE_R,6.097290,20,20,warm_start_dual,2,10,0.80,5.0,0.000447,0.000542,0.000106,0.000222,True,413.278644,413.278644
rand_n20_m20_d8_s789,R_medium,TYPE_R,5.862718,20,20,warm_start_dual,2,10,0.80,5.0,0.000518,0.000584,0.000103,0.000245,True,410.998393,410.998393
rand_n20_m20_d8_s789,R_medium,TYPE_R,5.442288,20,20,warm_start,0,13,1.00,13.0,0.000313,0.000400,0.000037,0.000180,True,412.257631,412.257631
rand_n20_m20_d8_s789,R_all,TYPE_R,4.038106,20,20,warm_start_dual,1,11,0.91,11.0,0.000330,0.000372,0.000066,0.000158,True,427.567541,427.567541
rand_n20_m20_d8_s789,C_small,TYPE_C,0.230369,20,20,warm_start,0,11,1.00,11.0,0.000300,0.000376,0.000034,0.000161,True,404.334771,404.334771
rand_n20_m20_d8_s789,R_single,TYPE_R,0.360260,20,20,warm_start,0,10,1.00,10.0,0.001749,0.000612,0.000137,0.000221,True,407.853728,407.853728
rand_n20_m20_d8_s456,C_large,TYPE_C,1.455462,20,20,warm_start,7,13,0.46,1.9,0.001518,0.000564,0.000119,0.000285,True,661.416744,661.416744
rand_n20_m20_d8_s456,C_medium,TYPE_C,0.649927,20,20,warm_start,1,16,0.94,16.0,0.000536,0.001776,0.000088,0.000427,True,741.468939,741.468939
rand_n20_m20_d8_s789,C_small,TYPE_C,0.127386,20,20,warm_start,0,10,1.00,10.0,0.000408,0.000434,0.000050,0.000187,True,411.925104,411.925104
rand_n20_m20_d8_s789,C_small,TYPE_C,0.094550,20,20,warm_start,0,12,1.00,12.0,0.000345,0.000423,0.000045,0.000188,True,407.910906,407.910906
rand_n20_m20_d8_s789,C_medium,TYPE_C,0.509545,20,20,warm_start,0,11,1.00,11.0,0.000295,0.000370,0.000034,0.000156,True,424.139181,424.139181
rand_n20_m20_d8_s789,C_large,TYPE_C,2.303693,20,20,warm_start,1,15,0.93,15.0,0.000323,0.000384,0.000058,0.000170,True,374.607443,374.607443
rand_n20_m20_d8_s789,C_medium,TYPE_C,0.921477,20,20,warm_start,0,9,1.00,9.0,0.000329,0.000412,0.000040,0.000170,True,393.777970,393.777970
rand_n20_m20_d8_s789,C_medium,TYPE_C,0.378200,20,20,warm_start,0,9,1.00,9.0,0.000327,0.000399,0.000042,0.000174,True,408.082357,408.082357
rand_n20_m20_d8_s1024,R_small,TYPE_R,1.396804,20,20,warm_start,0,15,1.00,15.0,0.000317,0.000419,0.000041,0.000192,True,627.380386,627.380386
rand_n20_m20_d8_s789,C_large,TYPE_C,1.273862,20,20,warm_start,0,12,1.00,12.0,0.000307,0.000386,0.000038,0.000170,True,448.567367,448.567367
rand_n20_m20_d8_s1024,R_small,TYPE_R,1.199175,20,20,warm_start,0,10,1.00,10.0,0.000328,0.000389,0.000045,0.000174,True,626.137802,626.137802
rand_n20_m20_d8_s1024,R_small,TYPE_R,2.348436,20,20,warm_start,0,10,1.00,10.0,0.000317,0.000380,0.000041,0.000164,True,626.447288,626.447288
rand_n20_m20_d8_s789,C_large,TYPE_C,0.945501,20,20,warm_start,3,15,0.80,5.0,0.000357,0.000455,0.000069,0.000215,True,416.199255,416.199255
rand_n20_m20_d8_s1024,R_medium,TYPE_R,5.587218,20,20,warm_start_dual,1,14,0.93,14.0,0.000358,0.000483,0.000079,0.000204,True,628.862492,628.862492
rand_n20_m20_d8_s1024,R_medium,TYPE_R,9.393742,20,20,warm_start,0,12,1.00,12.0,0.000337,0.000396,0.000045,0.000178,True,625.252257,625.252257
rand_n20_m20_d8_s1024,R_large,TYPE_R,13.968044,20,20,warm_start_dual,6,13,0.54,2.2,0.000374,0.000383,0.000093,0.000169,True,618.082308,618.082308
rand_n20_m20_d8_s1024,R_single,TYPE_R,0.499619,20,20,warm_start,0,10,1.00,10.0,0.000302,0.000365,0.000036,0.000152,True,626.309973,626.309973
rand_n20_m20_d8_s1024,R_single,TYPE_R,1.512980,20,20,warm_start,0,10,1.00,10.0,0.000332,0.000398,0.000042,0.000172,True,627.619219,627.619219
rand_n20_m20_d8_s1024,R_single,TYPE_R,1.168655,20,20,warm_start,0,10,1.00,10.0,0.000311,0.000389,0.000037,0.000167,True,626.845630,626.845630
rand_n20_m20_d8_s1024,R_all,TYPE_R,6.713063,20,20,warm_start,0,10,1.00,10.0,0.000312,0.000384,0.000041,0.000171,True,648.111703,648.111703
rand_n20_m20_d8_s1024,R_all,TYPE_R,6.713063,20,20,warm_start,0,10,1.00,10.0,0.000304,0.000378,0.000038,0.000165,True,648.111703,648.111703
rand_n20_m20_d8_s1024,R_all,TYPE_R,6.713063,20,20,warm_start,0,10,1.00,10.0,0.000302,0.000370,0.000037,0.000158,True,648.111703,648.111703
rand_n20_m20_d8_s1024,C_small,TYPE_C,0.188353,20,20,warm_start,0,10,1.00,10.0,0.000302,0.000376,0.000036,0.000155,True,630.537858,630.537858
rand_n20_m20_d8_s1024,C_small,TYPE_C,0.204911,20,20,warm_start,0,10,1.00,10.0,0.000305,0.000375,0.000037,0.000159,True,620.019990,620.019990
rand_n20_m20_d8_s1024,R_medium,TYPE_R,4.796700,20,20,warm_start,0,10,1.00,10.0,0.001173,0.000449,0.000103,0.000207,True,624.014319,624.014319
rand_n20_m20_d8_s1024,C_small,TYPE_C,0.164394,20,20,warm_start,0,10,1.00,10.0,0.000303,0.000370,0.000035,0.000161,True,625.960742,625.960742
rand_n20_m20_d8_s1024,C_medium,TYPE_C,0.753413,20,20,warm_start,1,11,0.91,11.0,0.000336,0.000388,0.000064,0.000167,True,641.900506,641.900506
rand_n20_m20_d8_s1024,R_large,TYPE_R,23.484355,20,20,warm_start_dual,6,14,0.57,2.3,0.000473,0.000431,0.000112,0.000200,True,604.985826,604.985826
rand_n20_m20_d8_s1024,C_medium,TYPE_C,0.819644,20,20,warm_start,2,12,0.83,6.0,0.000327,0.000384,0.000063,0.000163,True,603.869586,603.869586
rand_n20_m20_d8_s1024,C_medium,TYPE_C,0.657575,20,20,warm_start,1,11,0.91,11.0,0.000354,0.000398,0.000069,0.000170,True,624.843146,624.843146
rand_n20_m20_d8_s1024,C_large,TYPE_C,1.643936,20,20,warm_start,2,10,0.80,5.0,0.000322,0.000366,0.000060,0.000155,True,625.333043,625.333043
rand_n20_m20_d8_s1024,C_large,TYPE_C,1.883533,20,20,warm_start,3,11,0.73,3.7,0.000361,0.000387,0.000074,0.000168,True,677.755851,677.755851
rand_n20_m20_d8_s1024,C_large,TYPE_C,2.049110,20,20,warm_start,5,12,0.58,2.4,0.000360,0.000397,0.000077,0.000180,True,572.561141,572.561141
rand_n20_m40_d3_s42,R_small,TYPE_R,1.117721,20,40,warm_start,0,16,1.00,16.0,0.000382,0.000544,0.000040,0.000274,True,408.326185,408.326185
rand_n20_m40_d3_s42,R_small,TYPE_R,0.876586,20,40,warm_start,0,18,1.00,18.0,0.000377,0.000580,0.000043,0.000296,True,416.705528,416.705528
rand_n20_m40_d3_s42,R_medium,TYPE_R,7.306923,20,40,warm_start_dual,1,18,0.94,18.0,0.000414,0.000481,0.000087,0.000210,True,410.481489,410.481489
rand_n20_m20_d8_s1024,R_large,TYPE_R,11.991751,20,20,warm_start_dual,3,13,0.77,4.3,0.001298,0.000446,0.000213,0.000204,True,607.314155,607.314155
rand_n20_m40_d3_s42,R_medium,TYPE_R,4.470886,20,40,warm_start_dual,4,19,0.79,4.8,0.000430,0.000565,0.000103,0.000290,True,394.972219,394.972219
rand_n20_m40_d3_s42,R_large,TYPE_R,18.267308,20,40,warm_start_dual,2,19,0.89,9.5,0.000420,0.000490,0.000090,0.000216,True,402.699957,402.699957
rand_n20_m40_d3_s42,R_large,TYPE_R,11.177214,20,40,warm_start_dual,6,19,0.68,3.2,0.000432,0.000562,0.000104,0.000291,True,359.905874,359.905874
rand_n20_m40_d3_s42,R_small,TYPE_R,1.826731,20,40,warm_start,0,18,1.00,18.0,0.000412,0.000597,0.000056,0.000321,True,411.869048,411.869048
rand_n20_m40_d3_s42,R_single,TYPE_R,2.647781,20,40,warm_start,0,16,1.00,16.0,0.000365,0.000547,0.000041,0.000278,True,411.917383,411.917383
rand_n20_m40_d3_s42,R_single,TYPE_R,3.565115,20,40,warm_start_dual,3,17,0.82,5.7,0.000431,0.000559,0.000092,0.000288,True,400.154432,400.154432
rand_n20_m40_d3_s42,R_single,TYPE_R,1.762867,20,40,warm_start,0,17,1.00,17.0,0.000371,0.000558,0.000041,0.000288,True,411.917383,411.917383
rand_n20_m40_d3_s42,R_medium,TYPE_R,3.506344,20,40,warm_start_dual,6,18,0.67,3.0,0.000434,0.001832,0.000104,0.000860,True,422.619990,422.619990
rand_n20_m40_d3_s42,R_all,TYPE_R,4.069480,20,40,warm_start_dual,1,14,0.93,14.0,0.000412,0.000545,0.000088,0.000274,True,442.249487,442.249487
rand_n20_m40_d3_s42,R_all,TYPE_R,4.069480,20,40,warm_start_dual,1,14,0.93,14.0,0.000424,0.000556,0.000090,0.000276,True,442.249487,442.249487
rand_n20_m40_d3_s42,R_all,TYPE_R,4.069480,20,40,warm_start_dual,1,14,0.93,14.0,0.000412,0.000535,0.000088,0.000266,True,442.249487,442.249487
rand_n20_m40_d3_s42,C_small,TYPE_C,0.093784,20,40,warm_start,0,18,1.00,18.0,0.000364,0.000546,0.000040,0.000275,True,412.476548,412.476548
rand_n20_m40_d3_s42,C_medium,TYPE_C,0.693972,20,40,warm_start,1,21,0.95,21.0,0.000408,0.000557,0.000073,0.000289,True,425.248919,425.248919
rand_n20_m40_d3_s42,C_small,TYPE_C,0.128207,20,40,warm_start,0,16,1.00,16.0,0.000371,0.000565,0.000040,0.000282,True,409.297058,409.297058
rand_n20_m40_d3_s42,C_medium,TYPE_C,0.512827,20,40,warm_start,0,18,1.00,18.0,0.000363,0.000550,0.000041,0.000280,True,401.436099,401.436099
rand_n20_m40_d3_s42,C_large,TYPE_C,0.937840,20,40,warm_start,1,17,0.94,17.0,0.000399,0.000544,0.000071,0.000275,True,419.560851,419.560851
rand_n20_m40_d3_s42,C_large,TYPE_C,1.734930,20,40,warm_start,4,18,0.78,4.5,0.000417,0.000582,0.000081,0.000297,True,448.181423,448.181423
rand_n20_m40_d3_s42,C_large,TYPE_C,1.282069,20,40,warm_start,0,17,1.00,17.0,0.000361,0.000537,0.000039,0.000268,True,385.714162,385.714162
rand_n20_m40_d3_s123,R_small,TYPE_R,2.382137,20,40,warm_start,0,16,1.00,16.0,0.000390,0.000481,0.000046,0.000207,True,536.091266,536.091266
rand_n20_m40_d3_s123,R_small,TYPE_R,2.329212,20,40,warm_start_dual,1,15,0.93,15.0,0.000424,0.000484,0.000087,0.000197,True,546.158676,546.158676
rand_n20_m40_d3_s123,R_small,TYPE_R,1.365153,20,40,warm_start_dual,2,17,0.88,8.5,0.000422,0.000483,0.000091,0.000206,True,542.573384,542.573384
rand_n20_m40_d3_s123,R_medium,TYPE_R,9.528547,20,40,warm_start_dual,2,18,0.89,9.0,0.000420,0.000560,0.000090,0.000283,True,516.642296,516.642296
rand_n20_m40_d3_s42,C_medium,TYPE_C,0.375136,20,40,warm_start,0,17,1.00,17.0,0.000388,0.000573,0.000044,0.000289,True,414.154019,414.154019
rand_n20_m40_d3_s123,R_medium,TYPE_R,9.316846,20,40,warm_start_dual,2,19,0.89,9.5,0.000431,0.000489,0.000093,0.000211,True,549.088979,549.088979
rand_n20_m40_d3_s42,C_small,TYPE_C,0.173493,20,40,warm_start,0,17,1.00,17.0,0.000366,0.006205,0.000040,0.005220,True,415.241755,415.241755
rand_n20_m40_d3_s123,R_medium,TYPE_R,5.460611,20,40,warm_start_dual,6,21,0.71,3.5,0.000443,0.000486,0.000107,0.000210,True,539.182732,539.182732
rand_n20_m40_d3_s42,R_large,TYPE_R,8.765860,20,40,warm_start_dual,9,18,0.50,2.0,0.002723,0.001901,0.000923,0.000844,True,427.476909,427.476909
rand_n20_m40_d3_s123,R_large,TYPE_R,23.292116,20,40,warm_start_dual,4,20,0.80,5.0,0.000436,0.000496,0.000094,0.000212,True,545.831038,545.831038
rand_n20_m40_d3_s123,R_large,TYPE_R,13.651528,20,40,warm_start_dual,8,19,0.58,2.4,0.000442,0.000487,0.000110,0.000208,True,521.131695,521.131695
rand_n20_m40_d3_s123,R_single,TYPE_R,3.457341,20,40,warm_start,0,16,1.00,16.0,0.000369,0.000472,0.000040,0.000198,True,541.913785,541.913785
rand_n20_m40_d3_s123,R_single,TYPE_R,3.198670,20,40,warm_start,0,16,1.00,16.0,0.000389,0.000483,0.000041,0.000201,True,541.913785,541.913785
rand_n20_m40_d3_s123,R_all,TYPE_R,5.920884,20,40,warm_start_dual,2,12,0.83,6.0,0.000433,0.000557,0.000095,0.000279,True,573.427645,573.427645
rand_n20_m40_d3_s123,R_all,TYPE_R,5.920884,20,40,warm_start_dual,2,12,0.83,6.0,0.000422,0.000535,0.000093,0.000261,True,573.427645,573.427645
rand_n20_m40_d3_s123,R_all,TYPE_R,5.920884,20,40,warm_start_dual,2,12,0.83,6.0,0.000450,0.000551,0.000106,0.000273,True,573.427645,573.427645
rand_n20_m40_d3_s123,C_small,TYPE_C,0.166542,20,40,warm_start,0,15,1.00,15.0,0.000376,0.000480,0.000039,0.000196,True,545.754692,545.754692
rand_n20_m40_d3_s123,C_small,TYPE_C,0.126905,20,40,warm_start,0,16,1.00,16.0,0.000370,0.000476,0.000041,0.000201,True,542.367729,542.367729
rand_n20_m40_d3_s123,C_medium,TYPE_C,0.666168,20,40,warm_start,0,17,1.00,17.0,0.000375,0.000481,0.000039,0.000197,True,557.277349,557.277349
rand_n20_m40_d3_s123,C_small,TYPE_C,0.131781,20,40,warm_start,0,15,1.00,15.0,0.000362,0.000461,0.000039,0.000188,True,544.844168,544.844168
rand_n20_m40_d3_s123,C_medium,TYPE_C,0.507619,20,40,warm_start,0,15,1.00,15.0,0.000372,0.000473,0.000041,0.000196,True,543.729478,543.729478
rand_n20_m40_d3_s123,C_medium,TYPE_C,0.527122,20,40,warm_start,0,17,1.00,17.0,0.000375,0.000470,0.000040,0.000196,True,553.635337,553.635337
rand_n20_m40_d3_s123,C_large,TYPE_C,1.665419,20,40,warm_start,0,15,1.00,15.0,0.000387,0.000479,0.000042,0.000197,True,580.322685,580.322685
rand_n20_m40_d3_s123,R_single,TYPE_R,2.222393,20,40,warm_start,0,16,1.00,16.0,0.000426,0.000498,0.000052,0.000214,True,543.864771,543.864771
rand_n20_m40_d3_s123,C_large,TYPE_C,1.317806,20,40,warm_start,4,16,0.75,4.0,0.000412,0.000470,0.000084,0.000197,True,573.087049,573.087049
rand_n20_m40_d3_s456,R_small,TYPE_R,0.652025,20,40,warm_start_dual,1,23,0.96,23.0,0.000418,0.000566,0.000089,0.000297,True,703.916496,703.916496
rand_n20_m40_d3_s123,R_large,TYPE_R,23.821367,20,40,warm_start_dual,5,17,0.71,3.4,0.000504,0.000614,0.000131,0.000316,True,468.531344,468.531344
rand_n20_m40_d3_s456,R_small,TYPE_R,0.967320,20,40,warm_start_dual,1,23,0.96,23.0,0.001255,0.000627,0.000120,0.000328,True,709.939020,709.939020
rand_n20_m40_d3_s456,R_medium,TYPE_R,3.776297,20,40,warm_start_dual,11,20,0.45,1.8,0.000450,0.000563,0.000122,0.000293,True,741.549500,741.549500
rand_n20_m40_d3_s123,C_large,TYPE_C,1.269047,20,40,warm_start,0,18,1.00,18.0,0.000362,0.000479,0.000038,0.000203,True,546.453093,546.453093
rand_n20_m40_d3_s456,R_small,TYPE_R,0.944074,20,40,warm_start_dual,1,22,0.95,22.0,0.000427,0.000589,0.000092,0.000310,True,721.249194,721.249194
rand_n20_m40_d3_s456,R_medium,TYPE_R,3.869282,20,40,warm_start_dual,1,23,0.96,23.0,0.000497,0.000609,0.000120,0.000329,True,706.235281,706.235281
rand_n20_m40_d3_s456,R_large,TYPE_R,9.440743,20,40,warm_start_dual,12,26,0.54,2.2,0.000452,0.000572,0.000127,0.000302,True,744.709261,744.709261
rand_n20_m40_d3_s456,R_large,TYPE_R,9.673204,20,40,warm_start_dual,5,25,0.80,5.0,0.000439,0.000604,0.000106,0.000316,True,697.583916,697.583916
rand_n20_m40_d3_s456,R_single,TYPE_R,2.729848,20,40,warm_start,0,23,1.00,23.0,0.000382,0.000576,0.000042,0.000297,True,711.154566,711.154566
rand_n20_m40_d3_s456,R_single,TYPE_R,0.998393,20,40,warm_start_dual,1,24,0.96,24.0,0.000426,0.000573,0.000098,0.000305,True,703.548661,703.548661
rand_n20_m40_d3_s456,R_all,TYPE_R,4.215723,20,40,warm_start,0,21,1.00,21.0,0.000362,0.000572,0.000040,0.000294,True,762.738557,762.738557
rand_n20_m40_d3_s456,R_all,TYPE_R,4.215723,20,40,warm_start,0,21,1.00,21.0,0.000381,0.000571,0.000044,0.000295,True,762.738557,762.738557
rand_n20_m40_d3_s456,R_medium,TYPE_R,2.608100,20,40,warm_start_dual,2,21,0.90,10.5,0.000495,0.000601,0.000111,0.000318,True,681.584115,681.584115
rand_n20_m40_d3_s456,R_all,TYPE_R,4.215723,20,40,warm_start,0,21,1.00,21.0,0.000363,0.000544,0.000041,0.000278,True,762.738557,762.738557
rand_n20_m40_d3_s456,R_single,TYPE_R,0.173378,20,40,warm_start,0,23,1.00,23.0,0.000908,0.000641,0.000148,0.000343,True,711.154566,711.154566
rand_n20_m40_d3_s456,C_small,TYPE_C,0.213188,20,40,warm_start,0,23,1.00,23.0,0.000383,0.000574,0.000043,0.000292,True,702.683982,702.683982
rand_n20_m40_d3_s456,C_small,TYPE_C,0.186069,20,40,warm_start,0,22,1.00,22.0,0.000372,0.000567,0.000043,0.000297,True,718.440465,718.440465
rand_n20_m40_d3_s456,C_medium,TYPE_C,0.852752,20,40,warm_start,0,21,1.00,21.0,0.000390,0.000578,0.000045,0.000297,True,677.272201,677.272201
rand_n20_m40_d3_s456,C_medium,TYPE_C,0.927715,20,40,warm_start,2,23,0.91,11.5,0.000413,0.000576,0.000077,0.000303,True,722.631752,722.631752
rand_n20_m40_d3_s456,C_medium,TYPE_C,0.744276,20,40,warm_start,1,21,0.95,21.0,0.000401,0.000562,0.000071,0.000289,True,741.226987,741.226987
rand_n20_m40_d3_s456,C_large,TYPE_C,2.131879,20,40,warm_start,1,22,0.95,22.0,0.000391,0.000558,0.000069,0.000289,True,626.481827,626.481827
rand_n20_m40_d3_s456,C_large,TYPE_C,2.319288,20,40,warm_start,2,22,0.91,11.0,0.000416,0.000585,0.000077,0.000310,True,740.504588,740.504588
rand_n20_m40_d3_s456,C_large,TYPE_C,1.860691,20,40,warm_start,1,21,0.95,21.0,0.000398,0.000562,0.000071,0.000285,True,787.198522,787.198522
rand_n20_m40_d3_s456,C_small,TYPE_C,0.231929,20,40,warm_start,0,23,1.00,23.0,0.001589,0.000693,0.000436,0.000381,True,714.003448,714.003448
rand_n20_m40_d3_s789,R_small,TYPE_R,1.076847,20,40,warm_start_dual,2,20,0.90,10.0,0.000426,0.000569,0.000095,0.000295,True,511.382959,511.382959
rand_n20_m40_d3_s789,R_small,TYPE_R,0.677407,20,40,warm_start,0,17,1.00,17.0,0.000375,0.000553,0.000041,0.000277,True,511.645282,511.645282
rand_n20_m40_d3_s789,R_medium,TYPE_R,3.709510,20,40,warm_start_dual,1,21,0.95,21.0,0.000414,0.000566,0.000086,0.000293,True,476.334611,476.334611
rand_n20_m40_d3_s789,R_medium,TYPE_R,4.307387,20,40,warm_start_dual,7,16,0.56,2.3,0.000437,0.000538,0.000110,0.000268,True,500.140611,500.140611
rand_n20_m40_d3_s789,R_medium,TYPE_R,2.709629,20,40,warm_start_dual,1,16,0.94,16.0,0.000430,0.000563,0.000088,0.000289,True,508.126414,508.126414
rand_n20_m40_d3_s789,R_large,TYPE_R,9.273774,20,40,warm_start_dual,6,20,0.70,3.3,0.000434,0.000567,0.000105,0.000295,True,415.921605,415.921605
rand_n20_m40_d3_s789,R_large,TYPE_R,10.768467,20,40,warm_start_dual,8,18,0.56,2.2,0.000474,0.000578,0.000130,0.000294,True,435.315915,435.315915
rand_n20_m40_d3_s456,R_large,TYPE_R,6.520249,20,40,warm_start_dual,3,21,0.86,7.0,0.000497,0.000599,0.000126,0.000319,True,633.096965,633.096965
rand_n20_m40_d3_s789,R_single,TYPE_R,2.706297,20,40,warm_start_dual,3,21,0.86,7.0,0.000418,0.000563,0.000092,0.000290,True,509.047340,509.047340
rand_n20_m40_d3_s789,R_single,TYPE_R,2.077163,20,40,warm_start,0,17,1.00,17.0,0.000360,0.000539,0.000038,0.000268,True,512.606711,512.606711
rand_n20_m40_d3_s789,R_all,TYPE_R,4.840992,20,40,warm_start_dual,1,19,0.95,19.0,0.000415,0.000557,0.000088,0.000277,True,541.977047,541.977047
rand_n20_m40_d3_s789,R_large,TYPE_R,6.774073,20,40,warm_start_dual,2,18,0.89,9.0,0.007089,0.000592,0.000107,0.000294,True,496.469803,496.469803
rand_n20_m40_d3_s789,R_all,TYPE_R,4.840992,20,40,warm_start_dual,1,19,0.95,19.0,0.000420,0.000552,0.000090,0.000281,True,541.977047,541.977047
rand_n20_m40_d3_s789,R_small,TYPE_R,0.927377,20,40,warm_start,0,17,1.00,17.0,0.000369,0.002347,0.000041,0.001201,True,504.410286,504.410286
rand_n20_m40_d3_s789,C_small,TYPE_C,0.234322,20,40,warm_start,0,17,1.00,17.0,0.000384,0.000545,0.000042,0.000271,True,509.101830,509.101830
rand_n20_m40_d3_s789,C_small,TYPE_C,0.161452,20,40,warm_start,0,17,1.00,17.0,0.000361,0.000541,0.000039,0.000269,True,511.461910,511.461910
rand_n20_m40_d3_s789,C_small,TYPE_C,0.154105,20,40,warm_start,0,17,1.00,17.0,0.000369,0.000531,0.000040,0.000261,True,513.982612,513.982612
rand_n20_m40_d3_s789,R_all,TYPE_R,4.840992,20,40,warm_start_dual,1,19,0.95,19.0,0.000430,0.003314,0.000086,0.003043,True,541.977047,541.977047
rand_n20_m40_d3_s789,C_medium,TYPE_C,0.937288,20,40,warm_start,1,16,0.94,16.0,0.000413,0.000594,0.000075,0.000291,True,498.737660,498.737660
rand_n20_m40_d3_s789,R_single,TYPE_R,0.580769,20,40,warm_start,0,17,1.00,17.0,0.000418,0.000626,0.000048,0.000324,True,512.606711,512.606711
rand_n20_m40_d3_s789,C_medium,TYPE_C,0.616419,20,40,warm_start,0,17,1.00,17.0,0.000367,0.000550,0.000039,0.000276,True,518.110328,518.110328
rand_n20_m40_d3_s789,C_large,TYPE_C,1.541048,20,40,warm_start,4,18,0.78,4.5,0.000399,0.000552,0.000076,0.000281,True,530.931970,530.931970
rand_n20_m40_d3_s1024,R_small,TYPE_R,1.707253,20,40,warm_start,0,20,1.00,20.0,0.000365,0.000482,0.000041,0.000213,True,359.384648,359.384648
rand_n20_m40_d3_s1024,R_small,TYPE_R,1.306689,20,40,warm_start,0,19,1.00,19.0,0.000386,0.000489,0.000045,0.000213,True,362.263006,362.263006
rand_n20_m40_d3_s1024,R_small,TYPE_R,1.406510,20,40,warm_start,0,19,1.00,19.0,0.000368,0.000479,0.000040,0.000208,True,362.849273,362.849273
rand_n20_m40_d3_s1024,R_medium,TYPE_R,6.829010,20,40,warm_start_dual,1,22,0.95,22.0,0.000431,0.000497,0.000095,0.000224,True,351.411763,351.411763
rand_n20_m40_d3_s1024,R_medium,TYPE_R,5.226754,20,40,warm_start_dual,1,18,0.94,18.0,0.000422,0.000477,0.000091,0.000203,True,362.935213,362.935213
rand_n20_m40_d3_s1024,R_medium,TYPE_R,5.626042,20,40,warm_start_dual,2,24,0.92,12.0,0.000425,0.000503,0.000097,0.000232,True,364.693431,364.693431
rand_n20_m40_d3_s1024,R_large,TYPE_R,17.072526,20,40,warm_start_dual,5,27,0.81,5.4,0.000429,0.000504,0.000104,0.000235,True,328.717109,328.717109
rand_n20_m40_d3_s789,C_large,TYPE_C,1.614521,20,40,warm_start,1,20,0.95,20.0,0.000461,0.000618,0.000093,0.000326,True,501.369238,501.369238
rand_n20_m40_d3_s1024,R_large,TYPE_R,14.065104,20,40,warm_start_dual,9,24,0.62,2.7,0.000443,0.000496,0.000118,0.000223,True,345.644695,345.644695
rand_n20_m40_d3_s1024,R_large,TYPE_R,13.066885,20,40,warm_start_dual,2,24,0.92,12.0,0.000425,0.000589,0.000096,0.000283,True,364.266888,364.266888
rand_n20_m40_d3_s789,C_medium,TYPE_C,0.645808,20,40,warm_start,0,17,1.00,17.0,0.000389,0.002057,0.000046,0.001104,True,508.027651,508.027651
rand_n20_m40_d3_s1024,R_single,TYPE_R,2.585525,20,40,warm_start_dual,1,20,0.95,20.0,0.000419,0.000496,0.000089,0.000214,True,360.067953,360.067953
rand_n20_m40_d3_s1024,R_single,TYPE_R,0.932779,20,40,warm_start,0,19,1.00,19.0,0.000406,0.000504,0.000051,0.000215,True,362.034567,362.034567
rand_n20_m40_d3_s1024,R_all,TYPE_R,3.925184,20,40,warm_start_dual,1,22,0.95,22.0,0.000411,0.000495,0.000089,0.000226,True,387.468720,387.468720
rand_n20_m40_d3_s1024,R_all,TYPE_R,3.925184,20,40,warm_start_dual,1,22,0.95,22.0,0.000413,0.000485,0.000089,0.000216,True,387.468720,387.468720
rand_n20_m40_d3_s1024,R_all,TYPE_R,3.925184,20,40,warm_start_dual,1,22,0.95,22.0,0.000430,0.000503,0.000094,0.000228,True,387.468720,387.468720
rand_n20_m40_d3_s789,C_large,TYPE_C,2.343220,20,40,warm_start,3,17,0.82,5.7,0.001645,0.001060,0.000204,0.000323,True,481.008840,481.008840
rand_n20_m40_d3_s1024,C_small,TYPE_C,0.172797,20,40,warm_start,0,24,1.00,24.0,0.000388,0.000509,0.000048,0.000232,True,361.550975,361.550975
rand_n20_m40_d3_s1024,C_small,TYPE_C,0.150816,20,40,warm_start,1,22,0.95,22.0,0.000409,0.000492,0.000073,0.000222,True,360.668170,360.668170
rand_n20_m40_d3_s1024,C_medium,TYPE_C,0.751950,20,40,warm_start,1,23,0.96,23.0,0.000392,0.000494,0.000071,0.000224,True,348.132703,348.132703
rand_n20_m40_d3_s1024,C_large,TYPE_C,1.879874,20,40,warm_start,4,22,0.82,5.5,0.000436,0.000507,0.000094,0.000232,True,328.677756,328.677756
rand_n20_m40_d3_s1024,C_small,TYPE_C,0.187987,20,40,warm_start,0,18,1.00,18.0,0.000422,0.000524,0.000051,0.000236,True,358.542307,358.542307
rand_n20_m40_d3_s1024,C_medium,TYPE_C,0.691189,20,40,warm_start,2,19,0.89,9.5,0.000456,0.000507,0.000094,0.000231,True,360.594737,360.594737
rand_n20_m40_d5_s42,R_small,TYPE_R,1.974922,20,40,warm_start_dual,1,15,0.93,15.0,0.000449,0.000518,0.000090,0.000213,True,420.095645,420.095645
rand_n20_m40_d3_s1024,R_single,TYPE_R,5.883864,20,40,warm_start_dual,3,22,0.86,7.3,0.003049,0.000953,0.001526,0.000271,True,371.091404,371.091404
rand_n20_m40_d5_s42,R_small,TYPE_R,1.237276,20,40,warm_start_dual,1,19,0.95,19.0,0.000473,0.000558,0.000102,0.000252,True,415.069736,415.069736
rand_n20_m40_d3_s1024,C_large,TYPE_C,1.727972,20,40,warm_start,4,18,0.78,4.5,0.000414,0.001535,0.000086,0.000606,True,360.726489,360.726489
rand_n20_m40_d5_s42,R_small,TYPE_R,0.809355,20,40,warm_start,0,17,1.00,17.0,0.000411,0.000531,0.000044,0.000224,True,423.307735,423.307735
rand_n20_m40_d5_s42,R_medium,TYPE_R,7.899686,20,40,warm_start_dual,2,20,0.90,10.0,0.000476,0.000562,0.000101,0.000240,True,432.110549,432.110549
rand_n20_m40_d3_s1024,C_large,TYPE_C,1.508163,20,40,warm_start,5,20,0.75,4.0,0.000429,0.000495,0.000090,0.000224,True,354.077677,354.077677
rand_n20_m40_d5_s42,R_medium,TYPE_R,4.949105,20,40,warm_start_dual,1,16,0.94,16.0,0.000462,0.000535,0.000094,0.000228,True,412.125559,412.125559
rand_n20_m40_d5_s42,R_large,TYPE_R,19.749215,20,40,warm_start_dual,9,18,0.50,2.0,0.000506,0.000555,0.000138,0.000246,True,443.865974,443.865974
rand_n20_m40_d3_s1024,C_medium,TYPE_C,0.603265,20,40,warm_start,3,16,0.81,5.3,0.000405,0.002206,0.000080,0.000616,True,357.350811,357.350811
rand_n20_m40_d5_s42,R_large,TYPE_R,12.372763,20,40,warm_start_dual,5,12,0.58,2.4,0.000512,0.000524,0.000124,0.000220,True,404.980617,404.980617
rand_n20_m40_d5_s42,R_large,TYPE_R,8.093548,20,40,warm_start_dual,5,14,0.64,2.8,0.000479,0.000524,0.000109,0.000212,True,467.828035,467.828035
rand_n20_m40_d5_s42,R_single,TYPE_R,2.122239,20,40,warm_start,0,17,1.00,17.0,0.000404,0.000521,0.000042,0.000219,True,416.039604,416.039604
rand_n20_m40_d5_s42,R_single,TYPE_R,3.789478,20,40,warm_start,0,14,1.00,14.0,0.000418,0.000531,0.000043,0.000222,True,409.076672,409.076672
rand_n20_m40_d5_s42,R_all,TYPE_R,4.399611,20,40,warm_start_dual,1,14,0.93,14.0,0.000450,0.000515,0.000089,0.000212,True,450.180683,450.180683
rand_n20_m40_d5_s42,R_single,TYPE_R,4.013483,20,40,warm_start,0,17,1.00,17.0,0.000421,0.000534,0.000049,0.000224,True,416.039604,416.039604
rand_n20_m40_d5_s42,R_all,TYPE_R,4.399611,20,40,warm_start_dual,1,14,0.93,14.0,0.000484,0.000528,0.000096,0.000223,True,450.180683,450.180683
rand_n20_m40_d5_s42,C_small,TYPE_C,0.173493,20,40,warm_start,2,17,0.88,8.5,0.000445,0.000525,0.000082,0.000226,True,421.341585,421.341585
rand_n20_m40_d5_s42,C_small,TYPE_C,0.093784,20,40,warm_start,1,17,0.94,17.0,0.000436,0.000526,0.000072,0.000228,True,415.559228,415.559228
rand_n20_m40_d5_s42,C_small,TYPE_C,0.128207,20,40,warm_start,1,16,0.94,16.0,0.000425,0.000506,0.000070,0.000210,True,412.423078,412.423078
rand_n20_m40_d5_s42,C_medium,TYPE_C,0.693972,20,40,warm_start,3,16,0.81,5.3,0.000456,0.000522,0.000079,0.000223,True,439.722518,439.722518
rand_n20_m40_d5_s42,C_medium,TYPE_C,0.375136,20,40,warm_start,3,15,0.80,5.0,0.000441,0.000517,0.000082,0.000215,True,415.337783,415.337783
rand_n20_m40_d5_s42,C_medium,TYPE_C,0.512827,20,40,warm_start,1,17,0.94,17.0,0.000433,0.000526,0.000073,0.000223,True,401.596408,401.596408
rand_n20_m40_d5_s42,C_large,TYPE_C,1.734930,20,40,warm_start,12,14,0.14,1.2,0.000483,0.000521,0.000117,0.000219,True,478.414560,478.414560
rand_n20_m40_d5_s42,R_medium,TYPE_R,3.237419,20,40,warm_start_dual,5,11,0.55,2.2,0.000461,0.000566,0.000100,0.000229,True,444.215735,444.215735
rand_n20_m40_d5_s42,C_large,TYPE_C,1.282069,20,40,warm_start,4,18,0.78,4.5,0.000437,0.000527,0.000079,0.000228,True,382.271414,382.271414
rand_n20_m40_d5_s123,R_small,TYPE_R,2.629978,20,40,warm_start_dual,2,23,0.91,11.5,0.000455,0.000539,0.000095,0.000242,True,560.250646,560.250646
rand_n20_m40_d5_s123,R_small,TYPE_R,2.571546,20,40,warm_start_dual,2,24,0.92,12.0,0.000471,0.000555,0.000098,0.000254,True,558.140299,558.140299
rand_n20_m40_d5_s123,R_small,TYPE_R,1.100198,20,40,warm_start_dual,2,23,0.91,11.5,0.000456,0.000560,0.000095,0.000251,True,558.693141,558.693141
rand_n20_m40_d5_s123,R_medium,TYPE_R,10.519911,20,40,warm_start_dual,4,19,0.79,4.8,0.000469,0.000534,0.000104,0.000229,True,555.858195,555.858195
rand_n20_m40_d5_s123,R_medium,TYPE_R,4.400793,20,40,warm_start_dual,2,23,0.91,11.5,0.000484,0.000567,0.000102,0.000264,True,552.592112,552.592112
rand_n20_m40_d5_s123,R_large,TYPE_R,26.299777,20,40,warm_start_dual,5,18,0.72,3.6,0.000470,0.000528,0.000108,0.000231,True,543.528778,543.528778
rand_n20_m40_d5_s123,R_large,TYPE_R,25.715462,20,40,warm_start_dual,3,20,0.85,6.7,0.000454,0.000537,0.000097,0.000238,True,534.446491,534.446491
rand_n20_m40_d5_s123,R_large,TYPE_R,11.001982,20,40,warm_start_dual,10,19,0.47,1.9,0.000495,0.000549,0.000124,0.000247,True,530.340225,530.340225
rand_n20_m40_d5_s123,R_single,TYPE_R,4.789333,20,40,warm_start,0,22,1.00,22.0,0.000404,0.000540,0.000042,0.000238,True,560.392647,560.392647
rand_n20_m40_d5_s123,R_single,TYPE_R,3.198670,20,40,warm_start_dual,2,23,0.91,11.5,0.000453,0.000549,0.000091,0.000245,True,554.799090,554.799090
rand_n20_m40_d5_s123,R_single,TYPE_R,5.577575,20,40,warm_start_dual,2,22,0.91,11.0,0.000466,0.000547,0.000093,0.000239,True,561.147048,561.147048
rand_n20_m40_d5_s123,R_all,TYPE_R,6.536901,20,40,warm_start_dual,4,19,0.79,4.8,0.000463,0.000530,0.000103,0.000230,True,585.004430,585.004430
rand_n20_m40_d5_s42,R_all,TYPE_R,4.399611,20,40,warm_start_dual,1,14,0.93,14.0,0.002403,0.001866,0.000398,0.000603,True,450.180683,450.180683
rand_n20_m40_d5_s123,R_all,TYPE_R,6.536901,20,40,warm_start_dual,4,19,0.79,4.8,0.000452,0.000522,0.000098,0.000225,True,585.004430,585.004430
rand_n20_m40_d5_s123,R_all,TYPE_R,6.536901,20,40,warm_start_dual,4,19,0.79,4.8,0.000469,0.000530,0.000100,0.000232,True,585.004430,585.004430
rand_n20_m40_d5_s123,C_small,TYPE_C,0.166542,20,40,warm_start,0,19,1.00,19.0,0.000402,0.000534,0.000042,0.000231,True,562.110156,562.110156
rand_n20_m40_d5_s42,C_large,TYPE_C,0.937840,20,40,warm_start,4,14,0.71,3.5,0.000447,0.001757,0.000086,0.000604,True,415.339083,415.339083
rand_n20_m40_d5_s123,C_small,TYPE_C,0.131781,20,40,warm_start,1,21,0.95,21.0,0.000443,0.000543,0.000074,0.000240,True,563.450468,563.450468
rand_n20_m40_d5_s123,C_small,TYPE_C,0.126905,20,40,warm_start,0,21,1.00,21.0,0.000403,0.000532,0.000044,0.000232,True,560.757106,560.757106
rand_n20_m40_d5_s123,C_medium,TYPE_C,0.666168,20,40,warm_start,2,25,0.92,12.5,0.000441,0.000556,0.000078,0.000248,True,567.878604,567.878604
rand_n20_m40_d5_s123,C_large,TYPE_C,1.665419,20,40,warm_start,5,17,0.71,3.4,0.000452,0.000528,0.000085,0.000219,True,581.186844,581.186844
rand_n20_m40_d5_s123,C_large,TYPE_C,1.269047,20,40,warm_start,2,25,0.92,12.5,0.000436,0.000567,0.000075,0.000264,True,564.168112,564.168112
rand_n20_m40_d5_s123,R_medium,TYPE_R,10.286185,20,40,warm_start_dual,2,23,0.91,11.5,0.000501,0.000575,0.000108,0.000266,True,550.380753,550.380753
rand_n20_m40_d5_s123,C_large,TYPE_C,1.317806,20,40,warm_start,2,27,0.93,13.5,0.000464,0.000603,0.000089,0.000290,True,591.142027,591.142027
rand_n20_m40_d5_s123,C_medium,TYPE_C,0.527122,20,40,warm_start,1,20,0.95,20.0,0.000428,0.000536,0.000069,0.000234,True,572.652860,572.652860
rand_n20_m40_d5_s123,C_medium,TYPE_C,0.507619,20,40,warm_start,0,21,1.00,21.0,0.000465,0.000565,0.000056,0.000255,True,561.850420,561.850420
rand_n20_m40_d5_s456,R_small,TYPE_R,1.070454,20,40,warm_start_dual,2,35,0.94,17.5,0.000482,0.000603,0.000108,0.000302,True,609.447105,609.447105
rand_n20_m40_d5_s456,R_small,TYPE_R,1.376343,20,40,warm_start_dual,1,28,0.96,28.0,0.000482,0.000597,0.000107,0.000292,True,604.279055,604.279055
rand_n20_m40_d5_s456,R_medium,TYPE_R,2.688656,20,40,warm_start_dual,7,31,0.77,4.4,0.000479,0.000597,0.000121,0.000297,True,600.996095,600.996095
rand_n20_m40_d5_s456,R_medium,TYPE_R,4.281816,20,40,warm_start_dual,5,29,0.83,5.8,0.000496,0.000596,0.000121,0.000294,True,616.440046,616.440046
rand_n20_m40_d5_s456,R_large,TYPE_R,13.763425,20,40,warm_start_dual,12,23,0.48,1.9,0.000517,0.000560,0.000144,0.000254,True,568.896939,568.896939
rand_n20_m40_d5_s456,R_single,TYPE_R,0.298971,20,40,warm_start,0,32,1.00,32.0,0.000409,0.000585,0.000046,0.000283,True,604.808832,604.808832
rand_n20_m40_d5_s456,R_large,TYPE_R,10.704539,20,40,warm_start_dual,11,32,0.66,2.9,0.000507,0.000602,0.000141,0.000301,True,532.392518,532.392518
rand_n20_m40_d5_s456,R_single,TYPE_R,0.504435,20,40,warm_start_dual,1,32,0.97,32.0,0.000470,0.000598,0.000106,0.000296,True,603.077975,603.077975
rand_n20_m40_d5_s456,R_single,TYPE_R,0.414641,20,40,warm_start,0,32,1.00,32.0,0.000407,0.000592,0.000048,0.000294,True,604.808832,604.808832
rand_n20_m40_d5_s456,R_all,TYPE_R,4.592955,20,40,warm_start,0,23,1.00,23.0,0.000411,0.000548,0.000047,0.000248,True,653.807737,653.807737
rand_n20_m40_d5_s456,R_large,TYPE_R,6.721640,20,40,warm_start_dual,11,28,0.61,2.5,0.000561,0.000605,0.000165,0.000300,True,577.084942,577.084942
rand_n20_m40_d5_s456,R_all,TYPE_R,4.592955,20,40,warm_start,0,23,1.00,23.0,0.000408,0.000542,0.000047,0.000242,True,653.807737,653.807737
rand_n20_m40_d5_s456,C_small,TYPE_C,0.213188,20,40,warm_start,0,21,1.00,21.0,0.000408,0.000546,0.000047,0.000248,True,597.553287,597.553287
rand_n20_m40_d5_s456,C_small,TYPE_C,0.186069,20,40,warm_start,0,25,1.00,25.0,0.000403,0.000564,0.000045,0.000267,True,609.381998,609.381998
rand_n20_m40_d5_s456,R_medium,TYPE_R,5.505370,20,40,warm_start_dual,4,28,0.86,7.0,0.000547,0.000608,0.000140,0.000300,True,599.429998,599.429998
rand_n20_m40_d5_s456,C_small,TYPE_C,0.231929,20,40,warm_start,0,27,1.00,27.0,0.002152,0.000610,0.000059,0.000294,True,607.297719,607.297719
rand_n20_m40_d5_s456,C_medium,TYPE_C,0.927715,20,40,warm_start,0,26,1.00,26.0,0.000425,0.000586,0.000049,0.000280,True,614.764446,614.764446
rand_n20_m40_d5_s456,R_small,TYPE_R,0.672164,20,40,warm_start_dual,2,37,0.95,18.5,0.001416,0.000699,0.000264,0.000365,True,605.421291,605.421291
rand_n20_m40_d5_s456,C_large,TYPE_C,2.131879,20,40,warm_start,3,25,0.88,8.3,0.000448,0.000554,0.000086,0.000259,True,537.489209,537.489209
rand_n20_m40_d5_s456,C_medium,TYPE_C,0.744276,20,40,warm_start,1,26,0.96,26.0,0.000439,0.000569,0.000078,0.000266,True,623.180411,623.180411
rand_n20_m40_d5_s456,C_large,TYPE_C,2.319288,20,40,warm_start,3,26,0.88,8.7,0.000444,0.000562,0.000086,0.000266,True,632.245410,632.245410
rand_n20_m40_d5_s456,C_large,TYPE_C,1.860691,20,40,warm_start,3,23,0.87,7.7,0.000459,0.000571,0.000089,0.000271,True,652.158506,652.158506
rand_n20_m40_d5_s789,R_small,TYPE_R,2.202893,20,40,warm_start_dual,3,20,0.85,6.7,0.000495,0.000560,0.000112,0.000254,True,382.194418,382.194418
rand_n20_m40_d5_s789,R_small,TYPE_R,1.177350,20,40,warm_start_dual,1,21,0.95,21.0,0.000471,0.000542,0.000102,0.000244,True,383.727199,383.727199
rand_n20_m40_d5_s789,R_small,TYPE_R,1.202869,20,40,warm_start,0,22,1.00,22.0,0.000442,0.000569,0.000054,0.000261,True,392.920914,392.920914
rand_n20_m40_d5_s789,R_medium,TYPE_R,8.811571,20,40,warm_start_dual,4,20,0.80,5.0,0.000488,0.000544,0.000112,0.000244,True,358.003227,358.003227
rand_n20_m40_d5_s456,C_medium,TYPE_C,0.852752,20,40,warm_start,2,22,0.91,11.0,0.005410,0.001149,0.000246,0.000316,True,576.668882,576.668882
rand_n20_m40_d5_s456,R_all,TYPE_R,4.592955,20,40,warm_start,0,23,1.00,23.0,0.001346,0.001859,0.000152,0.000713,True,653.807737,653.807737
rand_n20_m40_d5_s789,R_medium,TYPE_R,4.811477,20,40,warm_start_dual,2,24,0.92,12.0,0.000480,0.000560,0.000113,0.000257,True,401.896091,401.896091
rand_n20_m40_d5_s789,R_large,TYPE_R,22.028927,20,40,warm_start_dual,6,25,0.76,4.2,0.000501,0.000581,0.000121,0.000277,True,277.717272,277.717272
rand_n20_m40_d5_s789,R_large,TYPE_R,11.773495,20,40,warm_start_dual,11,27,0.59,2.5,0.000521,0.000596,0.000141,0.000278,True,289.407163,289.407163
rand_n20_m40_d5_s789,R_large,TYPE_R,12.028692,20,40,warm_start_dual,7,28,0.75,4.0,0.000487,0.000573,0.000123,0.000276,True,417.519982,417.519982
rand_n20_m40_d5_s789,R_medium,TYPE_R,4.709398,20,40,warm_start_dual,3,19,0.84,6.3,0.000472,0.000537,0.000107,0.000238,True,364.098767,364.098767
rand_n20_m40_d5_s789,R_single,TYPE_R,2.975991,20,40,warm_start_dual,1,21,0.95,21.0,0.000489,0.000552,0.000106,0.000248,True,389.573993,389.573993
rand_n20_m40_d5_s789,R_single,TYPE_R,3.457244,20,40,warm_start,0,22,1.00,22.0,0.000446,0.000563,0.000059,0.000255,True,398.499870,398.499870
rand_n20_m40_d5_s789,R_all,TYPE_R,5.681307,20,40,warm_start_dual,1,20,0.95,20.0,0.000466,0.000529,0.000100,0.000233,True,421.304347,421.304347
rand_n20_m40_d5_s789,R_all,TYPE_R,5.681307,20,40,warm_start_dual,1,20,0.95,20.0,0.000474,0.000540,0.000106,0.000241,True,421.304347,421.304347
rand_n20_m40_d5_s789,R_all,TYPE_R,5.681307,20,40,warm_start_dual,1,20,0.95,20.0,0.000479,0.000561,0.000101,0.000254,True,421.304347,421.304347
rand_n20_m40_d5_s789,C_medium,TYPE_C,0.937288,20,40,warm_start,5,22,0.77,4.4,0.000483,0.000557,0.000096,0.000254,True,378.671625,378.671625
rand_n20_m40_d5_s789,C_small,TYPE_C,0.234322,20,40,warm_start,1,25,0.96,25.0,0.000469,0.000579,0.000083,0.000268,True,386.835988,386.835988
rand_n20_m40_d5_s789,C_small,TYPE_C,0.161452,20,40,warm_start,2,17,0.88,8.5,0.000444,0.000584,0.000081,0.000260,True,389.003430,389.003430
rand_n20_m40_d5_s789,C_medium,TYPE_C,0.645808,20,40,warm_start,6,22,0.73,3.7,0.000478,0.000561,0.000105,0.000258,True,388.244668,388.244668
rand_n20_m40_d5_s789,C_medium,TYPE_C,0.616419,20,40,warm_start,2,22,0.91,11.0,0.000447,0.000552,0.000082,0.000251,True,395.556721,395.556721
rand_n20_m40_d5_s789,C_large,TYPE_C,2.343220,20,40,warm_start,10,28,0.64,2.8,0.000471,0.000578,0.000106,0.000277,True,372.294497,372.294497
rand_n20_m40_d5_s789,C_large,TYPE_C,1.614521,20,40,warm_start,7,22,0.68,3.1,0.000498,0.000563,0.000107,0.000258,True,387.220720,387.220720
rand_n20_m40_d5_s789,C_large,TYPE_C,1.541048,20,40,warm_start,3,24,0.88,8.0,0.000475,0.000572,0.000089,0.000265,True,406.757555,406.757555
rand_n20_m40_d5_s789,R_single,TYPE_R,0.873358,20,40,warm_start,0,22,1.00,22.0,0.000423,0.002168,0.000047,0.000996,True,389.854480,389.854480
rand_n20_m40_d5_s1024,R_small,TYPE_R,1.196065,20,40,warm_start,0,17,1.00,17.0,0.000426,0.000531,0.000051,0.000233,True,399.886000,399.886000
rand_n20_m40_d5_s1024,R_small,TYPE_R,0.849553,20,40,warm_start_dual,1,16,0.94,16.0,0.000455,0.000532,0.000082,0.000232,True,401.876331,401.876331
rand_n20_m40_d5_s1024,R_medium,TYPE_R,4.099187,20,40,warm_start_dual,5,22,0.77,4.4,0.000481,0.000549,0.000116,0.000251,True,412.077519,412.077519
rand_n20_m40_d5_s1024,R_medium,TYPE_R,4.784262,20,40,warm_start_dual,1,18,0.94,18.0,0.000465,0.000536,0.000101,0.000236,True,390.452686,390.452686
rand_n20_m40_d5_s1024,R_medium,TYPE_R,3.398211,20,40,warm_start_dual,2,18,0.89,9.0,0.000476,0.000551,0.000103,0.000248,True,397.822432,397.822432
rand_n20_m40_d5_s789,C_small,TYPE_C,0.154105,20,40,warm_start,0,23,1.00,23.0,0.000453,0.000581,0.000053,0.000272,True,391.116180,391.116180
rand_n20_m40_d5_s1024,R_large,TYPE_R,10.247968,20,40,warm_start_dual,14,24,0.42,1.7,0.000533,0.000576,0.000150,0.000274,True,395.749450,395.749450
rand_n20_m40_d5_s1024,R_small,TYPE_R,1.024797,20,40,warm_start_dual,1,17,0.94,17.0,0.000527,0.000570,0.000128,0.000256,True,407.398169,407.398169
rand_n20_m40_d5_s1024,R_single,TYPE_R,5.385741,20,40,warm_start,0,17,1.00,17.0,0.000410,0.000523,0.000046,0.000226,True,402.854737,402.854737
rand_n20_m40_d5_s1024,R_single,TYPE_R,4.287715,20,40,warm_start_dual,3,21,0.86,7.0,0.000470,0.000547,0.000108,0.000247,True,380.860686,380.860686
rand_n20_m40_d5_s1024,R_single,TYPE_R,4.758020,20,40,warm_start,0,20,1.00,20.0,0.000405,0.000540,0.000046,0.000242,True,406.708587,406.708587
rand_n20_m40_d5_s1024,R_all,TYPE_R,2.692871,20,40,warm_start_dual,1,19,0.95,19.0,0.000469,0.000523,0.000098,0.000229,True,428.265520,428.265520
rand_n20_m40_d5_s1024,R_large,TYPE_R,11.960655,20,40,warm_start_dual,4,24,0.83,6.0,0.000528,0.000589,0.000133,0.000277,True,367.386812,367.386812
rand_n20_m40_d5_s1024,R_all,TYPE_R,2.692871,20,40,warm_start_dual,1,19,0.95,19.0,0.000480,0.000540,0.000101,0.000233,True,428.265520,428.265520
rand_n20_m40_d5_s1024,C_small,TYPE_C,0.172797,20,40,warm_start,0,17,1.00,17.0,0.000436,0.000545,0.000049,0.000232,True,404.037467,404.037467
rand_n20_m40_d5_s1024,R_large,TYPE_R,8.495527,20,40,warm_start_dual,10,28,0.64,2.8,0.000503,0.000575,0.000132,0.000280,True,374.498837,374.498837
rand_n20_m40_d5_s1024,C_small,TYPE_C,0.187987,20,40,warm_start,0,17,1.00,17.0,0.000410,0.000527,0.000045,0.000227,True,399.785426,399.785426
rand_n20_m40_d5_s1024,C_medium,TYPE_C,0.691189,20,40,warm_start,0,20,1.00,20.0,0.000409,0.000531,0.000048,0.000236,True,407.585685,407.585685
rand_n20_m40_d5_s1024,R_all,TYPE_R,2.692871,20,40,warm_start_dual,1,19,0.95,19.0,0.000489,0.000562,0.000109,0.000245,True,428.265520,428.265520
rand_n20_m40_d5_s1024,C_medium,TYPE_C,0.751950,20,40,warm_start,0,20,1.00,20.0,0.000406,0.000536,0.000045,0.000238,True,390.577425,390.577425
rand_n20_m40_d5_s1024,C_medium,TYPE_C,0.603265,20,40,warm_start,1,19,0.95,19.0,0.000442,0.000540,0.000080,0.000240,True,391.083139,391.083139
rand_n20_m40_d5_s1024,C_large,TYPE_C,1.727972,20,40,warm_start,1,20,0.95,20.0,0.000451,0.000544,0.000077,0.000235,True,414.882091,414.882091
rand_n20_m40_d5_s1024,C_large,TYPE_C,1.879874,20,40,warm_start,2,21,0.90,10.5,0.000458,0.000549,0.000082,0.000242,True,374.691769,374.691769
rand_n20_m40_d8_s42,R_small,TYPE_R,1.956073,20,40,warm_start_dual,2,18,0.89,9.0,0.000523,0.000609,0.000110,0.000268,True,410.428565,410.428565
rand_n20_m40_d5_s1024,C_large,TYPE_C,1.508163,20,40,warm_start,3,17,0.82,5.7,0.000480,0.000543,0.000096,0.000242,True,376.570604,376.570604
rand_n20_m40_d8_s42,R_small,TYPE_R,1.925050,20,40,warm_start,0,22,1.00,22.0,0.000467,0.000641,0.000054,0.000289,True,402.809610,402.809610
rand_n20_m40_d8_s42,R_medium,TYPE_R,7.824292,20,40,warm_start_dual,3,19,0.84,6.3,0.000518,0.000614,0.000112,0.000275,True,403.445470,403.445470
rand_n20_m40_d5_s1024,C_small,TYPE_C,0.150816,20,40,warm_start,0,23,1.00,23.0,0.000410,0.000545,0.000048,0.000250,True,399.816354,399.816354
rand_n20_m40_d8_s42,R_medium,TYPE_R,5.262107,20,40,warm_start_dual,4,22,0.82,5.5,0.000533,0.000641,0.000127,0.000293,True,373.165111,373.165111
rand_n20_m40_d8_s42,R_medium,TYPE_R,7.700201,20,40,warm_start_dual,2,20,0.90,10.0,0.000529,0.000612,0.000113,0.000273,True,384.610981,384.610981
rand_n20_m40_d8_s42,R_large,TYPE_R,13.155268,20,40,warm_start_dual,3,26,0.88,8.7,0.000526,0.000657,0.000116,0.000311,True,302.335997,302.335997
rand_n20_m40_d8_s42,R_large,TYPE_R,19.250502,20,40,warm_start_dual,7,22,0.68,3.1,0.000555,0.000636,0.000132,0.000289,True,342.866035,342.866035
rand_n20_m40_d8_s42,R_single,TYPE_R,5.419972,20,40,warm_start_dual,3,23,0.87,7.7,0.000522,0.000740,0.000114,0.000356,True,383.116254,383.116254
rand_n20_m40_d8_s42,R_all,TYPE_R,4.728889,20,40,warm_start_dual,2,18,0.89,9.0,0.000523,0.000605,0.000111,0.000264,True,436.722102,436.722102
rand_n20_m40_d8_s42,R_small,TYPE_R,1.315527,20,40,warm_start_dual,1,18,0.94,18.0,0.000579,0.000638,0.000136,0.000289,True,400.083629,400.083629
rand_n20_m40_d8_s42,R_single,TYPE_R,4.596447,20,40,warm_start,0,19,1.00,19.0,0.000472,0.000627,0.000052,0.000282,True,408.753534,408.753534
rand_n20_m40_d8_s42,R_all,TYPE_R,4.728889,20,40,warm_start_dual,2,18,0.89,9.0,0.000516,0.000618,0.000107,0.000268,True,436.722102,436.722102
rand_n20_m40_d8_s42,R_single,TYPE_R,1.691557,20,40,warm_start,0,19,1.00,19.0,0.000481,0.001992,0.000056,0.000783,True,408.753534,408.753534
rand_n20_m40_d8_s42,C_small,TYPE_C,0.173493,20,40,warm_start,2,22,0.91,11.0,0.000503,0.000624,0.000087,0.000278,True,414.246895,414.246895
rand_n20_m40_d8_s42,C_small,TYPE_C,0.093784,20,40,warm_start,0,22,1.00,22.0,0.000473,0.000630,0.000055,0.000287,True,407.947523,407.947523
rand_n20_m40_d8_s42,C_small,TYPE_C,0.128207,20,40,warm_start,0,19,1.00,19.0,0.000465,0.000611,0.000051,0.000272,True,405.669399,405.669399
rand_n20_m40_d8_s42,C_medium,TYPE_C,0.693972,20,40,warm_start,6,21,0.71,3.5,0.000523,0.000630,0.000105,0.000286,True,432.307237,432.307237
rand_n20_m40_d8_s42,C_medium,TYPE_C,0.375136,20,40,warm_start,2,21,0.90,10.5,0.000499,0.000624,0.000086,0.000281,True,406.263557,406.263557
rand_n20_m40_d8_s42,C_medium,TYPE_C,0.512827,20,40,warm_start,1,21,0.95,21.0,0.000488,0.000620,0.000078,0.000273,True,396.493419,396.493419
rand_n20_m40_d8_s42,C_large,TYPE_C,1.734930,20,40,warm_start,9,22,0.59,2.4,0.000539,0.000634,0.000122,0.000293,True,470.215067,470.215067
rand_n20_m40_d8_s42,C_large,TYPE_C,0.937840,20,40,warm_start,6,24,0.75,4.0,0.000508,0.000636,0.000095,0.000291,True,403.322411,403.322411
rand_n20_m40_d8_s42,C_large,TYPE_C,1.282069,20,40,warm_start,4,20,0.80,5.0,0.000508,0.000620,0.000097,0.000277,True,378.273252,378.273252
rand_n20_m40_d8_s123,R_small,TYPE_R,3.112446,20,40,warm_start_dual,4,19,0.79,4.8,0.000517,0.000601,0.000112,0.000265,True,588.481359,588.481359
rand_n20_m40_d8_s42,R_large,TYPE_R,19.560730,20,40,warm_start_dual,5,20,0.75,4.0,0.002137,0.002067,0.000349,0.000819,True,365.868531,365.868531
rand_n20_m40_d8_s123,R_small,TYPE_R,3.043295,20,40,warm_start,0,17,1.00,17.0,0.000462,0.000607,0.000048,0.000262,True,584.867335,584.867335
rand_n20_m40_d8_s42,R_all,TYPE_R,4.728889,20,40,warm_start_dual,2,18,0.89,9.0,0.000603,0.000642,0.000149,0.000286,True,436.722102,436.722102
rand_n20_m40_d8_s123,R_small,TYPE_R,1.438646,20,40,warm_start_dual,2,18,0.89,9.0,0.000513,0.000608,0.000103,0.000264,True,582.009929,582.009929
rand_n20_m40_d8_s123,R_medium,TYPE_R,12.449785,20,40,warm_start_dual,5,17,0.71,3.4,0.000515,0.000601,0.000110,0.000261,True,599.217800,599.217800
rand_n20_m40_d8_s123,R_medium,TYPE_R,12.173182,20,40,warm_start,0,19,1.00,19.0,0.000461,0.000611,0.000056,0.000275,True,585.700556,585.700556
rand_n20_m40_d8_s123,R_medium,TYPE_R,5.754585,20,40,warm_start_dual,4,17,0.76,4.2,0.000504,0.000588,0.000105,0.000253,True,574.006145,574.006145
rand_n20_m40_d8_s123,R_large,TYPE_R,30.432954,20,40,warm_start_dual,4,17,0.76,4.2,0.000515,0.000591,0.000111,0.000255,True,584.737525,584.737525
rand_n20_m40_d8_s123,R_single,TYPE_R,6.648019,20,40,warm_start,0,17,1.00,17.0,0.000443,0.000594,0.000046,0.000255,True,584.589591,584.589591
rand_n20_m40_d8_s123,R_large,TYPE_R,14.386463,20,40,warm_start_dual,6,16,0.62,2.7,0.000537,0.000603,0.000123,0.000262,True,550.863701,550.863701
rand_n20_m40_d8_s123,R_single,TYPE_R,5.364392,20,40,warm_start,0,18,1.00,18.0,0.000472,0.000617,0.000051,0.000271,True,584.589591,584.589591
rand_n20_m40_d8_s123,R_single,TYPE_R,7.056873,20,40,warm_start,0,17,1.00,17.0,0.000449,0.000600,0.000046,0.000259,True,584.589591,584.589591
rand_n20_m40_d8_s123,R_all,TYPE_R,7.736094,20,40,warm_start_dual,2,16,0.88,8.0,0.000505,0.000605,0.000098,0.000260,True,602.354491,602.354491
rand_n20_m40_d8_s123,R_all,TYPE_R,7.736094,20,40,warm_start_dual,2,16,0.88,8.0,0.000513,0.000600,0.000105,0.000255,True,602.354491,602.354491
rand_n20_m40_d8_s123,R_all,TYPE_R,7.736094,20,40,warm_start_dual,2,16,0.88,8.0,0.000495,0.000579,0.000097,0.000248,True,602.354491,602.354491
rand_n20_m40_d8_s123,C_small,TYPE_C,0.126905,20,40,warm_start,2,21,0.90,10.5,0.000475,0.000599,0.000082,0.000270,True,585.294245,585.294245
rand_n20_m40_d8_s123,C_small,TYPE_C,0.131781,20,40,warm_start,3,24,0.88,8.0,0.000490,0.000623,0.000085,0.000286,True,589.792793,589.792793
rand_n20_m40_d8_s123,C_medium,TYPE_C,0.666168,20,40,warm_start,8,14,0.43,1.8,0.000511,0.000592,0.000101,0.000256,True,584.109048,584.109048
rand_n20_m40_d8_s123,C_medium,TYPE_C,0.527122,20,40,warm_start,6,18,0.67,3.0,0.000503,0.000603,0.000093,0.000262,True,607.801896,607.801896
rand_n20_m40_d8_s123,C_large,TYPE_C,1.665419,20,40,warm_start,12,15,0.20,1.2,0.000525,0.000587,0.000116,0.000250,True,589.130541,589.130541
rand_n20_m40_d8_s123,C_large,TYPE_C,1.269047,20,40,warm_start,10,10,0.00,1.0,0.000501,0.000557,0.000105,0.000225,True,598.373099,598.373099
rand_n20_m40_d8_s123,C_small,TYPE_C,0.166542,20,40,warm_start,1,18,0.94,18.0,0.000510,0.000648,0.000085,0.000293,True,583.449540,583.449540
rand_n20_m40_d8_s123,R_large,TYPE_R,31.124462,20,40,warm_start_dual,10,19,0.47,1.9,0.002567,0.000664,0.000872,0.000292,True,607.632309,607.632309
rand_n20_m40_d8_s456,R_small,TYPE_R,1.511360,20,40,warm_start_dual,5,28,0.82,5.6,0.000550,0.000753,0.000140,0.000401,True,601.286962,601.286962
rand_n20_m40_d8_s456,R_small,TYPE_R,2.469851,20,40,warm_start_dual,3,27,0.89,9.0,0.000545,0.000768,0.000122,0.000350,True,597.293536,597.293536
rand_n20_m40_d8_s456,R_small,TYPE_R,1.869837,20,40,warm_start_dual,1,23,0.96,23.0,0.000543,0.000648,0.000112,0.000310,True,607.352398,607.352398
rand_n20_m40_d8_s456,R_medium,TYPE_R,6.045440,20,40,warm_start_dual,8,25,0.68,3.1,0.000546,0.000634,0.000136,0.000301,True,575.942883,575.942883
rand_n20_m40_d8_s456,R_medium,TYPE_R,9.879403,20,40,warm_start_dual,8,25,0.68,3.1,0.000553,0.000635,0.000143,0.000302,True,561.744188,561.744188
rand_n20_m40_d8_s456,R_medium,TYPE_R,7.479348,20,40,warm_start_dual,9,29,0.69,3.2,0.000578,0.000673,0.000149,0.000333,True,607.423200,607.423200
rand_n20_m40_d8_s123,C_medium,TYPE_C,0.507619,20,40,warm_start,6,20,0.70,3.3,0.000492,0.002463,0.000092,0.000974,True,589.000811,589.000811
rand_n20_m40_d8_s456,R_large,TYPE_R,24.698507,20,40,warm_start_dual,11,27,0.59,2.5,0.000587,0.000658,0.000162,0.000322,True,465.113113,465.113113
rand_n20_m40_d8_s456,R_large,TYPE_R,15.113601,20,40,warm_start_dual,14,20,0.30,1.4,0.000595,0.000639,0.000174,0.000294,True,491.876129,491.876129
rand_n20_m40_d8_s456,R_large,TYPE_R,18.698370,20,40,warm_start_dual,10,28,0.64,2.8,0.000585,0.000668,0.000157,0.000320,True,576.279206,576.279206
rand_n20_m40_d8_s456,R_single,TYPE_R,1.036931,20,40,warm_start,0,27,1.00,27.0,0.000479,0.000649,0.000054,0.000314,True,604.742561,604.742561
rand_n20_m40_d8_s456,R_single,TYPE_R,2.573573,20,40,warm_start,0,25,1.00,25.0,0.000476,0.000639,0.000057,0.000305,True,604.742561,604.742561
rand_n20_m40_d8_s456,R_all,TYPE_R,5.151796,20,40,warm_start_dual,3,23,0.87,7.7,0.000542,0.000641,0.000121,0.000302,True,648.672961,648.672961
rand_n20_m40_d8_s123,C_large,TYPE_C,1.317806,20,40,warm_start,6,16,0.62,2.7,0.000486,0.002067,0.000092,0.000810,True,644.097350,644.097350
rand_n20_m40_d8_s456,R_all,TYPE_R,5.151796,20,40,warm_start_dual,3,23,0.87,7.7,0.000545,0.000631,0.000128,0.000298,True,648.672961,648.672961
rand_n20_m40_d8_s456,C_small,TYPE_C,0.213188,20,40,warm_start,1,21,0.95,21.0,0.000503,0.000624,0.000091,0.000286,True,598.683940,598.683940
rand_n20_m40_d8_s456,C_small,TYPE_C,0.186069,20,40,warm_start,1,30,0.97,30.0,0.000496,0.000661,0.000086,0.000325,True,610.270476,610.270476
rand_n20_m40_d8_s456,C_medium,TYPE_C,0.852752,20,40,warm_start,1,26,0.96,26.0,0.000505,0.000637,0.000092,0.000303,True,580.575251,580.575251
rand_n20_m40_d8_s456,R_single,TYPE_R,4.798546,20,40,warm_start_dual,5,26,0.81,5.2,0.000607,0.000670,0.000152,0.000324,True,592.407599,592.407599
rand_n20_m40_d8_s456,R_all,TYPE_R,5.151796,20,40,warm_start_dual,3,23,0.87,7.7,0.000552,0.000636,0.000128,0.000298,True,648.672961,648.672961
rand_n20_m40_d8_s456,C_medium,TYPE_C,0.744276,20,40,warm_start,2,23,0.91,11.5,0.000531,0.000650,0.000106,0.000310,True,627.465010,627.465010
rand_n20_m40_d8_s456,C_large,TYPE_C,2.319288,20,40,warm_start,2,29,0.93,14.5,0.000504,0.000648,0.000093,0.000313,True,633.227952,633.227952
rand_n20_m40_d8_s456,C_large,TYPE_C,1.860691,20,40,warm_start,2,21,0.90,10.5,0.000502,0.000619,0.000089,0.000283,True,661.962236,661.962236
rand_n20_m40_d8_s789,R_small,TYPE_R,1.966520,20,40,warm_start_dual,2,22,0.91,11.0,0.000522,0.000626,0.000112,0.000289,True,398.740959,398.740959
rand_n20_m40_d8_s789,R_small,TYPE_R,1.400844,20,40,warm_start,0,21,1.00,21.0,0.000466,0.000618,0.000054,0.000277,True,405.524882,405.524882
rand_n20_m40_d8_s456,C_small,TYPE_C,0.231929,20,40,warm_start,1,26,0.96,26.0,0.001909,0.000706,0.000278,0.000336,True,607.505040,607.505040
rand_n20_m40_d8_s456,C_large,TYPE_C,2.131879,20,40,warm_start,2,21,0.90,10.5,0.000519,0.000629,0.000096,0.000290,True,544.570290,544.570290
rand_n20_m40_d8_s789,R_medium,TYPE_R,4.252926,20,40,warm_start_dual,3,24,0.88,8.0,0.000524,0.000640,0.000113,0.000299,True,401.830269,401.830269
rand_n20_m40_d8_s789,R_medium,TYPE_R,5.603376,20,40,warm_start_dual,3,25,0.88,8.3,0.000522,0.000636,0.000112,0.000298,True,406.629182,406.629182
rand_n20_m40_d8_s789,R_large,TYPE_R,19.665198,20,40,warm_start_dual,9,24,0.62,2.7,0.000542,0.000633,0.000135,0.000296,True,340.364941,340.364941
rand_n20_m40_d8_s789,R_large,TYPE_R,10.632315,20,40,warm_start_dual,7,29,0.76,4.1,0.000538,0.000661,0.000126,0.000318,True,390.494907,390.494907
rand_n20_m40_d8_s789,R_single,TYPE_R,1.361147,20,40,warm_start,0,21,1.00,21.0,0.000460,0.000616,0.000051,0.000278,True,404.305749,404.305749
rand_n20_m40_d8_s789,R_large,TYPE_R,14.008441,20,40,warm_start_dual,10,28,0.64,2.8,0.000562,0.000655,0.000147,0.000314,True,389.866013,389.866013
rand_n20_m40_d8_s789,R_single,TYPE_R,3.406417,20,40,warm_start,0,21,1.00,21.0,0.000456,0.000616,0.000049,0.000276,True,404.305749,404.305749
rand_n20_m40_d8_s789,R_small,TYPE_R,1.063232,20,40,warm_start_dual,1,21,0.95,21.0,0.000530,0.000626,0.000106,0.000286,True,404.375817,404.375817
rand_n20_m40_d8_s789,R_single,TYPE_R,3.202315,20,40,warm_start,0,21,1.00,21.0,0.000461,0.000616,0.000050,0.000277,True,404.305749,404.305749
rand_n20_m40_d8_s789,R_all,TYPE_R,6.616368,20,40,warm_start,0,26,1.00,26.0,0.000457,0.000640,0.000052,0.000306,True,428.735550,428.735550
rand_n20_m40_d8_s456,C_medium,TYPE_C,0.927715,20,40,warm_start,2,25,0.92,12.5,0.001630,0.000971,0.000294,0.000387,True,615.978443,615.978443
rand_n20_m40_d8_s789,R_medium,TYPE_R,7.866079,20,40,warm_start_dual,2,22,0.91,11.0,0.000586,0.000657,0.000140,0.000306,True,381.258408,381.258408
rand_n20_m40_d8_s789,C_small,TYPE_C,0.161452,20,40,warm_start,0,23,1.00,23.0,0.000484,0.000645,0.000055,0.000295,True,403.378767,403.378767
rand_n20_m40_d8_s789,C_medium,TYPE_C,0.937288,20,40,warm_start,0,28,1.00,28.0,0.000460,0.000652,0.000049,0.000315,True,394.382638,394.382638
rand_n20_m40_d8_s789,C_small,TYPE_C,0.234322,20,40,warm_start,0,19,1.00,19.0,0.003629,0.000678,0.000311,0.000302,True,401.824959,401.824959
rand_n20_m40_d8_s789,C_medium,TYPE_C,0.645808,20,40,warm_start,0,22,1.00,22.0,0.000460,0.000619,0.000052,0.000283,True,400.597943,400.597943
rand_n20_m40_d8_s789,C_medium,TYPE_C,0.616419,20,40,warm_start,2,23,0.91,11.5,0.000533,0.000635,0.000103,0.000292,True,409.327714,409.327714
rand_n20_m40_d8_s789,R_all,TYPE_R,6.616368,20,40,warm_start,0,26,1.00,26.0,0.001438,0.000796,0.000145,0.000344,True,428.735550,428.735550
rand_n20_m40_d8_s789,C_large,TYPE_C,2.343220,20,40,warm_start,4,25,0.84,6.2,0.000513,0.000645,0.000100,0.000306,True,380.598964,380.598964
rand_n20_m40_d8_s789,C_large,TYPE_C,1.541048,20,40,warm_start,5,23,0.78,4.6,0.000501,0.000631,0.000095,0.000293,True,419.590749,419.590749
rand_n20_m40_d8_s1024,R_small,TYPE_R,1.312901,20,40,warm_start_dual,3,24,0.88,8.0,0.000558,0.000664,0.000130,0.000306,True,324.043658,324.043658
rand_n20_m40_d8_s1024,R_small,TYPE_R,1.380898,20,40,warm_start,0,25,1.00,25.0,0.000475,0.000651,0.000058,0.000311,True,323.463002,323.463002
rand_n20_m40_d8_s789,C_small,TYPE_C,0.154105,20,40,warm_start,0,23,1.00,23.0,0.000479,0.006870,0.000057,0.000991,True,405.442248,405.442248
rand_n20_m40_d8_s1024,R_small,TYPE_R,1.742166,20,40,warm_start_dual,2,23,0.91,11.5,0.000547,0.000644,0.000121,0.000298,True,320.777340,320.777340
rand_n20_m40_d8_s1024,R_medium,TYPE_R,5.251605,20,40,warm_start_dual,5,24,0.79,4.8,0.000578,0.000667,0.000139,0.000320,True,323.469533,323.469533
rand_n20_m40_d8_s1024,R_medium,TYPE_R,5.523594,20,40,warm_start_dual,2,29,0.93,14.5,0.000543,0.000666,0.000124,0.000326,True,323.698584,323.698584
rand_n20_m40_d8_s1024,R_medium,TYPE_R,6.968663,20,40,warm_start_dual,2,23,0.91,11.5,0.000549,0.000641,0.000124,0.000300,True,311.141523,311.141523
rand_n20_m40_d8_s1024,R_large,TYPE_R,13.129012,20,40,warm_start_dual,7,22,0.68,3.1,0.000564,0.000646,0.000141,0.000301,True,316.045054,316.045054
rand_n20_m40_d8_s1024,R_single,TYPE_R,5.904725,20,40,warm_start_dual,1,22,0.95,22.0,0.000549,0.000632,0.000114,0.000290,True,326.988023,326.988023
rand_n20_m40_d8_s1024,R_single,TYPE_R,9.167614,20,40,warm_start_dual,4,22,0.82,5.5,0.000580,0.000642,0.000138,0.000301,True,304.902930,304.902930
rand_n20_m40_d8_s1024,R_large,TYPE_R,17.421657,20,40,warm_start_dual,8,25,0.68,3.1,0.000590,0.000675,0.000158,0.000329,True,282.572111,282.572111
rand_n20_m40_d8_s789,C_large,TYPE_C,1.614521,20,40,warm_start,2,20,0.90,10.0,0.001522,0.000670,0.000127,0.000310,True,395.885607,395.885607
rand_n20_m40_d8_s1024,R_large,TYPE_R,13.808984,20,40,warm_start_dual,9,31,0.71,3.4,0.000613,0.000697,0.000166,0.000348,True,306.625551,306.625551
rand_n20_m40_d8_s789,R_all,TYPE_R,6.616368,20,40,warm_start,0,26,1.00,26.0,0.001484,0.002112,0.000166,0.000854,True,428.735550,428.735550
rand_n20_m40_d8_s1024,R_all,TYPE_R,5.454907,20,40,warm_start,0,25,1.00,25.0,0.000477,0.000646,0.000056,0.000304,True,349.565962,349.565962
rand_n20_m40_d8_s1024,R_all,TYPE_R,5.454907,20,40,warm_start,0,25,1.00,25.0,0.000473,0.000650,0.000055,0.000305,True,349.565962,349.565962
rand_n20_m40_d8_s1024,C_small,TYPE_C,0.172797,20,40,warm_start,0,27,1.00,27.0,0.000492,0.000659,0.000056,0.000319,True,321.929766,321.929766
rand_n20_m40_d8_s1024,C_small,TYPE_C,0.187987,20,40,warm_start,0,27,1.00,27.0,0.000486,0.000661,0.000056,0.000325,True,322.502299,322.502299
rand_n20_m40_d8_s1024,C_small,TYPE_C,0.150816,20,40,warm_start,0,27,1.00,27.0,0.000482,0.000677,0.000060,0.000324,True,322.632112,322.632112
rand_n20_m40_d8_s1024,C_medium,TYPE_C,0.691189,20,40,warm_start,1,29,0.97,29.0,0.000526,0.000667,0.000095,0.000325,True,317.904528,317.904528
rand_n20_m40_d8_s1024,C_medium,TYPE_C,0.751950,20,40,warm_start,1,28,0.96,28.0,0.000545,0.000685,0.000106,0.000328,True,320.138093,320.138093
rand_n20_m40_d8_s1024,C_medium,TYPE_C,0.603265,20,40,warm_start,1,27,0.96,27.0,0.000507,0.000650,0.000090,0.000310,True,320.782111,320.782111
rand_n20_m40_d8_s1024,C_large,TYPE_C,1.727972,20,40,warm_start,4,21,0.81,5.2,0.000519,0.000625,0.000099,0.000283,True,313.920388,313.920388
rand_n20_m40_d8_s1024,C_large,TYPE_C,1.879874,20,40,warm_start,4,28,0.86,7.0,0.000526,0.000663,0.000103,0.000325,True,316.058573,316.058573
rand_n20_m40_d8_s1024,C_large,TYPE_C,1.508163,20,40,warm_start,2,27,0.93,13.5,0.000511,0.000652,0.000095,0.000310,True,318.951076,318.951076
rand_n20_m40_d8_s1024,R_single,TYPE_R,5.353031,20,40,warm_start,0,23,1.00,23.0,0.002588,0.000687,0.000182,0.000322,True,323.313351,323.313351
rand_n20_m40_d8_s1024,R_all,TYPE_R,5.454907,20,40,warm_start,0,25,1.00,25.0,0.003872,0.000695,0.000076,0.000333,True,349.565962,349.565962
rand_n50_m50_d3_s42,R_small,TYPE_R,2.110126,50,50,warm_start_dual,1,45,0.98,45.0,0.000725,0.000984,0.000146,0.000515,True,1140.085526,1140.085526
rand_n50_m50_d3_s42,R_small,TYPE_R,2.316466,50,50,warm_start_dual,3,49,0.94,16.3,0.000733,0.001015,0.000153,0.000542,True,1136.398976,1136.398976
rand_n50_m50_d3_s42,R_medium,TYPE_R,8.440506,50,50,warm_start_dual,9,39,0.77,4.3,0.000872,0.000982,0.000223,0.000496,True,1130.121219,1130.121219
rand_n50_m50_d3_s42,R_large,TYPE_R,21.101264,50,50,warm_start_dual,12,40,0.70,3.3,0.000784,0.000949,0.000208,0.000485,True,1099.671591,1099.671591
rand_n50_m50_d3_s42,R_large,TYPE_R,23.164656,50,50,warm_start_dual,7,35,0.80,5.0,0.000753,0.000942,0.000173,0.000465,True,1080.459495,1080.459495
rand_n50_m50_d3_s42,R_large,TYPE_R,22.956226,50,50,warm_start_dual,10,45,0.78,4.5,0.000764,0.000997,0.000184,0.000524,True,1151.617937,1151.617937
rand_n50_m50_d3_s42,R_small,TYPE_R,2.295623,50,50,warm_start_dual,2,46,0.96,23.0,0.000736,0.003024,0.000145,0.001359,True,1144.287703,1144.287703
rand_n50_m50_d3_s42,R_medium,TYPE_R,9.182490,50,50,warm_start_dual,4,40,0.90,10.0,0.000817,0.000973,0.000182,0.000493,True,1149.608230,1149.608230
rand_n50_m50_d3_s42,R_single,TYPE_R,7.157910,50,50,warm_start_dual,3,48,0.94,16.0,0.000727,0.001007,0.000150,0.000535,True,1146.866213,1146.866213
rand_n50_m50_d3_s42,R_single,TYPE_R,5.584800,50,50,warm_start_dual,4,43,0.91,10.8,0.000729,0.000988,0.000151,0.000495,True,1138.987794,1138.987794
rand_n50_m50_d3_s42,R_all,TYPE_R,4.895779,50,50,warm_start_dual,4,40,0.90,10.0,0.000743,0.000932,0.000153,0.000471,True,1192.409894,1192.409894
rand_n50_m50_d3_s42,R_medium,TYPE_R,9.265862,50,50,warm_start_dual,6,39,0.85,6.5,0.008543,0.001010,0.000607,0.000498,True,1118.208306,1118.208306
rand_n50_m50_d3_s42,R_all,TYPE_R,4.895779,50,50,warm_start_dual,4,40,0.90,10.0,0.000730,0.001038,0.000153,0.000528,True,1192.409894,1192.409894
rand_n50_m50_d3_s42,C_small,TYPE_C,0.212720,50,50,warm_start,3,42,0.93,14.0,0.000722,0.000959,0.000130,0.000490,True,1128.806652,1128.806652
rand_n50_m50_d3_s42,C_small,TYPE_C,0.200649,50,50,warm_start,1,47,0.98,47.0,0.000772,0.001012,0.000140,0.000536,True,1140.864714,1140.864714
rand_n50_m50_d3_s42,C_medium,TYPE_C,0.730526,50,50,warm_start,4,41,0.90,10.2,0.000710,0.000973,0.000124,0.000504,True,1139.437264,1139.437264
rand_n50_m50_d3_s42,C_medium,TYPE_C,0.850881,50,50,warm_start,7,55,0.87,7.9,0.000733,0.001090,0.000142,0.000614,True,1088.746975,1088.746975
rand_n50_m50_d3_s42,C_medium,TYPE_C,0.802596,50,50,warm_start,7,43,0.84,6.1,0.000717,0.000960,0.000139,0.000496,True,1136.850583,1136.850583
rand_n50_m50_d3_s42,R_all,TYPE_R,4.895779,50,50,warm_start_dual,4,40,0.90,10.0,0.000735,0.003609,0.000162,0.001533,True,1192.409894,1192.409894
rand_n50_m50_d3_s42,C_large,TYPE_C,1.826316,50,50,warm_start,15,44,0.66,2.9,0.000776,0.001010,0.000179,0.000527,True,1144.807913,1144.807913
rand_n50_m50_d3_s42,R_single,TYPE_R,2.608825,50,50,warm_start_dual,2,40,0.95,20.0,0.000749,0.003450,0.000148,0.001309,True,1147.950820,1147.950820
rand_n50_m50_d3_s42,C_large,TYPE_C,2.006489,50,50,warm_start,16,42,0.62,2.6,0.000763,0.000971,0.000182,0.000492,True,1141.075498,1141.075498
rand_n50_m50_d3_s42,C_large,TYPE_C,2.127203,50,50,warm_start,20,46,0.57,2.3,0.000793,0.000991,0.000203,0.000522,True,1012.298834,1012.298834
rand_n50_m50_d3_s123,R_small,TYPE_R,1.830117,50,50,warm_start_dual,3,41,0.93,13.7,0.000810,0.000976,0.000188,0.000499,True,1377.580045,1377.580045
rand_n50_m50_d3_s42,C_small,TYPE_C,0.182632,50,50,warm_start,2,44,0.95,22.0,0.003046,0.001059,0.000333,0.000547,True,1141.466616,1141.466616
rand_n50_m50_d3_s123,R_small,TYPE_R,2.299687,50,50,warm_start_dual,2,42,0.95,21.0,0.000750,0.002911,0.000164,0.001249,True,1372.383010,1372.383010
rand_n50_m50_d3_s123,R_medium,TYPE_R,7.565824,50,50,warm_start_dual,6,45,0.87,7.5,0.000778,0.000980,0.000184,0.000507,True,1399.032725,1399.032725
rand_n50_m50_d3_s123,R_medium,TYPE_R,7.320469,50,50,warm_start_dual,5,44,0.89,8.8,0.000782,0.000995,0.000183,0.000522,True,1379.923413,1379.923413
rand_n50_m50_d3_s123,R_large,TYPE_R,18.914560,50,50,warm_start_dual,20,47,0.57,2.4,0.000841,0.000989,0.000254,0.000519,True,1404.470971,1404.470971
rand_n50_m50_d3_s123,R_small,TYPE_R,1.891456,50,50,warm_start_dual,1,44,0.98,44.0,0.002411,0.001031,0.000412,0.000534,True,1381.379902,1381.379902
rand_n50_m50_d3_s123,R_medium,TYPE_R,9.198750,50,50,warm_start_dual,3,45,0.93,15.0,0.000794,0.000990,0.000177,0.000518,True,1364.601123,1364.601123
rand_n50_m50_d3_s123,R_large,TYPE_R,22.996874,50,50,warm_start_dual,16,43,0.63,2.7,0.000837,0.001030,0.000233,0.000525,True,1330.460616,1330.460616
rand_n50_m50_d3_s123,R_single,TYPE_R,1.814652,50,50,warm_start,0,43,1.00,43.0,0.000690,0.000976,0.000091,0.000507,True,1374.727600,1374.727600
rand_n50_m50_d3_s123,R_single,TYPE_R,2.579735,50,50,warm_start_dual,1,38,0.97,38.0,0.000752,0.000934,0.000162,0.000463,True,1376.359574,1376.359574
rand_n50_m50_d3_s123,R_all,TYPE_R,5.103890,50,50,warm_start_dual,2,41,0.95,20.5,0.000752,0.000953,0.000165,0.000483,True,1444.952467,1444.952467
rand_n50_m50_d3_s123,R_large,TYPE_R,18.301172,50,50,warm_start_dual,14,48,0.71,3.4,0.000827,0.004597,0.000226,0.000581,True,1362.588111,1362.588111
rand_n50_m50_d3_s123,R_all,TYPE_R,5.103890,50,50,warm_start_dual,2,41,0.95,20.5,0.000768,0.000971,0.000171,0.000484,True,1444.952467,1444.952467
rand_n50_m50_d3_s123,C_small,TYPE_C,0.212233,50,50,warm_start,3,41,0.93,13.7,0.000731,0.000950,0.000140,0.000484,True,1365.868519,1365.868519
rand_n50_m50_d3_s123,R_all,TYPE_R,5.103890,50,50,warm_start_dual,2,41,0.95,20.5,0.006072,0.001029,0.000492,0.000530,True,1444.952467,1444.952467
rand_n50_m50_d3_s123,R_single,TYPE_R,6.515494,50,50,warm_start_dual,1,48,0.98,48.0,0.000781,0.001012,0.000163,0.000534,True,1379.964859,1379.964859
rand_n50_m50_d3_s123,C_small,TYPE_C,0.157933,50,50,warm_start,1,46,0.98,46.0,0.000721,0.000992,0.000131,0.000524,True,1373.206283,1373.206283
rand_n50_m50_d3_s123,C_medium,TYPE_C,0.848933,50,50,warm_start,7,43,0.84,6.1,0.000733,0.000965,0.000151,0.000501,True,1340.737339,1340.737339
rand_n50_m50_d3_s123,C_medium,TYPE_C,0.878902,50,50,warm_start,2,47,0.96,23.5,0.000718,0.000990,0.000129,0.000520,True,1456.137830,1456.137830
rand_n50_m50_d3_s123,C_small,TYPE_C,0.219725,50,50,warm_start,1,47,0.98,47.0,0.000717,0.001050,0.000126,0.000559,True,1395.064636,1395.064636
rand_n50_m50_d3_s123,C_large,TYPE_C,2.122333,50,50,warm_start,13,41,0.68,3.2,0.000775,0.000961,0.000182,0.000492,True,1300.039497,1300.039497
rand_n50_m50_d3_s123,C_large,TYPE_C,2.197254,50,50,warm_start,9,47,0.81,5.2,0.000757,0.000989,0.000172,0.000524,True,1584.622665,1584.622665
rand_n50_m50_d3_s456,R_small,TYPE_R,1.884973,50,50,warm_start,0,32,1.00,32.0,0.000654,0.000916,0.000071,0.000426,True,1300.029207,1300.029207
rand_n50_m50_d3_s123,C_medium,TYPE_C,0.631732,50,50,warm_start,3,37,0.92,12.3,0.000750,0.000945,0.000138,0.000471,True,1368.867545,1368.867545
rand_n50_m50_d3_s456,R_small,TYPE_R,1.814503,50,50,warm_start_dual,1,29,0.97,29.0,0.000735,0.000884,0.000150,0.000413,True,1297.951702,1297.951702
rand_n50_m50_d3_s456,R_medium,TYPE_R,8.257647,50,50,warm_start_dual,4,31,0.87,7.8,0.000733,0.000910,0.000157,0.000436,True,1342.177012,1342.177012
rand_n50_m50_d3_s456,R_medium,TYPE_R,7.539891,50,50,warm_start_dual,1,25,0.96,25.0,0.000748,0.004086,0.000146,0.000985,True,1277.859943,1277.859943
rand_n50_m50_d3_s123,C_large,TYPE_C,1.579330,50,50,warm_start,20,47,0.57,2.4,0.000807,0.004098,0.000214,0.001614,True,1378.531770,1378.531770
rand_n50_m50_d3_s456,R_large,TYPE_R,18.145029,50,50,warm_start_dual,16,37,0.57,2.3,0.000793,0.000985,0.000215,0.000494,True,1169.184104,1169.184104
rand_n50_m50_d3_s456,R_single,TYPE_R,1.339219,50,50,warm_start,0,33,1.00,33.0,0.000665,0.000903,0.000076,0.000432,True,1304.719112,1304.719112
rand_n50_m50_d3_s456,R_medium,TYPE_R,7.258012,50,50,warm_start_dual,3,35,0.91,11.7,0.000726,0.000910,0.000148,0.000442,True,1265.333614,1265.333614
rand_n50_m50_d3_s456,R_small,TYPE_R,2.064412,50,50,warm_start_dual,1,32,0.97,32.0,0.000757,0.000910,0.000154,0.000436,True,1317.853260,1317.853260
rand_n50_m50_d3_s456,R_single,TYPE_R,1.478709,50,50,warm_start,0,31,1.00,31.0,0.000643,0.000898,0.000071,0.000432,True,1307.392043,1307.392043
rand_n50_m50_d3_s456,R_large,TYPE_R,20.644118,50,50,warm_start_dual,12,36,0.67,3.0,0.000780,0.000917,0.000193,0.000437,True,1384.680499,1384.680499
rand_n50_m50_d3_s456,R_single,TYPE_R,0.730853,50,50,warm_start,0,31,1.00,31.0,0.000668,0.000922,0.000075,0.000450,True,1307.392043,1307.392043
rand_n50_m50_d3_s456,R_all,TYPE_R,5.635709,50,50,warm_start_dual,3,30,0.90,10.0,0.000740,0.000897,0.000154,0.000409,True,1371.327804,1371.327804
rand_n50_m50_d3_s456,R_large,TYPE_R,18.849727,50,50,warm_start_dual,7,48,0.85,6.9,0.000754,0.000983,0.000184,0.000516,True,1227.283432,1227.283432
rand_n50_m50_d3_s456,R_all,TYPE_R,5.635709,50,50,warm_start_dual,3,30,0.90,10.0,0.000737,0.000873,0.000157,0.000404,True,1371.327804,1371.327804
rand_n50_m50_d3_s456,C_small,TYPE_C,0.210588,50,50,warm_start,2,38,0.95,19.0,0.000750,0.000959,0.000125,0.000463,True,1302.179758,1302.179758
rand_n50_m50_d3_s456,C_small,TYPE_C,0.200319,50,50,warm_start,0,29,1.00,29.0,0.000641,0.000883,0.000069,0.000414,True,1312.871497,1312.871497
rand_n50_m50_d3_s456,C_medium,TYPE_C,0.842350,50,50,warm_start,7,31,0.77,4.4,0.000739,0.000911,0.000138,0.000423,True,1289.567795,1289.567795
rand_n50_m50_d3_s456,R_all,TYPE_R,5.635709,50,50,warm_start_dual,3,30,0.90,10.0,0.000788,0.000909,0.000170,0.000416,True,1371.327804,1371.327804
rand_n50_m50_d3_s456,C_small,TYPE_C,0.218207,50,50,warm_start,0,31,1.00,31.0,0.000678,0.000906,0.000080,0.000429,True,1310.158439,1310.158439
rand_n50_m50_d3_s456,C_large,TYPE_C,2.182075,50,50,warm_start,3,44,0.93,14.7,0.000696,0.000949,0.000122,0.000485,True,1336.780199,1336.780199
rand_n50_m50_d3_s456,C_large,TYPE_C,2.003192,50,50,warm_start,7,37,0.81,5.3,0.000734,0.000948,0.000143,0.000462,True,1367.203580,1367.203580
rand_n50_m50_d3_s789,R_small,TYPE_R,2.101989,50,50,warm_start_dual,1,29,0.97,29.0,0.000694,0.000878,0.000132,0.000408,True,1767.182731,1767.182731
rand_n50_m50_d3_s456,C_medium,TYPE_C,0.801277,50,50,warm_start,0,26,1.00,26.0,0.000652,0.000909,0.000071,0.000431,True,1329.309965,1329.309965
rand_n50_m50_d3_s456,C_large,TYPE_C,2.105876,50,50,warm_start,13,39,0.67,3.0,0.000802,0.000944,0.000185,0.000472,True,1282.522432,1282.522432
rand_n50_m50_d3_s456,C_medium,TYPE_C,0.872830,50,50,warm_start,1,34,0.97,34.0,0.000771,0.000945,0.000135,0.000460,True,1318.771372,1318.771372
rand_n50_m50_d3_s789,R_small,TYPE_R,1.480812,50,50,warm_start,0,29,1.00,29.0,0.000651,0.000889,0.000064,0.000422,True,1762.440786,1762.440786
rand_n50_m50_d3_s789,R_small,TYPE_R,1.777305,50,50,warm_start_dual,1,36,0.97,36.0,0.000720,0.000923,0.000128,0.000447,True,1768.156421,1768.156421
rand_n50_m50_d3_s789,R_medium,TYPE_R,5.923248,50,50,warm_start_dual,4,32,0.88,8.0,0.000766,0.000923,0.000162,0.000442,True,1748.488411,1748.488411
rand_n50_m50_d3_s789,R_large,TYPE_R,21.019886,50,50,warm_start_dual,12,24,0.50,2.0,0.000742,0.000852,0.000179,0.000381,True,1760.123606,1760.123606
rand_n50_m50_d3_s789,R_medium,TYPE_R,7.109222,50,50,warm_start_dual,4,39,0.90,9.8,0.000738,0.000968,0.000156,0.000486,True,1769.866384,1769.866384
rand_n50_m50_d3_s789,R_large,TYPE_R,14.808119,50,50,warm_start_dual,7,32,0.78,4.6,0.000740,0.000896,0.000162,0.000428,True,1714.898693,1714.898693
rand_n50_m50_d3_s789,R_medium,TYPE_R,8.407955,50,50,warm_start_dual,3,34,0.91,11.3,0.000737,0.003280,0.000146,0.001144,True,1768.266419,1768.266419
rand_n50_m50_d3_s789,R_single,TYPE_R,2.291186,50,50,warm_start,0,29,1.00,29.0,0.000665,0.000888,0.000066,0.000411,True,1766.700927,1766.700927
rand_n50_m50_d3_s789,R_single,TYPE_R,2.998551,50,50,warm_start_dual,1,30,0.97,30.0,0.000747,0.000906,0.000138,0.000416,True,1767.096369,1767.096369
rand_n50_m50_d3_s789,R_all,TYPE_R,6.994067,50,50,warm_start_dual,3,36,0.92,12.0,0.000748,0.000933,0.000150,0.000452,True,1820.250464,1820.250464
rand_n50_m50_d3_s789,R_all,TYPE_R,6.994067,50,50,warm_start_dual,3,36,0.92,12.0,0.000715,0.000925,0.000136,0.000460,True,1820.250464,1820.250464
rand_n50_m50_d3_s789,R_large,TYPE_R,17.773054,50,50,warm_start_dual,10,29,0.66,2.9,0.000745,0.002683,0.000174,0.001083,True,1759.979779,1759.979779
rand_n50_m50_d3_s789,C_small,TYPE_C,0.170188,50,50,warm_start,1,35,0.97,35.0,0.000670,0.000905,0.000105,0.000441,True,1753.974958,1753.974958
rand_n50_m50_d3_s789,C_small,TYPE_C,0.180328,50,50,warm_start,5,34,0.85,6.8,0.000720,0.000912,0.000133,0.000437,True,1765.385745,1765.385745
rand_n50_m50_d3_s789,C_small,TYPE_C,0.236383,50,50,warm_start,4,38,0.89,9.5,0.000702,0.000938,0.000129,0.000462,True,1764.186020,1764.186020
rand_n50_m50_d3_s789,R_single,TYPE_R,1.093645,50,50,warm_start,0,29,1.00,29.0,0.000651,0.000985,0.000073,0.000474,True,1766.700927,1766.700927
rand_n50_m50_d3_s789,C_medium,TYPE_C,0.680754,50,50,warm_start,5,38,0.87,7.6,0.000725,0.000951,0.000126,0.000464,True,1717.832681,1717.832681
rand_n50_m50_d3_s789,C_medium,TYPE_C,0.721311,50,50,warm_start,9,30,0.70,3.3,0.000741,0.000889,0.000155,0.000414,True,1764.160002,1764.160002
rand_n50_m50_d3_s789,C_large,TYPE_C,1.701884,50,50,warm_start,19,30,0.37,1.6,0.000793,0.000917,0.000189,0.000421,True,1664.239912,1664.239912
rand_n50_m50_d3_s789,R_all,TYPE_R,6.994067,50,50,warm_start_dual,3,36,0.92,12.0,0.000737,0.002676,0.000149,0.001144,True,1820.250464,1820.250464
rand_n50_m50_d3_s789,C_large,TYPE_C,2.363830,50,50,warm_start,20,29,0.31,1.4,0.000764,0.001000,0.000187,0.000471,True,1766.163618,1766.163618
rand_n50_m50_d3_s1024,R_small,TYPE_R,2.369655,50,50,warm_start_dual,1,46,0.98,46.0,0.000761,0.000999,0.000151,0.000514,True,1335.587851,1335.587851
rand_n50_m50_d3_s1024,R_small,TYPE_R,1.380596,50,50,warm_start_dual,1,48,0.98,48.0,0.000744,0.000982,0.000159,0.000513,True,1336.319694,1336.319694
rand_n50_m50_d3_s789,C_large,TYPE_C,1.803276,50,50,warm_start,14,38,0.63,2.7,0.000806,0.000953,0.000173,0.000481,True,1769.506168,1769.506168
rand_n50_m50_d3_s789,C_medium,TYPE_C,0.945532,50,50,warm_start,7,26,0.73,3.7,0.000706,0.000947,0.000127,0.000433,True,1762.287082,1762.287082
rand_n50_m50_d3_s1024,R_medium,TYPE_R,5.522382,50,50,warm_start_dual,2,40,0.95,20.0,0.000748,0.000946,0.000158,0.000475,True,1337.196803,1337.196803
rand_n50_m50_d3_s1024,R_medium,TYPE_R,9.200357,50,50,warm_start_dual,9,43,0.79,4.8,0.000776,0.000988,0.000189,0.000510,True,1338.051429,1338.051429
rand_n50_m50_d3_s1024,R_medium,TYPE_R,9.478621,50,50,warm_start_dual,6,45,0.87,7.5,0.000783,0.001009,0.000188,0.000520,True,1328.603642,1328.603642
rand_n50_m50_d3_s1024,R_large,TYPE_R,13.805955,50,50,warm_start_dual,4,42,0.90,10.5,0.000763,0.000951,0.000164,0.000468,True,1336.346476,1336.346476
rand_n50_m50_d3_s1024,R_large,TYPE_R,23.000892,50,50,warm_start_dual,15,41,0.63,2.7,0.000799,0.000931,0.000223,0.000468,True,1320.714372,1320.714372
rand_n50_m50_d3_s1024,R_single,TYPE_R,3.440905,50,50,warm_start_dual,1,44,0.98,44.0,0.000737,0.000974,0.000148,0.000494,True,1334.722028,1334.722028
rand_n50_m50_d3_s1024,R_single,TYPE_R,3.213340,50,50,warm_start_dual,1,47,0.98,47.0,0.000730,0.001008,0.000150,0.000545,True,1330.231414,1330.231414
rand_n50_m50_d3_s1024,R_small,TYPE_R,2.300089,50,50,warm_start_dual,1,53,0.98,53.0,0.002181,0.001124,0.000391,0.000613,True,1337.226374,1337.226374
rand_n50_m50_d3_s1024,R_all,TYPE_R,6.574864,50,50,warm_start_dual,2,49,0.96,24.5,0.000742,0.000999,0.000165,0.000527,True,1400.266139,1400.266139
rand_n50_m50_d3_s1024,R_large,TYPE_R,23.696552,50,50,warm_start_dual,11,38,0.71,3.5,0.000816,0.002660,0.000210,0.001114,True,1310.381071,1310.381071
rand_n50_m50_d3_s1024,R_all,TYPE_R,6.574864,50,50,warm_start_dual,2,49,0.96,24.5,0.000750,0.001012,0.000167,0.000525,True,1400.266139,1400.266139
rand_n50_m50_d3_s1024,R_all,TYPE_R,6.574864,50,50,warm_start_dual,2,49,0.96,24.5,0.000734,0.000979,0.000150,0.000514,True,1400.266139,1400.266139
rand_n50_m50_d3_s1024,R_single,TYPE_R,1.894299,50,50,warm_start,0,49,1.00,49.0,0.000658,0.001078,0.000079,0.000557,True,1335.990772,1335.990772
rand_n50_m50_d3_s1024,C_small,TYPE_C,0.178319,50,50,warm_start,0,43,1.00,43.0,0.000651,0.000938,0.000076,0.000477,True,1323.563352,1323.563352
rand_n50_m50_d3_s1024,C_small,TYPE_C,0.190652,50,50,warm_start,0,46,1.00,46.0,0.000762,0.001033,0.000094,0.000555,True,1343.907086,1343.907086
rand_n50_m50_d3_s1024,C_medium,TYPE_C,0.739164,50,50,warm_start,2,45,0.96,22.5,0.000727,0.000973,0.000132,0.000505,True,1327.780733,1327.780733
rand_n50_m50_d3_s1024,C_small,TYPE_C,0.184791,50,50,warm_start,0,46,1.00,46.0,0.000695,0.000999,0.000080,0.000515,True,1333.852977,1333.852977
rand_n50_m50_d3_s1024,C_large,TYPE_C,1.783191,50,50,warm_start,7,40,0.82,5.7,0.000739,0.000947,0.000150,0.000479,True,1223.102703,1223.102703
rand_n50_m50_d3_s1024,C_large,TYPE_C,1.906518,50,50,warm_start,6,41,0.85,6.8,0.000734,0.000946,0.000134,0.000481,True,1418.860137,1418.860137
rand_n50_m50_d3_s1024,C_medium,TYPE_C,0.713277,50,50,warm_start,2,35,0.94,17.5,0.000739,0.000955,0.000131,0.000466,True,1287.107662,1287.107662
rand_n50_m50_d3_s1024,C_large,TYPE_C,1.847911,50,50,warm_start,9,44,0.80,4.9,0.000751,0.000987,0.000154,0.000518,True,1321.382289,1321.382289
rand_n50_m50_d5_s42,R_small,TYPE_R,2.231508,50,50,warm_start_dual,4,42,0.90,10.5,0.000897,0.001186,0.000191,0.000615,True,1126.006530,1126.006530
rand_n50_m50_d5_s42,R_small,TYPE_R,2.075582,50,50,warm_start_dual,1,46,0.98,46.0,0.000871,0.001210,0.000173,0.000640,True,1129.931215,1129.931215
rand_n50_m50_d5_s42,R_small,TYPE_R,2.434520,50,50,warm_start_dual,2,56,0.96,28.0,0.000890,0.001320,0.000174,0.000755,True,1138.610409,1138.610409
rand_n50_m50_d5_s42,R_medium,TYPE_R,8.926031,50,50,warm_start_dual,7,46,0.85,6.6,0.000907,0.001194,0.000199,0.000632,True,1104.342001,1104.342001
rand_n50_m50_d5_s42,R_medium,TYPE_R,8.302330,50,50,warm_start_dual,5,52,0.90,10.4,0.000891,0.001294,0.000191,0.000726,True,1118.976122,1118.976122
rand_n50_m50_d5_s42,R_medium,TYPE_R,9.738080,50,50,warm_start_dual,6,45,0.87,7.5,0.000885,0.001215,0.000192,0.000646,True,1153.798328,1153.798328
rand_n50_m50_d5_s42,R_large,TYPE_R,22.315078,50,50,warm_start_dual,14,36,0.61,2.6,0.000958,0.001157,0.000252,0.000585,True,1050.308650,1050.308650
rand_n50_m50_d3_s1024,C_medium,TYPE_C,0.762607,50,50,warm_start,1,50,0.98,50.0,0.000696,0.024721,0.000117,0.024254,True,1368.077064,1368.077064
rand_n50_m50_d5_s42,R_large,TYPE_R,24.345199,50,50,warm_start_dual,14,37,0.62,2.6,0.000958,0.001161,0.000253,0.000566,True,1176.105499,1176.105499
rand_n50_m50_d5_s42,R_single,TYPE_R,4.814809,50,50,warm_start,0,42,1.00,42.0,0.000788,0.001191,0.000091,0.000627,True,1132.596247,1132.596247
rand_n50_m50_d5_s42,R_single,TYPE_R,8.963995,50,50,warm_start_dual,6,41,0.85,6.8,0.000901,0.001204,0.000201,0.000632,True,1128.452182,1128.452182
rand_n50_m50_d5_s42,R_large,TYPE_R,20.755825,50,50,warm_start_dual,7,47,0.85,6.7,0.001933,0.001262,0.000216,0.000679,True,1094.417500,1094.417500
rand_n50_m50_d5_s42,R_all,TYPE_R,6.094083,50,50,warm_start_dual,3,41,0.93,13.7,0.000884,0.001178,0.000176,0.000613,True,1183.093773,1183.093773
rand_n50_m50_d5_s42,R_all,TYPE_R,6.094083,50,50,warm_start_dual,3,41,0.93,13.7,0.000890,0.001168,0.000180,0.000607,True,1183.093773,1183.093773
rand_n50_m50_d5_s42,C_small,TYPE_C,0.182632,50,50,warm_start,2,37,0.95,18.5,0.000838,0.001141,0.000142,0.000575,True,1133.292677,1133.292677
rand_n50_m50_d5_s42,R_single,TYPE_R,1.459011,50,50,warm_start,0,42,1.00,42.0,0.014245,0.001270,0.000240,0.000660,True,1132.919932,1132.919932
rand_n50_m50_d5_s42,C_small,TYPE_C,0.212720,50,50,warm_start,1,47,0.98,47.0,0.000829,0.001196,0.000133,0.000632,True,1118.531680,1118.531680
rand_n50_m50_d5_s42,C_medium,TYPE_C,0.850881,50,50,warm_start,4,43,0.91,10.8,0.000853,0.001165,0.000145,0.000604,True,1077.224186,1077.224186
rand_n50_m50_d5_s42,R_all,TYPE_R,6.094083,50,50,warm_start_dual,3,41,0.93,13.7,0.003423,0.001432,0.000464,0.000718,True,1183.093773,1183.093773
rand_n50_m50_d5_s42,C_large,TYPE_C,1.826316,50,50,warm_start,23,56,0.59,2.4,0.000947,0.001320,0.000243,0.000737,True,1163.424914,1163.424914
rand_n50_m50_d5_s42,C_medium,TYPE_C,0.802596,50,50,warm_start,4,45,0.91,11.2,0.000858,0.003049,0.000151,0.002459,True,1116.046129,1116.046129
rand_n50_m50_d5_s42,C_large,TYPE_C,2.006489,50,50,warm_start,12,45,0.73,3.8,0.000887,0.001214,0.000191,0.000646,True,1104.807138,1104.807138
rand_n50_m50_d5_s42,C_small,TYPE_C,0.200649,50,50,warm_start,0,36,1.00,36.0,0.000811,0.004193,0.000095,0.002764,True,1127.976479,1127.976479
rand_n50_m50_d5_s42,C_medium,TYPE_C,0.730526,50,50,warm_start,12,45,0.73,3.8,0.001588,0.001292,0.000215,0.000682,True,1140.081312,1140.081312
rand_n50_m50_d5_s123,R_small,TYPE_R,2.161850,50,50,warm_start,0,47,1.00,47.0,0.000801,0.001179,0.000092,0.000627,True,1362.749577,1362.749577
rand_n50_m50_d5_s42,C_large,TYPE_C,2.127203,50,50,warm_start,24,40,0.40,1.7,0.001009,0.001210,0.000271,0.000622,True,1016.946743,1016.946743
rand_n50_m50_d5_s123,R_small,TYPE_R,2.351893,50,50,warm_start_dual,2,46,0.96,23.0,0.000880,0.001180,0.000174,0.000623,True,1359.851780,1359.851780
rand_n50_m50_d5_s123,R_medium,TYPE_R,8.647401,50,50,warm_start,0,46,1.00,46.0,0.000799,0.001182,0.000095,0.000612,True,1348.411082,1348.411082
rand_n50_m50_d5_s123,R_medium,TYPE_R,10.231860,50,50,warm_start_dual,6,43,0.86,7.2,0.000886,0.001168,0.000198,0.000610,True,1399.838418,1399.838418
rand_n50_m50_d5_s123,R_medium,TYPE_R,9.407574,50,50,warm_start_dual,5,42,0.88,8.4,0.000896,0.001169,0.000196,0.000605,True,1334.338131,1334.338131
rand_n50_m50_d5_s123,R_large,TYPE_R,21.618503,50,50,warm_start_dual,1,37,0.97,37.0,0.000895,0.001161,0.000178,0.000584,True,1319.598527,1319.598527
rand_n50_m50_d5_s123,R_single,TYPE_R,4.567245,50,50,warm_start,0,47,1.00,47.0,0.000806,0.001203,0.000093,0.000626,True,1367.529075,1367.529075
rand_n50_m50_d5_s123,R_small,TYPE_R,2.557965,50,50,warm_start_dual,1,50,0.98,50.0,0.000892,0.004420,0.000182,0.002587,True,1376.030132,1376.030132
rand_n50_m50_d5_s123,R_all,TYPE_R,7.163093,50,50,warm_start_dual,2,41,0.95,20.5,0.000887,0.001160,0.000178,0.000595,True,1443.935795,1443.935795
rand_n50_m50_d5_s123,R_large,TYPE_R,23.518934,50,50,warm_start_dual,11,45,0.76,4.1,0.000954,0.001173,0.000237,0.000612,True,1278.759942,1278.759942
rand_n50_m50_d5_s123,R_all,TYPE_R,7.163093,50,50,warm_start_dual,2,41,0.95,20.5,0.000887,0.001162,0.000184,0.000604,True,1443.935795,1443.935795
rand_n50_m50_d5_s123,R_single,TYPE_R,4.700913,50,50,warm_start,0,46,1.00,46.0,0.000782,0.003588,0.000093,0.001791,True,1367.529075,1367.529075
rand_n50_m50_d5_s123,R_all,TYPE_R,7.163093,50,50,warm_start_dual,2,41,0.95,20.5,0.000872,0.001161,0.000178,0.000598,True,1443.935795,1443.935795
rand_n50_m50_d5_s123,C_small,TYPE_C,0.219725,50,50,warm_start,0,41,1.00,41.0,0.000802,0.001151,0.000097,0.000593,True,1383.902783,1383.902783
rand_n50_m50_d5_s123,R_single,TYPE_R,14.326186,50,50,warm_start_dual,2,47,0.96,23.5,0.000866,0.001194,0.000179,0.000623,True,1389.327797,1389.327797
rand_n50_m50_d5_s123,R_large,TYPE_R,25.579651,50,50,warm_start_dual,17,41,0.59,2.4,0.002968,0.002345,0.000844,0.000623,True,1406.686674,1406.686674
rand_n50_m50_d5_s123,C_small,TYPE_C,0.157933,50,50,warm_start,1,47,0.98,47.0,0.000829,0.001195,0.000139,0.000636,True,1365.288112,1365.288112
rand_n50_m50_d5_s123,C_medium,TYPE_C,0.848933,50,50,warm_start,7,46,0.85,6.6,0.000878,0.001208,0.000178,0.000642,True,1321.622388,1321.622388
rand_n50_m50_d5_s123,C_medium,TYPE_C,0.631732,50,50,warm_start,4,43,0.91,10.8,0.000866,0.001161,0.000161,0.000598,True,1359.452421,1359.452421
rand_n50_m50_d5_s123,C_small,TYPE_C,0.212233,50,50,warm_start,1,41,0.98,41.0,0.002944,0.001227,0.000367,0.000636,True,1354.844147,1354.844147
rand_n50_m50_d5_s123,C_large,TYPE_C,2.122333,50,50,warm_start,18,53,0.66,2.9,0.000951,0.001252,0.000231,0.000699,True,1274.356974,1274.356974
rand_n50_m50_d5_s123,C_large,TYPE_C,2.197254,50,50,warm_start,11,63,0.83,5.7,0.000876,0.001327,0.000185,0.000772,True,1542.543568,1542.543568
rand_n50_m50_d5_s123,C_large,TYPE_C,1.579330,50,50,warm_start,18,51,0.65,2.8,0.000944,0.001246,0.000228,0.000689,True,1360.202559,1360.202559
rand_n50_m50_d5_s123,C_medium,TYPE_C,0.878902,50,50,warm_start,5,44,0.89,8.8,0.000842,0.003672,0.000153,0.001661,True,1434.935626,1434.935626
rand_n50_m50_d5_s456,R_small,TYPE_R,1.811232,50,50,warm_start_dual,2,45,0.96,22.5,0.000900,0.001204,0.000191,0.000624,True,1348.258850,1348.258850
rand_n50_m50_d5_s456,R_small,TYPE_R,1.667913,50,50,warm_start_dual,1,41,0.98,41.0,0.000878,0.001191,0.000177,0.000605,True,1335.101254,1335.101254
rand_n50_m50_d5_s456,R_medium,TYPE_R,8.727228,50,50,warm_start_dual,10,48,0.79,4.8,0.000947,0.001208,0.000239,0.000644,True,1270.786634,1270.786634
rand_n50_m50_d5_s456,R_small,TYPE_R,2.181807,50,50,warm_start_dual,2,50,0.96,25.0,0.000902,0.016909,0.000196,0.001933,True,1325.081720,1325.081720
rand_n50_m50_d5_s456,R_large,TYPE_R,21.818070,50,50,warm_start_dual,22,51,0.57,2.3,0.001019,0.001302,0.000315,0.000733,True,1108.007072,1108.007072
rand_n50_m50_d5_s456,R_large,TYPE_R,18.112324,50,50,warm_start_dual,14,44,0.68,3.1,0.000977,0.001196,0.000262,0.000629,True,1409.870727,1409.870727
rand_n50_m50_d5_s456,R_single,TYPE_R,1.834372,50,50,warm_start,0,43,1.00,43.0,0.000821,0.001195,0.000100,0.000613,True,1340.385439,1340.385439
rand_n50_m50_d5_s456,R_medium,TYPE_R,7.244930,50,50,warm_start_dual,2,40,0.95,20.0,0.000990,0.001245,0.000222,0.000640,True,1371.507076,1371.507076
rand_n50_m50_d5_s456,R_medium,TYPE_R,6.671653,50,50,warm_start_dual,6,49,0.88,8.2,0.000944,0.001248,0.000223,0.000672,True,1313.015304,1313.015304
rand_n50_m50_d5_s456,R_single,TYPE_R,0.101537,50,50,warm_start,0,43,1.00,43.0,0.000801,0.001184,0.000099,0.000614,True,1340.512620,1340.512620
rand_n50_m50_d5_s456,R_large,TYPE_R,16.679133,50,50,warm_start_dual,18,40,0.55,2.2,0.001071,0.001187,0.000318,0.000619,True,1235.893609,1235.893609
rand_n50_m50_d5_s456,R_all,TYPE_R,5.194133,50,50,warm_start_dual,5,43,0.88,8.6,0.000911,0.001179,0.000204,0.000614,True,1400.318412,1400.318412
rand_n50_m50_d5_s456,R_single,TYPE_R,3.648164,50,50,warm_start_dual,2,40,0.95,20.0,0.000967,0.001175,0.000209,0.000607,True,1338.987241,1338.987241
rand_n50_m50_d5_s456,C_small,TYPE_C,0.218207,50,50,warm_start,2,36,0.94,18.0,0.000879,0.001377,0.000165,0.000592,True,1339.420221,1339.420221
rand_n50_m50_d5_s456,C_small,TYPE_C,0.200319,50,50,warm_start,2,47,0.96,23.5,0.000867,0.001209,0.000151,0.000644,True,1346.562576,1346.562576
rand_n50_m50_d5_s456,C_small,TYPE_C,0.210588,50,50,warm_start,3,46,0.93,15.3,0.000908,0.001225,0.000164,0.000654,True,1341.439173,1341.439173
rand_n50_m50_d5_s456,R_all,TYPE_R,5.194133,50,50,warm_start_dual,5,43,0.88,8.6,0.002633,0.001261,0.000475,0.000671,True,1400.318412,1400.318412
rand_n50_m50_d5_s456,C_medium,TYPE_C,0.801277,50,50,warm_start,6,41,0.85,6.8,0.000874,0.001169,0.000167,0.000603,True,1366.520126,1366.520126
rand_n50_m50_d5_s456,C_large,TYPE_C,2.105876,50,50,warm_start,19,41,0.54,2.2,0.000942,0.001166,0.000239,0.000599,True,1386.144806,1386.144806
rand_n50_m50_d5_s456,R_all,TYPE_R,5.194133,50,50,warm_start_dual,5,43,0.88,8.6,0.000981,0.001225,0.000231,0.000653,True,1400.318412,1400.318412
rand_n50_m50_d5_s456,C_large,TYPE_C,2.182075,50,50,warm_start,15,41,0.63,2.7,0.000942,0.001190,0.000224,0.000618,True,1351.894700,1351.894700
rand_n50_m50_d5_s456,C_large,TYPE_C,2.003192,50,50,warm_start,11,46,0.76,4.2,0.000901,0.001200,0.000199,0.000637,True,1410.065932,1410.065932
rand_n50_m50_d5_s789,R_small,TYPE_R,2.304897,50,50,warm_start_dual,2,36,0.94,18.0,0.000832,0.001117,0.000159,0.000556,True,1648.255132,1648.255132
rand_n50_m50_d5_s456,C_medium,TYPE_C,0.842350,50,50,warm_start,14,41,0.66,2.9,0.000937,0.001239,0.000220,0.000639,True,1348.822840,1348.822840
rand_n50_m50_d5_s789,R_small,TYPE_R,2.558754,50,50,warm_start,0,45,1.00,45.0,0.000788,0.001263,0.000083,0.000655,True,1642.326513,1642.326513
rand_n50_m50_d5_s789,R_small,TYPE_R,1.796648,50,50,warm_start,0,40,1.00,40.0,0.000754,0.001133,0.000078,0.000576,True,1641.022666,1641.022666
rand_n50_m50_d5_s789,R_medium,TYPE_R,9.219587,50,50,warm_start_dual,8,40,0.80,5.0,0.000865,0.001115,0.000191,0.000559,True,1649.042159,1649.042159
rand_n50_m50_d5_s789,R_medium,TYPE_R,10.235017,50,50,warm_start_dual,1,52,0.98,52.0,0.000969,0.001260,0.000219,0.000693,True,1634.253384,1634.253384
rand_n50_m50_d5_s456,C_medium,TYPE_C,0.872830,50,50,warm_start,3,46,0.93,15.3,0.001197,0.003387,0.000388,0.001619,True,1337.297045,1337.297045
rand_n50_m50_d5_s789,R_large,TYPE_R,23.048967,50,50,warm_start_dual,14,33,0.58,2.4,0.000908,0.001072,0.000228,0.000517,True,1640.240115,1640.240115
rand_n50_m50_d5_s789,R_large,TYPE_R,25.587542,50,50,warm_start_dual,9,45,0.80,5.0,0.000872,0.001159,0.000195,0.000600,True,1617.125917,1617.125917
rand_n50_m50_d5_s789,R_large,TYPE_R,17.966476,50,50,warm_start_dual,12,42,0.71,3.5,0.000918,0.001184,0.000220,0.000612,True,1598.359007,1598.359007
rand_n50_m50_d5_s789,R_medium,TYPE_R,7.186590,50,50,warm_start_dual,3,40,0.93,13.3,0.000892,0.001154,0.000186,0.000584,True,1628.537646,1628.537646
rand_n50_m50_d5_s789,R_all,TYPE_R,7.153707,50,50,warm_start_dual,4,35,0.89,8.8,0.000925,0.001131,0.000198,0.000558,True,1704.189977,1704.189977
rand_n50_m50_d5_s789,R_all,TYPE_R,7.153707,50,50,warm_start_dual,4,35,0.89,8.8,0.000849,0.001090,0.000170,0.000535,True,1704.189977,1704.189977
rand_n50_m50_d5_s789,R_all,TYPE_R,7.153707,50,50,warm_start_dual,4,35,0.89,8.8,0.000899,0.001136,0.000187,0.000556,True,1704.189977,1704.189977
rand_n50_m50_d5_s789,C_small,TYPE_C,0.180328,50,50,warm_start,0,38,1.00,38.0,0.000787,0.001186,0.000090,0.000607,True,1648.386705,1648.386705
rand_n50_m50_d5_s789,R_single,TYPE_R,0.137116,50,50,warm_start,0,47,1.00,47.0,0.000748,0.001156,0.000076,0.000605,True,1644.926372,1644.926372
rand_n50_m50_d5_s789,R_single,TYPE_R,5.899606,50,50,warm_start_dual,2,46,0.96,23.0,0.000892,0.001169,0.000180,0.000611,True,1645.935961,1645.935961
rand_n50_m50_d5_s789,C_medium,TYPE_C,0.680754,50,50,warm_start,4,47,0.91,11.8,0.000854,0.001208,0.000151,0.000622,True,1611.809793,1611.809793
rand_n50_m50_d5_s789,R_single,TYPE_R,6.787803,50,50,warm_start,0,47,1.00,47.0,0.000751,0.004069,0.000075,0.002261,True,1644.926372,1644.926372
rand_n50_m50_d5_s789,C_medium,TYPE_C,0.945532,50,50,warm_start,6,33,0.82,5.5,0.000832,0.001123,0.000148,0.000556,True,1618.475471,1618.475471
rand_n50_m50_d5_s789,C_large,TYPE_C,2.363830,50,50,warm_start,17,43,0.60,2.5,0.000927,0.001179,0.000215,0.000615,True,1607.197050,1607.197050
rand_n50_m50_d5_s789,C_large,TYPE_C,1.803276,50,50,warm_start,15,48,0.69,3.2,0.000918,0.001222,0.000204,0.000657,True,1691.091633,1691.091633
rand_n50_m50_d5_s789,C_small,TYPE_C,0.236383,50,50,warm_start,1,41,0.98,41.0,0.000818,0.001175,0.000127,0.000603,True,1637.826060,1637.826060
rand_n50_m50_d5_s789,C_medium,TYPE_C,0.721311,50,50,warm_start,3,43,0.93,14.3,0.001396,0.001207,0.000155,0.000631,True,1659.846091,1659.846091
rand_n50_m50_d5_s1024,R_small,TYPE_R,2.056009,50,50,warm_start,0,34,1.00,34.0,0.000839,0.001159,0.000098,0.000580,True,1397.910409,1397.910409
rand_n50_m50_d5_s789,C_large,TYPE_C,1.701884,50,50,warm_start,11,40,0.72,3.6,0.002742,0.001235,0.000528,0.000638,True,1572.684628,1572.684628
rand_n50_m50_d5_s1024,R_medium,TYPE_R,14.428995,50,50,warm_start_dual,2,36,0.94,18.0,0.000893,0.001141,0.000180,0.000580,True,1413.759394,1413.759394
rand_n50_m50_d5_s789,C_small,TYPE_C,0.170188,50,50,warm_start,0,42,1.00,42.0,0.016909,0.001252,0.000231,0.000634,True,1636.242287,1636.242287
rand_n50_m50_d5_s1024,R_medium,TYPE_R,8.224038,50,50,warm_start_dual,3,36,0.92,12.0,0.000890,0.001133,0.000181,0.000575,True,1392.487021,1392.487021
rand_n50_m50_d5_s1024,R_large,TYPE_R,36.072488,50,50,warm_start_dual,12,43,0.72,3.6,0.000935,0.001218,0.000236,0.000630,True,1394.109928,1394.109928
rand_n50_m50_d5_s1024,R_small,TYPE_R,2.905896,50,50,warm_start_dual,1,36,0.97,36.0,0.000887,0.001129,0.000173,0.000561,True,1395.553902,1395.553902
rand_n50_m50_d5_s1024,R_small,TYPE_R,3.607249,50,50,warm_start_dual,1,38,0.97,38.0,0.000946,0.001149,0.000214,0.000579,True,1403.276628,1403.276628
rand_n50_m50_d5_s1024,R_large,TYPE_R,29.058962,50,50,warm_start_dual,7,37,0.81,5.3,0.000941,0.001261,0.000221,0.000626,True,1353.380467,1353.380467
rand_n50_m50_d5_s1024,R_large,TYPE_R,20.560094,50,50,warm_start_dual,9,41,0.78,4.6,0.000916,0.011743,0.000216,0.000664,True,1370.145575,1370.145575
rand_n50_m50_d5_s1024,R_single,TYPE_R,1.783182,50,50,warm_start,0,33,1.00,33.0,0.000785,0.002538,0.000089,0.000588,True,1399.173920,1399.173920
rand_n50_m50_d5_s1024,R_medium,TYPE_R,11.623585,50,50,warm_start_dual,2,38,0.95,19.0,0.000933,0.001234,0.000191,0.000624,True,1384.160180,1384.160180
rand_n50_m50_d5_s1024,R_single,TYPE_R,3.842998,50,50,warm_start,0,33,1.00,33.0,0.000783,0.001138,0.000091,0.000553,True,1399.173920,1399.173920
rand_n50_m50_d5_s1024,R_single,TYPE_R,3.520282,50,50,warm_start_dual,3,33,0.91,11.0,0.000951,0.001113,0.000209,0.000546,True,1400.096678,1400.096678
rand_n50_m50_d5_s1024,R_all,TYPE_R,7.953372,50,50,warm_start_dual,2,38,0.95,19.0,0.000870,0.001129,0.000176,0.000567,True,1445.269865,1445.269865
rand_n50_m50_d5_s1024,R_all,TYPE_R,7.953372,50,50,warm_start_dual,2,38,0.95,19.0,0.000958,0.001149,0.000205,0.000582,True,1445.269865,1445.269865
rand_n50_m50_d5_s1024,C_small,TYPE_C,0.190652,50,50,warm_start,0,38,1.00,38.0,0.000781,0.001125,0.000088,0.000569,True,1401.686330,1401.686330
rand_n50_m50_d5_s1024,R_all,TYPE_R,7.953372,50,50,warm_start_dual,2,38,0.95,19.0,0.000936,0.001152,0.000199,0.000588,True,1445.269865,1445.269865
rand_n50_m50_d5_s1024,C_small,TYPE_C,0.184791,50,50,warm_start,0,36,1.00,36.0,0.000781,0.001113,0.000088,0.000553,True,1396.796771,1396.796771
rand_n50_m50_d5_s1024,C_medium,TYPE_C,0.713277,50,50,warm_start,0,38,1.00,38.0,0.000788,0.001163,0.000091,0.000599,True,1377.894627,1377.894627
rand_n50_m50_d5_s1024,C_medium,TYPE_C,0.739164,50,50,warm_start,4,38,0.89,9.5,0.000833,0.001126,0.000144,0.000567,True,1393.192435,1393.192435
rand_n50_m50_d5_s1024,C_small,TYPE_C,0.178319,50,50,warm_start,0,34,1.00,34.0,0.000828,0.001123,0.000096,0.000563,True,1393.854130,1393.854130
rand_n50_m50_d5_s1024,C_large,TYPE_C,1.783191,50,50,warm_start,7,32,0.78,4.6,0.000843,0.001090,0.000159,0.000535,True,1350.032190,1350.032190
rand_n50_m50_d5_s1024,C_large,TYPE_C,1.847911,50,50,warm_start,18,36,0.50,2.0,0.000903,0.001129,0.000215,0.000550,True,1392.281203,1392.281203
rand_n50_m50_d5_s1024,C_large,TYPE_C,1.906518,50,50,warm_start,10,43,0.77,4.3,0.000862,0.001164,0.000177,0.000606,True,1436.644712,1436.644712
rand_n50_m50_d8_s42,R_small,TYPE_R,3.533730,50,50,warm_start,0,44,1.00,44.0,0.000935,0.001475,0.000099,0.000783,True,1109.136786,1109.136786
rand_n50_m50_d8_s42,R_small,TYPE_R,2.220456,50,50,warm_start,0,38,1.00,38.0,0.000953,0.001405,0.000101,0.000708,True,1109.998734,1109.998734
rand_n50_m50_d8_s42,R_small,TYPE_R,2.911243,50,50,warm_start_dual,1,38,0.97,38.0,0.001024,0.001433,0.000185,0.000722,True,1125.344946,1125.344946
rand_n50_m50_d8_s42,R_medium,TYPE_R,8.881822,50,50,warm_start_dual,1,51,0.98,51.0,0.001045,0.001560,0.000192,0.000863,True,1090.042869,1090.042869
rand_n50_m50_d8_s42,R_medium,TYPE_R,14.134919,50,50,warm_start_dual,5,44,0.89,8.8,0.001044,0.001438,0.000214,0.000748,True,1080.017484,1080.017484
rand_n50_m50_d8_s42,R_medium,TYPE_R,11.644973,50,50,warm_start_dual,4,34,0.88,8.5,0.001033,0.001367,0.000205,0.000679,True,1149.771639,1149.771639
rand_n50_m50_d5_s1024,C_medium,TYPE_C,0.762607,50,50,warm_start,3,36,0.92,12.0,0.000894,0.001126,0.000164,0.000562,True,1411.666930,1411.666930
rand_n50_m50_d8_s42,R_large,TYPE_R,29.112432,50,50,warm_start_dual,9,35,0.74,3.9,0.001078,0.001363,0.000245,0.000670,True,1188.946778,1188.946778
rand_n50_m50_d8_s42,R_single,TYPE_R,10.455511,50,50,warm_start_dual,2,41,0.95,20.5,0.001023,0.001447,0.000189,0.000740,True,1103.959601,1103.959601
rand_n50_m50_d8_s42,R_all,TYPE_R,8.124480,50,50,warm_start_dual,2,38,0.95,19.0,0.001031,0.001395,0.000190,0.000703,True,1168.738295,1168.738295
rand_n50_m50_d8_s42,R_all,TYPE_R,8.124480,50,50,warm_start_dual,2,38,0.95,19.0,0.001031,0.001404,0.000194,0.000713,True,1168.738295,1168.738295
rand_n50_m50_d8_s42,R_large,TYPE_R,22.204556,50,50,warm_start_dual,1,35,0.97,35.0,0.001111,0.001402,0.000214,0.000705,True,1049.886531,1049.886531
rand_n50_m50_d8_s42,R_single,TYPE_R,3.463170,50,50,warm_start,0,42,1.00,42.0,0.000954,0.001442,0.000105,0.000747,True,1116.629517,1116.629517
rand_n50_m50_d8_s42,R_all,TYPE_R,8.124480,50,50,warm_start_dual,2,38,0.95,19.0,0.001078,0.001395,0.000205,0.000704,True,1168.738295,1168.738295
rand_n50_m50_d8_s42,R_single,TYPE_R,8.011786,50,50,warm_start_dual,2,39,0.95,19.5,0.001050,0.001434,0.000194,0.000736,True,1124.019446,1124.019446
rand_n50_m50_d8_s42,R_large,TYPE_R,35.337297,50,50,warm_start_dual,10,43,0.77,4.3,0.001092,0.004787,0.000256,0.002005,True,984.457078,984.457078
rand_n50_m50_d8_s42,C_medium,TYPE_C,0.730526,50,50,warm_start,0,32,1.00,32.0,0.000964,0.001350,0.000106,0.000663,True,1128.903424,1128.903424
rand_n50_m50_d8_s42,C_medium,TYPE_C,0.802596,50,50,warm_start,0,37,1.00,37.0,0.000934,0.001390,0.000099,0.000696,True,1106.087974,1106.087974
rand_n50_m50_d8_s42,C_small,TYPE_C,0.182632,50,50,warm_start,0,41,1.00,41.0,0.001000,0.001435,0.000114,0.000743,True,1119.697952,1119.697952
rand_n50_m50_d8_s42,C_medium,TYPE_C,0.850881,50,50,warm_start,5,46,0.89,9.2,0.001039,0.001485,0.000187,0.000784,True,1068.792432,1068.792432
rand_n50_m50_d8_s42,C_small,TYPE_C,0.200649,50,50,warm_start,0,37,1.00,37.0,0.000960,0.004552,0.000104,0.001871,True,1113.994123,1113.994123
rand_n50_m50_d8_s42,C_large,TYPE_C,1.826316,50,50,warm_start,14,40,0.65,2.9,0.001049,0.001441,0.000219,0.000728,True,1153.043122,1153.043122
rand_n50_m50_d8_s42,C_small,TYPE_C,0.212720,50,50,warm_start,3,45,0.93,15.0,0.001046,0.001478,0.000178,0.000778,True,1103.539981,1103.539981
rand_n50_m50_d8_s42,C_large,TYPE_C,2.127203,50,50,warm_start,16,45,0.64,2.8,0.001145,0.001478,0.000246,0.000755,True,1009.133634,1009.133634
rand_n50_m50_d8_s42,C_large,TYPE_C,2.006489,50,50,warm_start,6,33,0.82,5.5,0.001029,0.008253,0.000177,0.007537,True,1091.203811,1091.203811
rand_n50_m50_d8_s123,R_small,TYPE_R,3.650850,50,50,warm_start,0,52,1.00,52.0,0.000980,0.001571,0.000120,0.000878,True,1344.637278,1344.637278
rand_n50_m50_d8_s123,R_small,TYPE_R,3.724791,50,50,warm_start_dual,1,55,0.98,55.0,0.001105,0.001591,0.000218,0.000895,True,1352.520074,1352.520074
rand_n50_m50_d8_s123,R_medium,TYPE_R,14.899163,50,50,warm_start_dual,8,53,0.85,6.6,0.001116,0.001580,0.000252,0.000890,True,1355.961143,1355.961143
rand_n50_m50_d8_s123,R_small,TYPE_R,3.966936,50,50,warm_start_dual,1,55,0.98,55.0,0.001072,0.001667,0.000213,0.000941,True,1343.958118,1343.958118
rand_n50_m50_d8_s123,R_large,TYPE_R,36.508504,50,50,warm_start_dual,14,53,0.74,3.8,0.001168,0.001613,0.000286,0.000908,True,1286.606079,1286.606079
rand_n50_m50_d8_s123,R_medium,TYPE_R,14.603401,50,50,warm_start_dual,4,45,0.91,11.2,0.001106,0.001472,0.000234,0.000774,True,1329.827079,1329.827079
rand_n50_m50_d8_s123,R_large,TYPE_R,37.247907,50,50,warm_start_dual,17,61,0.72,3.6,0.001200,0.001648,0.000333,0.000946,True,1326.117827,1326.117827
rand_n50_m50_d8_s123,R_single,TYPE_R,9.542713,50,50,warm_start_dual,4,56,0.93,14.0,0.001090,0.001601,0.000219,0.000906,True,1359.973990,1359.973990
rand_n50_m50_d8_s123,R_medium,TYPE_R,15.867745,50,50,warm_start_dual,3,51,0.94,17.0,0.001105,0.010521,0.000223,0.009826,True,1324.612069,1324.612069
rand_n50_m50_d8_s123,R_large,TYPE_R,39.669362,50,50,warm_start_dual,9,50,0.82,5.6,0.001151,0.001566,0.000270,0.000871,True,1272.865642,1272.865642
rand_n50_m50_d8_s123,R_single,TYPE_R,2.542678,50,50,warm_start_dual,1,56,0.98,56.0,0.001085,0.001586,0.000215,0.000893,True,1349.087792,1349.087792
rand_n50_m50_d8_s123,R_all,TYPE_R,11.487377,50,50,warm_start_dual,4,52,0.92,13.0,0.001089,0.001580,0.000228,0.000886,True,1422.285129,1422.285129
rand_n50_m50_d8_s123,R_single,TYPE_R,15.420929,50,50,warm_start_dual,7,66,0.89,9.4,0.001138,0.001675,0.000266,0.000974,True,1365.470981,1365.470981
rand_n50_m50_d8_s123,C_small,TYPE_C,0.219725,50,50,warm_start,0,56,1.00,56.0,0.000968,0.001598,0.000113,0.000903,True,1362.668246,1362.668246
rand_n50_m50_d8_s123,R_all,TYPE_R,11.487377,50,50,warm_start_dual,4,52,0.92,13.0,0.001098,0.001585,0.000230,0.000890,True,1422.285129,1422.285129
rand_n50_m50_d8_s123,R_all,TYPE_R,11.487377,50,50,warm_start_dual,4,52,0.92,13.0,0.001161,0.001627,0.000249,0.000914,True,1422.285129,1422.285129
rand_n50_m50_d8_s123,C_small,TYPE_C,0.212233,50,50,warm_start,1,66,0.98,66.0,0.001032,0.001671,0.000171,0.000975,True,1335.049063,1335.049063
rand_n50_m50_d8_s123,C_small,TYPE_C,0.157933,50,50,warm_start,0,52,1.00,52.0,0.000989,0.001595,0.000120,0.000890,True,1344.072351,1344.072351
rand_n50_m50_d8_s123,C_medium,TYPE_C,0.848933,50,50,warm_start,11,57,0.81,5.2,0.001114,0.001638,0.000231,0.000921,True,1297.393236,1297.393236
rand_n50_m50_d8_s123,C_large,TYPE_C,2.197254,50,50,warm_start,22,48,0.54,2.2,0.001156,0.001505,0.000297,0.000806,True,1509.663268,1509.663268
rand_n50_m50_d8_s123,C_large,TYPE_C,1.579330,50,50,warm_start,11,53,0.79,4.8,0.001118,0.001646,0.000235,0.000940,True,1305.784206,1305.784206
rand_n50_m50_d8_s456,R_small,TYPE_R,3.533967,50,50,warm_start,0,48,1.00,48.0,0.000996,0.001492,0.000125,0.000799,True,1237.565917,1237.565917
rand_n50_m50_d8_s123,C_medium,TYPE_C,0.631732,50,50,warm_start,3,56,0.95,18.7,0.005379,0.001640,0.000195,0.000927,True,1329.426824,1329.426824
rand_n50_m50_d8_s456,R_small,TYPE_R,3.547017,50,50,warm_start_dual,1,53,0.98,53.0,0.001093,0.001585,0.000214,0.000892,True,1259.049576,1259.049576
rand_n50_m50_d8_s123,C_medium,TYPE_C,0.878902,50,50,warm_start,7,67,0.90,9.6,0.002563,0.001686,0.000228,0.000979,True,1406.662394,1406.662394
rand_n50_m50_d8_s456,R_medium,TYPE_R,14.135869,50,50,warm_start_dual,2,44,0.95,22.0,0.001077,0.001471,0.000217,0.000767,True,1202.467188,1202.467188
rand_n50_m50_d8_s456,R_small,TYPE_R,3.117630,50,50,warm_start,0,54,1.00,54.0,0.000999,0.001672,0.000123,0.000927,True,1241.790786,1241.790786
rand_n50_m50_d8_s456,R_medium,TYPE_R,14.188067,50,50,warm_start_dual,3,46,0.93,15.3,0.001102,0.001486,0.000230,0.000789,True,1288.938744,1288.938744
rand_n50_m50_d8_s456,R_large,TYPE_R,35.339673,50,50,warm_start_dual,7,47,0.85,6.7,0.001117,0.001489,0.000254,0.000789,True,1127.653428,1127.653428
rand_n50_m50_d8_s456,R_medium,TYPE_R,12.470520,50,50,warm_start_dual,1,53,0.98,53.0,0.001078,0.001581,0.000210,0.000883,True,1219.990366,1219.990366
rand_n50_m50_d8_s123,C_large,TYPE_C,2.122333,50,50,warm_start,33,50,0.34,1.5,0.003763,0.001612,0.000867,0.000886,True,1265.043525,1265.043525
rand_n50_m50_d8_s456,R_large,TYPE_R,31.176300,50,50,warm_start_dual,12,54,0.78,4.5,0.001220,0.001603,0.000318,0.000910,True,1162.034685,1162.034685
rand_n50_m50_d8_s456,R_single,TYPE_R,2.609548,50,50,warm_start,0,53,1.00,53.0,0.000988,0.001580,0.000121,0.000875,True,1249.054931,1249.054931
rand_n50_m50_d8_s456,R_single,TYPE_R,2.355947,50,50,warm_start,0,52,1.00,52.0,0.001026,0.001592,0.000134,0.000891,True,1249.054931,1249.054931
rand_n50_m50_d8_s456,R_all,TYPE_R,9.683124,50,50,warm_start_dual,3,46,0.93,15.3,0.001077,0.001462,0.000222,0.000763,True,1315.912934,1315.912934
rand_n50_m50_d8_s456,R_large,TYPE_R,35.470168,50,50,warm_start_dual,10,51,0.80,5.1,0.001211,0.001603,0.000299,0.000902,True,1344.995121,1344.995121
rand_n50_m50_d8_s456,R_all,TYPE_R,9.683124,50,50,warm_start_dual,3,46,0.93,15.3,0.001079,0.001461,0.000221,0.000764,True,1315.912934,1315.912934
rand_n50_m50_d8_s456,R_all,TYPE_R,9.683124,50,50,warm_start_dual,3,46,0.93,15.3,0.001082,0.001458,0.000222,0.000759,True,1315.912934,1315.912934
rand_n50_m50_d8_s456,C_small,TYPE_C,0.210588,50,50,warm_start,5,44,0.89,8.8,0.001100,0.001473,0.000206,0.000779,True,1246.749754,1246.749754
rand_n50_m50_d8_s456,C_medium,TYPE_C,0.842350,50,50,warm_start,13,42,0.69,3.2,0.001128,0.001457,0.000253,0.000759,True,1244.634535,1244.634535
rand_n50_m50_d8_s456,C_medium,TYPE_C,0.872830,50,50,warm_start,6,52,0.88,8.7,0.001059,0.001591,0.000202,0.000892,True,1262.848660,1262.848660
rand_n50_m50_d8_s456,C_small,TYPE_C,0.218207,50,50,warm_start,3,44,0.93,14.7,0.001054,0.001458,0.000189,0.000764,True,1251.911133,1251.911133
rand_n50_m50_d8_s456,C_large,TYPE_C,2.182075,50,50,warm_start,12,56,0.79,4.7,0.001110,0.001612,0.000238,0.000897,True,1296.491055,1296.491055
rand_n50_m50_d8_s456,R_single,TYPE_R,0.764284,50,50,warm_start,0,53,1.00,53.0,0.001002,0.005688,0.000125,0.003509,True,1249.054931,1249.054931
rand_n50_m50_d8_s456,C_small,TYPE_C,0.200319,50,50,warm_start,2,50,0.96,25.0,0.001090,0.001570,0.000179,0.000875,True,1253.896319,1253.896319
rand_n50_m50_d8_s456,C_medium,TYPE_C,0.801277,50,50,warm_start,7,51,0.86,7.3,0.001098,0.001596,0.000212,0.000875,True,1270.989567,1270.989567
rand_n50_m50_d8_s456,C_large,TYPE_C,2.003192,50,50,warm_start,14,49,0.71,3.5,0.001130,0.008733,0.000262,0.004658,True,1318.610876,1318.610876
rand_n50_m50_d8_s456,C_large,TYPE_C,2.105876,50,50,warm_start,30,67,0.55,2.2,0.001496,0.001691,0.000418,0.000964,True,1261.485317,1261.485317
rand_n50_m50_d8_s789,R_medium,TYPE_R,10.448203,50,50,warm_start_dual,3,39,0.92,13.0,0.001077,0.001432,0.000196,0.000746,True,1503.893313,1503.893313
rand_n50_m50_d8_s789,R_medium,TYPE_R,14.505589,50,50,warm_start_dual,3,32,0.91,10.7,0.001058,0.001378,0.000201,0.000663,True,1485.506352,1485.506352
rand_n50_m50_d8_s789,R_medium,TYPE_R,10.185204,50,50,warm_start_dual,5,48,0.90,9.6,0.001070,0.001490,0.000219,0.000797,True,1492.739059,1492.739059
rand_n50_m50_d8_s789,R_large,TYPE_R,26.120507,50,50,warm_start_dual,8,31,0.74,3.9,0.001088,0.001344,0.000236,0.000653,True,1487.970768,1487.970768
rand_n50_m50_d8_s789,R_small,TYPE_R,2.546301,50,50,warm_start_dual,1,37,0.97,37.0,0.001045,0.003901,0.000186,0.001630,True,1506.276425,1506.276425
rand_n50_m50_d8_s789,R_small,TYPE_R,2.612051,50,50,warm_start_dual,5,35,0.86,7.0,0.001059,0.004181,0.000214,0.001972,True,1509.851188,1509.851188
rand_n50_m50_d8_s789,R_large,TYPE_R,25.463009,50,50,warm_start_dual,10,41,0.76,4.1,0.001099,0.001433,0.000243,0.000750,True,1457.501809,1457.501809
rand_n50_m50_d8_s789,R_small,TYPE_R,3.626397,50,50,warm_start,0,34,1.00,34.0,0.000997,0.012266,0.000110,0.011576,True,1504.043891,1504.043891
rand_n50_m50_d8_s789,R_single,TYPE_R,9.344352,50,50,warm_start_dual,5,39,0.87,7.8,0.001079,0.001426,0.000211,0.000739,True,1526.474946,1526.474946
rand_n50_m50_d8_s789,R_single,TYPE_R,1.583753,50,50,warm_start,0,32,1.00,32.0,0.000944,0.001361,0.000097,0.000657,True,1510.148787,1510.148787
rand_n50_m50_d8_s789,R_large,TYPE_R,36.263974,50,50,warm_start_dual,9,35,0.74,3.9,0.001088,0.001464,0.000246,0.000726,True,1445.698060,1445.698060
rand_n50_m50_d8_s789,R_all,TYPE_R,8.890515,50,50,warm_start_dual,6,40,0.85,6.7,0.001070,0.001401,0.000231,0.000719,True,1571.781069,1571.781069
rand_n50_m50_d8_s789,R_all,TYPE_R,8.890515,50,50,warm_start_dual,6,40,0.85,6.7,0.001095,0.001423,0.000224,0.000736,True,1571.781069,1571.781069
rand_n50_m50_d8_s789,C_small,TYPE_C,0.170188,50,50,warm_start,2,33,0.94,16.5,0.000997,0.001381,0.000155,0.000687,True,1504.627948,1504.627948
rand_n50_m50_d8_s789,C_small,TYPE_C,0.180328,50,50,warm_start,1,34,0.97,34.0,0.001012,0.001369,0.000165,0.000680,True,1510.033025,1510.033025
rand_n50_m50_d8_s789,R_single,TYPE_R,9.553462,50,50,warm_start_dual,6,46,0.87,7.7,0.011786,0.001638,0.000720,0.000903,True,1518.759482,1518.759482
rand_n50_m50_d8_s789,C_medium,TYPE_C,0.680754,50,50,warm_start,3,37,0.92,12.3,0.000996,0.001399,0.000160,0.000713,True,1488.820247,1488.820247
rand_n50_m50_d8_s789,C_medium,TYPE_C,0.721311,50,50,warm_start,3,45,0.93,15.0,0.001006,0.001463,0.000155,0.000759,True,1510.284852,1510.284852
rand_n50_m50_d8_s789,R_all,TYPE_R,8.890515,50,50,warm_start_dual,6,40,0.85,6.7,0.001098,0.001486,0.000237,0.000753,True,1571.781069,1571.781069
rand_n50_m50_d8_s789,C_medium,TYPE_C,0.945532,50,50,warm_start,6,42,0.86,7.0,0.002799,0.001488,0.000260,0.000752,True,1494.766513,1494.766513
rand_n50_m50_d8_s789,C_large,TYPE_C,1.701884,50,50,warm_start,15,38,0.61,2.5,0.001055,0.001380,0.000222,0.000692,True,1463.852291,1463.852291
rand_n50_m50_d8_s789,C_large,TYPE_C,1.803276,50,50,warm_start,9,44,0.80,4.9,0.001064,0.001454,0.000213,0.000762,True,1513.343375,1513.343375
rand_n50_m50_d8_s789,C_large,TYPE_C,2.363830,50,50,warm_start,17,51,0.67,3.0,0.001092,0.001530,0.000241,0.000848,True,1480.967373,1480.967373
rand_n50_m50_d8_s1024,R_small,TYPE_R,3.763854,50,50,warm_start_dual,2,36,0.94,18.0,0.001062,0.001426,0.000192,0.000709,True,1284.813475,1284.813475
rand_n50_m50_d8_s1024,R_small,TYPE_R,2.646707,50,50,warm_start_dual,2,34,0.94,17.0,0.001024,0.001397,0.000176,0.000705,True,1285.693000,1285.693000
rand_n50_m50_d8_s1024,R_small,TYPE_R,3.907852,50,50,warm_start_dual,3,46,0.93,15.3,0.001014,0.001473,0.000185,0.000751,True,1277.740736,1277.740736
rand_n50_m50_d8_s1024,R_medium,TYPE_R,10.586828,50,50,warm_start_dual,2,41,0.95,20.5,0.001032,0.001430,0.000191,0.000723,True,1289.527718,1289.527718
rand_n50_m50_d8_s789,C_small,TYPE_C,0.236383,50,50,warm_start,3,49,0.94,16.3,0.009376,0.001542,0.006121,0.000830,True,1504.966685,1504.966685
rand_n50_m50_d8_s1024,R_large,TYPE_R,39.078525,50,50,warm_start_dual,6,30,0.80,5.0,0.001088,0.001382,0.000214,0.000671,True,1208.050637,1208.050637
rand_n50_m50_d8_s1024,R_medium,TYPE_R,15.055418,50,50,warm_start_dual,3,48,0.94,16.0,0.001023,0.004097,0.000188,0.001979,True,1286.205958,1286.205958
rand_n50_m50_d8_s1024,R_single,TYPE_R,1.211106,50,50,warm_start,0,46,1.00,46.0,0.000916,0.001455,0.000088,0.000757,True,1284.235001,1284.235001
rand_n50_m50_d8_s1024,R_large,TYPE_R,26.467071,50,50,warm_start_dual,7,41,0.83,5.9,0.001073,0.001462,0.000223,0.000743,True,1294.578927,1294.578927
rand_n50_m50_d8_s1024,R_large,TYPE_R,37.638544,50,50,warm_start_dual,8,38,0.79,4.8,0.003945,0.001445,0.000569,0.000714,True,1283.937165,1283.937165
rand_n50_m50_d8_s1024,R_single,TYPE_R,9.379719,50,50,warm_start,0,46,1.00,46.0,0.000935,0.005080,0.000090,0.002375,True,1284.235001,1284.235001
rand_n50_m50_d8_s1024,R_single,TYPE_R,1.438800,50,50,warm_start_dual,4,45,0.91,11.2,0.001056,0.001458,0.000216,0.000759,True,1285.800675,1285.800675
rand_n50_m50_d8_s1024,R_all,TYPE_R,12.254357,50,50,warm_start_dual,4,45,0.91,11.2,0.001034,0.001447,0.000199,0.000754,True,1332.758699,1332.758699
rand_n50_m50_d8_s1024,R_all,TYPE_R,12.254357,50,50,warm_start_dual,4,45,0.91,11.2,0.001039,0.001447,0.000200,0.000755,True,1332.758699,1332.758699
rand_n50_m50_d8_s1024,C_small,TYPE_C,0.190652,50,50,warm_start,2,48,0.96,24.0,0.000972,0.001468,0.000147,0.000762,True,1286.489574,1286.489574
rand_n50_m50_d8_s1024,R_medium,TYPE_R,15.631410,50,50,warm_start_dual,10,44,0.77,4.4,0.001080,0.005494,0.000238,0.003038,True,1255.447459,1255.447459
rand_n50_m50_d8_s1024,C_small,TYPE_C,0.184791,50,50,warm_start,0,36,1.00,36.0,0.000937,0.001407,0.000098,0.000693,True,1280.718677,1280.718677
rand_n50_m50_d8_s1024,R_all,TYPE_R,12.254357,50,50,warm_start_dual,4,45,0.91,11.2,0.001062,0.001480,0.000210,0.000777,True,1332.758699,1332.758699
rand_n50_m50_d8_s1024,C_medium,TYPE_C,0.713277,50,50,warm_start,8,41,0.80,5.1,0.001015,0.001415,0.000181,0.000726,True,1234.384696,1234.384696
rand_n50_m50_d8_s1024,C_small,TYPE_C,0.178319,50,50,warm_start,2,46,0.96,23.0,0.000968,0.001566,0.000141,0.000825,True,1271.353847,1271.353847
rand_n50_m50_d8_s1024,C_large,TYPE_C,1.783191,50,50,warm_start,16,50,0.68,3.1,0.001081,0.001531,0.000233,0.000840,True,1167.408190,1167.408190
rand_n50_m50_d8_s1024,C_medium,TYPE_C,0.762607,50,50,warm_start,5,39,0.87,7.8,0.001003,0.001461,0.000160,0.000731,True,1293.685295,1293.685295
rand_n50_m50_d8_s1024,C_large,TYPE_C,1.906518,50,50,warm_start,13,32,0.59,2.5,0.001058,0.001382,0.000210,0.000679,True,1323.671619,1323.671619
rand_n50_m50_d8_s1024,C_large,TYPE_C,1.847911,50,50,warm_start,32,46,0.30,1.4,0.001183,0.001483,0.000322,0.000780,True,1270.756847,1270.756847
rand_n50_m50_d8_s1024,C_medium,TYPE_C,0.739164,50,50,warm_start,6,40,0.85,6.7,0.001050,0.001447,0.000185,0.000741,True,1271.964416,1271.964416
rand_n50_m100_d3_s42,R_small,TYPE_R,1.805862,50,100,warm_start_dual,5,76,0.93,15.2,0.001454,0.001936,0.000404,0.001151,True,1040.846803,1040.846803
rand_n50_m100_d3_s42,R_small,TYPE_R,2.094214,50,100,warm_start_dual,7,74,0.91,10.6,0.001424,0.001916,0.000413,0.001132,True,1042.903265,1042.903265
rand_n50_m100_d3_s42,R_medium,TYPE_R,7.223448,50,100,warm_start_dual,13,81,0.84,6.2,0.001490,0.001977,0.000472,0.001189,True,1014.881392,1014.881392
rand_n50_m100_d3_s42,R_large,TYPE_R,18.058620,50,100,warm_start_dual,34,70,0.51,2.1,0.001740,0.002015,0.000706,0.001174,True,901.722367,901.722367
rand_n50_m100_d3_s42,R_small,TYPE_R,1.815785,50,100,warm_start_dual,7,80,0.91,11.4,0.001479,0.002055,0.000431,0.001200,True,1045.089522,1045.089522
rand_n50_m100_d3_s42,R_medium,TYPE_R,7.263140,50,100,warm_start_dual,21,75,0.72,3.6,0.001716,0.002048,0.000584,0.001214,True,1004.852128,1004.852128
rand_n50_m100_d3_s42,R_medium,TYPE_R,8.376858,50,100,warm_start_dual,16,90,0.82,5.6,0.001538,0.009186,0.000510,0.003551,True,1007.446589,1007.446589
rand_n50_m100_d3_s42,R_single,TYPE_R,0.595383,50,100,warm_start,0,79,1.00,79.0,0.001220,0.001994,0.000190,0.001192,True,1046.304004,1046.304004
rand_n50_m100_d3_s42,R_single,TYPE_R,3.873903,50,100,warm_start_dual,2,76,0.97,38.0,0.001387,0.001922,0.000374,0.001141,True,1044.702561,1044.702561
rand_n50_m100_d3_s42,R_large,TYPE_R,20.942145,50,100,warm_start_dual,31,79,0.61,2.5,0.001759,0.002002,0.000690,0.001204,True,843.172880,843.172880
rand_n50_m100_d3_s42,R_large,TYPE_R,18.157851,50,100,warm_start_dual,50,92,0.46,1.8,0.001989,0.002246,0.000961,0.001437,True,776.264648,776.264648
rand_n50_m100_d3_s42,R_single,TYPE_R,3.829766,50,100,warm_start_dual,5,76,0.93,15.2,0.001423,0.002018,0.000396,0.001190,True,1051.259093,1051.259093
rand_n50_m100_d3_s42,R_all,TYPE_R,4.427271,50,100,warm_start_dual,7,71,0.90,10.1,0.001448,0.001889,0.000420,0.001095,True,1126.742855,1126.742855
rand_n50_m100_d3_s42,C_small,TYPE_C,0.207434,50,100,warm_start,0,75,1.00,75.0,0.001242,0.001957,0.000195,0.001159,True,1048.187566,1048.187566
rand_n50_m100_d3_s42,R_all,TYPE_R,4.427271,50,100,warm_start_dual,7,71,0.90,10.1,0.001469,0.001929,0.000430,0.001098,True,1126.742855,1126.742855
rand_n50_m100_d3_s42,R_all,TYPE_R,4.427271,50,100,warm_start_dual,7,71,0.90,10.1,0.001501,0.002000,0.000465,0.001179,True,1126.742855,1126.742855
rand_n50_m100_d3_s42,C_small,TYPE_C,0.234802,50,100,warm_start,1,71,0.99,71.0,0.001353,0.001913,0.000293,0.001120,True,1047.242873,1047.242873
rand_n50_m100_d3_s42,C_medium,TYPE_C,0.939207,50,100,warm_start,7,74,0.91,10.6,0.001395,0.001919,0.000333,0.001124,True,1051.770562,1051.770562
rand_n50_m100_d3_s42,C_medium,TYPE_C,0.811437,50,100,warm_start,1,73,0.99,73.0,0.001295,0.001931,0.000260,0.001145,True,1048.367524,1048.367524
rand_n50_m100_d3_s42,C_medium,TYPE_C,0.829734,50,100,warm_start,0,84,1.00,84.0,0.001225,0.003833,0.000193,0.003009,True,1053.838176,1053.838176
rand_n50_m100_d3_s42,C_small,TYPE_C,0.202859,50,100,warm_start,0,70,1.00,70.0,0.003775,0.001943,0.000653,0.001124,True,1046.819601,1046.819601
rand_n50_m100_d3_s42,C_large,TYPE_C,2.074336,50,100,warm_start,2,74,0.97,37.0,0.001307,0.001941,0.000273,0.001145,True,1065.152780,1065.152780
rand_n50_m100_d3_s42,C_large,TYPE_C,2.348018,50,100,warm_start,12,78,0.85,6.5,0.004591,0.002063,0.001609,0.001263,True,1064.426206,1064.426206
rand_n50_m100_d3_s42,C_large,TYPE_C,2.028593,50,100,warm_start,10,77,0.87,7.7,0.001411,0.001940,0.000343,0.001146,True,1055.935568,1055.935568
rand_n50_m100_d3_s123,R_small,TYPE_R,1.775755,50,100,warm_start_dual,4,83,0.95,20.8,0.004419,0.002187,0.000985,0.001354,True,939.059668,939.059668
rand_n50_m100_d3_s123,R_small,TYPE_R,4.029469,50,100,warm_start_dual,1,83,0.99,83.0,0.004221,0.002127,0.000931,0.001290,True,951.863416,951.863416
rand_n50_m100_d3_s123,R_medium,TYPE_R,16.117876,50,100,warm_start_dual,11,85,0.87,7.7,0.004088,0.002133,0.000535,0.001305,True,947.988917,947.988917
rand_n50_m100_d3_s123,R_large,TYPE_R,40.294689,50,100,warm_start_dual,49,91,0.46,1.9,0.002013,0.002143,0.000935,0.001338,True,823.262818,823.262818
rand_n50_m100_d3_s123,R_large,TYPE_R,17.757552,50,100,warm_start_dual,33,96,0.66,2.9,0.001819,0.002209,0.000751,0.001404,True,675.408376,675.408376
rand_n50_m100_d3_s123,R_small,TYPE_R,2.472916,50,100,warm_start_dual,3,74,0.96,24.7,0.005855,0.002065,0.001168,0.001234,True,929.541306,929.541306
rand_n50_m100_d3_s123,R_medium,TYPE_R,7.103021,50,100,warm_start_dual,11,91,0.88,8.3,0.001576,0.005236,0.000509,0.002108,True,900.265415,900.265415
rand_n50_m100_d3_s123,R_single,TYPE_R,9.926552,50,100,warm_start_dual,11,81,0.86,7.4,0.001653,0.002050,0.000596,0.001252,True,917.409935,917.409935
rand_n50_m100_d3_s123,R_medium,TYPE_R,9.891664,50,100,warm_start_dual,19,82,0.77,4.3,0.001634,0.003642,0.000574,0.001368,True,851.069044,851.069044
rand_n50_m100_d3_s123,R_single,TYPE_R,6.173618,50,100,warm_start_dual,4,90,0.96,22.5,0.001500,0.002200,0.000431,0.001384,True,941.388957,941.388957
rand_n50_m100_d3_s123,R_single,TYPE_R,1.814252,50,100,warm_start,0,80,1.00,80.0,0.001382,0.002011,0.000252,0.001212,True,947.681311,947.681311
rand_n50_m100_d3_s123,R_all,TYPE_R,9.232549,50,100,warm_start_dual,4,81,0.95,20.2,0.001553,0.002195,0.000455,0.001280,True,1040.642234,1040.642234
rand_n50_m100_d3_s123,C_small,TYPE_C,0.192183,50,100,warm_start,1,84,0.99,84.0,0.001450,0.002154,0.000293,0.001354,True,942.738483,942.738483
rand_n50_m100_d3_s123,C_small,TYPE_C,0.232898,50,100,warm_start,1,79,0.99,79.0,0.001341,0.002007,0.000282,0.001211,True,957.938057,957.938057
rand_n50_m100_d3_s123,R_all,TYPE_R,9.232549,50,100,warm_start_dual,4,81,0.95,20.2,0.001485,0.002082,0.000430,0.001270,True,1040.642234,1040.642234
rand_n50_m100_d3_s123,C_medium,TYPE_C,0.768731,50,100,warm_start,2,82,0.98,41.0,0.001459,0.002143,0.000309,0.001335,True,928.820834,928.820834
rand_n50_m100_d3_s123,R_all,TYPE_R,9.232549,50,100,warm_start_dual,4,81,0.95,20.2,0.001580,0.002070,0.000443,0.001266,True,1040.642234,1040.642234
rand_n50_m100_d3_s123,C_medium,TYPE_C,0.931591,50,100,warm_start,3,86,0.97,28.7,0.001434,0.002064,0.000307,0.001260,True,989.111758,989.111758
rand_n50_m100_d3_s123,C_small,TYPE_C,0.178800,50,100,warm_start,1,86,0.99,86.0,0.001369,0.002311,0.000312,0.001497,True,946.072869,946.072869
rand_n50_m100_d3_s123,C_large,TYPE_C,2.328978,50,100,warm_start,6,72,0.92,12.0,0.001416,0.002024,0.000338,0.001214,True,1053.994743,1053.994743
rand_n50_m100_d3_s456,R_small,TYPE_R,2.252707,50,100,warm_start_dual,2,62,0.97,31.0,0.001245,0.001759,0.000286,0.000969,True,1235.885026,1235.885026
rand_n50_m100_d3_s456,R_small,TYPE_R,1.970606,50,100,warm_start_dual,1,68,0.99,68.0,0.001358,0.001836,0.000319,0.001039,True,1234.863232,1234.863232
rand_n50_m100_d3_s123,C_large,TYPE_C,1.921827,50,100,warm_start,7,96,0.93,13.7,0.001413,0.002225,0.000339,0.001395,True,902.483614,902.483614
rand_n50_m100_d3_s456,R_medium,TYPE_R,7.916502,50,100,warm_start_dual,6,71,0.92,11.8,0.001285,0.001787,0.000317,0.001010,True,1246.708694,1246.708694
rand_n50_m100_d3_s123,C_large,TYPE_C,1.788005,50,100,warm_start,8,90,0.91,11.2,0.001433,0.002103,0.000357,0.001303,True,942.925773,942.925773
rand_n50_m100_d3_s123,C_medium,TYPE_C,0.715202,50,100,warm_start,2,90,0.98,45.0,0.001367,0.005529,0.000291,0.002585,True,941.413829,941.413829
rand_n50_m100_d3_s456,R_small,TYPE_R,1.979125,50,100,warm_start_dual,4,66,0.94,16.5,0.001298,0.001805,0.000310,0.001004,True,1243.121467,1243.121467
rand_n50_m100_d3_s456,R_medium,TYPE_R,7.882426,50,100,warm_start_dual,13,64,0.80,4.9,0.001357,0.001785,0.000370,0.000992,True,1208.417004,1208.417004
rand_n50_m100_d3_s456,R_medium,TYPE_R,9.010828,50,100,warm_start_dual,7,65,0.89,9.3,0.005426,0.001961,0.000766,0.001044,True,1217.582267,1217.582267
rand_n50_m100_d3_s456,R_large,TYPE_R,22.527071,50,100,warm_start_dual,19,67,0.72,3.5,0.001406,0.001856,0.000422,0.001053,True,1143.808104,1143.808104
rand_n50_m100_d3_s456,R_single,TYPE_R,6.156215,50,100,warm_start,0,72,1.00,72.0,0.001112,0.001844,0.000129,0.001044,True,1241.491636,1241.491636
rand_n50_m100_d3_s456,R_all,TYPE_R,5.707396,50,100,warm_start_dual,4,68,0.94,17.0,0.001284,0.001817,0.000316,0.001021,True,1311.353258,1311.353258
rand_n50_m100_d3_s456,R_large,TYPE_R,19.706064,50,100,warm_start_dual,21,72,0.71,3.4,0.001396,0.001869,0.000431,0.001059,True,1128.113175,1128.113175
rand_n50_m100_d3_s456,R_single,TYPE_R,1.660036,50,100,warm_start,0,72,1.00,72.0,0.001088,0.005401,0.000128,0.002459,True,1241.491636,1241.491636
rand_n50_m100_d3_s456,R_single,TYPE_R,5.679882,50,100,warm_start_dual,4,79,0.95,19.8,0.002672,0.002008,0.000321,0.001208,True,1230.539001,1230.539001
rand_n50_m100_d3_s456,R_all,TYPE_R,5.707396,50,100,warm_start_dual,4,68,0.94,17.0,0.001259,0.001891,0.000300,0.001026,True,1311.353258,1311.353258
rand_n50_m100_d3_s456,R_large,TYPE_R,19.791254,50,100,warm_start_dual,19,70,0.73,3.7,0.001421,0.004811,0.000427,0.001092,True,1239.655304,1239.655304
rand_n50_m100_d3_s456,R_all,TYPE_R,5.707396,50,100,warm_start_dual,4,68,0.94,17.0,0.001458,0.010354,0.000344,0.003173,True,1311.353258,1311.353258
rand_n50_m100_d3_s456,C_small,TYPE_C,0.205116,50,100,warm_start,4,75,0.95,18.8,0.001179,0.001832,0.000212,0.001041,True,1235.277017,1235.277017
rand_n50_m100_d3_s456,C_small,TYPE_C,0.194583,50,100,warm_start,1,73,0.99,73.0,0.001170,0.001870,0.000193,0.001050,True,1244.515635,1244.515635
rand_n50_m100_d3_s456,C_small,TYPE_C,0.194571,50,100,warm_start,4,77,0.95,19.2,0.001169,0.001867,0.000207,0.001088,True,1255.476791,1255.476791
rand_n50_m100_d3_s456,C_medium,TYPE_C,0.778285,50,100,warm_start,8,68,0.88,8.5,0.001225,0.001816,0.000250,0.001023,True,1300.513076,1300.513076
rand_n50_m100_d3_s456,C_medium,TYPE_C,0.778331,50,100,warm_start,6,71,0.92,11.8,0.001238,0.001842,0.000242,0.001047,True,1255.187493,1255.187493
rand_n50_m100_d3_s456,C_large,TYPE_C,1.945712,50,100,warm_start,15,68,0.78,4.5,0.001283,0.001921,0.000292,0.001128,True,1393.393220,1393.393220
rand_n50_m100_d3_s456,C_large,TYPE_C,2.051164,50,100,warm_start,10,77,0.87,7.7,0.001276,0.001874,0.000285,0.001077,True,1186.113636,1186.113636
rand_n50_m100_d3_s789,R_small,TYPE_R,2.344504,50,100,warm_start_dual,1,85,0.99,85.0,0.001523,0.002014,0.000390,0.001225,True,1160.008125,1160.008125
rand_n50_m100_d3_s456,C_medium,TYPE_C,0.820465,50,100,warm_start,7,70,0.90,10.0,0.001200,0.014077,0.000228,0.013289,True,1218.435467,1218.435467
rand_n50_m100_d3_s789,R_small,TYPE_R,2.891607,50,100,warm_start,0,84,1.00,84.0,0.001232,0.002044,0.000197,0.001251,True,1156.422550,1156.422550
rand_n50_m100_d3_s456,C_large,TYPE_C,1.945827,50,100,warm_start,15,61,0.75,4.1,0.003923,0.006275,0.000312,0.002360,True,1278.240036,1278.240036
rand_n50_m100_d3_s789,R_medium,TYPE_R,9.378015,50,100,warm_start_dual,5,92,0.95,18.4,0.001503,0.002085,0.000477,0.001297,True,1176.505539,1176.505539
rand_n50_m100_d3_s789,R_medium,TYPE_R,11.566429,50,100,warm_start_dual,11,71,0.85,6.5,0.001582,0.001890,0.000471,0.001106,True,1161.764693,1161.764693
rand_n50_m100_d3_s789,R_small,TYPE_R,1.906210,50,100,warm_start_dual,3,83,0.96,27.7,0.001451,0.011143,0.000406,0.003005,True,1129.213459,1129.213459
rand_n50_m100_d3_s789,R_large,TYPE_R,28.916073,50,100,warm_start_dual,28,89,0.69,3.2,0.001654,0.002091,0.000624,0.001300,True,1112.904813,1112.904813
rand_n50_m100_d3_s789,R_medium,TYPE_R,7.624840,50,100,warm_start_dual,9,89,0.90,9.9,0.001652,0.002193,0.000475,0.001363,True,1054.379635,1054.379635
rand_n50_m100_d3_s789,R_large,TYPE_R,23.445036,50,100,warm_start_dual,22,83,0.73,3.8,0.001686,0.001999,0.000591,0.001210,True,1115.873158,1115.873158
rand_n50_m100_d3_s789,R_single,TYPE_R,8.401634,50,100,warm_start_dual,4,79,0.95,19.8,0.001484,0.001925,0.000458,0.001148,True,1149.980929,1149.980929
rand_n50_m100_d3_s789,R_single,TYPE_R,6.306934,50,100,warm_start_dual,1,78,0.99,78.0,0.001393,0.005660,0.000371,0.002940,True,1162.935936,1162.935936
rand_n50_m100_d3_s789,R_single,TYPE_R,2.983584,50,100,warm_start,0,82,1.00,82.0,0.001218,0.001999,0.000194,0.001209,True,1151.336711,1151.336711
rand_n50_m100_d3_s789,R_all,TYPE_R,8.265734,50,100,warm_start_dual,1,81,0.99,81.0,0.001434,0.002064,0.000376,0.001285,True,1254.402019,1254.402019
rand_n50_m100_d3_s789,R_all,TYPE_R,8.265734,50,100,warm_start_dual,1,81,0.99,81.0,0.001493,0.002023,0.000445,0.001203,True,1254.402019,1254.402019
rand_n50_m100_d3_s789,R_all,TYPE_R,8.265734,50,100,warm_start_dual,1,81,0.99,81.0,0.001404,0.002026,0.000375,0.001203,True,1254.402019,1254.402019
rand_n50_m100_d3_s789,C_small,TYPE_C,0.235632,50,100,warm_start,0,90,1.00,90.0,0.001228,0.002190,0.000196,0.001323,True,1151.354984,1151.354984
rand_n50_m100_d3_s789,C_small,TYPE_C,0.214246,50,100,warm_start,0,96,1.00,96.0,0.001271,0.002117,0.000205,0.001327,True,1145.677605,1145.677605
rand_n50_m100_d3_s789,C_small,TYPE_C,0.172591,50,100,warm_start,2,80,0.97,40.0,0.001436,0.001989,0.000302,0.001198,True,1148.626842,1148.626842
rand_n50_m100_d3_s789,C_medium,TYPE_C,0.856985,50,100,warm_start,4,88,0.95,22.0,0.001397,0.002081,0.000329,0.001293,True,1130.277214,1130.277214
rand_n50_m100_d3_s789,C_large,TYPE_C,2.142462,50,100,warm_start,8,81,0.90,10.1,0.001415,0.002055,0.000318,0.001272,True,1100.228768,1100.228768
rand_n50_m100_d3_s789,C_large,TYPE_C,1.725906,50,100,warm_start,17,78,0.78,4.6,0.001424,0.001973,0.000385,0.001182,True,1140.915726,1140.915726
rand_n50_m100_d3_s789,C_medium,TYPE_C,0.942526,50,100,warm_start,3,87,0.97,29.0,0.001350,0.002039,0.000287,0.001243,True,1151.618568,1151.618568
rand_n50_m100_d3_s789,C_medium,TYPE_C,0.690362,50,100,warm_start,11,89,0.88,8.1,0.001363,0.002068,0.000334,0.001284,True,1141.790038,1141.790038
rand_n50_m100_d3_s789,C_large,TYPE_C,2.356315,50,100,warm_start,8,68,0.88,8.5,0.001343,0.012341,0.000310,0.011547,True,1155.897757,1155.897757
rand_n50_m100_d3_s1024,R_small,TYPE_R,2.562163,50,100,warm_start_dual,3,79,0.96,26.3,0.009794,0.002068,0.000866,0.001250,True,1025.207005,1025.207005
rand_n50_m100_d3_s1024,R_small,TYPE_R,2.152666,50,100,warm_start_dual,3,93,0.97,31.0,0.001380,0.010480,0.000370,0.009608,True,1050.750865,1050.750865
rand_n50_m100_d3_s1024,R_medium,TYPE_R,10.248650,50,100,warm_start_dual,14,79,0.82,5.6,0.001545,0.001997,0.000474,0.001216,True,950.461398,950.461398
rand_n50_m100_d3_s1024,R_medium,TYPE_R,9.197356,50,100,warm_start_dual,12,81,0.85,6.8,0.001538,0.002006,0.000444,0.001221,True,1049.707310,1049.707310
rand_n50_m100_d3_s1024,R_small,TYPE_R,2.299339,50,100,warm_start_dual,4,83,0.95,20.8,0.001463,0.002090,0.000392,0.001260,True,1048.875098,1048.875098
rand_n50_m100_d3_s1024,R_medium,TYPE_R,8.610665,50,100,warm_start_dual,13,85,0.85,6.5,0.001609,0.002150,0.000486,0.001306,True,1052.709902,1052.709902
rand_n50_m100_d3_s1024,R_single,TYPE_R,3.158090,50,100,warm_start,0,95,1.00,95.0,0.001200,0.002176,0.000183,0.001373,True,1046.576034,1046.576034
rand_n50_m100_d3_s1024,R_large,TYPE_R,22.993390,50,100,warm_start_dual,25,94,0.73,3.8,0.001575,0.002753,0.000567,0.001442,True,1017.768594,1017.768594
rand_n50_m100_d3_s1024,R_single,TYPE_R,0.495923,50,100,warm_start,0,84,1.00,84.0,0.001203,0.002049,0.000177,0.001244,True,1048.546646,1048.546646
rand_n50_m100_d3_s1024,R_large,TYPE_R,21.526663,50,100,warm_start_dual,33,86,0.62,2.6,0.001744,0.002062,0.000691,0.001266,True,978.682801,978.682801
rand_n50_m100_d3_s1024,R_all,TYPE_R,7.707082,50,100,warm_start_dual,2,84,0.98,42.0,0.001371,0.002092,0.000362,0.001287,True,1135.605818,1135.605818
rand_n50_m100_d3_s1024,R_all,TYPE_R,7.707082,50,100,warm_start_dual,2,84,0.98,42.0,0.001402,0.002060,0.000370,0.001272,True,1135.605818,1135.605818
rand_n50_m100_d3_s1024,R_single,TYPE_R,8.954497,50,100,warm_start_dual,5,79,0.94,15.8,0.001422,0.002123,0.000396,0.001232,True,1050.844914,1050.844914
rand_n50_m100_d3_s1024,R_all,TYPE_R,7.707082,50,100,warm_start_dual,2,84,0.98,42.0,0.001385,0.002143,0.000376,0.001327,True,1135.605818,1135.605818
rand_n50_m100_d3_s1024,C_small,TYPE_C,0.180287,50,100,warm_start,4,78,0.95,19.5,0.001298,0.001976,0.000267,0.001199,True,1043.722439,1043.722439
rand_n50_m100_d3_s1024,C_small,TYPE_C,0.216718,50,100,warm_start,6,87,0.93,14.5,0.001404,0.002089,0.000297,0.001291,True,1042.250575,1042.250575
rand_n50_m100_d3_s1024,C_small,TYPE_C,0.238703,50,100,warm_start,5,81,0.94,16.2,0.001285,0.002085,0.000276,0.001235,True,1036.895758,1036.895758
rand_n50_m100_d3_s1024,C_medium,TYPE_C,0.866870,50,100,warm_start,11,75,0.85,6.8,0.001340,0.002021,0.000318,0.001212,True,1032.556353,1032.556353
rand_n50_m100_d3_s1024,C_medium,TYPE_C,0.954810,50,100,warm_start,9,86,0.90,9.6,0.005789,0.002182,0.000340,0.001367,True,1010.555235,1010.555235
rand_n50_m100_d3_s1024,C_large,TYPE_C,2.387025,50,100,warm_start,19,86,0.78,4.5,0.001487,0.002122,0.000387,0.001265,True,966.197804,966.197804
rand_n50_m100_d3_s1024,C_large,TYPE_C,1.802874,50,100,warm_start,14,81,0.83,5.8,0.001402,0.002003,0.000378,0.001217,True,1033.591535,1033.591535
rand_n50_m100_d3_s1024,C_large,TYPE_C,2.167175,50,100,warm_start,16,87,0.82,5.4,0.001424,0.002101,0.000376,0.001303,True,1018.292052,1018.292052
rand_n50_m100_d3_s1024,C_medium,TYPE_C,0.721150,50,100,warm_start,11,86,0.87,7.8,0.006893,0.002123,0.000772,0.001298,True,1038.895581,1038.895581
rand_n50_m100_d5_s42,R_small,TYPE_R,2.500246,50,100,warm_start_dual,2,70,0.97,35.0,0.001638,0.002323,0.000403,0.001342,True,1022.986433,1022.986433
rand_n50_m100_d5_s42,R_small,TYPE_R,2.954691,50,100,warm_start_dual,1,81,0.99,81.0,0.001723,0.002488,0.000433,0.001479,True,1042.474055,1042.474055
rand_n50_m100_d5_s42,R_small,TYPE_R,2.992419,50,100,warm_start_dual,1,81,0.99,81.0,0.001636,0.002427,0.000397,0.001447,True,1026.327053,1026.327053
rand_n50_m100_d5_s42,R_large,TYPE_R,29.924192,50,100,warm_start_dual,12,79,0.85,6.6,0.001787,0.002448,0.000510,0.001454,True,825.020468,825.020468
rand_n50_m100_d5_s42,R_medium,TYPE_R,11.818764,50,100,warm_start_dual,14,74,0.81,5.3,0.001822,0.002402,0.000546,0.001417,True,1029.124915,1029.124915
rand_n50_m100_d5_s42,R_medium,TYPE_R,10.000985,50,100,warm_start_dual,6,71,0.92,11.8,0.001720,0.002329,0.000456,0.001353,True,957.468924,957.468924
rand_n50_m100_d5_s42,R_medium,TYPE_R,11.969677,50,100,warm_start_dual,6,74,0.92,12.3,0.001766,0.002469,0.000481,0.001464,True,964.980359,964.980359
rand_n50_m100_d5_s42,R_large,TYPE_R,29.546911,50,100,warm_start_dual,39,84,0.54,2.2,0.002041,0.015478,0.000802,0.005033,True,840.073795,840.073795
rand_n50_m100_d5_s42,R_large,TYPE_R,25.002464,50,100,warm_start_dual,31,93,0.67,3.0,0.002131,0.002774,0.000749,0.001750,True,711.455880,711.455880
rand_n50_m100_d5_s42,R_single,TYPE_R,2.038987,50,100,warm_start,0,81,1.00,81.0,0.001468,0.002480,0.000208,0.001464,True,1042.857054,1042.857054
rand_n50_m100_d5_s42,R_single,TYPE_R,2.946186,50,100,warm_start_dual,1,77,0.99,77.0,0.001667,0.002386,0.000411,0.001394,True,1046.964118,1046.964118
rand_n50_m100_d5_s42,R_single,TYPE_R,7.450773,50,100,warm_start_dual,2,82,0.98,41.0,0.001780,0.010616,0.000422,0.007014,True,1041.700686,1041.700686
rand_n50_m100_d5_s42,R_all,TYPE_R,7.336248,50,100,warm_start_dual,4,70,0.94,17.5,0.001704,0.002315,0.000440,0.001341,True,1134.789964,1134.789964
rand_n50_m100_d5_s42,R_all,TYPE_R,7.336248,50,100,warm_start_dual,4,70,0.94,17.5,0.001650,0.002301,0.000418,0.001329,True,1134.789964,1134.789964
rand_n50_m100_d5_s42,C_small,TYPE_C,0.234802,50,100,warm_start,0,78,1.00,78.0,0.001481,0.002466,0.000216,0.001475,True,1044.023999,1044.023999
rand_n50_m100_d5_s42,R_all,TYPE_R,7.336248,50,100,warm_start_dual,4,70,0.94,17.5,0.001700,0.002333,0.000439,0.001348,True,1134.789964,1134.789964
rand_n50_m100_d5_s42,C_small,TYPE_C,0.207434,50,100,warm_start,0,64,1.00,64.0,0.001462,0.002255,0.000208,0.001269,True,1046.555709,1046.555709
rand_n50_m100_d5_s42,C_medium,TYPE_C,0.939207,50,100,warm_start,5,63,0.92,12.6,0.001643,0.002374,0.000333,0.001378,True,1048.613228,1048.613228
rand_n50_m100_d5_s42,C_small,TYPE_C,0.202859,50,100,warm_start,1,71,0.99,71.0,0.001571,0.002358,0.000302,0.001369,True,1047.101090,1047.101090
rand_n50_m100_d5_s42,C_medium,TYPE_C,0.829734,50,100,warm_start,1,64,0.98,64.0,0.001645,0.002386,0.000341,0.001309,True,1058.478616,1058.478616
rand_n50_m100_d5_s42,C_medium,TYPE_C,0.811437,50,100,warm_start,5,75,0.93,15.0,0.001589,0.002401,0.000330,0.001408,True,1060.684696,1060.684696
rand_n50_m100_d5_s42,C_large,TYPE_C,2.028593,50,100,warm_start,11,86,0.87,7.8,0.001767,0.002600,0.000379,0.001617,True,1092.309117,1092.309117
rand_n50_m100_d5_s42,C_large,TYPE_C,2.348018,50,100,warm_start,11,69,0.84,6.3,0.001614,0.002304,0.000355,0.001323,True,1062.082523,1062.082523
rand_n50_m100_d5_s123,R_small,TYPE_R,3.804007,50,100,warm_start_dual,1,75,0.99,75.0,0.001895,0.002533,0.000509,0.001513,True,1037.227430,1037.227430
rand_n50_m100_d5_s42,C_large,TYPE_C,2.074336,50,100,warm_start,10,62,0.84,6.2,0.001746,0.006995,0.000360,0.003511,True,1085.540644,1085.540644
rand_n50_m100_d5_s123,R_medium,TYPE_R,15.216030,50,100,warm_start_dual,11,92,0.88,8.4,0.001885,0.002624,0.000586,0.001636,True,1031.833198,1031.833198
rand_n50_m100_d5_s123,R_small,TYPE_R,2.703762,50,100,warm_start_dual,4,74,0.95,18.5,0.001872,0.007495,0.000559,0.004428,True,1037.702222,1037.702222
rand_n50_m100_d5_s123,R_medium,TYPE_R,10.815047,50,100,warm_start_dual,9,95,0.91,10.6,0.001972,0.002680,0.000631,0.001710,True,1025.514415,1025.514415
rand_n50_m100_d5_s123,R_medium,TYPE_R,12.491249,50,100,warm_start_dual,22,83,0.73,3.8,0.001997,0.002498,0.000708,0.001524,True,927.101594,927.101594
rand_n50_m100_d5_s123,R_small,TYPE_R,3.122812,50,100,warm_start_dual,9,94,0.90,10.4,0.002490,0.002652,0.000561,0.001668,True,1016.583802,1016.583802
rand_n50_m100_d5_s123,R_large,TYPE_R,27.037618,50,100,warm_start_dual,43,101,0.57,2.3,0.002252,0.002993,0.000969,0.001905,True,880.431468,880.431468
rand_n50_m100_d5_s123,R_single,TYPE_R,6.202673,50,100,warm_start_dual,3,66,0.95,22.0,0.001841,0.002432,0.000514,0.001393,True,1034.845965,1034.845965
rand_n50_m100_d5_s123,R_single,TYPE_R,5.497218,50,100,warm_start,0,84,1.00,84.0,0.001550,0.002637,0.000262,0.001639,True,1037.283349,1037.283349
rand_n50_m100_d5_s123,R_large,TYPE_R,38.040075,50,100,warm_start_dual,37,104,0.64,2.8,0.002274,0.006574,0.000988,0.001962,True,904.791039,904.791039
rand_n50_m100_d5_s123,R_single,TYPE_R,6.946089,50,100,warm_start,0,84,1.00,84.0,0.001573,0.002683,0.000266,0.001588,True,1037.283349,1037.283349
rand_n50_m100_d5_s123,R_all,TYPE_R,8.715959,50,100,warm_start_dual,4,79,0.95,19.8,0.001780,0.002431,0.000511,0.001469,True,1119.008518,1119.008518
rand_n50_m100_d5_s123,C_small,TYPE_C,0.232898,50,100,warm_start,0,79,1.00,79.0,0.001553,0.002487,0.000259,0.001502,True,1048.671653,1048.671653
rand_n50_m100_d5_s123,R_all,TYPE_R,8.715959,50,100,warm_start_dual,4,79,0.95,19.8,0.001817,0.006098,0.000502,0.002818,True,1119.008518,1119.008518
rand_n50_m100_d5_s123,R_all,TYPE_R,8.715959,50,100,warm_start_dual,4,79,0.95,19.8,0.001965,0.002510,0.000597,0.001536,True,1119.008518,1119.008518
rand_n50_m100_d5_s123,C_small,TYPE_C,0.192183,50,100,warm_start,0,80,1.00,80.0,0.001605,0.002511,0.000276,0.001522,True,1031.288375,1031.288375
rand_n50_m100_d5_s123,C_medium,TYPE_C,0.768731,50,100,warm_start,3,92,0.97,30.7,0.001690,0.002919,0.000368,0.001763,True,1013.886821,1013.886821
rand_n50_m100_d5_s123,C_medium,TYPE_C,0.715202,50,100,warm_start,4,83,0.95,20.8,0.001774,0.002494,0.000411,0.001523,True,1020.290810,1020.290810
rand_n50_m100_d5_s123,C_medium,TYPE_C,0.931591,50,100,warm_start,3,77,0.96,25.7,0.001678,0.002655,0.000365,0.001549,True,1084.686965,1084.686965
rand_n50_m100_d5_s123,C_small,TYPE_C,0.178800,50,100,warm_start,0,75,1.00,75.0,0.004796,0.011612,0.000625,0.004001,True,1032.734435,1032.734435
rand_n50_m100_d5_s123,C_large,TYPE_C,1.921827,50,100,warm_start,8,89,0.91,11.1,0.001681,0.002676,0.000393,0.001669,True,982.443642,982.443642
rand_n50_m100_d5_s456,R_small,TYPE_R,3.377488,50,100,warm_start_dual,2,80,0.97,40.0,0.001737,0.002388,0.000409,0.001408,True,1072.357514,1072.357514
rand_n50_m100_d5_s123,C_large,TYPE_C,1.788005,50,100,warm_start,16,86,0.81,5.4,0.001874,0.002817,0.000482,0.001706,True,1000.459328,1000.459328
rand_n50_m100_d5_s123,C_large,TYPE_C,2.328978,50,100,warm_start,9,75,0.88,8.3,0.001732,0.002454,0.000427,0.001484,True,1168.663147,1168.663147
rand_n50_m100_d5_s456,R_medium,TYPE_R,9.709812,50,100,warm_start_dual,11,75,0.85,6.8,0.001759,0.002464,0.000502,0.001449,True,1097.336966,1097.336966
rand_n50_m100_d5_s456,R_small,TYPE_R,2.427453,50,100,warm_start_dual,1,67,0.99,67.0,0.001728,0.010013,0.000408,0.003857,True,1081.977319,1081.977319
rand_n50_m100_d5_s456,R_small,TYPE_R,3.428546,50,100,warm_start_dual,5,64,0.92,12.8,0.002740,0.002385,0.000441,0.001288,True,1072.257324,1072.257324
rand_n50_m100_d5_s456,R_medium,TYPE_R,13.509953,50,100,warm_start_dual,8,79,0.90,9.9,0.001854,0.002457,0.000551,0.001451,True,1055.730148,1055.730148
rand_n50_m100_d5_s456,R_large,TYPE_R,24.274531,50,100,warm_start_dual,29,85,0.66,2.9,0.006212,0.002464,0.000715,0.001478,True,1110.226417,1110.226417
rand_n50_m100_d5_s456,R_medium,TYPE_R,13.714182,50,100,warm_start_dual,16,72,0.78,4.5,0.005108,0.002544,0.001289,0.001461,True,1040.554461,1040.554461
rand_n50_m100_d5_s456,R_large,TYPE_R,33.774882,50,100,warm_start_dual,24,63,0.62,2.6,0.009808,0.002407,0.002049,0.001345,True,967.119311,967.119311
rand_n50_m100_d5_s456,R_single,TYPE_R,8.641952,50,100,warm_start_dual,9,78,0.88,8.7,0.001749,0.002431,0.000484,0.001439,True,1055.258810,1055.258810
rand_n50_m100_d5_s456,R_all,TYPE_R,7.938637,50,100,warm_start_dual,4,74,0.95,18.5,0.001666,0.002387,0.000427,0.001395,True,1153.364804,1153.364804
rand_n50_m100_d5_s456,R_single,TYPE_R,0.536870,50,100,warm_start,0,71,1.00,71.0,0.001527,0.002371,0.000217,0.001388,True,1076.191679,1076.191679
rand_n50_m100_d5_s456,R_single,TYPE_R,4.555496,50,100,warm_start,0,71,1.00,71.0,0.019172,0.002390,0.000558,0.001386,True,1076.191679,1076.191679
rand_n50_m100_d5_s456,R_all,TYPE_R,7.938637,50,100,warm_start_dual,4,74,0.95,18.5,0.001707,0.002373,0.000438,0.001385,True,1153.364804,1153.364804
rand_n50_m100_d5_s456,C_small,TYPE_C,0.194583,50,100,warm_start,1,81,0.99,81.0,0.001623,0.002544,0.000301,0.001455,True,1078.687991,1078.687991
rand_n50_m100_d5_s456,R_all,TYPE_R,7.938637,50,100,warm_start_dual,4,74,0.95,18.5,0.001668,0.004558,0.000425,0.001427,True,1153.364804,1153.364804
rand_n50_m100_d5_s456,C_small,TYPE_C,0.205116,50,100,warm_start,1,82,0.99,82.0,0.001569,0.002417,0.000297,0.001440,True,1070.374143,1070.374143
rand_n50_m100_d5_s456,C_small,TYPE_C,0.194571,50,100,warm_start,3,61,0.95,20.3,0.001590,0.002302,0.000315,0.001318,True,1086.471254,1086.471254
rand_n50_m100_d5_s456,C_medium,TYPE_C,0.820465,50,100,warm_start,3,70,0.96,23.3,0.001534,0.002629,0.000294,0.001477,True,1053.222741,1053.222741
rand_n50_m100_d5_s456,C_large,TYPE_C,1.945827,50,100,warm_start,11,74,0.85,6.7,0.001670,0.002544,0.000360,0.001416,True,1102.375102,1102.375102
rand_n50_m100_d5_s456,C_medium,TYPE_C,0.778331,50,100,warm_start,5,70,0.93,14.0,0.016381,0.002466,0.000337,0.001362,True,1086.256489,1086.256489
rand_n50_m100_d5_s456,C_medium,TYPE_C,0.778285,50,100,warm_start,10,73,0.86,7.3,0.001624,0.002449,0.000370,0.001368,True,1118.446446,1118.446446
rand_n50_m100_d5_s789,R_small,TYPE_R,2.811317,50,100,warm_start_dual,8,77,0.90,9.6,0.001795,0.002532,0.000494,0.001504,True,1139.535749,1139.535749
rand_n50_m100_d5_s789,R_small,TYPE_R,2.925354,50,100,warm_start_dual,5,85,0.94,17.0,0.001710,0.002524,0.000461,0.001520,True,1139.254341,1139.254341
rand_n50_m100_d5_s456,C_large,TYPE_C,1.945712,50,100,warm_start,10,76,0.87,7.6,0.001609,0.002383,0.000364,0.001409,True,1188.365151,1188.365151
rand_n50_m100_d5_s789,R_small,TYPE_R,3.325734,50,100,warm_start_dual,8,81,0.90,10.1,0.001755,0.002470,0.000518,0.001499,True,1137.898892,1137.898892
rand_n50_m100_d5_s456,C_large,TYPE_C,2.051164,50,100,warm_start,12,90,0.87,7.5,0.001611,0.006925,0.000371,0.003903,True,1023.031272,1023.031272
rand_n50_m100_d5_s789,R_medium,TYPE_R,11.701415,50,100,warm_start_dual,18,79,0.77,4.4,0.001854,0.002398,0.000607,0.001428,True,1103.008805,1103.008805
rand_n50_m100_d5_s789,R_large,TYPE_R,28.113172,50,100,warm_start_dual,52,100,0.48,1.9,0.002482,0.002899,0.001218,0.001923,True,821.451121,821.451121
rand_n50_m100_d5_s789,R_medium,TYPE_R,11.245269,50,100,warm_start_dual,26,75,0.65,2.9,0.002027,0.002468,0.000755,0.001437,True,1084.195736,1084.195736
rand_n50_m100_d5_s789,R_medium,TYPE_R,13.302936,50,100,warm_start_dual,22,94,0.77,4.3,0.001906,0.002580,0.000638,0.001617,True,1107.575282,1107.575282
rand_n50_m100_d5_s789,R_single,TYPE_R,7.650691,50,100,warm_start_dual,8,82,0.90,10.2,0.001724,0.002443,0.000477,0.001468,True,1143.344082,1143.344082
rand_n50_m100_d5_s789,R_large,TYPE_R,29.253537,50,100,warm_start_dual,41,79,0.48,1.9,0.002063,0.002571,0.000829,0.001468,True,999.204571,999.204571
rand_n50_m100_d5_s789,R_single,TYPE_R,15.658629,50,100,warm_start_dual,15,81,0.81,5.4,0.001774,0.002411,0.000547,0.001439,True,1114.747384,1114.747384
rand_n50_m100_d5_s789,R_single,TYPE_R,8.820021,50,100,warm_start_dual,7,77,0.91,11.0,0.001723,0.002397,0.000473,0.001424,True,1145.333855,1145.333855
rand_n50_m100_d5_s789,R_all,TYPE_R,8.362199,50,100,warm_start_dual,2,82,0.98,41.0,0.001701,0.002481,0.000432,0.001496,True,1228.406044,1228.406044
rand_n50_m100_d5_s789,C_small,TYPE_C,0.214246,50,100,warm_start,1,76,0.99,76.0,0.001534,0.002396,0.000289,0.001427,True,1138.755555,1138.755555
rand_n50_m100_d5_s789,R_all,TYPE_R,8.362199,50,100,warm_start_dual,2,82,0.98,41.0,0.002574,0.002563,0.000436,0.001506,True,1228.406044,1228.406044
rand_n50_m100_d5_s789,C_small,TYPE_C,0.235632,50,100,warm_start,1,81,0.99,81.0,0.001557,0.002458,0.000301,0.001468,True,1136.067064,1136.067064
rand_n50_m100_d5_s789,R_all,TYPE_R,8.362199,50,100,warm_start_dual,2,82,0.98,41.0,0.005366,0.002527,0.001004,0.001524,True,1228.406044,1228.406044
rand_n50_m100_d5_s789,C_small,TYPE_C,0.172591,50,100,warm_start,3,81,0.96,27.0,0.001568,0.002460,0.000319,0.001468,True,1143.409699,1143.409699
rand_n50_m100_d5_s789,C_medium,TYPE_C,0.690362,50,100,warm_start,5,79,0.94,15.8,0.001591,0.002423,0.000330,0.001442,True,1147.173538,1147.173538
rand_n50_m100_d5_s789,C_medium,TYPE_C,0.942526,50,100,warm_start,5,78,0.94,15.6,0.001598,0.002387,0.000353,0.001426,True,1118.557521,1118.557521
rand_n50_m100_d5_s789,C_large,TYPE_C,2.356315,50,100,warm_start,16,78,0.79,4.9,0.001700,0.002405,0.000458,0.001440,True,1090.462596,1090.462596
rand_n50_m100_d5_s789,C_medium,TYPE_C,0.856985,50,100,warm_start,2,81,0.98,40.5,0.001605,0.002481,0.000321,0.001488,True,1128.637111,1128.637111
rand_n50_m100_d5_s789,C_large,TYPE_C,2.142462,50,100,warm_start,8,92,0.91,11.5,0.001605,0.007519,0.000351,0.003898,True,1108.574423,1108.574423
rand_n50_m100_d5_s1024,R_small,TYPE_R,2.647477,50,100,warm_start_dual,7,80,0.91,11.4,0.011067,0.002514,0.001242,0.001465,True,1025.249605,1025.249605
rand_n50_m100_d5_s1024,R_small,TYPE_R,2.233009,50,100,warm_start_dual,1,87,0.99,87.0,0.001731,0.002486,0.000459,0.001519,True,1037.663238,1037.663238
rand_n50_m100_d5_s789,C_large,TYPE_C,1.725906,50,100,warm_start,10,70,0.86,7.0,0.001619,0.002411,0.000364,0.001330,True,1155.799839,1155.799839
rand_n50_m100_d5_s1024,R_small,TYPE_R,3.492117,50,100,warm_start_dual,1,90,0.99,90.0,0.001755,0.002640,0.000441,0.001584,True,1044.481268,1044.481268
rand_n50_m100_d5_s1024,R_medium,TYPE_R,8.932038,50,100,warm_start_dual,11,81,0.86,7.4,0.001790,0.002434,0.000541,0.001463,True,1022.420154,1022.420154
rand_n50_m100_d5_s1024,R_medium,TYPE_R,10.589907,50,100,warm_start_dual,19,79,0.76,4.2,0.004872,0.002604,0.000663,0.001619,True,949.102281,949.102281
rand_n50_m100_d5_s1024,R_large,TYPE_R,22.330094,50,100,warm_start_dual,15,78,0.81,5.2,0.001972,0.002475,0.000632,0.001504,True,957.063192,957.063192
rand_n50_m100_d5_s1024,R_large,TYPE_R,34.921170,50,100,warm_start_dual,40,80,0.50,2.0,0.002168,0.002459,0.000915,0.001447,True,931.043578,931.043578
rand_n50_m100_d5_s1024,R_single,TYPE_R,1.453831,50,100,warm_start,0,74,1.00,74.0,0.001562,0.002474,0.000242,0.001397,True,1040.653340,1040.653340
rand_n50_m100_d5_s1024,R_medium,TYPE_R,13.968468,50,100,warm_start_dual,15,82,0.82,5.5,0.001924,0.002513,0.000626,0.001500,True,1037.565818,1037.565818
rand_n50_m100_d5_s1024,R_single,TYPE_R,7.871946,50,100,warm_start_dual,3,72,0.96,24.0,0.001842,0.002405,0.000482,0.001416,True,1054.019261,1054.019261
rand_n50_m100_d5_s1024,R_all,TYPE_R,10.950682,50,100,warm_start_dual,2,78,0.97,39.0,0.001706,0.002620,0.000454,0.001529,True,1130.582029,1130.582029
rand_n50_m100_d5_s1024,R_single,TYPE_R,4.045087,50,100,warm_start,0,74,1.00,74.0,0.005084,0.002395,0.000543,0.001405,True,1040.653340,1040.653340
rand_n50_m100_d5_s1024,C_small,TYPE_C,0.180287,50,100,warm_start,2,87,0.98,43.5,0.001585,0.002499,0.000316,0.001520,True,1037.208932,1037.208932
rand_n50_m100_d5_s1024,R_all,TYPE_R,10.950682,50,100,warm_start_dual,2,78,0.97,39.0,0.001726,0.002508,0.000449,0.001517,True,1130.582029,1130.582029
rand_n50_m100_d5_s1024,R_all,TYPE_R,10.950682,50,100,warm_start_dual,2,78,0.97,39.0,0.001789,0.002514,0.000454,0.001525,True,1130.582029,1130.582029
rand_n50_m100_d5_s1024,C_small,TYPE_C,0.216718,50,100,warm_start,1,95,0.99,95.0,0.001554,0.005913,0.000306,0.004820,True,1037.903225,1037.903225
rand_n50_m100_d5_s1024,C_small,TYPE_C,0.238703,50,100,warm_start,1,84,0.99,84.0,0.001696,0.007111,0.000326,0.003843,True,1033.246755,1033.246755
rand_n50_m100_d5_s1024,C_medium,TYPE_C,0.954810,50,100,warm_start,6,85,0.93,14.2,0.001620,0.015896,0.000359,0.003808,True,1011.756480,1011.756480
rand_n50_m100_d5_s1024,C_medium,TYPE_C,0.721150,50,100,warm_start,4,77,0.95,19.2,0.001594,0.002426,0.000339,0.001449,True,1027.035064,1027.035064
rand_n50_m100_d5_s1024,C_large,TYPE_C,2.387025,50,100,warm_start,14,82,0.83,5.9,0.001695,0.002520,0.000442,0.001558,True,976.067808,976.067808
rand_n50_m100_d5_s1024,C_medium,TYPE_C,0.866870,50,100,warm_start,2,87,0.98,43.5,0.001618,0.017987,0.000339,0.004224,True,1030.245523,1030.245523
rand_n50_m100_d5_s1024,C_large,TYPE_C,2.167175,50,100,warm_start,4,84,0.95,21.0,0.001593,0.002581,0.000334,0.001563,True,1017.160649,1017.160649
rand_n50_m100_d8_s42,R_small,TYPE_R,3.312322,50,100,warm_start_dual,3,78,0.96,26.0,0.002114,0.003101,0.000535,0.001856,True,816.845437,816.845437
rand_n50_m100_d5_s1024,C_large,TYPE_C,1.802874,50,100,warm_start,8,92,0.91,11.5,0.001631,0.002599,0.000371,0.001617,True,1007.141656,1007.141656
rand_n50_m100_d8_s42,R_small,TYPE_R,2.518145,50,100,warm_start_dual,5,93,0.95,18.6,0.002135,0.003241,0.000556,0.001993,True,809.654813,809.654813
rand_n50_m100_d8_s42,R_small,TYPE_R,3.045947,50,100,warm_start_dual,4,83,0.95,20.8,0.002135,0.003169,0.000543,0.001917,True,823.789191,823.789191
rand_n50_m100_d8_s42,R_medium,TYPE_R,13.249290,50,100,warm_start_dual,16,75,0.79,4.7,0.002340,0.003058,0.000701,0.001814,True,810.863212,810.863212
rand_n50_m100_d8_s42,R_medium,TYPE_R,10.072582,50,100,warm_start_dual,14,86,0.84,6.1,0.002252,0.003299,0.000661,0.002008,True,788.855016,788.855016
rand_n50_m100_d8_s42,R_medium,TYPE_R,12.183789,50,100,warm_start_dual,18,88,0.80,4.9,0.002400,0.003186,0.000755,0.001933,True,833.772821,833.772821
rand_n50_m100_d8_s42,R_large,TYPE_R,25.181454,50,100,warm_start_dual,29,85,0.66,2.9,0.002590,0.003327,0.000877,0.002063,True,712.300937,712.300937
rand_n50_m100_d8_s42,R_single,TYPE_R,10.830599,50,100,warm_start,0,85,1.00,85.0,0.001920,0.003155,0.000297,0.001909,True,815.918497,815.918497
rand_n50_m100_d8_s42,R_single,TYPE_R,8.610550,50,100,warm_start_dual,3,93,0.97,31.0,0.002196,0.003296,0.000539,0.002046,True,825.183329,825.183329
rand_n50_m100_d8_s42,R_large,TYPE_R,30.459472,50,100,warm_start_dual,35,82,0.57,2.3,0.002587,0.003165,0.000959,0.001878,True,799.605462,799.605462
rand_n50_m100_d8_s42,R_all,TYPE_R,9.209104,50,100,warm_start_dual,5,78,0.94,15.6,0.002269,0.003088,0.000631,0.001838,True,888.786152,888.786152
rand_n50_m100_d8_s42,R_single,TYPE_R,6.063733,50,100,warm_start_dual,6,79,0.92,13.2,0.008710,0.003237,0.000720,0.001974,True,808.911737,808.911737
rand_n50_m100_d8_s42,R_all,TYPE_R,9.209104,50,100,warm_start_dual,5,78,0.94,15.6,0.004936,0.003068,0.000586,0.001820,True,888.786152,888.786152
rand_n50_m100_d8_s42,R_all,TYPE_R,9.209104,50,100,warm_start_dual,5,78,0.94,15.6,0.002212,0.003264,0.000569,0.001935,True,888.786152,888.786152
rand_n50_m100_d8_s42,C_small,TYPE_C,0.234802,50,100,warm_start,0,81,1.00,81.0,0.001877,0.003066,0.000278,0.001823,True,816.200920,816.200920
rand_n50_m100_d8_s42,C_small,TYPE_C,0.202859,50,100,warm_start,0,107,1.00,107.0,0.002014,0.003578,0.000286,0.002320,True,818.732361,818.732361
rand_n50_m100_d8_s42,C_small,TYPE_C,0.207434,50,100,warm_start,0,82,1.00,82.0,0.001910,0.003180,0.000321,0.001900,True,815.316114,815.316114
rand_n50_m100_d8_s42,C_medium,TYPE_C,0.829734,50,100,warm_start,10,80,0.88,8.0,0.002066,0.003153,0.000465,0.001883,True,815.001473,815.001473
rand_n50_m100_d8_s42,C_medium,TYPE_C,0.939207,50,100,warm_start,4,79,0.95,19.8,0.002015,0.026741,0.000392,0.025499,True,817.107577,817.107577
rand_n50_m100_d8_s42,C_medium,TYPE_C,0.811437,50,100,warm_start,5,78,0.94,15.6,0.002049,0.003115,0.000422,0.001865,True,829.214473,829.214473
rand_n50_m100_d8_s42,C_large,TYPE_C,2.074336,50,100,warm_start,15,86,0.83,5.7,0.002095,0.010087,0.000518,0.005949,True,819.766203,819.766203
rand_n50_m100_d8_s123,R_small,TYPE_R,4.330834,50,100,warm_start_dual,4,87,0.95,21.8,0.002271,0.003237,0.000579,0.001997,True,958.213555,958.213555
rand_n50_m100_d8_s42,C_large,TYPE_C,2.348018,50,100,warm_start,13,93,0.86,7.2,0.002111,0.003337,0.000490,0.002085,True,822.531914,822.531914
rand_n50_m100_d8_s42,C_large,TYPE_C,2.028593,50,100,warm_start,16,92,0.83,5.8,0.002099,0.003296,0.000503,0.002049,True,854.516814,854.516814
rand_n50_m100_d8_s123,R_small,TYPE_R,4.052114,50,100,warm_start_dual,2,86,0.98,43.0,0.002129,0.003195,0.000535,0.001923,True,948.808531,948.808531
rand_n50_m100_d8_s123,R_small,TYPE_R,3.281038,50,100,warm_start_dual,2,92,0.98,46.0,0.006304,0.003369,0.000953,0.002111,True,979.994052,979.994052
rand_n50_m100_d8_s123,R_medium,TYPE_R,17.323335,50,100,warm_start_dual,11,88,0.88,8.0,0.002193,0.003213,0.000620,0.001954,True,916.422816,916.422816
rand_n50_m100_d8_s123,R_medium,TYPE_R,13.124150,50,100,warm_start_dual,14,89,0.84,6.4,0.002372,0.003221,0.000685,0.001974,True,996.462808,996.462808
rand_n50_m100_d8_s123,R_medium,TYPE_R,16.208455,50,100,warm_start_dual,21,90,0.77,4.3,0.002402,0.003254,0.000770,0.001962,True,846.462062,846.462062
rand_n50_m100_d8_s123,R_large,TYPE_R,43.308338,50,100,warm_start_dual,25,102,0.75,4.1,0.002455,0.003667,0.000821,0.002409,True,754.793369,754.793369
rand_n50_m100_d8_s123,R_large,TYPE_R,32.810376,50,100,warm_start_dual,31,76,0.59,2.5,0.002476,0.003155,0.000887,0.001889,True,936.717532,936.717532
rand_n50_m100_d8_s123,R_single,TYPE_R,4.371920,50,100,warm_start_dual,4,93,0.96,23.2,0.002114,0.003338,0.000537,0.002070,True,970.627116,970.627116
rand_n50_m100_d8_s123,R_single,TYPE_R,7.281761,50,100,warm_start_dual,2,80,0.97,40.0,0.002164,0.003159,0.000568,0.001901,True,970.936618,970.936618
rand_n50_m100_d8_s123,R_all,TYPE_R,11.850506,50,100,warm_start_dual,2,86,0.98,43.0,0.002204,0.003190,0.000615,0.001950,True,1054.559196,1054.559196
rand_n50_m100_d8_s123,R_single,TYPE_R,7.402126,50,100,warm_start,0,79,1.00,79.0,0.001891,0.003217,0.000283,0.001913,True,971.156953,971.156953
rand_n50_m100_d8_s123,R_all,TYPE_R,11.850506,50,100,warm_start_dual,2,86,0.98,43.0,0.002153,0.003269,0.000539,0.002014,True,1054.559196,1054.559196
rand_n50_m100_d8_s123,R_all,TYPE_R,11.850506,50,100,warm_start_dual,2,86,0.98,43.0,0.006237,0.003233,0.001284,0.001976,True,1054.559196,1054.559196
rand_n50_m100_d8_s123,C_small,TYPE_C,0.232898,50,100,warm_start,0,75,1.00,75.0,0.020658,0.003203,0.000296,0.001939,True,984.186414,984.186414
rand_n50_m100_d8_s123,C_small,TYPE_C,0.178800,50,100,warm_start,2,83,0.98,41.5,0.001981,0.003166,0.000376,0.001922,True,969.535879,969.535879
rand_n50_m100_d8_s123,C_medium,TYPE_C,0.931591,50,100,warm_start,3,72,0.96,24.0,0.002028,0.002978,0.000401,0.001731,True,1023.984377,1023.984377
rand_n50_m100_d8_s123,C_medium,TYPE_C,0.768731,50,100,warm_start,7,88,0.92,12.6,0.002029,0.006751,0.000426,0.002518,True,962.417895,962.417895
rand_n50_m100_d8_s123,C_small,TYPE_C,0.192183,50,100,warm_start,3,83,0.96,27.7,0.002040,0.003280,0.000394,0.002025,True,968.885036,968.885036
rand_n50_m100_d8_s123,C_large,TYPE_C,1.788005,50,100,warm_start,7,81,0.91,11.6,0.002031,0.003163,0.000431,0.001896,True,959.540305,959.540305
rand_n50_m100_d8_s123,C_medium,TYPE_C,0.715202,50,100,warm_start,7,85,0.92,12.1,0.002076,0.003163,0.000434,0.001906,True,965.254278,965.254278
rand_n50_m100_d8_s123,C_large,TYPE_C,1.921827,50,100,warm_start,11,75,0.85,6.8,0.002073,0.007239,0.000461,0.003314,True,953.977932,953.977932
rand_n50_m100_d8_s456,R_medium,TYPE_R,12.748899,50,100,warm_start_dual,14,80,0.82,5.7,0.002323,0.003219,0.000696,0.001990,True,895.178262,895.178262
rand_n50_m100_d8_s456,R_small,TYPE_R,4.284940,50,100,warm_start_dual,2,96,0.98,48.0,0.002263,0.003386,0.000618,0.002114,True,891.723666,891.723666
rand_n50_m100_d8_s456,R_small,TYPE_R,3.187225,50,100,warm_start_dual,5,85,0.94,17.0,0.002228,0.003118,0.000610,0.001887,True,894.168747,894.168747
rand_n50_m100_d8_s123,C_large,TYPE_C,2.328978,50,100,warm_start,15,77,0.81,5.1,0.002105,0.006625,0.000496,0.002815,True,1109.810882,1109.810882
rand_n50_m100_d8_s456,R_small,TYPE_R,3.141373,50,100,warm_start_dual,6,84,0.93,14.0,0.023746,0.003222,0.001482,0.001957,True,891.742081,891.742081
rand_n50_m100_d8_s456,R_medium,TYPE_R,12.565491,50,100,warm_start_dual,22,102,0.78,4.6,0.002453,0.003705,0.000831,0.002355,True,869.262759,869.262759
rand_n50_m100_d8_s456,R_large,TYPE_R,31.413729,50,100,warm_start_dual,51,77,0.34,1.5,0.002964,0.003128,0.001300,0.001885,True,737.041754,737.041754
rand_n50_m100_d8_s456,R_large,TYPE_R,31.872247,50,100,warm_start_dual,32,101,0.68,3.2,0.002548,0.003444,0.000922,0.002182,True,845.451886,845.451886
rand_n50_m100_d8_s456,R_medium,TYPE_R,17.139760,50,100,warm_start_dual,20,86,0.77,4.3,0.002337,0.003212,0.000754,0.001926,True,878.470604,878.470604
rand_n50_m100_d8_s456,R_large,TYPE_R,42.849400,50,100,warm_start_dual,45,90,0.50,2.0,0.002837,0.003553,0.001126,0.002149,True,766.263596,766.263596
rand_n50_m100_d8_s456,R_single,TYPE_R,0.846221,50,100,warm_start,0,83,1.00,83.0,0.001939,0.003257,0.000300,0.001969,True,891.310885,891.310885
rand_n50_m100_d8_s456,R_all,TYPE_R,9.035057,50,100,warm_start_dual,1,95,0.99,95.0,0.002117,0.003317,0.000530,0.002046,True,967.049138,967.049138
rand_n50_m100_d8_s456,R_single,TYPE_R,18.070114,50,100,warm_start_dual,5,78,0.94,15.6,0.002229,0.003191,0.000595,0.001897,True,863.009430,863.009430
rand_n50_m100_d8_s456,R_single,TYPE_R,2.065142,50,100,warm_start,0,81,1.00,81.0,0.001901,0.003200,0.000295,0.001916,True,891.310885,891.310885
rand_n50_m100_d8_s456,C_small,TYPE_C,0.194583,50,100,warm_start,1,80,0.99,80.0,0.002050,0.003213,0.000373,0.001969,True,894.452267,894.452267
rand_n50_m100_d8_s456,R_all,TYPE_R,9.035057,50,100,warm_start_dual,1,95,0.99,95.0,0.002123,0.003459,0.000530,0.002204,True,967.049138,967.049138
rand_n50_m100_d8_s456,C_small,TYPE_C,0.205116,50,100,warm_start,3,86,0.97,28.7,0.002073,0.003266,0.000470,0.002041,True,885.712374,885.712374
rand_n50_m100_d8_s456,R_all,TYPE_R,9.035057,50,100,warm_start_dual,1,95,0.99,95.0,0.002198,0.003339,0.000564,0.002074,True,967.049138,967.049138
rand_n50_m100_d8_s456,C_medium,TYPE_C,0.820465,50,100,warm_start,11,83,0.87,7.5,0.002104,0.003077,0.000480,0.001851,True,870.418952,870.418952
rand_n50_m100_d8_s456,C_small,TYPE_C,0.194571,50,100,warm_start,1,91,0.99,91.0,0.001995,0.003255,0.000389,0.001998,True,898.240709,898.240709
rand_n50_m100_d8_s456,C_medium,TYPE_C,0.778331,50,100,warm_start,7,73,0.90,10.4,0.002062,0.003169,0.000446,0.001818,True,904.461571,904.461571
rand_n50_m100_d8_s456,C_large,TYPE_C,2.051164,50,100,warm_start,24,80,0.70,3.3,0.002260,0.003101,0.000627,0.001871,True,845.533496,845.533496
rand_n50_m100_d8_s789,R_small,TYPE_R,2.852321,50,100,warm_start_dual,5,80,0.94,16.0,0.002275,0.003216,0.000628,0.001976,True,1005.061559,1005.061559
rand_n50_m100_d8_s789,R_small,TYPE_R,2.337474,50,100,warm_start_dual,6,95,0.94,15.8,0.002306,0.003415,0.000650,0.002176,True,1005.207958,1005.207958
rand_n50_m100_d8_s456,C_medium,TYPE_C,0.778285,50,100,warm_start,5,96,0.95,19.2,0.002139,0.003444,0.000437,0.002197,True,919.427842,919.427842
rand_n50_m100_d8_s789,R_small,TYPE_R,2.660480,50,100,warm_start_dual,4,100,0.96,25.0,0.002358,0.003641,0.000623,0.002360,True,1001.084539,1001.084539
rand_n50_m100_d8_s456,C_large,TYPE_C,1.945712,50,100,warm_start,12,85,0.86,7.1,0.002130,0.003180,0.000488,0.001914,True,964.969325,964.969325
rand_n50_m100_d8_s456,C_large,TYPE_C,1.945827,50,100,warm_start,8,80,0.90,10.0,0.002050,0.003199,0.000450,0.001857,True,925.392033,925.392033
rand_n50_m100_d8_s789,R_medium,TYPE_R,10.641919,50,100,warm_start_dual,18,101,0.82,5.6,0.011253,0.003732,0.001849,0.002394,True,964.771891,964.771891
rand_n50_m100_d8_s789,R_medium,TYPE_R,9.349894,50,100,warm_start_dual,13,99,0.87,7.6,0.002425,0.003365,0.000740,0.002128,True,966.565324,966.565324
rand_n50_m100_d8_s789,R_large,TYPE_R,26.604799,50,100,warm_start_dual,47,109,0.57,2.3,0.002842,0.003767,0.001228,0.002433,True,799.422908,799.422908
rand_n50_m100_d8_s789,R_single,TYPE_R,14.383183,50,100,warm_start_dual,10,84,0.88,8.4,0.002337,0.003309,0.000683,0.002062,True,989.845749,989.845749
rand_n50_m100_d8_s789,R_medium,TYPE_R,11.409283,50,100,warm_start_dual,16,93,0.83,5.8,0.006082,0.003436,0.000814,0.002128,True,977.531432,977.531432
rand_n50_m100_d8_s789,R_single,TYPE_R,7.898116,50,100,warm_start_dual,3,85,0.96,28.3,0.002328,0.003281,0.000595,0.002051,True,1019.861889,1019.861889
rand_n50_m100_d8_s789,R_single,TYPE_R,5.863529,50,100,warm_start,0,85,1.00,85.0,0.002058,0.003208,0.000322,0.001955,True,1009.402064,1009.402064
rand_n50_m100_d8_s789,R_large,TYPE_R,23.374736,50,100,warm_start_dual,42,95,0.56,2.3,0.002986,0.009902,0.001157,0.004848,True,800.410713,800.410713
rand_n50_m100_d8_s789,R_all,TYPE_R,7.881256,50,100,warm_start_dual,1,87,0.99,87.0,0.002208,0.003333,0.000579,0.002087,True,1103.488371,1103.488371
rand_n50_m100_d8_s789,R_all,TYPE_R,7.881256,50,100,warm_start_dual,1,87,0.99,87.0,0.002274,0.003318,0.000573,0.001985,True,1103.488371,1103.488371
rand_n50_m100_d8_s789,C_medium,TYPE_C,0.856985,50,100,warm_start,6,113,0.95,18.8,0.002068,0.003813,0.000452,0.002485,True,992.228872,992.228872
rand_n50_m100_d8_s789,C_small,TYPE_C,0.235632,50,100,warm_start,4,90,0.96,22.5,0.005918,0.003901,0.001335,0.002008,True,1007.955942,1007.955942
rand_n50_m100_d8_s789,C_small,TYPE_C,0.214246,50,100,warm_start,3,93,0.97,31.0,0.004557,0.003869,0.001110,0.002420,True,1004.832119,1004.832119
rand_n50_m100_d8_s789,C_medium,TYPE_C,0.690362,50,100,warm_start,0,94,1.00,94.0,0.001943,0.003337,0.000313,0.002085,True,1014.059862,1014.059862
rand_n50_m100_d8_s789,R_all,TYPE_R,7.881256,50,100,warm_start_dual,1,87,0.99,87.0,0.002350,0.003393,0.000599,0.002035,True,1103.488371,1103.488371
rand_n50_m100_d8_s789,C_small,TYPE_C,0.172591,50,100,warm_start,0,93,1.00,93.0,0.002000,0.003317,0.000331,0.002050,True,1010.566478,1010.566478
rand_n50_m100_d8_s789,C_large,TYPE_C,2.142462,50,100,warm_start,14,93,0.85,6.6,0.002160,0.003371,0.000534,0.002117,True,970.995951,970.995951
rand_n50_m100_d8_s789,C_medium,TYPE_C,0.942526,50,100,warm_start,7,96,0.93,13.7,0.002227,0.003440,0.000537,0.002208,True,1004.473219,1004.473219
rand_n50_m100_d8_s1024,R_small,TYPE_R,5.241047,50,100,warm_start_dual,8,88,0.91,11.0,0.002086,0.003185,0.000546,0.001925,True,1107.718850,1107.718850
rand_n50_m100_d8_s789,C_large,TYPE_C,2.356315,50,100,warm_start,10,93,0.89,9.3,0.002106,0.003279,0.000489,0.002052,True,998.349191,998.349191
rand_n50_m100_d8_s1024,R_medium,TYPE_R,20.964188,50,100,warm_start_dual,25,93,0.73,3.7,0.002313,0.003286,0.000766,0.001983,True,1066.254505,1066.254505
rand_n50_m100_d8_s1024,R_small,TYPE_R,5.479436,50,100,warm_start_dual,3,91,0.97,30.3,0.002053,0.003297,0.000495,0.001952,True,1109.028799,1109.028799
rand_n50_m100_d8_s789,C_large,TYPE_C,1.725906,50,100,warm_start,5,87,0.94,17.4,0.002200,0.003329,0.000460,0.001995,True,1022.269856,1022.269856
rand_n50_m100_d8_s1024,R_small,TYPE_R,4.326968,50,100,warm_start_dual,2,88,0.98,44.0,0.002200,0.013552,0.000488,0.006316,True,1110.401251,1110.401251
rand_n50_m100_d8_s1024,R_medium,TYPE_R,17.307872,50,100,warm_start_dual,8,70,0.89,8.8,0.002099,0.002918,0.000553,0.001695,True,1114.493876,1114.493876
rand_n50_m100_d8_s1024,R_large,TYPE_R,52.410469,50,100,warm_start_dual,55,102,0.46,1.9,0.002799,0.003496,0.001240,0.002257,True,710.490131,710.490131
rand_n50_m100_d8_s1024,R_medium,TYPE_R,21.917746,50,100,warm_start_dual,10,82,0.88,8.2,0.002127,0.003142,0.000579,0.001805,True,1108.159027,1108.159027
rand_n50_m100_d8_s1024,R_large,TYPE_R,54.794364,50,100,warm_start_dual,20,75,0.73,3.8,0.002261,0.002960,0.000712,0.001732,True,1056.543870,1056.543870
rand_n50_m100_d8_s1024,R_single,TYPE_R,3.405446,50,100,warm_start,0,93,1.00,93.0,0.001828,0.003282,0.000258,0.001912,True,1107.652682,1107.652682
rand_n50_m100_d8_s1024,R_single,TYPE_R,1.805924,50,100,warm_start,0,101,1.00,101.0,0.001906,0.003606,0.000259,0.002234,True,1107.652682,1107.652682
rand_n50_m100_d8_s1024,C_small,TYPE_C,0.238703,50,100,warm_start,0,85,1.00,85.0,0.001828,0.003217,0.000258,0.001981,True,1097.108483,1097.108483
rand_n50_m100_d8_s1024,R_all,TYPE_R,12.272756,50,100,warm_start_dual,3,73,0.96,24.3,0.002044,0.002947,0.000500,0.001711,True,1195.449559,1195.449559
rand_n50_m100_d8_s1024,R_single,TYPE_R,7.561375,50,100,warm_start_dual,6,98,0.94,16.3,0.002124,0.003237,0.000548,0.001993,True,1108.523959,1108.523959
rand_n50_m100_d8_s1024,C_small,TYPE_C,0.216718,50,100,warm_start,1,85,0.99,85.0,0.001979,0.003096,0.000386,0.001853,True,1103.348281,1103.348281
rand_n50_m100_d8_s1024,R_all,TYPE_R,12.272756,50,100,warm_start_dual,3,73,0.96,24.3,0.003766,0.003181,0.001252,0.001750,True,1195.449559,1195.449559
rand_n50_m100_d8_s1024,C_small,TYPE_C,0.180287,50,100,warm_start,3,91,0.97,30.3,0.001953,0.006228,0.000369,0.001979,True,1104.645467,1104.645467
rand_n50_m100_d8_s1024,R_large,TYPE_R,43.269679,50,100,warm_start_dual,23,80,0.71,3.5,0.007913,0.003098,0.001847,0.001830,True,1093.764730,1093.764730
rand_n50_m100_d8_s1024,C_medium,TYPE_C,0.954810,50,100,warm_start,4,75,0.95,18.8,0.001919,0.003242,0.000369,0.001991,True,1066.312824,1066.312824
rand_n50_m100_d8_s1024,R_all,TYPE_R,12.272756,50,100,warm_start_dual,3,73,0.96,24.3,0.002352,0.003006,0.000559,0.001740,True,1195.449559,1195.449559
rand_n50_m100_d8_s1024,C_large,TYPE_C,2.387025,50,100,warm_start,13,89,0.85,6.8,0.002053,0.003155,0.000472,0.001909,True,1007.963332,1007.963332
rand_n50_m100_d8_s1024,C_medium,TYPE_C,0.866870,50,100,warm_start,11,79,0.86,7.2,0.002147,0.003207,0.000525,0.001865,True,1093.248336,1093.248336
rand_n50_m100_d8_s1024,C_medium,TYPE_C,0.721150,50,100,warm_start,9,84,0.89,9.3,0.002193,0.003162,0.000504,0.001925,True,1098.503607,1098.503607
rand_n50_m100_d8_s1024,C_large,TYPE_C,1.802874,50,100,warm_start,14,79,0.82,5.6,0.002038,0.003170,0.000469,0.001813,True,1091.208735,1091.208735
rand_n50_m100_d8_s1024,C_large,TYPE_C,2.167175,50,100,warm_start,16,82,0.80,5.1,0.002171,0.003087,0.000503,0.001819,True,1079.179213,1079.179213
