base_instance,perturbation,magnitude,n_vars,n_cons,delta_z,rhs_effect,obj_effect,interaction_effect,rhs_pct,obj_pct,interaction_pct,shapley_b,shapley_c,basis_preserved,nonlinearity,top_rhs_param,top_rhs_value,top_obj_param,top_obj_value
rand_n10_m10_d3_s42,RC_small,0.05,10,10,-4.023367,-3.026380,-0.915057,-0.081930,75.2,22.7,2.0,,,True,0.000000,c7,-2.703662,x2,4.197055
rand_n10_m10_d3_s42,RC_large,0.5,10,10,27.325496,9.358794,27.555852,-1.299654,34.2,100.8,4.8,,,False,0.303361,c7,23.597399,x10,14.028382
rand_n10_m10_d3_s42,RC_small,0.05,10,10,3.678476,0.935876,2.755597,-0.012996,25.4,74.9,0.4,,,True,0.000000,c7,2.359739,x10,1.402832
rand_n10_m10_d3_s42,RC_asym_bc,0.05,10,10,28.361762,0.935876,27.555852,-0.129966,3.3,97.2,0.5,,,True,0.000000,c7,2.359739,x10,14.028382
rand_n10_m10_d3_s42,RC_asym_cb,0.5,10,10,-31.998145,-30.263793,-0.915057,-0.819295,94.6,2.9,2.6,,,True,0.000000,c7,-27.036623,x2,4.197055
rand_n10_m10_d3_s42,RC_asym_bc,0.05,10,10,-7.393207,2.050283,-8.383891,-1.059598,27.7,113.4,14.3,,,True,0.000000,c7,2.941335,x2,20.457902
rand_n10_m10_d3_s42,RC_asym_cb,0.5,10,10,10.011678,20.502845,-0.838396,-1.059600,204.8,8.4,10.6,,,False,0.858315,c7,29.413347,x2,2.045780
rand_n10_m10_d3_s42,RC_medium,0.2,10,10,3.152252,8.201140,-3.353532,-1.695356,260.2,106.4,53.8,,,True,0.000000,c7,11.765339,x2,8.183161
rand_n10_m10_d3_s42,RC_medium,0.2,10,10,-17.076530,-12.105517,-3.660136,-1.310876,70.9,21.4,7.7,,,True,0.000000,c7,-10.814648,x2,16.788263
rand_n10_m10_d3_s123,RC_small,0.05,10,10,-10.958687,-1.035089,-9.910245,-0.013353,9.4,90.4,0.1,,,True,0.000000,c6,-1.351208,x1,-4.688810
rand_n10_m10_d3_s42,RC_medium,0.2,10,10,14.557891,3.743519,11.022316,-0.207944,25.7,75.7,1.4,,,True,0.000000,c7,9.438959,x10,5.611349
rand_n10_m10_d3_s123,RC_small,0.05,10,10,-6.668604,-0.361641,-6.315346,0.008383,5.4,94.7,0.1,,,True,0.000000,c6,-0.302027,x4,-3.862767
rand_n10_m10_d3_s42,RC_asym_cb,0.5,10,10,5.996058,9.358794,2.755597,-0.129964,156.1,46.0,2.2,,,False,0.998718,c7,23.597399,x10,1.402832
rand_n10_m10_d3_s123,RC_small,0.05,10,10,-0.578708,-0.588025,0.000249,0.009069,101.6,0.0,1.6,,,True,0.000000,c9,-0.996970,x4,-3.104690
rand_n10_m10_d3_s123,RC_medium,0.2,10,10,-43.994980,-4.140358,-39.640970,-0.213652,9.4,90.1,0.5,,,True,0.000000,c6,-5.404833,x1,-18.755220
rand_n10_m10_d3_s42,RC_small,0.05,10,10,1.105927,2.050283,-0.838396,-0.105960,185.4,75.8,9.6,,,True,0.000000,c7,2.941335,x2,2.045780
rand_n10_m10_d3_s123,RC_medium,0.2,10,10,-2.541627,-2.352102,0.001039,0.145096,92.5,0.0,5.7,,,False,0.132065,c9,-3.987881,x4,-12.418778
rand_n10_m10_d3_s123,RC_large,0.5,10,10,-111.795506,-10.350899,-99.102387,-1.335327,9.3,88.6,1.2,,,False,0.009007,c6,-13.512085,x1,-46.888039
rand_n10_m10_d3_s123,RC_large,0.5,10,10,-62.130994,-3.616409,-63.153223,0.838350,5.8,101.6,1.3,,,False,0.061166,c6,-3.020279,x4,-38.627580
rand_n10_m10_d3_s123,RC_large,0.5,10,10,-8.149668,-5.880255,0.002528,0.906850,72.2,0.0,11.1,,,False,0.390052,c9,-9.969701,x4,-31.046955
rand_n10_m10_d3_s123,RC_asym_bc,0.05,10,10,-58.773389,-0.361641,-63.153223,0.083835,0.6,107.5,0.1,,,False,0.079247,c6,-0.302027,x4,-38.627580
rand_n10_m10_d3_s42,RC_large,0.5,10,10,-5.046791,20.502845,-8.383891,-10.595978,406.3,166.1,210.0,,,False,1.301771,c7,29.413347,x2,20.457902
rand_n10_m10_d3_s123,RC_asym_bc,0.05,10,10,-0.494812,-0.588025,0.002528,0.090685,118.8,0.5,18.3,,,True,0.000000,c9,-0.996970,x4,-31.046955
rand_n10_m10_d3_s123,RC_asym_cb,0.5,10,10,-22.740942,-10.350899,-9.910245,-0.133533,45.5,43.6,0.6,,,False,0.103174,c6,-13.512085,x1,-4.688810
rand_n10_m10_d3_s123,RC_asym_cb,0.5,10,10,-9.847920,-3.616409,-6.315346,0.083835,36.7,64.1,0.9,,,True,0.000000,c6,-3.020279,x4,-3.862767
rand_n10_m10_d3_s123,RC_asym_cb,0.5,10,10,-7.834243,-5.880255,0.000249,0.090685,75.1,0.0,1.2,,,False,0.261024,c9,-9.969701,x4,-3.104690
rand_n10_m10_d3_s456,RC_small,0.05,10,10,-2.385231,-0.147342,-2.211231,-0.026657,6.2,92.7,1.1,,,True,0.000000,c10,-0.538517,x4,-2.429206
rand_n10_m10_d3_s456,RC_small,0.05,10,10,-2.978471,1.588408,-4.543055,-0.023824,53.3,152.5,0.8,,,True,0.000000,c10,1.038635,x3,2.171486
rand_n10_m10_d3_s123,RC_medium,0.2,10,10,-26.573697,-1.446563,-25.261269,0.134136,5.4,95.1,0.5,,,True,0.000000,c6,-1.208111,x4,-15.451032
rand_n10_m10_d3_s456,RC_medium,0.2,10,10,-12.199753,6.353634,-18.172207,-0.381181,52.1,149.0,3.1,,,True,0.000000,c10,4.154545,x3,8.685922
rand_n10_m10_d3_s456,RC_small,0.05,10,10,-1.770389,-1.865560,0.090774,0.004398,105.4,5.1,0.2,,,True,0.000000,c10,-1.746251,x4,-1.952493
rand_n10_m10_d3_s456,RC_medium,0.2,10,10,-9.860696,-0.589368,-8.844815,-0.426513,6.0,89.7,4.3,,,True,0.000000,c10,-2.154066,x4,-9.716850
rand_n10_m10_d3_s456,RC_medium,0.2,10,10,-7.829238,-7.462242,0.363157,0.070356,95.3,4.6,0.9,,,False,0.102246,c10,-6.984999,x4,-7.809920
rand_n10_m10_d3_s456,RC_large,0.5,10,10,-32.999962,15.884082,-45.430513,-2.382380,48.1,137.7,7.2,,,False,0.032459,c10,10.386361,x3,21.714772
rand_n10_m10_d3_s123,RC_asym_bc,0.05,10,10,-100.271009,-1.035089,-99.102387,-0.133533,1.0,98.8,0.1,,,True,0.000000,c6,-1.351208,x1,-46.888039
rand_n10_m10_d3_s456,RC_large,0.5,10,10,-28.242457,-18.655604,0.907861,0.439735,66.1,3.2,1.6,,,False,0.387164,c10,-17.462499,x4,-19.524826
rand_n10_m10_d3_s42,RC_asym_bc,0.05,10,10,-12.996031,-3.026380,-9.150353,-0.819297,23.3,70.4,6.3,,,True,0.000000,c7,-2.703662,x2,41.970656
rand_n10_m10_d3_s456,RC_asym_bc,0.05,10,10,-44.080343,1.588408,-45.430513,-0.238238,3.6,103.1,0.5,,,True,0.000000,c10,1.038635,x3,21.714772
rand_n10_m10_d3_s42,RC_large,0.5,10,10,-47.607109,-30.263793,-9.150353,-8.192963,63.6,19.2,17.2,,,True,0.000000,c7,-27.036623,x2,41.970656
rand_n10_m10_d3_s456,RC_asym_bc,0.05,10,10,-22.525976,-0.147342,-22.112063,-0.266570,0.7,98.2,1.2,,,True,0.000000,c10,-0.538517,x4,-24.292137
rand_n10_m10_d3_s456,RC_asym_bc,0.05,10,10,-0.913725,-1.865560,0.907861,0.043974,204.2,99.4,4.8,,,True,0.000000,c10,-1.746251,x4,-19.524826
rand_n10_m10_d3_s456,RC_asym_cb,0.5,10,10,9.411848,15.884082,-4.543055,-0.238236,168.8,48.3,2.5,,,False,0.179661,c10,10.386361,x3,2.171486
rand_n10_m10_d3_s456,RC_asym_cb,0.5,10,10,-27.942786,-18.655604,0.090774,0.043975,66.8,0.3,0.2,,,False,0.337187,c10,-17.462499,x4,-1.952493
rand_n10_m10_d3_s789,RC_small,0.05,10,10,-10.428793,-2.342948,-8.046635,-0.039210,22.5,77.2,0.4,,,True,0.000000,c5,-2.293709,x5,-4.652292
rand_n10_m10_d3_s789,RC_small,0.05,10,10,-1.310998,1.770697,-3.033287,-0.048408,135.1,231.4,3.7,,,True,0.000000,c5,1.463444,x5,-1.490772
rand_n10_m10_d3_s789,RC_medium,0.2,10,10,-41.847209,-9.371782,-32.186552,-0.627362,22.4,76.9,1.5,,,False,0.008089,c5,-9.174837,x5,-18.609168
rand_n10_m10_d3_s789,RC_medium,0.2,10,10,-5.464029,7.082787,-12.133171,-0.774536,129.6,222.1,14.2,,,False,0.066049,c5,5.853783,x5,-5.963116
rand_n10_m10_d3_s789,RC_small,0.05,10,10,1.491624,0.086465,1.431756,-0.026596,5.8,96.0,1.8,,,True,0.000000,c5,0.837707,x5,2.728314
rand_n10_m10_d3_s456,RC_large,0.5,10,10,-26.251197,-1.473427,-22.112063,-2.665706,5.6,84.2,10.2,,,True,0.000000,c10,-5.385171,x4,-24.292137
rand_n10_m10_d3_s789,RC_medium,0.2,10,10,5.647369,0.345855,5.727059,-0.425545,6.1,101.4,7.5,,,True,0.000000,c5,3.350823,x5,10.913287
rand_n10_m10_d3_s789,RC_large,0.5,10,10,-104.977754,-23.429466,-80.466368,-3.921014,22.3,76.7,3.7,,,False,0.027045,c5,-22.937094,x5,-46.522891
rand_n10_m10_d3_s789,RC_asym_bc,0.05,10,10,-23.914993,1.770697,-30.332893,-0.484085,7.4,126.8,2.0,,,False,0.214564,c5,1.463444,x5,-14.907747
rand_n10_m10_d3_s789,RC_asym_bc,0.05,10,10,16.502712,0.086465,14.317682,-0.265965,0.5,86.8,1.6,,,False,0.143281,c5,0.837707,x5,27.283232
rand_n10_m10_d3_s789,RC_asym_cb,0.5,10,10,13.752846,17.706977,-3.033287,-0.484084,128.8,22.1,3.5,,,False,0.031758,c5,14.634458,x5,-1.490772
rand_n10_m10_d3_s789,RC_asym_bc,0.05,10,10,-78.259309,-2.342948,-80.466368,-0.392102,3.0,102.8,0.5,,,False,0.063150,c5,-2.293709,x5,-46.522891
rand_n10_m10_d3_s789,RC_asym_cb,0.5,10,10,-31.868202,-23.429466,-8.046635,-0.392101,73.5,25.2,1.2,,,True,0.000000,c5,-22.937094,x5,-4.652292
rand_n10_m10_d3_s456,RC_asym_cb,0.5,10,10,-3.951230,-1.473427,-2.211231,-0.266571,37.3,56.0,6.7,,,True,0.000000,c10,-5.385171,x4,-2.429206
rand_n10_m10_d3_s789,RC_large,0.5,10,10,-47.302071,0.864630,14.317682,-2.659646,1.8,30.3,5.6,,,False,1.264738,c5,8.377057,x5,27.283232
rand_n10_m10_d3_s789,RC_asym_cb,0.5,10,10,-53.955028,0.864630,1.431756,-0.265962,1.6,2.7,0.5,,,False,1.037632,c5,8.377057,x5,2.728314
rand_n10_m10_d3_s1024,RC_small,0.05,10,10,-3.433330,-1.481583,-1.992786,0.041038,43.2,58.0,1.2,,,True,0.000000,c6,-1.404152,x3,2.416214
rand_n10_m10_d3_s1024,RC_small,0.05,10,10,2.471597,0.269906,2.191983,0.009709,10.9,88.7,0.4,,,True,0.000000,c6,0.424970,x5,1.080018
rand_n10_m10_d3_s1024,RC_medium,0.2,10,10,0.210897,-0.770414,0.885672,0.095639,365.3,420.0,45.3,,,True,0.000000,c6,-1.255448,x6,5.727064
rand_n10_m10_d3_s1024,RC_medium,0.2,10,10,10.002858,1.079614,8.767906,0.155338,10.8,87.7,1.6,,,True,0.000000,c6,1.699873,x5,4.320102
rand_n10_m10_d3_s1024,RC_medium,0.2,10,10,-13.240911,-5.926340,-7.971179,0.656607,44.8,60.2,5.0,,,True,0.000000,c6,-5.616610,x3,9.664823
rand_n10_m10_d3_s1024,RC_large,0.5,10,10,0.885895,-1.926036,2.214190,0.597741,217.4,249.9,67.5,,,True,0.000000,c6,-3.138620,x6,14.317670
rand_n10_m10_d3_s1024,RC_large,0.5,10,10,-30.371803,-14.815847,-19.927959,4.103799,48.8,65.6,13.5,,,False,0.008831,c6,-14.041523,x3,24.162057
rand_n10_m10_d3_s1024,RC_large,0.5,10,10,25.589634,2.699034,21.919738,0.970862,10.5,85.7,3.8,,,True,0.000000,c6,4.249681,x5,10.800238
rand_n10_m10_d3_s1024,RC_asym_bc,0.05,10,10,-20.335164,-1.481583,-19.927959,0.410380,7.3,98.0,2.0,,,False,0.032653,c6,-1.404152,x3,24.162057
rand_n10_m10_d3_s789,RC_large,0.5,10,10,-11.487727,17.706977,-30.332893,-4.840853,154.1,264.0,42.1,,,False,0.520472,c5,14.634458,x5,-14.907747
rand_n10_m10_d3_s1024,RC_asym_bc,0.05,10,10,2.081359,-0.192605,2.214190,0.059774,9.3,106.4,2.9,,,True,0.000000,c6,-0.313862,x6,14.317670
rand_n10_m10_d3_s1024,RC_asym_bc,0.05,10,10,22.286731,0.269906,21.919738,0.097086,1.2,98.4,0.4,,,True,0.000000,c6,0.424970,x5,10.800238
rand_n10_m10_d3_s1024,RC_asym_cb,0.5,10,10,-1.644818,-1.926036,0.221443,0.059775,117.1,13.5,3.6,,,True,0.000000,c6,-3.138620,x6,1.431772
rand_n10_m10_d3_s1024,RC_asym_cb,0.5,10,10,-16.398252,-14.815847,-1.992786,0.410381,90.4,12.2,2.5,,,True,0.000000,c6,-14.041523,x3,2.416214
rand_n10_m10_d3_s1024,RC_asym_cb,0.5,10,10,4.988102,2.699034,2.191983,0.097086,54.1,43.9,1.9,,,True,0.000000,c6,4.249681,x5,1.080018
rand_n10_m10_d5_s42,RC_small,0.05,10,10,-4.084179,-3.654809,-0.275381,-0.153989,89.5,6.7,3.8,,,True,0.000000,c6,-3.413356,x2,5.377455
rand_n10_m10_d5_s42,RC_small,0.05,10,10,0.377880,-0.152120,0.596167,-0.066167,40.3,157.8,17.5,,,True,0.000000,c7,1.104236,x2,2.621145
rand_n10_m10_d5_s42,RC_medium,0.2,10,10,-18.184489,-14.619243,-1.101414,-2.463832,80.4,6.1,13.5,,,True,0.000000,c6,-13.653427,x2,21.509872
rand_n10_m10_d5_s42,RC_medium,0.2,10,10,7.415035,4.121652,5.630526,-1.860682,55.6,75.9,25.1,,,False,0.064256,c10,-7.084133,x10,5.611349
rand_n10_m10_d5_s42,RC_medium,0.2,10,10,0.717536,-0.608490,2.384703,-1.058676,84.8,332.3,147.5,,,True,0.000000,c7,4.416945,x2,10.484632
rand_n10_m10_d5_s42,RC_large,0.5,10,10,-54.700580,-36.548103,-2.753538,-15.398939,66.8,5.0,28.2,,,True,0.000000,c6,-34.133561,x2,53.774681
rand_n10_m10_d5_s42,RC_large,0.5,10,10,6.084771,10.304128,14.076383,-11.629261,169.3,231.3,191.1,,,False,1.095601,c10,-17.710333,x10,14.028382
rand_n10_m10_d5_s42,RC_asym_bc,0.05,10,10,-7.948241,-3.654809,-2.753538,-1.539893,46.0,34.6,19.4,,,True,0.000000,c6,-3.413356,x2,53.774681
rand_n10_m10_d5_s42,RC_small,0.05,10,10,2.321772,1.030415,1.407650,-0.116292,44.4,60.6,5.0,,,True,0.000000,c10,-1.771033,x10,1.402832
rand_n10_m10_d5_s42,RC_asym_bc,0.05,10,10,13.943872,1.030415,14.076383,-1.162926,7.4,101.0,8.3,,,True,0.000000,c10,-1.771033,x10,14.028382
rand_n10_m10_d5_s42,RC_large,0.5,10,10,-2.176265,-1.521230,5.961697,-6.616732,69.9,273.9,304.0,,,True,0.000000,c7,11.042364,x2,26.211579
rand_n10_m10_d5_s42,RC_asym_cb,0.5,10,10,-38.363370,-36.548103,-0.275381,-1.539886,95.3,0.7,4.0,,,True,0.000000,c6,-34.133561,x2,5.377455
rand_n10_m10_d3_s1024,RC_small,0.05,10,10,0.034816,-0.192605,0.221443,0.005977,553.2,636.0,17.2,,,True,0.000000,c6,-0.313862,x6,1.431772
rand_n10_m10_d5_s42,RC_asym_cb,0.5,10,10,1.689928,10.304128,1.407650,-1.162923,609.7,83.3,68.8,,,False,5.242193,c10,-17.710333,x10,1.402832
rand_n10_m10_d5_s42,RC_asym_bc,0.05,10,10,5.147905,-0.152120,5.961697,-0.661672,3.0,115.8,12.9,,,True,0.000000,c7,1.104236,x2,26.211579
rand_n10_m10_d5_s42,RC_asym_cb,0.5,10,10,-1.586735,-1.521230,0.596167,-0.661672,95.9,37.6,41.7,,,True,0.000000,c7,11.042364,x2,2.621145
rand_n10_m10_d5_s123,RC_small,0.05,10,10,-10.571106,-0.665001,-9.895063,-0.011042,6.3,93.6,0.1,-0.643925,-9.927181,True,0.000000,c6,-1.695273,x1,-4.688810
rand_n10_m10_d5_s123,RC_small,0.05,10,10,-5.750524,0.116160,-5.874187,0.007504,2.0,102.2,0.1,-0.503929,-5.246594,True,0.000000,c6,-0.378933,x4,-3.862767
rand_n10_m10_d5_s123,RC_medium,0.2,10,10,-22.911972,0.464631,-23.496672,0.120070,2.0,102.6,0.5,-1.970826,-20.941146,True,0.000000,c6,-1.515738,x4,-15.451032
rand_n10_m10_d5_s123,RC_large,0.5,10,10,-106.252441,-6.650037,-98.950693,-1.104155,6.3,93.1,1.0,-6.709792,-99.542648,False,0.004258,c6,-16.952755,x1,-46.888039
rand_n10_m10_d5_s123,RC_medium,0.2,10,10,6.210485,8.048655,-2.640436,0.802266,129.6,42.5,12.9,10.127204,-3.916719,True,0.000000,c4,8.135251,x4,-12.418778
rand_n10_m10_d5_s123,RC_small,0.05,10,10,1.402188,2.012164,-0.660117,0.050141,143.5,47.1,3.6,2.456577,-1.054389,True,0.000000,c4,2.033810,x4,-3.104690
rand_n10_m10_d5_s123,RC_large,0.5,10,10,-56.829714,1.161574,-58.741725,0.750436,2.0,103.4,1.3,-4.701898,-52.127816,True,0.000000,c6,-3.789348,x4,-38.627580
rand_n10_m10_d5_s123,RC_large,0.5,10,10,9.580947,20.121646,-6.601141,5.014151,210.0,68.9,52.3,22.345417,-12.764470,False,0.934533,c4,20.338127,x4,-31.046955
rand_n10_m10_d5_s123,RC_asym_bc,0.05,10,10,-99.391135,-0.665001,-98.950693,-0.110415,0.7,99.6,0.1,8.315253,-107.706388,False,0.003370,c6,-1.695273,x1,-46.888039
rand_n10_m10_d5_s123,RC_asym_cb,0.5,10,10,-17.361315,-6.650037,-9.895063,-0.110419,38.3,57.0,0.6,-15.633422,-1.727893,False,0.040653,c6,-16.952755,x1,-4.688810
rand_n10_m10_d5_s123,RC_asym_bc,0.05,10,10,-2.974660,2.012164,-6.601141,0.501415,67.6,221.9,16.9,-72.305387,69.330727,False,0.374128,c4,2.033810,x4,-31.046955
rand_n10_m10_d5_s123,RC_asym_cb,0.5,10,10,-4.637571,1.161574,-5.874187,0.075042,25.0,126.7,1.6,8.077437,-12.715008,True,0.000000,c6,-3.789348,x4,-3.862767
rand_n10_m10_d5_s456,RC_small,0.05,10,10,-11.212076,-4.870624,-6.445361,0.103909,43.4,57.5,0.9,,,True,0.000000,c7,-5.128799,x6,-2.259221
rand_n10_m10_d5_s123,RC_asym_cb,0.5,10,10,12.324682,20.121646,-0.660117,0.501411,163.3,5.4,4.1,96.290825,-83.966143,False,0.619753,c4,20.338127,x4,-3.104690
rand_n10_m10_d5_s456,RC_small,0.05,10,10,2.476985,5.570709,-2.525652,0.012211,224.9,102.0,0.5,,,False,0.234270,c7,5.579662,x4,-2.429206
rand_n10_m10_d5_s456,RC_small,0.05,10,10,2.997219,3.695271,-0.321292,0.071387,123.3,10.7,2.4,,,False,0.149521,c7,4.476384,x4,-1.952493
rand_n10_m10_d5_s456,RC_medium,0.2,10,10,-43.601378,-19.482503,-25.781421,1.662546,44.7,59.1,3.8,,,True,0.000000,c7,-20.515202,x6,-9.036904
rand_n10_m10_d5_s456,RC_medium,0.2,10,10,8.108133,22.282832,-10.102570,0.195389,274.8,124.6,2.4,,,False,0.526326,c7,22.318644,x4,-9.716850
rand_n10_m10_d5_s456,RC_medium,0.2,10,10,11.024719,14.781089,-1.285096,1.142201,134.1,11.7,10.4,,,False,0.327761,c7,17.905542,x4,-7.809920
rand_n10_m10_d5_s456,RC_large,0.5,10,10,-106.787541,-48.706254,-64.453525,10.390905,45.6,60.4,9.7,,,False,0.037632,c7,-51.288003,x6,-22.592269
rand_n10_m10_d5_s456,RC_large,0.5,10,10,15.039924,55.707074,-25.256443,1.221188,370.4,167.9,8.1,,,False,1.105850,c7,55.796606,x4,-24.292137
rand_n10_m10_d5_s456,RC_large,0.5,10,10,26.786946,36.952720,-3.212801,7.138766,138.0,12.0,26.7,,,False,0.526067,c7,44.763854,x4,-19.524826
rand_n10_m10_d5_s456,RC_asym_bc,0.05,10,10,-65.028430,-4.870624,-64.453525,1.039090,7.5,99.1,1.6,,,False,0.050080,c7,-5.128799,x6,-22.592269
rand_n10_m10_d5_s456,RC_asym_bc,0.05,10,10,-20.115551,5.570709,-25.256443,0.122119,27.7,125.6,0.6,,,False,0.027438,c7,5.579662,x4,-24.292137
rand_n10_m10_d5_s456,RC_asym_bc,0.05,10,10,0.551379,3.695271,-3.212801,0.713876,670.2,582.7,129.5,,,False,1.169737,c7,4.476384,x4,-19.524826
rand_n10_m10_d5_s456,RC_asym_cb,0.5,10,10,-57.565231,-48.706254,-6.445361,1.039088,84.6,11.2,1.8,,,False,0.059979,c7,-51.288003,x6,-2.259221
rand_n10_m10_d5_s456,RC_asym_cb,0.5,10,10,41.562084,55.707074,-2.525652,0.122115,134.0,6.1,0.3,,,False,0.282504,c7,55.796606,x4,-2.429206
rand_n10_m10_d5_s123,RC_asym_bc,0.05,10,10,-58.550522,0.116160,-58.741725,0.075043,0.2,100.3,0.1,-13.587192,-44.963330,True,0.000000,c6,-0.378933,x4,-38.627580
rand_n10_m10_d5_s456,RC_asym_cb,0.5,10,10,27.553859,36.952720,-0.321292,0.713874,134.1,1.2,2.6,,,False,0.355356,c7,44.763854,x4,-1.952493
rand_n10_m10_d5_s123,RC_medium,0.2,10,10,-42.416973,-2.660015,-39.580293,-0.176665,6.3,93.3,0.4,-2.641916,-39.775057,True,0.000000,c6,-6.781104,x1,-18.755220
rand_n10_m10_d5_s789,RC_small,0.05,10,10,-2.835366,-2.790214,-0.017809,-0.027343,98.4,0.6,1.0,,,True,0.000000,c5,-2.671886,x2,2.005861
rand_n10_m10_d5_s789,RC_small,0.05,10,10,0.612353,1.253398,-0.624390,-0.016655,204.7,102.0,2.7,,,True,0.000000,c5,0.975822,x4,-0.979201
rand_n10_m10_d5_s789,RC_medium,0.2,10,10,-11.821062,-11.160850,-0.071282,-0.437488,94.4,0.6,3.7,,,False,0.012811,c5,-10.687546,x2,8.023454
rand_n10_m10_d5_s789,RC_medium,0.2,10,10,2.255392,9.366560,-6.408551,-0.702617,415.3,284.1,31.2,,,True,0.000000,c5,6.818930,x4,-4.873153
rand_n10_m10_d5_s789,RC_medium,0.2,10,10,2.249569,5.013597,-2.497543,-0.266485,222.9,111.0,11.8,,,True,0.000000,c5,3.903292,x4,-3.916806
rand_n10_m10_d5_s789,RC_large,0.5,10,10,-32.464862,-27.902126,-0.178217,-2.734309,85.9,0.5,8.4,,,False,0.050831,c5,-26.718864,x2,20.058630
rand_n10_m10_d5_s789,RC_small,0.05,10,10,0.695578,2.341639,-1.602147,-0.043913,336.6,230.3,6.3,,,True,0.000000,c5,1.704732,x4,-1.218288
rand_n10_m10_d5_s789,RC_large,0.5,10,10,1.813740,12.533989,-6.243854,-1.665532,691.1,344.3,91.8,,,False,1.549761,c5,9.758229,x4,-9.791997
rand_n10_m10_d5_s789,RC_large,0.5,10,10,0.849646,23.416397,-16.021378,-4.391359,2756.0,1885.7,516.8,,,False,2.535190,c5,17.047323,x4,-12.182883
rand_n10_m10_d5_s789,RC_asym_cb,0.5,10,10,-29.694933,-27.902126,-0.017809,-0.273432,94.0,0.1,0.9,,,False,0.050566,c5,-26.718864,x2,2.005861
rand_n10_m10_d5_s789,RC_asym_cb,0.5,10,10,8.632997,12.533989,-0.624390,-0.166554,145.2,7.2,1.9,,,False,0.360251,c5,9.758229,x4,-0.979201
rand_n10_m10_d5_s789,RC_asym_bc,0.05,10,10,-5.157009,1.253398,-6.243854,-0.166553,24.3,121.1,3.2,,,True,0.000000,c5,0.975822,x4,-9.791997
rand_n10_m10_d5_s789,RC_asym_cb,0.5,10,10,17.540448,23.416397,-1.602147,-0.439134,133.5,9.1,2.5,,,False,0.218619,c5,17.047323,x4,-1.218288
rand_n10_m10_d5_s1024,RC_small,0.05,10,10,-3.597959,-1.722978,-1.928390,0.000804,47.9,53.6,0.0,,,False,0.014621,c6,-1.624464,x3,2.416214
rand_n10_m10_d5_s1024,RC_small,0.05,10,10,0.513570,0.208584,0.306931,-0.001945,40.6,59.8,0.4,,,True,0.000000,c1,0.732063,x6,1.431772
rand_n10_m10_d5_s1024,RC_small,0.05,10,10,1.104599,-0.921655,1.983970,-0.015949,83.4,179.6,1.4,,,False,0.052718,c1,-0.936164,x5,1.148857
rand_n10_m10_d5_s1024,RC_medium,0.2,10,10,-13.766154,-6.891949,-7.713594,0.012850,50.1,56.0,0.1,,,False,0.060041,c6,-6.497857,x3,9.664823
rand_n10_m10_d5_s1024,RC_medium,0.2,10,10,1.759027,0.834365,1.227614,-0.031113,47.4,69.8,1.8,,,False,0.154539,c1,2.928282,x6,5.727064
rand_n10_m10_d5_s1024,RC_medium,0.2,10,10,4.983523,-3.686649,7.935860,-0.255178,74.0,159.2,5.1,,,False,0.198552,c1,-3.744671,x5,4.595463
rand_n10_m10_d5_s1024,RC_large,0.5,10,10,-31.457128,-17.229879,-19.284003,0.080321,54.8,61.3,0.3,,,False,0.158197,c6,-16.244642,x3,24.162057
rand_n10_m10_d5_s1024,RC_large,0.5,10,10,2.796003,2.085919,3.069036,-0.194457,74.6,109.8,7.0,,,False,0.774139,c1,7.320706,x6,14.317670
rand_n10_m10_d5_s1024,RC_large,0.5,10,10,14.430171,-9.216633,19.839620,-1.594871,63.9,137.5,11.1,,,False,0.374358,c1,-9.361686,x5,11.488641
rand_n10_m10_d5_s1024,RC_asym_bc,0.05,10,10,3.763358,0.208584,3.069036,-0.019446,5.5,81.6,0.5,,,False,0.134238,c1,0.732063,x6,14.317670
rand_n10_m10_d5_s1024,RC_asym_bc,0.05,10,10,20.080185,-0.921655,19.839620,-0.159485,4.6,98.8,0.8,,,False,0.065821,c1,-0.936164,x5,11.488641
rand_n10_m10_d5_s789,RC_asym_bc,0.05,10,10,-14.112384,2.341639,-16.021378,-0.439136,16.6,113.5,3.1,,,False,0.000460,c5,1.704732,x4,-12.182883
rand_n10_m10_d5_s1024,RC_asym_cb,0.5,10,10,-0.046536,2.085919,0.306931,-0.019445,4482.3,659.6,41.8,,,False,52.001163,c1,7.320706,x6,1.431772
rand_n10_m10_d5_s1024,RC_asym_cb,0.5,10,10,-7.154145,-9.216633,1.983970,-0.159487,128.8,27.7,2.2,,,False,0.033268,c1,-9.361686,x5,1.148857
rand_n10_m10_d8_s42,RC_small,0.05,10,10,-4.598510,-3.118292,-1.419714,-0.060504,67.8,30.9,1.3,,,True,0.000000,c6,-3.055001,x2,4.888306
rand_n10_m10_d8_s42,RC_small,0.05,10,10,3.377698,1.474356,1.927953,-0.024611,43.6,57.1,0.7,,,True,0.000000,c6,0.924598,x9,2.013065
rand_n10_m10_d8_s42,RC_small,0.05,10,10,-1.048361,-0.566509,-0.458617,-0.023235,54.0,43.7,2.2,,,True,0.000000,c6,-0.682867,x2,2.382718
rand_n10_m10_d8_s42,RC_medium,0.2,10,10,-18.142722,-12.473169,-5.678745,-0.968069,68.8,31.3,5.3,,,False,0.053865,c6,-12.220005,x2,19.553274
rand_n10_m10_d8_s42,RC_medium,0.2,10,10,-3.057403,-2.266037,-1.834437,-0.371764,74.1,60.0,12.2,,,False,0.462757,c6,-2.731465,x2,9.530920
rand_n10_m10_d8_s42,RC_medium,0.2,10,10,13.215398,5.897429,7.711745,-0.393777,44.6,58.4,3.0,,,True,0.000000,c6,3.698397,x9,8.052280
rand_n10_m10_d8_s42,RC_large,0.5,10,10,-39.589119,-31.182925,-14.196869,-6.050429,78.8,35.9,15.3,,,False,0.299100,c6,-30.550017,x2,48.883184
rand_n10_m10_d5_s1024,RC_asym_cb,0.5,10,10,-18.977357,-17.229879,-1.928390,0.008038,90.8,10.2,0.0,,,False,0.009109,c6,-16.244642,x3,2.416214
rand_n10_m10_d8_s42,RC_large,0.5,10,10,-1.773778,-5.665093,-4.586174,-2.323525,319.4,258.6,131.0,,,False,6.089270,c6,-6.828666,x2,23.827300
rand_n10_m10_d8_s42,RC_large,0.5,10,10,31.561907,14.743576,19.279432,-2.461101,46.7,61.1,7.8,,,True,0.000000,c6,9.245995,x9,20.130709
rand_n10_m10_d8_s42,RC_asym_bc,0.05,10,10,-9.864434,-3.118292,-14.196869,-0.605043,31.6,143.9,6.1,,,False,0.816648,c6,-3.055001,x2,48.883184
rand_n10_m10_d8_s42,RC_asym_bc,0.05,10,10,2.427246,-0.566509,-4.586174,-0.232352,23.3,188.9,9.6,,,False,3.218578,c6,-0.682867,x2,23.827300
rand_n10_m10_d8_s42,RC_asym_bc,0.05,10,10,20.507678,1.474356,19.279432,-0.246110,7.2,94.0,1.2,,,True,0.000000,c6,0.924598,x9,20.130709
rand_n10_m10_d8_s42,RC_asym_cb,0.5,10,10,-33.207678,-31.182925,-1.419714,-0.605039,93.9,4.3,1.8,,,True,0.000000,c6,-30.550017,x2,4.888306
rand_n10_m10_d8_s42,RC_asym_cb,0.5,10,10,16.425419,14.743576,1.927953,-0.246110,89.8,11.7,1.5,,,True,0.000000,c6,9.245995,x9,2.013065
rand_n10_m10_d8_s123,RC_small,0.05,10,10,-14.819629,-5.809541,-9.177719,0.167631,39.2,61.9,1.1,,,True,0.000000,c6,-2.468213,x1,-4.688810
rand_n10_m10_d8_s123,RC_small,0.05,10,10,2.296516,3.156444,-0.842331,-0.017597,137.4,36.7,0.8,,,True,0.000000,c4,1.453235,x4,-2.691978
rand_n10_m10_d8_s123,RC_medium,0.2,10,10,-59.065416,-23.238176,-36.710906,2.682106,39.3,62.2,4.5,,,False,0.030448,c6,-9.872855,x1,-18.755220
rand_n10_m10_d8_s123,RC_medium,0.2,10,10,-13.565040,5.338009,-18.262984,-0.640065,39.4,134.6,4.7,,,True,0.000000,c5,4.323391,x4,-13.397097
rand_n10_m10_d8_s123,RC_medium,0.2,10,10,8.382375,12.625776,-3.369303,-0.281552,150.6,40.2,3.4,,,False,0.070690,c4,5.812938,x4,-10.767926
rand_n10_m10_d8_s123,RC_small,0.05,10,10,-3.271274,1.334501,-4.565771,-0.040004,40.8,139.6,1.2,,,True,0.000000,c5,1.080848,x4,-3.349282
rand_n10_m10_d8_s123,RC_large,0.5,10,10,9.709543,31.564432,-8.423305,-1.759702,325.1,86.8,18.1,,,False,1.202104,c4,14.532343,x4,-26.919824
rand_n10_m10_d8_s123,RC_large,0.5,10,10,-171.192978,-58.095434,-91.777237,16.763153,33.9,53.6,9.8,,,False,0.222459,c6,-24.682139,x1,-46.888039
rand_n10_m10_d8_s123,RC_large,0.5,10,10,-38.423422,13.345014,-45.657499,-4.000405,34.7,118.8,10.4,,,False,0.054928,c5,10.808478,x4,-33.492743
rand_n10_m10_d8_s123,RC_asym_bc,0.05,10,10,-95.910464,-5.809541,-91.777237,1.676315,6.1,95.7,1.7,,,True,0.000000,c6,-2.468213,x1,-46.888039
rand_n10_m10_d5_s789,RC_asym_bc,0.05,10,10,-3.241862,-2.790214,-0.178217,-0.273431,86.1,5.5,8.4,,,True,0.000000,c5,-2.671886,x2,20.058630
rand_n10_m10_d8_s123,RC_asym_bc,0.05,10,10,-44.723039,1.334501,-45.657499,-0.400040,3.0,102.1,0.9,,,True,0.000000,c5,1.080848,x4,-33.492743
rand_n10_m10_d5_s1024,RC_asym_bc,0.05,10,10,-18.603083,-1.722978,-19.284003,0.008032,9.3,103.7,0.0,,,False,0.128789,c6,-1.624464,x3,24.162057
rand_n10_m10_d8_s123,RC_asym_cb,0.5,10,10,-138.569605,-58.095434,-9.177719,1.676313,41.9,6.6,1.2,,,False,0.526615,c6,-24.682139,x1,-4.688810
rand_n10_m10_d8_s123,RC_asym_bc,0.05,10,10,-5.442832,3.156444,-8.423305,-0.175970,58.0,154.8,3.2,,,True,0.000000,c4,1.453235,x4,-26.919824
rand_n10_m10_d8_s456,RC_small,0.05,10,10,-8.743036,-4.950498,-3.736499,-0.056039,56.6,42.7,0.6,,,True,0.000000,c7,-4.854103,x6,-2.259221
rand_n10_m10_d8_s123,RC_asym_cb,0.5,10,10,5.392052,13.345014,-4.565771,-0.400040,247.5,84.7,7.4,,,False,0.553991,c5,10.808478,x4,-3.349282
rand_n10_m10_d8_s456,RC_small,0.05,10,10,5.252050,4.215730,1.014773,0.021547,80.3,19.3,0.4,,,True,0.000000,c7,4.236633,x9,0.822366
rand_n10_m10_d8_s123,RC_asym_cb,0.5,10,10,17.194602,31.564432,-0.842331,-0.175970,183.6,4.9,1.0,,,False,0.776495,c4,14.532343,x4,-2.691978
rand_n10_m10_d8_s456,RC_medium,0.2,10,10,-35.540047,-19.801994,-14.945967,-0.896620,55.7,42.1,2.5,,,False,0.002941,c7,-19.416413,x6,-9.036904
rand_n10_m10_d8_s456,RC_medium,0.2,10,10,18.634519,20.990368,-1.690668,0.380494,112.6,9.1,2.0,,,False,0.056115,c7,21.123265,x6,6.793344
rand_n10_m10_d8_s456,RC_large,0.5,10,10,-96.862280,-49.504985,-37.364938,-5.603873,51.1,38.6,5.8,,,False,0.045306,c7,-48.541034,x6,-22.592269
rand_n10_m10_d8_s456,RC_medium,0.2,10,10,21.266791,16.862918,4.059122,0.344751,79.3,19.1,1.6,,,True,0.000000,c7,16.946528,x9,3.289470
rand_n10_m10_d8_s456,RC_large,0.5,10,10,33.496102,52.475920,-4.226687,2.378090,156.7,12.6,7.1,,,False,0.511439,c7,52.808162,x6,16.983370
rand_n10_m10_d8_s42,RC_asym_cb,0.5,10,10,-6.356062,-5.665093,-0.458617,-0.232351,89.1,7.2,3.7,,,True,0.000000,c6,-6.828666,x2,2.382718
rand_n10_m10_d8_s456,RC_large,0.5,10,10,48.469163,42.157291,10.147784,2.154702,87.0,20.9,4.4,,,False,0.123596,c7,42.366315,x9,8.223672
rand_n10_m10_d8_s456,RC_asym_bc,0.05,10,10,14.578985,4.215730,10.147784,0.215471,28.9,69.6,1.5,,,True,0.000000,c7,4.236633,x9,8.223672
rand_n10_m10_d8_s456,RC_asym_bc,0.05,10,10,1.258714,5.247592,-4.226687,0.237809,416.9,335.8,18.9,,,True,0.000000,c7,5.280816,x6,16.983370
rand_n10_m10_d8_s456,RC_asym_cb,0.5,10,10,-58.468649,-49.504985,-3.736499,-0.560395,84.7,6.4,1.0,,,False,0.079817,c7,-48.541034,x6,-2.259221
rand_n10_m10_d8_s456,RC_asym_bc,0.05,10,10,-41.993919,-4.950498,-37.364938,-0.560387,11.8,89.0,1.3,,,False,0.021001,c7,-4.854103,x6,-22.592269
rand_n10_m10_d8_s456,RC_asym_cb,0.5,10,10,41.010900,42.157291,1.014773,0.215468,102.8,2.5,0.5,,,False,0.057951,c7,42.366315,x9,0.822366
rand_n10_m10_d8_s456,RC_asym_cb,0.5,10,10,47.656189,52.475920,-0.422699,0.237808,110.1,0.9,0.5,,,False,0.097256,c7,52.808162,x6,1.698331
rand_n10_m10_d8_s789,RC_small,0.05,10,10,-0.216713,1.371157,-1.584152,-0.003718,632.7,731.0,1.7,14.004013,-14.220726,True,0.000000,c5,1.676248,x4,-1.322277
rand_n10_m10_d8_s789,RC_medium,0.2,10,10,-15.161993,-7.834667,-3.643896,-0.903367,51.7,24.0,6.0,47.461071,-62.623064,False,0.183357,c5,-10.508969,x2,8.023454
rand_n10_m10_d8_s789,RC_small,0.05,10,10,-0.480561,0.336780,-0.746189,-0.071152,70.1,155.3,14.8,-2.108722,1.628160,True,0.000000,c5,0.959519,x4,-1.062783
rand_n10_m10_d8_s456,RC_small,0.05,10,10,4.848674,5.247592,-0.422699,0.023781,108.2,8.7,0.5,,,True,0.000000,c7,5.280816,x6,1.698331
rand_n10_m10_d8_s789,RC_large,0.5,10,10,-38.497473,-19.586669,-9.109741,-5.646085,50.9,23.7,14.7,118.356378,-156.853850,False,0.107929,c5,-26.272424,x2,20.058630
rand_n10_m10_d8_s789,RC_large,0.5,10,10,-2.201747,13.711581,-15.841364,-0.371894,622.8,719.5,16.9,140.022157,-142.223904,False,0.136224,c5,16.762484,x4,-13.222772
rand_n10_m10_d8_s789,RC_small,0.05,10,10,-3.453812,-1.958666,-0.910970,-0.056461,56.7,26.4,1.6,12.033557,-15.487369,False,0.152792,c5,-2.627242,x2,2.005861
rand_n10_m10_d8_s789,RC_large,0.5,10,10,-11.213414,3.367797,-7.461781,-7.115326,30.0,66.5,63.5,-24.291056,13.077642,False,0.000366,c5,9.595181,x4,-10.627808
rand_n10_m10_d8_s789,RC_medium,0.2,10,10,-1.500398,5.484632,-6.336540,-0.059502,365.5,422.3,4.0,55.698945,-57.199343,False,0.392554,c5,6.704993,x4,-5.289109
rand_n10_m10_d8_s789,RC_asym_bc,0.05,10,10,-10.330997,-1.958666,-9.109741,-0.564608,19.0,88.2,5.5,161.381735,-171.712732,False,0.126030,c5,-2.627242,x2,20.058630
rand_n10_m10_d8_s789,RC_asym_bc,0.05,10,10,-14.262582,1.371157,-15.841364,-0.037189,9.6,111.1,0.3,97.734925,-111.997507,False,0.017165,c5,1.676248,x4,-13.222772
rand_n10_m10_d8_s789,RC_asym_cb,0.5,10,10,-33.419420,-19.586669,-0.910970,-0.564613,58.6,2.7,1.7,-31.891366,-1.528054,False,0.369760,c5,-26.272424,x2,2.005861
rand_n10_m10_d8_s789,RC_asym_bc,0.05,10,10,-7.836534,0.336780,-7.461781,-0.711533,4.3,95.2,9.1,25.549403,-33.385937,True,0.000000,c5,0.959519,x4,-10.627808
rand_n10_m10_d8_s789,RC_asym_cb,0.5,10,10,9.095441,13.711581,-1.584152,-0.037181,150.8,17.4,0.4,54.916904,-45.821463,False,0.329265,c5,16.762484,x4,-1.322277
rand_n10_m10_d8_s1024,RC_small,0.05,10,10,-5.043369,-4.115492,-0.936697,0.008820,81.6,18.6,0.2,-4.736005,-0.307364,True,0.000000,c6,-3.053456,x3,1.980936
rand_n10_m10_d8_s1024,RC_small,0.05,10,10,1.276254,1.409192,-0.113813,-0.019124,110.4,8.9,1.5,2.159707,-0.883452,True,0.000000,c7,2.163328,x6,0.893226
rand_n10_m10_d8_s1024,RC_small,0.05,10,10,4.346995,2.678723,1.628286,0.039985,61.6,37.5,0.9,3.608899,0.738096,True,0.000000,c7,1.735569,x5,0.735053
rand_n10_m10_d8_s1024,RC_medium,0.2,10,10,4.875483,5.636773,-0.455307,-0.305983,115.6,9.3,6.3,8.480230,-3.604747,True,0.000000,c7,8.653309,x6,3.572889
rand_n10_m10_d8_s1024,RC_large,0.5,10,10,-51.278329,-41.154900,-9.367053,0.882016,80.3,18.3,1.7,-48.243195,-3.035134,False,0.031951,c6,-30.534559,x3,19.809291
rand_n10_m10_d8_s1024,RC_medium,0.2,10,10,-20.067657,-16.461959,-3.746820,0.141122,82.0,18.7,0.7,-18.891085,-1.176572,True,0.000000,c6,-12.213821,x3,7.923716
rand_n10_m10_d8_s789,RC_asym_cb,0.5,10,10,-0.059589,3.367797,-0.746189,-0.711520,5651.7,1252.2,1194.1,-50.050254,49.990665,False,33.054510,c5,9.595181,x4,-1.062783
rand_n10_m10_d8_s1024,RC_large,0.5,10,10,10.668043,14.091932,-1.138248,-1.912378,132.1,10.7,17.9,20.364317,-9.696274,False,0.034989,c7,21.633270,x6,8.932229
rand_n10_m10_d8_s1024,RC_asym_bc,0.05,10,10,-13.394343,-4.115492,-9.367053,0.088202,30.7,69.9,0.7,-4.416622,-8.977721,True,0.000000,c6,-3.053456,x3,19.809291
rand_n10_m10_d8_s1024,RC_asym_bc,0.05,10,10,0.079705,1.409192,-1.138248,-0.191238,1768.0,1428.1,239.9,2.206542,-2.126837,True,0.000000,c7,2.163328,x6,8.932229
rand_n10_m10_d8_s1024,RC_asym_bc,0.05,10,10,19.361372,2.678723,16.282794,0.399855,13.8,84.1,2.1,4.987424,14.373949,True,0.000000,c7,1.735569,x5,7.350570
rand_n10_m10_d8_s1024,RC_large,0.5,10,10,45.445217,26.787209,16.282794,3.998547,58.9,35.8,8.8,35.642494,9.802723,False,0.035721,c7,17.355688,x5,7.350570
rand_n10_m10_d8_s1024,RC_asym_cb,0.5,10,10,27.659680,26.787209,1.628286,0.399853,96.8,5.9,1.4,32.878390,-5.218710,False,0.041782,c7,17.355688,x5,0.735053
rand_n10_m10_d8_s1024,RC_asym_cb,0.5,10,10,-44.296118,-41.154900,-0.936697,0.088201,92.9,2.1,0.2,-49.246959,4.950841,False,0.051759,c6,-30.534559,x3,1.980936
rand_n10_m10_d8_s1024,RC_asym_cb,0.5,10,10,13.114230,14.091932,-0.113813,-0.191239,107.5,0.9,1.5,20.942300,-7.828071,False,0.051292,c7,21.633270,x6,0.893226
rand_n10_m10_d8_s789,RC_medium,0.2,10,10,-3.117378,1.347118,-2.984709,-1.138458,43.2,95.7,36.5,-9.032418,5.915040,False,0.109492,c5,3.838072,x4,-4.251131
rand_n10_m10_d8_s1024,RC_medium,0.2,10,10,17.867775,10.714882,6.513125,0.639769,60.0,36.5,3.6,14.197443,3.670332,True,0.000000,c7,6.942275,x5,2.940232
rand_n10_m20_d3_s42,RC_small,0.05,10,20,-3.278357,-0.954288,-2.318536,-0.005533,29.1,70.7,0.2,-2.743518,-0.534839,True,0.000000,c5,-0.937705,x2,-1.370613
rand_n10_m20_d3_s42,RC_small,0.05,10,20,3.194976,0.754090,2.454886,-0.014000,23.6,76.8,0.4,2.248695,0.946282,True,0.000000,c5,0.598281,x2,1.328492
rand_n10_m20_d3_s42,RC_small,0.05,10,20,-4.918552,-0.334982,-4.619970,0.036399,6.8,93.9,0.7,3.257084,-8.175636,True,0.000000,c9,-1.045258,x2,-1.451729
rand_n10_m20_d3_s42,RC_medium,0.2,10,20,-14.388211,-3.817153,-9.274039,-0.088527,26.5,64.5,0.6,-11.611531,-2.776680,False,0.083992,c5,-3.750824,x2,-5.482426
rand_n10_m20_d3_s42,RC_large,0.5,10,20,-48.388068,-9.542878,-23.185067,-0.553292,19.7,47.9,1.1,-40.705121,-7.682947,False,0.312202,c5,-9.377059,x2,-13.706051
rand_n10_m20_d3_s42,RC_large,0.5,10,20,24.000954,7.540886,24.549138,-1.400015,31.4,102.3,5.8,18.512230,5.488724,False,0.278700,c5,5.982804,x2,13.285001
rand_n10_m20_d3_s42,RC_large,0.5,10,20,-48.223578,-3.349822,-46.199641,3.639879,6.9,95.8,7.5,33.051894,-81.275472,False,0.047985,c9,-10.452576,x2,-14.517183
rand_n10_m20_d3_s42,RC_asym_bc,0.05,10,20,-24.194684,-0.954288,-23.185067,-0.055329,3.9,95.8,0.2,13.741430,-37.936114,True,0.000000,c5,-0.937705,x2,-13.706051
rand_n10_m20_d3_s42,RC_asym_bc,0.05,10,20,25.163227,0.754090,24.549138,-0.140002,3.0,97.6,0.6,-13.918038,39.081265,True,0.000000,c5,0.598281,x2,13.285001
rand_n10_m20_d3_s42,RC_asym_bc,0.05,10,20,-46.170635,-0.334982,-46.199641,0.363988,0.7,100.1,0.8,21.275023,-67.445658,True,0.000000,c9,-1.045258,x2,-14.517183
rand_n10_m20_d3_s42,RC_asym_cb,0.5,10,20,1.865082,7.540886,2.454886,-0.140005,404.3,131.6,7.5,34.595152,-32.730070,False,4.284362,c5,5.982804,x2,1.328492
rand_n10_m20_d3_s42,RC_asym_cb,0.5,10,20,-33.189476,-9.542878,-2.318536,-0.055328,28.8,7.0,0.2,-60.048936,26.859460,False,0.640948,c5,-9.377059,x2,-1.370613
rand_n10_m20_d3_s42,RC_asym_cb,0.5,10,20,-10.811434,-3.349822,-4.619970,0.363990,31.0,42.7,3.4,13.113986,-23.925420,False,0.296504,c9,-10.452576,x2,-1.451729
rand_n10_m20_d3_s123,RC_small,0.05,10,20,3.363510,3.013593,0.414065,-0.064148,89.6,12.3,1.9,1.321599,2.041910,True,0.000000,c5,2.055840,x1,0.767987
rand_n10_m20_d3_s123,RC_small,0.05,10,20,-1.161980,-0.644494,-0.298831,-0.139257,55.5,25.7,12.0,-0.487370,-0.674609,False,0.068330,c5,-3.222177,x4,-0.741461
rand_n10_m20_d3_s123,RC_small,0.05,10,20,-5.414002,0.303419,-5.826321,0.108900,5.6,107.6,2.0,1.046428,-6.460430,True,0.000000,c5,1.176806,x4,-2.728773
rand_n10_m20_d3_s123,RC_medium,0.2,10,20,-13.315111,-2.578000,-1.195386,-2.228128,19.4,9.0,16.7,-10.039456,-3.275655,False,0.549270,c5,-12.888724,x4,-2.965881
rand_n10_m20_d3_s42,RC_medium,0.2,10,20,-19.237416,-1.339929,-18.479869,0.582382,7.0,96.1,3.0,13.246760,-32.484176,True,0.000000,c9,-4.181030,x2,-5.806890
rand_n10_m20_d3_s123,RC_large,0.5,10,20,-41.294457,-6.444985,-2.988480,-13.925824,15.6,7.2,33.7,-33.774598,-7.519859,False,0.434324,c5,-32.221785,x4,-7.414702
rand_n10_m20_d3_s42,RC_medium,0.2,10,20,10.786300,3.016355,9.819644,-0.224003,28.0,91.0,2.1,7.997838,2.788463,False,0.169261,c5,2.393122,x2,5.313995
rand_n10_m20_d3_s123,RC_large,0.5,10,20,2.121230,30.135871,4.140843,-6.414757,1420.7,195.2,302.4,-24.746082,26.867312,False,12.134810,c5,20.558335,x1,7.679880
rand_n10_m20_d3_s123,RC_medium,0.2,10,20,-20.982728,1.213655,-23.305253,1.742407,5.8,111.1,8.3,3.234367,-24.217095,False,0.030193,c5,4.707193,x4,-10.915055
rand_n10_m20_d3_s123,RC_large,0.5,10,20,-56.262934,3.034142,-58.263096,10.890052,5.4,103.6,19.4,-3.896829,-52.366105,False,0.211934,c5,11.767998,x4,-27.287638
rand_n10_m20_d3_s123,RC_asym_bc,0.05,10,20,9.929896,3.013593,4.140843,-0.641479,30.3,41.7,6.5,-6.873033,16.802929,False,0.344106,c5,2.055840,x1,7.679880
rand_n10_m20_d3_s123,RC_medium,0.2,10,20,11.273831,12.054340,1.656334,-1.026363,106.9,14.7,9.1,0.864871,10.408961,False,0.125111,c5,8.223328,x1,3.071961
rand_n10_m20_d3_s123,RC_asym_cb,0.5,10,20,-39.695227,-6.444985,-0.298831,-1.392575,16.2,0.8,3.5,-43.505351,3.810124,False,0.795028,c5,-32.221785,x4,-0.741461
rand_n10_m20_d3_s123,RC_asym_bc,0.05,10,20,-0.559718,-0.644494,-2.988480,-1.392581,115.1,533.9,248.8,10.344129,-10.903847,False,7.978722,c5,-3.222177,x4,-7.414702
rand_n10_m20_d3_s123,RC_asym_cb,0.5,10,20,-0.831270,30.135871,0.414065,-0.641481,3625.3,49.8,77.2,-14.744507,13.913237,False,36.979244,c5,20.558335,x1,0.767987
rand_n10_m20_d3_s456,RC_small,0.05,10,20,1.180113,2.389196,-1.169257,-0.039825,202.5,99.1,3.4,,,True,0.000000,c3,2.080997,x8,4.174729
rand_n10_m20_d3_s456,RC_small,0.05,10,20,-2.248309,-1.240939,-0.949891,-0.057479,55.2,42.2,2.6,,,True,0.000000,c3,-2.004000,x8,-3.176753
rand_n10_m20_d3_s456,RC_small,0.05,10,20,-1.516819,2.498092,-3.950259,-0.064652,164.7,260.4,4.3,,,True,0.000000,c3,1.702060,x7,-2.154295
rand_n10_m20_d3_s123,RC_asym_cb,0.5,10,20,-19.550454,3.034142,-5.826321,1.089004,15.5,29.8,5.6,-21.159894,1.609440,False,0.912883,c5,11.767998,x4,-2.728773
rand_n10_m20_d3_s456,RC_medium,0.2,10,20,-9.682941,-4.963753,-3.799528,-0.919660,51.3,39.2,9.5,,,True,0.000000,c3,-8.015999,x8,-12.707012
rand_n10_m20_d3_s456,RC_medium,0.2,10,20,4.242577,9.556780,-4.676995,-0.637208,225.3,110.2,15.0,,,True,0.000000,c3,8.323982,x8,16.698941
rand_n10_m20_d3_s456,RC_medium,0.2,10,20,-7.002402,9.992375,-15.800909,-1.034430,142.7,225.6,14.8,,,False,0.022769,c3,6.808250,x7,-8.617129
rand_n10_m20_d3_s456,RC_large,0.5,10,20,-28.669066,-12.409375,-9.498853,-5.747871,43.3,33.1,20.0,,,False,0.035333,c3,-20.039997,x8,-31.767529
rand_n10_m20_d3_s456,RC_large,0.5,10,20,-25.099555,24.980931,-39.502281,-6.465186,99.5,157.4,25.8,,,False,0.163868,c3,17.020621,x7,-21.542822
rand_n10_m20_d3_s456,RC_large,0.5,10,20,2.226407,23.891949,-11.692445,-3.982543,1073.1,525.2,178.9,,,False,2.690683,c3,20.809956,x8,41.747364
rand_n10_m20_d3_s456,RC_asym_bc,0.05,10,20,-11.314579,-1.240939,-9.498853,-0.574787,11.0,84.0,5.1,,,True,0.000000,c3,-2.004000,x8,-31.767529
rand_n10_m20_d3_s456,RC_asym_bc,0.05,10,20,-37.650708,2.498092,-39.502281,-0.646518,6.6,104.9,1.7,,,True,0.000000,c3,1.702060,x7,-21.542822
rand_n10_m20_d3_s456,RC_asym_cb,0.5,10,20,14.684503,24.980931,-3.950259,-0.646519,170.1,26.9,4.4,,,False,0.388140,c3,17.020621,x7,-2.154295
rand_n10_m20_d3_s456,RC_asym_cb,0.5,10,20,-15.093256,-12.409375,-0.949891,-0.574787,82.2,6.3,3.8,,,False,0.076803,c3,-20.039997,x8,-3.176753
rand_n10_m20_d3_s789,RC_small,0.05,10,20,-4.418900,-2.798308,-1.608097,-0.012494,63.3,36.4,0.3,,,True,0.000000,c14,-2.166952,x3,-2.218781
rand_n10_m20_d3_s456,RC_asym_bc,0.05,10,20,-9.701504,2.389196,-11.692445,-0.398255,24.6,120.5,4.1,,,True,0.000000,c3,2.080997,x8,41.747364
rand_n10_m20_d3_s789,RC_small,0.05,10,20,-1.072892,-3.202722,2.090030,0.039800,298.5,194.8,3.7,,,True,0.000000,c14,-3.316954,x3,2.395964
rand_n10_m20_d3_s789,RC_small,0.05,10,20,-9.363824,-2.291380,-7.158090,0.085646,24.5,76.4,0.9,,,True,0.000000,c14,-2.666003,x3,-2.746203
rand_n10_m20_d3_s789,RC_medium,0.2,10,20,-17.825521,-11.193235,-6.432378,-0.199908,62.8,36.1,1.1,,,True,0.000000,c14,-8.667811,x3,-8.875104
rand_n10_m20_d3_s123,RC_asym_bc,0.05,10,20,-55.506333,0.303419,-58.263096,1.089004,0.5,105.0,2.0,11.619567,-67.125901,False,0.024580,c5,1.176806,x4,-27.287638
rand_n10_m20_d3_s789,RC_medium,0.2,10,20,-36.427563,-9.165528,-28.632370,1.370335,25.2,78.6,3.8,,,True,0.000000,c14,-10.664011,x3,-10.984833
rand_n10_m20_d3_s456,RC_asym_cb,0.5,10,20,15.592861,23.891949,-1.169257,-0.398254,153.2,7.5,2.6,,,False,0.431709,c3,20.809956,x8,4.174729
rand_n10_m20_d3_s789,RC_medium,0.2,10,20,-3.813903,-12.810874,8.360183,0.636789,335.9,219.2,16.7,,,True,0.000000,c14,-13.267806,x3,9.583899
rand_n10_m20_d3_s789,RC_large,0.5,10,20,-54.733160,-27.983090,-16.080940,-1.249420,51.1,29.4,2.3,,,False,0.172102,c14,-21.669531,x3,-22.187749
rand_n10_m20_d3_s789,RC_large,0.5,10,20,-7.146834,-32.027185,20.900415,3.979936,448.1,292.4,55.7,,,True,0.000000,c14,-33.169514,x3,23.959726
rand_n10_m20_d3_s789,RC_large,0.5,10,20,-85.930185,-22.913818,-71.580967,8.564599,26.7,83.3,10.0,,,True,0.000000,c14,-26.660029,x3,-27.462094
rand_n10_m20_d3_s789,RC_asym_bc,0.05,10,20,18.095687,-3.202722,20.900415,0.397994,17.7,115.5,2.2,,,True,0.000000,c14,-3.316954,x3,23.959726
rand_n10_m20_d3_s789,RC_asym_bc,0.05,10,20,-19.004190,-2.798308,-16.080940,-0.124942,14.7,84.6,0.7,,,True,0.000000,c14,-2.166952,x3,-22.187749
rand_n10_m20_d3_s789,RC_asym_cb,0.5,10,20,-29.539160,-32.027185,2.090030,0.397996,108.4,7.1,1.3,,,True,0.000000,c14,-33.169514,x3,2.395964
rand_n10_m20_d3_s789,RC_asym_bc,0.05,10,20,-73.015888,-2.291380,-71.580967,0.856459,3.1,98.0,1.2,,,True,0.000000,c14,-2.666003,x3,-27.462094
rand_n10_m20_d3_s1024,RC_small,0.05,10,20,3.761374,-1.565764,5.322432,0.004706,41.6,141.5,0.1,,,True,0.000000,c2,-1.180073,x2,4.415730
rand_n10_m20_d3_s1024,RC_medium,0.2,10,20,-11.961354,6.409115,-16.971138,0.376305,53.6,141.9,3.1,,,False,0.148448,c2,9.948058,x2,-18.222631
rand_n10_m20_d3_s1024,RC_medium,0.2,10,20,15.101907,-6.263032,21.289643,0.075296,41.5,141.0,0.5,,,True,0.000000,c2,-4.720282,x2,17.662860
rand_n10_m20_d3_s789,RC_asym_cb,0.5,10,20,-29.215447,-22.913818,-7.158090,0.856461,78.4,24.5,2.9,,,True,0.000000,c14,-26.660029,x3,-2.746203
rand_n10_m20_d3_s1024,RC_medium,0.2,10,20,-56.287359,-10.921831,-47.401091,2.035563,19.4,84.2,3.6,,,True,0.000000,c2,-7.436711,x2,-19.301097
rand_n10_m20_d3_s1024,RC_large,0.5,10,20,38.037112,-15.657591,53.224090,0.470613,41.2,139.9,1.2,,,True,0.000000,c2,-11.800704,x2,44.157150
rand_n10_m20_d3_s1024,RC_large,0.5,10,20,-42.744070,16.022782,-42.427853,2.351896,37.5,99.3,5.5,,,False,0.437275,c2,24.870147,x2,-45.556622
rand_n10_m20_d3_s1024,RC_large,0.5,10,20,-136.443074,-27.304588,-118.502693,12.722272,20.0,86.9,9.3,,,False,0.024611,c2,-18.591777,x2,-48.252742
rand_n10_m20_d3_s1024,RC_asym_bc,0.05,10,20,-40.590391,1.602273,-42.427853,0.235189,3.9,104.5,0.6,,,True,0.000000,c2,2.487013,x2,-45.556622
rand_n10_m20_d3_s1024,RC_asym_bc,0.05,10,20,-119.960923,-2.730455,-118.502693,1.272226,2.3,98.8,1.1,,,True,0.000000,c2,-1.859176,x2,-48.252742
rand_n10_m20_d3_s1024,RC_asym_bc,0.05,10,20,51.705388,-1.565764,53.224090,0.047062,3.0,102.9,0.1,,,True,0.000000,c2,-1.180073,x2,44.157150
rand_n10_m20_d3_s1024,RC_asym_cb,0.5,10,20,-10.685504,16.022782,-4.242759,0.235187,149.9,39.7,2.2,,,False,2.124440,c2,24.870147,x2,-4.555650
rand_n10_m20_d3_s1024,RC_asym_cb,0.5,10,20,-10.288096,-15.657591,5.322432,0.047063,152.2,51.7,0.5,,,True,0.000000,c2,-11.800704,x2,4.415730
rand_n10_m20_d3_s789,RC_asym_cb,0.5,10,20,-40.385292,-27.983090,-1.608097,-0.124944,69.3,4.0,0.3,,,False,0.264184,c14,-21.669531,x3,-2.218781
rand_n10_m20_d3_s1024,RC_small,0.05,10,20,-2.616968,1.602273,-4.242759,0.023519,61.2,162.1,0.9,,,True,0.000000,c2,2.487013,x2,-4.555650
rand_n10_m20_d3_s1024,RC_asym_cb,0.5,10,20,-42.296695,-27.304588,-11.850254,1.272222,64.6,28.0,3.0,,,False,0.104360,c2,-18.591777,x2,-4.825259
rand_n10_m20_d3_s1024,RC_small,0.05,10,20,-14.453487,-2.730455,-11.850254,0.127222,18.9,82.0,0.9,,,True,0.000000,c2,-1.859176,x2,-4.825259
rand_n10_m20_d5_s42,RC_small,0.05,10,20,-6.141561,-2.941462,-3.244796,0.044696,47.9,52.8,0.7,-6.914085,0.772523,True,0.000000,c5,-1.840922,x3,-1.122394
rand_n10_m20_d5_s42,RC_small,0.05,10,20,1.950384,1.362042,0.481978,-0.003742,69.8,24.7,0.2,1.960800,-0.010416,False,0.056453,c5,1.174558,x3,1.212038
rand_n10_m20_d5_s42,RC_medium,0.2,10,20,-24.420461,-11.765860,-12.979161,0.715144,48.2,53.1,2.9,-27.583567,3.163105,False,0.015994,c5,-7.363690,x3,-4.489552
rand_n10_m20_d5_s42,RC_large,0.5,10,20,18.037804,13.620401,4.819632,-0.374228,75.5,26.7,2.1,18.064124,-0.026321,False,0.001552,c5,11.745555,x3,12.120263
rand_n10_m20_d5_s42,RC_large,0.5,10,20,-33.287765,4.734186,-43.830618,-2.911019,14.2,131.7,8.7,104.347233,-137.634998,False,0.261949,c20,9.544772,x8,15.048487
rand_n10_m20_d5_s42,RC_small,0.05,10,20,-3.985181,0.473416,-4.383079,-0.029110,11.9,110.0,0.7,10.280904,-14.266085,False,0.011645,c20,0.954476,x8,1.504850
rand_n10_m20_d5_s42,RC_asym_bc,0.05,10,20,-34.755017,-2.941462,-32.447915,0.446964,8.5,93.4,1.3,41.104939,-75.859956,False,0.005392,c5,-1.840922,x3,-11.223891
rand_n10_m20_d5_s42,RC_medium,0.2,10,20,8.023273,5.448164,1.927865,-0.059878,67.9,24.0,0.7,7.954252,0.069021,False,0.088134,c5,4.698222,x3,4.848105
rand_n10_m20_d5_s42,RC_asym_bc,0.05,10,20,9.115046,1.362042,4.819632,-0.037422,14.9,52.9,0.4,-46.826868,55.941914,False,0.325922,c5,1.174558,x3,12.120263
rand_n10_m20_d5_s42,RC_asym_bc,0.05,10,20,-33.749225,0.473416,-43.830618,-0.291101,1.4,129.9,0.9,69.324589,-103.073814,False,0.293313,c20,0.954476,x8,15.048487
rand_n10_m20_d5_s42,RC_asym_cb,0.5,10,20,-35.343439,-29.414646,-3.244796,0.446964,83.2,9.2,1.3,-118.430770,83.087331,False,0.088587,c5,-18.409220,x3,-1.122394
rand_n10_m20_d5_s42,RC_medium,0.2,10,20,-14.014452,1.893676,-17.532229,-0.465762,13.5,125.1,3.3,41.595820,-55.610271,False,0.149122,c20,3.817910,x8,6.019398
rand_n10_m20_d5_s42,RC_asym_cb,0.5,10,20,14.055646,13.620401,0.481978,-0.037425,96.9,3.4,0.3,68.443044,-54.387398,False,0.000662,c5,11.745555,x3,1.212038
rand_n10_m20_d5_s123,RC_small,0.05,10,20,3.789460,3.310982,0.370615,0.107862,87.4,9.8,2.8,-3.979842,7.769302,True,0.000000,c13,1.503966,x4,-0.741461
rand_n10_m20_d5_s123,RC_small,0.05,10,20,-0.630589,-0.017851,-0.646542,0.033805,2.8,102.5,5.4,-14.347127,13.716538,True,0.000000,c2,-0.685897,x9,-1.230879
rand_n10_m20_d5_s123,RC_small,0.05,10,20,-7.495437,-0.797577,-6.739217,0.041357,10.6,89.9,0.6,9.136613,-16.632050,True,0.000000,c2,-1.080618,x4,-2.728773
rand_n10_m20_d5_s123,RC_medium,0.2,10,20,11.540970,13.243933,1.482414,1.725804,114.8,12.8,15.0,-17.727518,29.268488,False,0.425543,c13,6.015860,x4,-2.965881
rand_n10_m20_d5_s123,RC_medium,0.2,10,20,-8.753913,-0.071410,-2.586083,0.540875,0.8,29.5,6.2,-60.504439,51.750526,False,0.758209,c2,-2.743590,x9,-4.923502
rand_n10_m20_d5_s42,RC_large,0.5,10,20,-60.339369,-29.414646,-32.447915,4.469647,48.7,53.8,7.4,-68.602984,8.263614,False,0.048831,c5,-18.409220,x3,-11.223891
rand_n10_m20_d5_s123,RC_medium,0.2,10,20,-32.484849,-3.190313,-26.956854,0.661715,9.8,83.0,2.0,35.294902,-67.779750,False,0.092332,c2,-4.322470,x4,-10.915055
rand_n10_m20_d5_s123,RC_large,0.5,10,20,19.197102,33.109836,3.706035,10.786304,172.5,19.3,56.2,-49.146370,68.343472,False,1.479654,c13,15.039651,x4,-7.414702
rand_n10_m20_d5_s123,RC_large,0.5,10,20,-38.280153,-0.178519,-6.465182,3.380461,0.5,16.9,8.8,-166.053532,127.773379,False,0.914754,c2,-6.858972,x9,-12.308738
rand_n10_m20_d5_s123,RC_asym_bc,0.05,10,20,8.858153,3.310982,3.706035,1.078630,37.4,41.8,12.2,34.973675,-26.115523,False,0.086079,c13,1.503966,x4,-7.414702
rand_n10_m20_d5_s123,RC_asym_bc,0.05,10,20,-4.537800,-0.017851,-6.465182,0.338047,0.4,142.5,7.4,-66.362419,61.824619,False,0.354178,c2,-0.685897,x9,-12.308738
rand_n10_m20_d5_s42,RC_asym_cb,0.5,10,20,-1.076711,4.734186,-4.383079,-0.291104,439.7,407.1,27.0,46.527053,-47.603764,False,1.055728,c20,9.544772,x8,1.504850
rand_n10_m20_d5_s123,RC_asym_bc,0.05,10,20,-67.615121,-0.797577,-67.392081,0.413572,1.2,99.7,0.6,134.470021,-202.085142,False,0.002381,c2,-1.080618,x4,-27.287638
rand_n10_m20_d5_s123,RC_asym_cb,0.5,10,20,-35.871886,-7.975781,-6.739217,0.413571,22.2,18.8,1.2,-47.785265,11.913379,False,0.601319,c2,-10.806176,x4,-2.728773
rand_n10_m20_d5_s456,RC_small,0.05,10,20,5.547621,2.237747,3.325585,-0.015711,40.3,59.9,0.3,1.379201,4.168420,True,0.000000,c1,1.841702,x3,2.568783
rand_n10_m20_d5_s456,RC_small,0.05,10,20,-9.665095,-0.060808,-9.558682,-0.045605,0.6,98.9,0.5,4.526438,-14.191533,True,0.000000,c1,-2.355165,x4,-3.212999
rand_n10_m20_d5_s456,RC_medium,0.2,10,20,22.001895,8.951014,13.302254,-0.251372,40.7,60.5,1.1,4.623914,17.377981,True,0.000000,c1,7.366820,x3,10.275110
rand_n10_m20_d5_s123,RC_asym_cb,0.5,10,20,11.181534,33.109836,0.370615,1.078623,296.1,3.3,9.6,-89.573325,100.754859,False,2.090727,c13,15.039651,x4,-0.741461
rand_n10_m20_d5_s123,RC_large,0.5,10,20,-83.213534,-7.975781,-67.392081,4.135718,9.6,81.0,5.0,83.937161,-167.150695,False,0.143984,c2,-10.806176,x4,-27.287638
rand_n10_m20_d5_s456,RC_medium,0.2,10,20,-39.207629,-0.243235,-38.234714,-0.729680,0.6,97.5,1.9,17.832079,-57.039708,True,0.000000,c1,-9.420659,x4,-12.851973
rand_n10_m20_d5_s456,RC_large,0.5,10,20,-44.056999,12.872045,-33.039021,-2.326966,29.2,75.0,5.3,29.455426,-73.512425,False,0.489435,c13,20.711266,x3,-23.787972
rand_n10_m20_d5_s456,RC_large,0.5,10,20,54.062109,22.377534,33.255652,-1.571077,41.4,61.5,2.9,10.677918,43.384190,True,0.000000,c1,18.417050,x3,25.687762
rand_n10_m20_d5_s456,RC_large,0.5,10,20,-102.871758,-0.608082,-95.586783,-4.560502,0.6,92.9,4.4,41.265684,-144.137442,False,0.020573,c1,-23.551655,x4,-32.129943
rand_n10_m20_d5_s456,RC_small,0.05,10,20,-2.039968,1.287211,-3.303909,-0.023270,63.1,162.0,1.1,4.555337,-6.595305,True,0.000000,c13,2.071125,x3,-2.378802
rand_n10_m20_d5_s456,RC_asym_bc,0.05,10,20,35.336292,2.237747,33.255652,-0.157108,6.3,94.1,0.4,-15.371366,50.707657,True,0.000000,c1,1.841702,x3,25.687762
rand_n10_m20_d5_s456,RC_asym_bc,0.05,10,20,-96.103641,-0.060808,-95.586783,-0.456050,0.1,99.5,0.5,22.485945,-118.589585,True,0.000000,c1,-2.355165,x4,-32.129943
rand_n10_m20_d5_s456,RC_asym_cb,0.5,10,20,-15.367038,12.872045,-3.303909,-0.232697,83.8,21.5,1.5,19.286417,-34.653455,False,1.607498,c13,20.711266,x3,-2.378802
rand_n10_m20_d5_s456,RC_asym_cb,0.5,10,20,25.546011,22.377534,3.325585,-0.157107,87.6,13.0,0.6,28.064772,-2.518761,True,0.000000,c1,18.417050,x3,2.568783
rand_n10_m20_d5_s456,RC_asym_cb,0.5,10,20,-15.640673,-0.608082,-9.558682,-0.456051,3.9,61.1,2.9,23.702447,-39.343120,False,0.320821,c1,-23.551655,x4,-3.212999
rand_n10_m20_d5_s789,RC_small,0.05,10,20,-4.598730,-2.269566,-2.669570,0.127952,49.4,58.1,2.8,-2.031269,-2.567462,False,0.046198,c14,-3.426008,x10,-3.502987
rand_n10_m20_d5_s123,RC_asym_cb,0.5,10,20,-35.139290,-0.178519,-0.646542,0.338046,0.5,1.8,1.0,-114.421415,79.282125,False,0.986140,c2,-6.858972,x9,-1.230879
rand_n10_m20_d5_s789,RC_medium,0.2,10,20,-14.090880,-9.078263,-10.678301,2.047225,64.4,75.8,14.5,-6.490514,-7.600366,False,0.256794,c14,-13.704027,x10,-14.011932
rand_n10_m20_d5_s456,RC_medium,0.2,10,20,-12.795525,5.148815,-13.215597,-0.372315,40.2,103.3,2.9,15.903405,-28.698930,False,0.340465,c13,8.284507,x3,-9.515184
rand_n10_m20_d5_s789,RC_small,0.05,10,20,-11.542132,-4.840507,-6.849309,0.073330,41.9,59.3,0.6,-10.904348,-0.637783,False,0.006442,c14,-4.215018,x10,-2.821897
rand_n10_m20_d5_s789,RC_medium,0.2,10,20,-45.726896,-19.362031,-27.397245,1.173276,42.3,59.9,2.6,-43.396506,-2.330390,False,0.003081,c14,-16.860070,x10,-11.287603
rand_n10_m20_d5_s456,RC_asym_bc,0.05,10,20,-31.984508,1.287211,-33.039021,-0.232698,4.0,103.3,0.7,14.097057,-46.081565,True,0.000000,c13,2.071125,x3,-23.787972
rand_n10_m20_d5_s789,RC_small,0.05,10,20,-4.169235,-5.526275,1.270633,0.124665,132.5,30.5,3.0,-11.522137,7.352902,False,0.009176,c14,-5.244184,x10,1.011589
rand_n10_m20_d5_s789,RC_large,0.5,10,20,-42.262453,-22.695661,-26.695723,12.795139,53.7,63.2,30.3,-32.795857,-9.466596,False,0.134072,c14,-34.260071,x10,-35.029821
rand_n10_m20_d5_s789,RC_large,0.5,10,20,-108.297686,-48.405078,-68.493103,7.332978,44.7,63.2,6.8,-105.481516,-2.816169,False,0.011704,c14,-42.150175,x10,-28.219016
rand_n10_m20_d5_s789,RC_asym_bc,0.05,10,20,8.123593,-5.526275,12.706361,1.246660,68.0,156.4,15.3,-16.180919,24.304511,False,0.037318,c14,-5.244184,x10,10.115924
rand_n10_m20_d5_s789,RC_asym_bc,0.05,10,20,-69.551298,-4.840507,-68.493103,0.733298,7.0,98.5,1.1,-2.000562,-67.550736,False,0.043838,c14,-4.215018,x10,-28.219016
rand_n10_m20_d5_s789,RC_large,0.5,10,20,-50.672111,-55.262761,12.706361,12.466602,109.1,25.1,24.6,-120.570959,69.898848,False,0.406186,c14,-52.441838,x10,10.115924
rand_n10_m20_d5_s789,RC_asym_cb,0.5,10,20,-62.889782,-55.262761,1.270633,1.246655,87.9,2.0,2.0,-115.874599,52.984817,False,0.161303,c14,-52.441838,x10,1.011589
rand_n10_m20_d5_s789,RC_asym_cb,0.5,10,20,-65.408710,-48.405078,-6.849309,0.733305,74.0,10.5,1.1,-121.945398,56.536688,False,0.166455,c14,-42.150175,x10,-2.821897
rand_n10_m20_d5_s1024,RC_small,0.05,10,20,-4.939500,-1.917044,-2.978591,0.057732,38.8,60.3,1.2,-2.308179,-2.631321,False,0.020568,c20,-2.079511,x10,-1.993018
rand_n10_m20_d5_s1024,RC_small,0.05,10,20,5.008619,2.716128,2.266669,0.025822,54.2,45.3,0.5,2.875976,2.132643,True,0.000000,c7,1.549922,x2,1.518091
rand_n10_m20_d5_s1024,RC_small,0.05,10,20,-6.731561,2.040981,-8.654205,-0.118336,30.3,128.6,1.8,2.227029,-8.958590,True,0.000000,c20,1.799614,x6,-2.210557
rand_n10_m20_d5_s789,RC_asym_bc,0.05,10,20,-15.854251,-2.269566,-26.695723,1.279514,14.3,168.4,8.1,-4.657256,-11.196995,False,0.746268,c14,-3.426008,x10,-35.029821
rand_n10_m20_d5_s789,RC_medium,0.2,10,20,-17.088036,-22.105104,5.082542,1.994657,129.4,29.7,11.7,-46.294096,29.206059,False,0.120560,c14,-20.976735,x10,4.046373
rand_n10_m20_d5_s1024,RC_medium,0.2,10,20,-20.106034,-7.668171,-11.914389,0.923713,38.1,59.3,4.6,-9.406704,-10.699329,False,0.071978,c20,-8.318040,x10,-7.972061
rand_n10_m20_d5_s789,RC_asym_cb,0.5,10,20,-32.910119,-22.695661,-2.669570,1.279517,69.0,8.1,3.9,-31.121463,-1.788656,False,0.268137,c14,-34.260071,x10,-3.502987
rand_n10_m20_d5_s1024,RC_medium,0.2,10,20,20.297051,10.864526,9.066755,0.413158,53.5,44.7,2.0,11.635153,8.661898,False,0.002335,c7,6.199689,x2,6.072365
rand_n10_m20_d5_s1024,RC_medium,0.2,10,20,-28.346309,8.163926,-34.616857,-1.893378,28.8,122.1,6.7,7.985192,-36.331501,True,0.000000,c20,7.198450,x6,-8.842211
rand_n10_m20_d5_s1024,RC_large,0.5,10,20,51.844631,27.161309,22.666897,2.582242,52.4,43.7,5.0,29.106301,22.738329,False,0.010914,c7,15.499224,x2,15.180914
rand_n10_m20_d5_s1024,RC_large,0.5,10,20,-47.543938,-19.170432,-29.785957,5.773210,40.3,62.6,12.1,-22.924526,-24.619412,False,0.091721,c20,-20.795103,x10,-19.930157
rand_n10_m20_d5_s1024,RC_large,0.5,10,20,-78.751007,20.409819,-86.542151,-11.833616,25.9,109.9,15.0,12.199968,-90.950975,False,0.009969,c20,17.996128,x6,-22.105535
rand_n10_m20_d5_s1024,RC_asym_bc,0.05,10,20,-31.235929,-1.917044,-29.785957,0.577321,6.1,95.4,1.8,0.825634,-32.061563,False,0.003530,c20,-2.079511,x10,-19.930157
rand_n10_m20_d5_s1024,RC_asym_cb,0.5,10,20,9.389639,20.409819,-8.654205,-1.183362,217.4,92.2,12.6,13.087765,-3.698126,False,0.125949,c20,17.996128,x6,-2.210557
rand_n10_m20_d8_s42,RC_small,0.05,10,20,-5.327929,-3.100459,-2.370675,0.143205,58.2,44.5,2.7,-2.763601,-2.564328,True,0.000000,c16,-2.011463,x10,-1.476567
rand_n10_m20_d8_s42,RC_small,0.05,10,20,2.688800,2.714255,-0.020725,-0.004729,100.9,0.8,0.2,1.663429,1.025371,True,0.000000,c16,1.512084,x8,-1.762503
rand_n10_m20_d8_s42,RC_small,0.05,10,20,-0.984139,1.204093,-2.065819,-0.122413,122.3,209.9,12.4,1.411890,-2.396028,True,0.000000,c7,0.879843,x8,2.316205
rand_n10_m20_d5_s1024,RC_asym_bc,0.05,10,20,25.641249,2.716128,22.666897,0.258224,10.6,88.4,1.0,-1.134045,26.775294,True,0.000000,c7,1.549922,x2,15.180914
rand_n10_m20_d5_s1024,RC_asym_bc,0.05,10,20,-85.684532,2.040981,-86.542151,-1.183361,2.4,101.0,1.4,5.933071,-91.617602,True,0.000000,c20,1.799614,x6,-22.105535
rand_n10_m20_d8_s42,RC_medium,0.2,10,20,-5.621982,4.816384,-8.263205,-1.958595,85.7,147.0,34.8,4.303816,-9.925798,False,0.038521,c7,3.519372,x8,9.264818
rand_n10_m20_d8_s42,RC_large,0.5,10,20,-49.342541,-31.004591,-23.706736,14.320470,62.8,48.0,29.0,-30.511210,-18.831331,False,0.181419,c16,-20.114632,x10,-14.765697
rand_n10_m20_d8_s42,RC_medium,0.2,10,20,10.226604,10.857007,-0.082969,-0.075668,106.2,0.8,0.7,5.825901,4.400703,False,0.046131,c16,6.048336,x8,-7.050025
rand_n10_m20_d5_s1024,RC_asym_cb,0.5,10,20,29.073125,27.161309,2.266669,0.258222,93.4,7.8,0.9,32.046884,-2.973759,False,0.021087,c7,15.499224,x2,1.518091
rand_n10_m20_d8_s42,RC_medium,0.2,10,20,-19.593259,-12.401837,-9.482698,2.291276,63.3,48.4,11.7,-11.258286,-8.334974,True,0.000000,c16,-8.045853,x10,-5.906281
rand_n10_m20_d8_s42,RC_large,0.5,10,20,19.747784,27.142520,-0.207422,-0.472925,137.4,1.1,2.4,8.154760,11.593024,False,0.340007,c16,15.120842,x8,-17.625070
rand_n10_m20_d5_s1024,RC_asym_cb,0.5,10,20,-25.590224,-19.170432,-2.978591,0.577321,74.9,11.6,2.3,-28.229697,2.639473,False,0.157033,c20,-20.795103,x10,-1.993018
rand_n10_m20_d8_s42,RC_asym_bc,0.05,10,20,4.860878,2.714255,-0.207422,-0.047292,55.8,4.3,1.0,-1.693105,6.553983,False,0.494013,c16,1.512084,x8,-17.625070
rand_n10_m20_d8_s42,RC_asym_bc,0.05,10,20,-23.921250,-3.100459,-23.706736,1.432048,13.0,99.1,6.0,-0.698531,-23.222719,False,0.060778,c16,-2.011463,x10,-14.765697
rand_n10_m20_d8_s42,RC_asym_cb,0.5,10,20,-39.505338,-31.004591,-2.370675,1.432047,78.5,6.0,3.6,-36.954339,-2.550999,False,0.191420,c16,-20.114632,x10,-1.476567
rand_n10_m20_d8_s42,RC_asym_cb,0.5,10,20,9.918188,27.142520,-0.020725,-0.047295,273.7,0.2,0.5,7.682535,2.235653,False,1.729783,c16,15.120842,x8,-1.762503
rand_n10_m20_d8_s123,RC_small,0.05,10,20,-5.471758,-5.074939,-0.571479,0.298931,92.7,10.4,5.5,-39.770416,34.298657,False,0.022711,c14,-3.822204,x9,-1.043708
rand_n10_m20_d8_s42,RC_large,0.5,10,20,-17.097316,12.040959,-20.658058,-12.241226,70.4,120.8,71.6,7.095646,-24.192962,False,0.219977,c7,8.798428,x8,23.162033
rand_n10_m20_d8_s123,RC_small,0.05,10,20,-10.278937,-4.856896,-5.584058,0.162017,47.3,54.3,1.6,5.392504,-15.671441,True,0.000000,c14,-3.072101,x4,-1.758645
rand_n10_m20_d8_s123,RC_medium,0.2,10,20,0.936457,1.715218,0.381147,1.044776,183.2,40.7,111.6,63.423652,-62.487195,False,2.354284,c14,-9.988133,x6,2.699762
rand_n10_m20_d8_s123,RC_medium,0.2,10,20,-39.790783,-19.427594,-22.336233,2.592282,48.8,56.1,6.5,22.232573,-62.023356,False,0.015562,c14,-12.288406,x4,-7.034558
rand_n10_m20_d8_s123,RC_large,0.5,10,20,-1.376096,4.288046,0.952865,6.529846,311.6,69.2,474.5,156.700599,-158.076695,False,9.553733,c14,-24.970334,x6,6.749414
rand_n10_m20_d8_s123,RC_large,0.5,10,20,-65.418552,-50.749410,-5.714516,29.893086,77.6,8.7,45.7,-403.055735,337.637184,False,0.593833,c14,-38.222056,x9,-10.437043
rand_n10_m20_d8_s123,RC_large,0.5,10,20,-86.744071,-48.568981,-55.840533,16.201770,56.0,64.4,18.7,61.947461,-148.691532,False,0.016873,c14,-30.721013,x4,-17.586396
rand_n10_m20_d8_s123,RC_medium,0.2,10,20,-23.799066,-20.299764,-2.285817,4.782903,85.3,9.6,20.1,-160.038071,136.239005,False,0.251959,c14,-15.288823,x9,-4.174823
rand_n10_m20_d8_s42,RC_asym_cb,0.5,10,20,4.040866,12.040959,-2.065819,-1.224128,298.0,51.1,30.3,7.622901,-3.582036,False,1.165628,c7,8.798428,x8,2.316205
rand_n10_m20_d8_s123,RC_asym_bc,0.05,10,20,3.127023,0.428804,0.952865,0.652985,13.7,30.5,20.9,59.019512,-55.892489,False,0.349332,c14,-2.497033,x6,6.749414
rand_n10_m20_d8_s123,RC_asym_bc,0.05,10,20,-8.364157,-5.074939,-5.714516,2.989307,60.7,68.3,35.7,-91.317062,82.952905,False,0.067432,c14,-3.822204,x9,-10.437043
rand_n10_m20_d8_s123,RC_asym_cb,0.5,10,20,-10.966538,4.288046,0.095295,0.652986,39.1,0.9,6.0,110.188152,-121.154690,False,1.459245,c14,-24.970334,x6,0.674942
rand_n10_m20_d8_s123,RC_asym_cb,0.5,10,20,-60.147490,-50.749410,-0.571479,2.989316,84.4,1.0,5.0,-350.319758,290.172268,False,0.196449,c14,-38.222056,x9,-1.043708
rand_n10_m20_d8_s456,RC_small,0.05,10,20,-1.859778,0.647113,-2.357665,-0.149225,34.8,126.8,8.0,-7.292601,5.432823,True,0.000000,c11,-2.401022,x3,-1.279385
rand_n10_m20_d8_s123,RC_asym_cb,0.5,10,20,-55.737155,-48.568981,-5.584058,1.620174,87.1,10.0,2.9,-135.028074,79.290918,False,0.057489,c14,-30.721013,x4,-1.758645
rand_n10_m20_d8_s456,RC_small,0.05,10,20,1.724655,-0.627667,2.386747,-0.034425,36.4,138.4,2.0,-0.050361,1.775015,True,0.000000,c11,-0.785400,x3,1.381562
rand_n10_m20_d8_s123,RC_asym_bc,0.05,10,20,-58.869843,-4.856896,-55.840533,1.620176,8.3,94.9,2.8,193.576044,-252.445886,False,0.003523,c14,-3.072101,x4,-17.586396
rand_n10_m20_d8_s456,RC_small,0.05,10,20,-6.261960,1.298818,-7.475676,-0.085102,20.7,119.4,1.4,3.585186,-9.847146,True,0.000000,c4,1.920752,x4,-2.681283
rand_n10_m20_d8_s42,RC_asym_bc,0.05,10,20,-16.638810,1.204093,-20.658058,-1.224122,7.2,124.2,7.4,3.626390,-20.265199,False,0.242762,c7,0.879843,x8,23.162033
rand_n10_m20_d8_s456,RC_medium,0.2,10,20,-10.612851,2.588441,-9.430629,-2.387603,24.4,88.9,22.5,-30.757417,20.144566,False,0.130319,c11,-9.604087,x3,-5.117526
rand_n10_m20_d8_s123,RC_small,0.05,10,20,0.589398,0.428804,0.095295,0.065299,72.8,16.2,11.1,16.033473,-15.444075,True,0.000000,c14,-2.497033,x6,0.674942
rand_n10_m20_d8_s456,RC_medium,0.2,10,20,7.306696,-2.510660,9.546920,-0.550784,34.4,130.7,7.5,0.002726,7.303970,False,0.112393,c11,-3.141600,x3,5.526235
rand_n10_m20_d8_s456,RC_medium,0.2,10,20,-26.069045,5.195279,-29.902701,-1.361623,19.9,114.7,5.2,13.830222,-39.899268,True,0.000000,c4,7.683016,x4,-10.725116
rand_n10_m20_d8_s456,RC_large,0.5,10,20,21.808286,-6.276654,23.867323,-3.442419,28.8,109.4,15.8,1.777487,20.030799,False,0.351244,c11,-7.854002,x3,13.815581
rand_n10_m20_d8_s456,RC_large,0.5,10,20,-30.226184,6.471111,-23.576598,-14.922522,21.4,78.0,49.4,-87.682886,57.456703,False,0.059611,c11,-24.010219,x3,-12.793822
rand_n10_m20_d8_s456,RC_large,0.5,10,20,-75.606309,12.988193,-74.756748,-8.510150,17.2,98.9,11.3,29.358665,-104.964974,False,0.070465,c4,19.207535,x4,-26.812798
rand_n10_m20_d8_s456,RC_asym_bc,0.05,10,20,-74.308945,1.298818,-74.756748,-0.851015,1.7,100.6,1.1,74.979176,-149.288121,True,0.000000,c4,1.920752,x4,-26.812798
rand_n10_m20_d8_s456,RC_asym_cb,0.5,10,20,-5.703670,-6.276654,2.386747,-0.344250,110.0,41.8,6.0,27.041847,-32.745517,False,0.257643,c11,-7.854002,x3,1.381562
rand_n10_m20_d8_s456,RC_asym_cb,0.5,10,20,-7.178995,12.988193,-7.475676,-0.851020,180.9,104.1,11.9,-41.845160,34.666165,False,1.649324,c4,19.207535,x4,-2.681283
rand_n10_m20_d8_s456,RC_asym_bc,0.05,10,20,-20.147107,0.647113,-23.576598,-1.492253,3.2,117.0,7.4,-15.108053,-5.039054,False,0.212171,c11,-2.401022,x3,-12.793822
rand_n10_m20_d8_s789,RC_small,0.05,10,20,-4.376695,-5.163568,0.699634,0.087239,118.0,16.0,2.0,-5.206452,0.829758,True,0.000000,c14,-2.300080,x6,-0.914812
rand_n10_m20_d8_s789,RC_small,0.05,10,20,-2.034506,-0.628386,-1.424635,-0.238859,30.9,70.0,11.7,-0.725756,-1.308751,False,0.126504,c3,1.725424,x10,-2.516614
rand_n10_m20_d8_s789,RC_small,0.05,10,20,-4.063755,1.753829,-5.767804,-0.049780,43.2,141.9,1.2,0.104288,-4.168043,True,0.000000,c3,2.109560,x10,-2.027305
rand_n10_m20_d8_s789,RC_medium,0.2,10,20,-13.482211,-2.513538,-5.698566,-3.821736,18.6,42.3,28.3,-8.379416,-5.102796,False,0.107428,c3,6.901707,x10,-10.066444
rand_n10_m20_d8_s789,RC_medium,0.2,10,20,-16.459901,-20.654276,2.798548,1.395827,125.5,17.0,8.5,-20.617811,4.157910,True,0.000000,c14,-9.200324,x6,-3.659257
rand_n10_m20_d8_s789,RC_medium,0.2,10,20,-24.599631,7.015323,-23.071221,-0.796475,28.5,93.8,3.2,-5.759589,-18.840043,False,0.314934,c3,8.438247,x10,-8.109233
rand_n10_m20_d8_s789,RC_large,0.5,10,20,-51.907528,-51.635689,6.996374,8.723925,99.5,13.5,16.8,-64.285218,12.377690,False,0.308089,c14,-23.000808,x6,-9.148128
rand_n10_m20_d8_s789,RC_large,0.5,10,20,-79.897734,17.538306,-57.678055,-4.977977,22.0,72.2,6.2,-30.907606,-48.990129,False,0.435307,c3,21.095618,x10,-20.273089
rand_n10_m20_d8_s456,RC_asym_cb,0.5,10,20,-15.582670,6.471111,-2.357665,-1.492252,41.5,15.1,9.6,-81.689342,66.106672,False,1.168212,c11,-24.010219,x3,-1.279385
rand_n10_m20_d8_s789,RC_asym_bc,0.05,10,20,3.065665,-5.163568,6.996374,0.872393,168.4,228.2,28.5,-5.407281,8.472946,False,0.117581,c14,-2.300080,x6,-9.148128
rand_n10_m20_d8_s789,RC_asym_bc,0.05,10,20,-56.036036,1.753829,-57.678055,-0.497797,3.1,102.9,0.9,0.183141,-56.219177,False,0.006888,c3,2.109560,x10,-20.273089
rand_n10_m20_d8_s789,RC_asym_cb,0.5,10,20,-41.996704,-6.283851,-1.424635,-2.388590,15.0,3.4,5.7,-36.635769,-5.360935,False,0.759575,c3,17.254262,x10,-2.516614
rand_n10_m20_d8_s789,RC_asym_bc,0.05,10,20,-9.447314,-0.628386,-14.246395,-2.388587,6.7,150.8,25.3,0.529972,-9.977286,False,0.827331,c3,1.725424,x10,-25.166103
rand_n10_m20_d8_s789,RC_asym_cb,0.5,10,20,-60.665111,-51.635689,0.699634,0.872394,85.1,1.2,1.4,-64.742001,4.076889,False,0.174754,c14,-23.000808,x6,-0.914812
rand_n10_m20_d8_s789,RC_asym_cb,0.5,10,20,-37.179681,17.538306,-5.767804,-0.497802,47.2,15.5,1.3,-35.613573,-1.566109,False,1.303195,c3,21.095618,x10,-2.027305
rand_n10_m20_d8_s1024,RC_small,0.05,10,20,-8.797845,-5.595001,-3.299528,0.048970,63.6,37.5,0.6,-4.880455,-3.917390,False,0.005423,c7,-4.014890,x10,-1.731855
rand_n10_m20_d8_s1024,RC_small,0.05,10,20,-1.343994,6.456026,-7.602083,-0.199044,480.4,565.6,14.8,5.313663,-6.657656,False,0.000824,c7,3.504169,x4,-1.679837
rand_n10_m20_d8_s1024,RC_small,0.05,10,20,7.395129,5.395820,2.440996,0.028466,73.0,33.0,0.4,4.391325,3.003804,False,0.063576,c7,4.367826,x2,1.312302
rand_n10_m20_d8_s1024,RC_medium,0.2,10,20,-34.511612,-22.380011,-13.198161,0.783507,64.8,38.2,2.3,-20.658492,-13.853120,False,0.008202,c7,-16.059555,x10,-6.927411
rand_n10_m20_d8_s789,RC_large,0.5,10,20,-46.550699,-6.283851,-14.246395,-23.885855,13.5,30.6,51.3,-33.950635,-12.600064,False,0.045855,c3,17.254262,x10,-25.166103
rand_n10_m20_d8_s456,RC_asym_bc,0.05,10,20,26.200298,-0.627667,23.867323,-0.344243,2.4,91.1,1.3,-26.832877,53.033175,False,0.126139,c11,-0.785400,x3,13.815581
rand_n10_m20_d8_s1024,RC_medium,0.2,10,20,25.260848,21.583293,9.764051,0.455461,85.4,38.7,1.8,14.219055,11.041793,False,0.258976,c7,17.471311,x2,5.249208
rand_n10_m20_d8_s1024,RC_medium,0.2,10,20,-12.234926,25.824107,-30.408358,-3.184699,211.1,248.5,26.0,16.568003,-28.802929,False,0.365019,c7,14.016677,x4,-6.719333
rand_n10_m20_d8_s1024,RC_large,0.5,10,20,61.446511,53.958231,24.410130,2.846630,87.8,39.7,4.6,33.459358,27.987153,False,0.321718,c7,43.678274,x2,13.123019
rand_n10_m20_d8_s1024,RC_large,0.5,10,20,-48.021872,64.560273,-76.020900,-19.904372,134.4,158.3,41.4,31.143254,-79.165127,False,0.346860,c7,35.041698,x4,-16.798340
rand_n10_m20_d8_s1024,RC_large,0.5,10,20,-85.205645,-55.950018,-32.995383,4.896924,65.7,38.7,5.7,-55.234302,-29.971342,False,0.013581,c7,-40.148882,x10,-17.318533
rand_n10_m20_d8_s1024,RC_asym_bc,0.05,10,20,-36.007633,-5.595001,-32.995383,0.489693,15.5,91.6,1.4,-2.934192,-33.073441,False,0.058128,c7,-4.014890,x10,-17.318533
rand_n10_m20_d8_s1024,RC_asym_bc,0.05,10,20,29.577143,5.395820,24.410130,0.284663,18.2,82.5,1.0,1.701371,27.875772,False,0.017360,c7,4.367826,x2,13.123019
rand_n10_m20_d8_s1024,RC_asym_cb,0.5,10,20,38.583097,53.958231,2.440996,0.284657,139.8,6.3,0.7,35.808612,2.774485,False,0.469138,c7,43.678274,x2,1.312302
rand_n10_m20_d8_s1024,RC_asym_cb,0.5,10,20,30.379229,64.560273,-7.602083,-1.990437,212.5,25.0,6.6,44.517465,-14.138236,False,0.809386,c7,35.041698,x4,-1.679837
rand_n10_m20_d8_s1024,RC_asym_cb,0.5,10,20,-60.221301,-55.950018,-3.299528,0.489695,92.9,5.5,0.8,-58.293287,-1.928013,False,0.024268,c7,-40.148882,x10,-1.731855
rand_n20_m20_d3_s42,RC_small,0.05,20,20,-5.856894,-0.107193,-5.766655,0.016953,1.8,98.5,0.3,,,True,0.000000,c8,2.108936,x12,-1.873423
rand_n20_m20_d3_s42,RC_medium,0.2,20,20,-23.656172,-0.428762,-23.066630,0.271253,1.8,97.5,1.1,,,False,0.018263,c8,8.435746,x12,-7.493692
rand_n10_m20_d8_s1024,RC_asym_bc,0.05,10,20,-71.508032,6.456026,-76.020900,-1.990437,9.0,106.3,2.8,-3.942016,-67.566016,False,0.000661,c7,3.504169,x4,-16.798340
rand_n20_m20_d3_s42,RC_medium,0.2,20,20,-6.606640,13.571792,-23.194909,1.466396,205.4,351.1,22.2,,,False,0.234625,c8,5.969391,x4,-17.683185
rand_n20_m20_d3_s42,RC_large,0.5,20,20,-52.998266,-1.071912,-57.666574,1.695316,2.0,108.8,3.2,,,False,0.076321,c8,21.089363,x12,-18.734229
rand_n20_m20_d3_s42,RC_large,0.5,20,20,40.664071,5.962331,28.161700,3.638454,14.7,69.3,8.9,,,False,0.071355,c8,10.644991,x2,16.613597
rand_n20_m20_d3_s42,RC_large,0.5,20,20,-19.910070,33.929486,-57.987242,9.164986,170.4,291.2,46.0,,,False,0.251998,c8,14.923480,x4,-44.207944
rand_n20_m20_d3_s42,RC_asym_bc,0.05,20,20,-49.480153,-0.107193,-57.666574,0.169532,0.2,116.5,0.3,,,False,0.164189,c8,2.108936,x12,-18.734229
rand_n20_m20_d3_s42,RC_medium,0.2,20,20,14.231788,2.384935,11.264695,0.582158,16.8,79.2,4.1,,,True,0.000000,c8,4.257998,x2,6.645446
rand_n20_m20_d3_s42,RC_asym_bc,0.05,20,20,35.563457,0.596230,28.161700,0.363845,1.7,79.2,1.0,,,False,0.181132,c8,1.064498,x2,16.613597
rand_n20_m20_d3_s42,RC_asym_bc,0.05,20,20,-44.358610,3.392950,-57.987242,0.916497,7.6,130.7,2.1,,,False,0.210087,c8,1.492349,x4,-44.207944
rand_n20_m20_d3_s42,RC_asym_cb,0.5,20,20,-9.751275,-1.071912,-5.766655,0.169534,11.0,59.1,1.7,,,False,0.316086,c8,21.089363,x12,-1.873423
rand_n20_m20_d3_s42,RC_asym_cb,0.5,20,20,9.142343,5.962331,2.816164,0.363848,65.2,30.8,4.0,,,True,0.000000,c8,10.644991,x2,1.661352
rand_n20_m20_d3_s123,RC_small,0.05,20,20,-1.634259,2.468768,-4.126947,0.023920,151.1,252.5,1.5,,,True,0.000000,c3,1.916911,x10,-2.257454
rand_n20_m20_d3_s123,RC_small,0.05,20,20,-4.345175,-2.099268,-2.221034,-0.024873,48.3,51.1,0.6,,,True,0.000000,c3,-2.256958,x8,-2.353521
rand_n20_m20_d3_s42,RC_small,0.05,20,20,-2.314142,3.392950,-5.798742,0.091649,146.6,250.6,4.0,,,True,0.000000,c8,1.492349,x4,-4.420796
rand_n20_m20_d3_s123,RC_small,0.05,20,20,-2.425633,2.749149,-5.055380,-0.119402,113.3,208.4,4.9,,,True,0.000000,c3,2.343676,x8,3.092877
rand_n20_m20_d3_s123,RC_medium,0.2,20,20,-6.250110,9.875057,-16.507887,0.382720,158.0,264.1,6.1,,,True,0.000000,c3,7.667635,x10,-9.029818
rand_n20_m20_d3_s123,RC_medium,0.2,20,20,-11.929743,10.996588,-20.221633,-1.910431,92.2,169.5,16.0,,,False,0.066579,c3,9.374700,x8,12.371488
rand_n20_m20_d3_s123,RC_medium,0.2,20,20,-17.679112,-8.397075,-8.884075,-0.397962,47.5,50.3,2.3,,,True,0.000000,c3,-9.027838,x8,-9.414043
rand_n20_m20_d3_s42,RC_small,0.05,20,20,3.448779,0.596230,2.816164,0.036385,17.3,81.7,1.1,,,True,0.000000,c8,1.064498,x2,1.661352
rand_n20_m20_d3_s123,RC_large,0.5,20,20,-13.348360,24.687645,-41.269695,2.391988,184.9,309.2,17.9,,,False,0.063057,c3,19.169089,x10,-22.574531
rand_n20_m20_d3_s123,RC_large,0.5,20,20,-45.738838,-20.992681,-22.210181,-2.487256,45.9,48.6,5.4,,,False,0.001065,c3,-22.569593,x8,-23.535129
rand_n20_m20_d3_s123,RC_large,0.5,20,20,-31.010682,27.491467,-50.554059,-11.940193,88.7,163.0,38.5,,,False,0.128733,c3,23.436748,x8,30.928730
rand_n20_m20_d3_s123,RC_asym_bc,0.05,20,20,-44.356191,2.749149,-50.554059,-1.194021,6.2,114.0,2.7,,,False,0.104669,c3,2.343676,x8,30.928730
rand_n20_m20_d3_s123,RC_asym_cb,0.5,20,20,20.113689,24.687645,-4.126947,0.239200,122.7,20.5,1.2,,,False,0.034117,c3,19.169089,x10,-2.257454
rand_n20_m20_d3_s123,RC_asym_cb,0.5,20,20,-23.502482,-20.992681,-2.221034,-0.248730,89.3,9.5,1.1,,,False,0.001704,c3,-22.569593,x8,-2.353521
rand_n20_m20_d3_s123,RC_asym_cb,0.5,20,20,13.803166,27.491467,-5.055380,-1.194023,199.2,36.6,8.7,,,False,0.538927,c3,23.436748,x8,3.092877
rand_n20_m20_d3_s456,RC_small,0.05,20,20,-6.625913,-5.360435,-0.063544,-0.345652,80.9,1.0,5.2,-16.947181,10.321267,False,0.129232,c11,-7.333216,x6,2.329996
rand_n20_m20_d3_s456,RC_medium,0.2,20,20,-36.390123,-21.441719,-0.254193,-5.530426,58.9,0.7,15.2,-73.126520,36.736397,False,0.251821,c11,-29.332856,x6,9.319966
rand_n20_m20_d3_s456,RC_small,0.05,20,20,-4.263870,-7.676481,3.614532,-0.201920,180.0,84.8,4.7,-24.956076,20.692206,True,0.000000,c11,-2.398773,x19,2.714394
rand_n20_m20_d3_s123,RC_asym_bc,0.05,20,20,-36.454160,2.468768,-41.269695,0.239198,6.8,113.2,0.7,,,False,0.057814,c3,1.916911,x10,-22.574531
rand_n20_m20_d3_s123,RC_asym_bc,0.05,20,20,-24.558174,-2.099268,-22.210181,-0.248725,8.5,90.4,1.0,,,True,0.000000,c3,-2.256958,x8,-23.535129
rand_n20_m20_d3_s456,RC_medium,0.2,20,20,-71.551247,-20.463784,-52.210489,1.443113,28.6,73.0,2.0,78.598324,-150.149571,False,0.004474,c2,-13.775198,x4,-22.879103
rand_n20_m20_d3_s42,RC_asym_cb,0.5,20,20,26.149939,33.929486,-5.798742,0.916493,129.7,22.2,3.5,,,False,0.110796,c8,14.923480,x4,-4.420796
rand_n20_m20_d3_s456,RC_medium,0.2,20,20,-19.381417,-30.705932,14.458154,-3.230720,158.4,74.6,16.7,-100.987341,81.605924,False,0.005009,c11,-9.595095,x19,10.857537
rand_n20_m20_d3_s456,RC_large,0.5,20,20,-58.029801,-76.764835,36.145354,-20.191998,132.3,62.3,34.8,-257.261592,199.231791,False,0.047935,c11,-23.987736,x19,27.143863
rand_n20_m20_d3_s456,RC_asym_bc,0.05,20,20,-9.341062,-5.360435,-0.635467,-3.456515,57.4,6.8,37.0,45.992036,-55.333097,False,0.011921,c11,-7.333216,x6,23.299924
rand_n20_m20_d3_s456,RC_large,0.5,20,20,-104.724973,-53.604307,-0.635467,-34.565138,51.2,0.6,33.0,-206.121370,101.396397,False,0.152018,c11,-73.332144,x6,23.299924
rand_n20_m20_d3_s456,RC_large,0.5,20,20,-172.246506,-51.159460,-130.526267,9.019471,29.7,75.8,5.2,145.028176,-317.274681,False,0.002437,c2,-34.437998,x4,-57.197746
rand_n20_m20_d3_s456,RC_asym_bc,0.05,20,20,-133.824356,-5.115942,-130.526267,0.901946,3.8,97.5,0.7,216.040156,-349.864512,False,0.006844,c2,-3.443798,x4,-57.197746
rand_n20_m20_d3_s456,RC_asym_bc,0.05,20,20,28.221023,-7.676481,36.145354,-2.019199,27.2,128.1,7.2,-83.115907,111.336930,False,0.062767,c11,-2.398773,x19,27.143863
rand_n20_m20_d3_s789,RC_small,0.05,20,20,-9.443082,-7.442984,-2.168961,0.168862,78.8,23.0,1.8,,,True,0.000000,c7,-4.117845,x15,2.013016
rand_n20_m20_d3_s456,RC_asym_cb,0.5,20,20,-78.803640,-76.764835,3.614532,-2.019199,97.4,4.6,2.6,-193.246234,114.442594,False,0.046116,c11,-23.987736,x19,2.714394
rand_n20_m20_d3_s789,RC_small,0.05,20,20,5.125874,2.463015,2.513175,-0.042070,48.1,49.0,0.8,,,False,0.037409,c7,4.479835,x3,1.460889
rand_n20_m20_d3_s789,RC_small,0.05,20,20,0.092794,3.845460,-3.829863,-0.000382,4144.1,4127.3,0.4,,,False,0.836025,c7,3.594029,x3,-1.674425
rand_n20_m20_d3_s456,RC_small,0.05,20,20,-18.078350,-5.115942,-13.052602,0.090193,28.3,72.2,0.5,19.747007,-37.825358,True,0.000000,c2,-3.443798,x4,-5.719770
rand_n20_m20_d3_s456,RC_asym_cb,0.5,20,20,-64.183735,-51.159460,-13.052602,0.901936,79.7,20.3,1.4,-55.106590,-9.077144,False,0.013611,c2,-34.437998,x4,-5.719770
rand_n20_m20_d3_s789,RC_medium,0.2,20,20,-36.063771,-29.771931,-8.675982,2.701829,82.6,24.1,7.5,,,False,0.008809,c7,-16.471379,x15,8.052048
rand_n20_m20_d3_s789,RC_medium,0.2,20,20,20.235494,9.852060,10.052710,-0.673100,48.7,49.7,3.3,,,False,0.049607,c7,17.919337,x3,5.843506
rand_n20_m20_d3_s789,RC_medium,0.2,20,20,0.367020,15.381835,-15.319459,-0.006110,4191.0,4174.0,1.7,,,False,0.846698,c7,14.376117,x3,-6.697699
rand_n20_m20_d3_s789,RC_large,0.5,20,20,47.782194,24.630150,25.131813,-4.206880,51.5,52.6,8.8,,,False,0.046610,c7,44.798343,x3,14.608790
rand_n20_m20_d3_s789,RC_asym_bc,0.05,20,20,-25.486578,-7.442984,-21.689920,1.688642,29.2,85.1,6.6,,,False,0.076812,c7,-4.117845,x15,20.130111
rand_n20_m20_d3_s789,RC_asym_bc,0.05,20,20,31.554303,2.463015,25.131813,-0.420689,7.8,79.6,1.3,,,False,0.138814,c7,4.479835,x3,14.608790
rand_n20_m20_d3_s789,RC_asym_bc,0.05,20,20,-33.574352,3.845460,-38.298681,-0.003819,11.5,114.1,0.0,,,False,0.026291,c7,3.594029,x3,-16.744247
rand_n20_m20_d3_s789,RC_large,0.5,20,20,-93.001238,-74.429835,-21.689920,16.886424,80.0,23.3,18.2,,,False,0.148040,c7,-41.178445,x15,20.130111
rand_n20_m20_d3_s789,RC_asym_cb,0.5,20,20,23.565936,24.630150,2.513175,-0.420694,104.5,10.7,1.8,,,False,0.133952,c7,44.798343,x3,1.460889
rand_n20_m20_d3_s789,RC_asym_cb,0.5,20,20,-81.390997,-74.429835,-2.168961,1.688625,91.4,2.7,2.1,,,False,0.079626,c7,-41.178445,x15,2.013016
rand_n20_m20_d3_s456,RC_asym_cb,0.5,20,20,-86.299312,-53.604307,-0.063544,-3.456516,62.1,0.1,4.0,-261.205330,174.906018,False,0.338067,c11,-73.332144,x6,2.329996
rand_n20_m20_d3_s1024,RC_small,0.05,20,20,-1.020756,3.440182,-4.566274,0.105336,337.0,447.3,10.3,26.042544,-27.063300,True,0.000000,c2,1.821289,x10,-3.099072
rand_n20_m20_d3_s1024,RC_small,0.05,20,20,-5.392804,-4.602394,-0.985615,-0.083681,85.3,18.3,1.6,-12.296283,6.903479,False,0.051714,c14,-1.895691,x3,1.798886
rand_n20_m20_d3_s1024,RC_small,0.05,20,20,-10.170963,-3.279354,-6.915871,0.071827,32.2,68.0,0.7,-46.008665,35.837702,False,0.004677,c10,-1.694854,x12,4.247470
rand_n20_m20_d3_s1024,RC_medium,0.2,20,20,-19.808012,-18.409580,-3.942477,-1.338879,92.9,19.9,6.8,-48.303368,28.495356,False,0.196028,c14,-7.582766,x3,7.195545
rand_n20_m20_d3_s789,RC_asym_cb,0.5,20,20,32.207311,38.454589,-3.829863,-0.003816,119.4,11.9,0.0,,,False,0.074939,c7,35.940294,x3,-1.674425
rand_n20_m20_d3_s1024,RC_medium,0.2,20,20,-42.991595,-13.117417,-27.663477,1.149217,30.5,64.3,2.7,-185.188438,142.196844,False,0.078153,c10,-6.779417,x12,16.989906
rand_n20_m20_d3_s1024,RC_large,0.5,20,20,-8.626168,34.401816,-45.662702,10.533509,398.8,529.4,122.1,247.989437,-256.615605,False,0.915678,c2,18.212880,x10,-30.990829
rand_n20_m20_d3_s1024,RC_large,0.5,20,20,-45.700670,-46.023950,-9.856225,-8.368027,100.7,21.6,18.3,-118.944820,73.244151,False,0.405848,c14,-18.956916,x3,17.988862
rand_n20_m20_d3_s1024,RC_large,0.5,20,20,-113.948625,-32.793539,-69.158676,7.182595,28.8,60.7,6.3,-477.755433,363.806808,False,0.168313,c10,-16.948542,x12,42.474724
rand_n20_m20_d3_s1024,RC_asym_bc,0.05,20,20,-35.307872,3.440182,-45.662702,1.053352,9.7,129.3,3.0,309.659750,-344.967622,False,0.166005,c2,1.821289,x10,-30.990829
rand_n20_m20_d3_s1024,RC_asym_bc,0.05,20,20,1.754690,-4.602394,-9.856225,-0.836803,262.3,561.7,47.7,53.931877,-52.177187,False,9.716880,c14,-1.895691,x3,17.988862
rand_n20_m20_d3_s1024,RC_medium,0.2,20,20,-1.305473,13.760729,-18.265066,1.685361,1054.1,1399.1,129.1,101.238009,-102.543482,False,1.159352,c2,7.285153,x10,-12.396332
rand_n20_m20_d3_s789,RC_large,0.5,20,20,-4.644589,38.454589,-38.298681,-0.038180,827.9,824.6,0.8,,,False,1.025347,c7,35.940294,x3,-16.744247
rand_n20_m20_d5_s42,RC_small,0.05,20,20,-5.361367,-2.530701,-2.918802,0.088136,47.2,54.4,1.6,,,True,0.000000,c15,-4.329429,x2,-1.918714
rand_n20_m20_d5_s42,RC_small,0.05,20,20,1.990264,-1.079149,3.067683,0.001730,54.2,154.1,0.1,,,True,0.000000,c15,-1.387319,x2,1.859773
rand_n20_m20_d3_s1024,RC_asym_cb,0.5,20,20,-52.928573,-32.793539,-6.915871,0.718273,62.0,13.1,1.4,-400.511168,347.582595,False,0.263325,c10,-16.948542,x12,4.247470
rand_n20_m20_d3_s1024,RC_asym_cb,0.5,20,20,-50.696695,-46.023950,-0.985615,-0.836805,90.8,1.9,1.7,-184.097246,133.400551,False,0.056223,c14,-18.956916,x3,1.798886
rand_n20_m20_d3_s1024,RC_asym_bc,0.05,20,20,-71.956564,-3.279354,-69.158676,0.718261,4.6,96.1,1.0,-123.635705,51.679141,False,0.003291,c10,-1.694854,x12,42.474724
rand_n20_m20_d5_s42,RC_small,0.05,20,20,-5.831864,3.414386,-9.519641,-0.233979,58.5,163.2,4.0,,,False,0.087000,c15,2.538986,x4,-4.420796
rand_n20_m20_d5_s42,RC_medium,0.2,20,20,-22.180757,13.657540,-38.078533,-3.743691,61.6,171.7,16.9,,,False,0.269780,c15,10.155936,x4,-17.683185
rand_n20_m20_d5_s42,RC_large,0.5,20,20,-51.957976,-25.307005,-29.188071,8.813686,48.7,56.2,17.0,,,False,0.120801,c15,-43.294303,x2,-19.187226
rand_n20_m20_d5_s42,RC_large,0.5,20,20,24.299178,-10.791494,30.676976,0.172959,44.4,126.2,0.7,,,False,0.174522,c15,-13.873191,x2,18.597815
rand_n20_m20_d3_s1024,RC_asym_cb,0.5,20,20,29.189254,34.401816,-4.566274,1.053357,117.9,15.6,3.6,-33.863615,63.052870,False,0.058228,c2,18.212880,x10,-3.099072
rand_n20_m20_d5_s42,RC_large,0.5,20,20,-45.165767,34.143855,-95.196294,-23.398057,75.6,210.8,51.8,,,False,0.869790,c15,25.389844,x4,-44.207944
rand_n20_m20_d5_s42,RC_medium,0.2,20,20,8.069458,-4.316597,12.270813,0.027674,53.5,152.1,0.3,,,False,0.010852,c15,-5.549276,x2,7.439135
rand_n20_m20_d5_s42,RC_asym_bc,0.05,20,20,32.821390,-1.079149,30.676976,0.017296,3.3,93.5,0.1,,,False,0.097688,c15,-1.387319,x2,18.597815
rand_n20_m20_d5_s42,RC_medium,0.2,20,20,-22.498129,-10.122802,-11.675242,1.410206,45.0,51.9,6.3,,,False,0.093799,c15,-17.317720,x2,-7.674899
rand_n20_m20_d5_s42,RC_asym_bc,0.05,20,20,-69.382833,3.414386,-95.196294,-2.339807,4.9,137.2,3.4,,,False,0.356556,c15,2.538986,x4,-44.207944
rand_n20_m20_d5_s42,RC_asym_cb,0.5,20,20,-35.120562,-25.307005,-2.918802,0.881360,72.1,8.3,2.5,,,False,0.221412,c15,-43.294303,x2,-1.918714
rand_n20_m20_d5_s42,RC_asym_cb,0.5,20,20,-7.734104,-10.791494,3.067683,0.017296,139.5,39.7,0.2,,,False,0.003567,c15,-13.873191,x2,1.859773
rand_n20_m20_d5_s42,RC_asym_cb,0.5,20,20,22.731219,34.143855,-9.519641,-2.339790,150.2,41.9,10.3,,,False,0.019656,c15,25.389844,x4,-4.420796
rand_n20_m20_d5_s123,RC_small,0.05,20,20,-6.842441,-0.161697,-6.727859,0.047116,2.4,98.3,0.7,,,True,0.000000,c9,-1.293730,x8,3.092877
rand_n20_m20_d5_s123,RC_small,0.05,20,20,-3.469076,-0.140004,-3.318774,-0.010298,4.0,95.7,0.3,,,True,0.000000,c4,0.155399,x8,-2.353521
rand_n20_m20_d5_s123,RC_small,0.05,20,20,-0.249635,1.230046,-1.493669,0.013988,492.7,598.3,5.6,,,True,0.000000,c13,0.488291,x15,2.854165
rand_n20_m20_d5_s123,RC_medium,0.2,20,20,-13.999808,-0.560008,-13.275036,-0.164764,4.0,94.8,1.2,,,True,0.000000,c4,0.621599,x8,-9.414043
rand_n20_m20_d5_s123,RC_large,0.5,20,20,-1.635841,12.300464,-14.936795,1.398814,751.9,913.1,85.5,,,False,0.243498,c13,4.882906,x15,28.541624
rand_n20_m20_d5_s42,RC_asym_bc,0.05,20,20,-27.933840,-2.530701,-29.188071,0.881369,9.1,104.5,3.2,,,False,0.103944,c15,-4.329429,x2,-19.187226
rand_n20_m20_d5_s123,RC_medium,0.2,20,20,-0.764272,4.920184,-5.974735,0.223811,643.8,781.8,29.3,,,False,0.086969,c13,1.953162,x15,11.416647
rand_n20_m20_d5_s123,RC_asym_bc,0.05,20,20,-33.430591,-0.140004,-33.187608,-0.102979,0.4,99.3,0.3,,,True,0.000000,c4,0.155399,x8,-23.535129
rand_n20_m20_d5_s123,RC_asym_bc,0.05,20,20,-66.969390,-0.161697,-67.278846,0.471154,0.2,100.5,0.7,,,True,0.000000,c9,-1.293730,x8,30.928730
rand_n20_m20_d5_s123,RC_asym_cb,0.5,20,20,10.691890,12.300464,-1.493669,0.139882,115.0,14.0,1.3,,,False,0.023830,c13,4.882906,x15,2.854165
rand_n20_m20_d5_s123,RC_medium,0.2,20,20,-27.158599,-0.646789,-26.911533,0.753846,2.4,99.1,2.8,,,False,0.013039,c9,-5.174924,x8,12.371488
rand_n20_m20_d5_s123,RC_asym_bc,0.05,20,20,-12.690712,1.230046,-14.936795,0.139881,9.7,117.7,1.1,,,False,0.069039,c13,0.488291,x15,28.541624
rand_n20_m20_d5_s123,RC_asym_cb,0.5,20,20,-4.821773,-1.400023,-3.318774,-0.102976,29.0,68.8,2.1,,,True,0.000000,c4,1.553998,x8,-2.353521
rand_n20_m20_d5_s123,RC_large,0.5,20,20,-66.514958,-1.616967,-67.278846,4.711535,2.4,101.1,7.1,,,False,0.035040,c9,-12.937307,x8,30.928730
rand_n20_m20_d5_s456,RC_small,0.05,20,20,-1.314486,-0.908787,0.476847,0.016424,69.1,36.3,1.2,-12.701678,11.387193,False,0.683895,c2,5.851288,x6,2.329996
rand_n20_m20_d5_s456,RC_small,0.05,20,20,-3.623803,-7.554841,4.163395,-0.232358,208.5,114.9,6.4,-31.650402,28.026598,True,0.000000,c14,-4.205729,x19,2.520261
rand_n20_m20_d5_s123,RC_large,0.5,20,20,-35.617416,-1.400023,-33.187608,-1.029785,3.9,93.2,2.9,,,True,0.000000,c4,1.553998,x8,-23.535129
rand_n20_m20_d5_s456,RC_small,0.05,20,20,-20.806290,-7.464224,-13.371249,0.029183,35.9,64.3,0.1,-4.610751,-16.195539,True,0.000000,c2,-4.374152,x4,-5.719770
rand_n20_m20_d5_s456,RC_medium,0.2,20,20,-82.875055,-29.856911,-53.485091,0.466947,36.0,64.5,0.6,-18.267623,-64.607433,True,0.000000,c2,-17.496617,x4,-22.879103
rand_n20_m20_d5_s456,RC_medium,0.2,20,20,-16.323092,-30.219361,16.653575,-3.717718,185.1,102.0,22.8,-127.515546,111.192455,False,0.058838,c14,-16.822915,x19,10.081006
rand_n20_m20_d5_s456,RC_medium,0.2,20,20,-13.849039,-3.635152,1.907372,0.262774,26.2,13.8,1.9,-55.102171,41.253131,False,0.894216,c2,23.405160,x6,9.319966
rand_n20_m20_d5_s456,RC_large,0.5,20,20,-32.793214,-75.548399,41.633900,-23.235729,230.4,127.0,70.9,-314.781622,281.988408,False,0.742746,c14,-42.057288,x19,25.202534
rand_n20_m20_d5_s456,RC_large,0.5,20,20,-193.742239,-74.642281,-133.712759,2.918420,38.5,69.0,1.5,-38.946474,-154.795765,False,0.060361,c2,-43.741547,x4,-57.197746
rand_n20_m20_d5_s456,RC_large,0.5,20,20,-36.219835,-9.087870,4.768429,1.642351,25.1,13.2,4.5,-138.554051,102.334217,False,0.926088,c2,58.512905,x6,23.299924
rand_n20_m20_d5_s456,RC_asym_bc,0.05,20,20,44.807794,-7.554841,41.633900,-2.323574,16.9,92.9,5.2,-102.841089,147.648883,False,0.291295,c14,-4.205729,x19,25.202534
rand_n20_m20_d5_s456,RC_asym_bc,0.05,20,20,-134.106855,-7.464224,-133.712759,0.291843,5.6,99.7,0.2,187.362892,-321.469748,False,0.050544,c2,-4.374152,x4,-57.197746
rand_n20_m20_d5_s456,RC_asym_bc,0.05,20,20,4.948051,-0.908787,4.768429,0.164234,18.4,96.4,3.3,75.557972,-70.609921,False,0.186776,c2,5.851288,x6,23.299924
rand_n20_m20_d5_s123,RC_asym_cb,0.5,20,20,-11.324005,-1.616967,-6.727859,0.471155,14.3,59.4,4.2,,,False,0.304692,c9,-12.937307,x8,3.092877
rand_n20_m20_d5_s456,RC_asym_cb,0.5,20,20,-89.802698,-74.642281,-13.371249,0.291829,83.1,14.9,0.3,-235.600630,145.797932,False,0.023173,c2,-43.741547,x4,-5.719770
rand_n20_m20_d5_s789,RC_medium,0.2,20,20,-49.745617,-37.716378,-11.552533,4.268167,75.8,23.2,8.6,-63.692030,13.946414,False,0.095383,c7,-24.677154,x15,6.166804
rand_n20_m20_d5_s456,RC_asym_cb,0.5,20,20,-40.862560,-9.087870,0.476847,0.164239,22.2,1.2,0.4,-226.003796,185.141236,False,0.793288,c2,58.512905,x6,2.329996
rand_n20_m20_d5_s789,RC_small,0.05,20,20,6.955363,4.870204,2.114680,0.154048,70.0,30.4,2.2,12.626475,-5.671111,False,0.026392,c7,6.711617,x19,1.413742
rand_n20_m20_d5_s789,RC_medium,0.2,20,20,28.151149,19.480800,8.458771,2.464770,69.2,30.0,8.8,50.670777,-22.519629,False,0.080039,c7,26.846464,x19,5.654969
rand_n20_m20_d5_s456,RC_asym_cb,0.5,20,20,-81.573800,-75.548399,4.163395,-2.323575,92.6,5.1,2.8,-243.765429,162.191629,False,0.096418,c14,-42.057288,x19,2.520261
rand_n20_m20_d5_s789,RC_medium,0.2,20,20,6.939510,17.640981,-15.647457,-2.461055,254.2,225.5,35.5,39.765206,-32.825695,False,1.067372,c7,21.538069,x4,-10.974723
rand_n20_m20_d5_s789,RC_small,0.05,20,20,1.138989,4.410244,-3.911858,-0.153815,387.2,343.4,13.5,9.703093,-8.564104,False,0.697476,c7,5.384516,x4,-2.743681
rand_n20_m20_d5_s789,RC_large,0.5,20,20,-192.163865,-94.290946,-28.881304,26.676037,49.1,15.0,13.9,-194.423951,2.260086,False,0.497844,c7,-61.692887,x15,15.417003
rand_n20_m20_d5_s789,RC_large,0.5,20,20,60.313017,48.702004,21.146939,15.404800,80.7,35.1,25.5,105.773253,-45.460237,False,0.413521,c7,67.116159,x19,14.137435
rand_n20_m20_d5_s789,RC_large,0.5,20,20,-1.740590,44.102454,-39.118663,-15.381545,2533.8,2247.4,883.7,81.729284,-83.469874,False,4.973694,c7,53.845171,x4,-27.436822
rand_n20_m20_d5_s789,RC_asym_bc,0.05,20,20,28.593403,4.870204,21.146939,1.540480,17.0,74.0,5.4,75.774679,-47.181276,False,0.036224,c7,6.711617,x19,14.137435
rand_n20_m20_d5_s789,RC_asym_cb,0.5,20,20,-188.478710,-94.290946,-2.888109,2.667601,50.0,1.5,1.4,-180.359904,-8.118806,False,0.498556,c7,-61.692887,x15,1.541704
rand_n20_m20_d5_s789,RC_asym_cb,0.5,20,20,21.539785,44.102454,-3.911858,-1.538151,204.7,18.2,7.1,37.219238,-15.679453,False,0.794468,c7,53.845171,x4,-2.743681
rand_n20_m20_d5_s1024,RC_small,0.05,20,20,-7.941225,0.310445,-7.147743,-0.048700,3.9,90.0,0.6,56.845556,-64.786781,False,0.132879,c7,-2.246378,x10,-3.099072
rand_n20_m20_d5_s1024,RC_small,0.05,20,20,3.644232,-0.735754,4.411707,-0.031722,20.2,121.1,0.9,7.991594,-4.347363,True,0.000000,c7,2.443850,x19,2.161541
rand_n20_m20_d5_s789,RC_asym_cb,0.5,20,20,39.030879,48.702004,2.114680,1.540483,124.8,5.4,3.9,42.803000,-3.772121,False,0.341429,c7,67.116159,x19,1.413742
rand_n20_m20_d5_s1024,RC_small,0.05,20,20,-6.903149,2.872082,-9.823774,-0.027455,41.6,142.3,0.4,49.015377,-55.918526,False,0.011009,c3,2.020138,x12,4.247470
rand_n20_m20_d5_s1024,RC_medium,0.2,20,20,-24.856514,1.241771,-28.590921,-0.779210,5.0,115.0,3.1,230.836464,-255.692978,False,0.131629,c7,-8.985511,x10,-12.396332
rand_n20_m20_d5_s1024,RC_medium,0.2,20,20,14.069075,-2.943011,17.646696,-0.507549,20.9,125.4,3.6,-15.129253,29.198328,False,0.009031,c7,9.775405,x19,8.646121
rand_n20_m20_d5_s1024,RC_medium,0.2,20,20,-26.330377,11.488327,-39.295101,-0.439267,43.6,149.2,1.7,188.466591,-214.796968,False,0.072755,c3,8.080555,x12,16.989906
rand_n20_m20_d5_s1024,RC_large,0.5,20,20,-65.635869,3.104434,-71.477306,-4.870078,4.7,108.9,7.4,515.623338,-581.259207,False,0.115898,c7,-22.463776,x10,-30.990829
rand_n20_m20_d5_s1024,RC_large,0.5,20,20,18.255996,-7.357527,44.116797,-3.172192,40.3,241.7,17.4,-107.176078,125.432074,False,0.839783,c7,24.438512,x19,21.615324
rand_n20_m20_d5_s1024,RC_asym_bc,0.05,20,20,-48.821299,0.310445,-71.477306,-0.487007,0.6,146.4,1.0,468.328714,-517.150013,False,0.467676,c7,-2.246378,x10,-30.990829
rand_n20_m20_d5_s1024,RC_large,0.5,20,20,-56.955935,28.720814,-98.237730,-2.745409,50.4,172.5,4.8,449.098644,-506.054578,False,0.268741,c3,20.201384,x12,42.474724
rand_n20_m20_d5_s789,RC_small,0.05,20,20,-12.074644,-9.429096,-2.888109,0.266760,78.1,23.9,2.2,-15.123901,3.049257,False,0.002004,c7,-6.169289,x15,1.541704
rand_n20_m20_d5_s789,RC_asym_bc,0.05,20,20,-24.433546,-9.429096,-28.881304,2.667604,38.6,118.2,10.9,-33.524821,9.091275,False,0.458765,c7,-6.169289,x15,15.417003
rand_n20_m20_d5_s1024,RC_asym_bc,0.05,20,20,-82.956007,2.872082,-98.237730,-0.274541,3.5,118.4,0.3,46.480419,-129.436426,False,0.152903,c3,2.020138,x12,42.474724
rand_n20_m20_d5_s1024,RC_asym_bc,0.05,20,20,43.180855,-0.735754,44.116797,-0.317220,1.7,102.2,0.7,126.423269,-83.242414,False,0.002710,c7,2.443850,x19,21.615324
rand_n20_m20_d5_s1024,RC_asym_cb,0.5,20,20,18.140028,28.720814,-9.823774,-0.274547,158.3,54.2,1.5,451.155154,-433.015126,False,0.026597,c3,20.201384,x12,4.247470
rand_n20_m20_d5_s789,RC_asym_bc,0.05,20,20,-15.734124,4.410244,-39.118663,-1.538154,28.0,248.6,9.8,57.416770,-73.150895,False,1.303692,c7,5.384516,x4,-27.436822
rand_n20_m20_d8_s42,RC_small,0.05,20,20,1.570649,-1.172938,2.817042,-0.073454,74.7,179.4,4.7,-6.680458,8.251108,True,0.000000,c18,-1.011513,x2,2.224691
rand_n20_m20_d8_s42,RC_small,0.05,20,20,-4.726545,-1.346479,-3.346580,-0.033486,28.5,70.8,0.7,-1.549945,-3.176600,True,0.000000,c15,-2.505939,x2,-2.295197
rand_n20_m20_d8_s42,RC_small,0.05,20,20,-3.222259,1.412044,-5.469954,-0.051848,43.8,169.8,1.6,1.097765,-4.320024,False,0.275428,c15,1.469603,x2,-2.431054
rand_n20_m20_d8_s42,RC_medium,0.2,20,20,-19.308106,-5.385919,-13.386423,-0.535764,27.9,69.3,2.8,-10.060285,-9.247821,True,0.000000,c15,-10.023760,x2,-9.180842
rand_n20_m20_d8_s42,RC_medium,0.2,20,20,-13.573683,5.648171,-21.879800,-0.829571,41.6,161.2,6.1,4.048760,-17.622443,False,0.256932,c15,5.878412,x2,-9.724164
rand_n20_m20_d5_s1024,RC_asym_cb,0.5,20,20,-9.160543,-7.357527,4.411707,-0.317215,80.3,48.2,3.5,-219.547710,210.387168,False,0.643794,c7,24.438512,x19,2.161541
rand_n20_m20_d8_s42,RC_large,0.5,20,20,15.363361,-11.729387,28.170518,-7.345457,76.3,183.4,47.8,-66.976121,82.339482,False,0.407963,c18,-10.115136,x2,22.247015
rand_n20_m20_d8_s42,RC_medium,0.2,20,20,5.679886,-4.691755,11.268236,-1.175270,82.6,198.4,20.7,-27.023194,32.703080,False,0.049063,c18,-4.046054,x2,8.898816
rand_n20_m20_d8_s42,RC_large,0.5,20,20,-25.319716,14.120423,-54.699474,-5.184808,55.8,216.0,20.5,13.937622,-39.257338,False,0.807440,c15,14.696028,x2,-24.310436
rand_n20_m20_d8_s42,RC_asym_bc,0.05,20,20,-33.514469,-1.346479,-33.466012,-0.334854,4.0,99.9,1.0,-20.289945,-13.224524,False,0.048722,c15,-2.505939,x2,-22.952078
rand_n20_m20_d8_s42,RC_asym_bc,0.05,20,20,28.907613,-1.172938,28.170518,-0.734545,4.1,97.5,2.5,-2.627365,31.534978,False,0.091484,c18,-1.011513,x2,22.247015
rand_n20_m20_d8_s42,RC_asym_bc,0.05,20,20,-37.187428,1.412044,-54.699474,-0.518481,3.8,147.1,1.4,33.413761,-70.601189,False,0.446884,c15,1.469603,x2,-24.310436
rand_n20_m20_d8_s42,RC_asym_cb,0.5,20,20,-22.851336,-13.464795,-3.346580,-0.334864,58.9,14.6,1.5,-11.897242,-10.954094,False,0.249661,c15,-25.059401,x2,-2.295197
rand_n20_m20_d8_s42,RC_asym_cb,0.5,20,20,2.568056,14.120423,-5.469954,-0.518482,549.8,213.0,20.2,-21.417073,23.985129,False,2.166593,c15,14.696028,x2,-2.431054
rand_n20_m20_d5_s1024,RC_asym_cb,0.5,20,20,-32.246398,3.104434,-7.147743,-0.487004,9.6,22.2,1.5,100.394879,-132.641277,False,0.859509,c7,-22.463776,x10,-3.099072
rand_n20_m20_d8_s123,RC_small,0.05,20,20,-2.118357,-0.276087,-1.842830,0.000560,13.0,87.0,0.0,,,True,0.000000,c8,0.430327,x8,-2.353521
rand_n20_m20_d8_s42,RC_large,0.5,20,20,-52.671994,-13.464795,-33.466012,-3.348540,25.6,63.5,6.4,-31.153609,-21.518385,False,0.045425,c15,-25.059401,x2,-22.952078
rand_n20_m20_d8_s123,RC_small,0.05,20,20,0.225358,2.657643,-2.402266,-0.030019,1179.3,1066.0,13.3,,,True,0.000000,c13,0.935006,x15,2.854165
rand_n20_m20_d8_s123,RC_medium,0.2,20,20,0.541139,10.630579,-9.609133,-0.480307,1964.5,1775.7,88.8,,,True,0.000000,c13,3.740028,x15,11.416647
rand_n20_m20_d8_s123,RC_medium,0.2,20,20,-8.466678,-1.104353,-7.371288,0.008963,13.0,87.1,0.1,,,True,0.000000,c8,1.721308,x8,-9.414043
rand_n20_m20_d8_s123,RC_large,0.5,20,20,-21.443571,-2.760880,-18.428278,0.056025,12.9,85.9,0.3,,,False,0.014477,c8,4.303273,x8,-23.535129
rand_n20_m20_d8_s123,RC_large,0.5,20,20,-0.494870,26.576445,-24.022813,-3.001916,5370.4,4854.4,606.6,,,False,0.094137,c13,9.350069,x15,28.541624
rand_n20_m20_d8_s123,RC_large,0.5,20,20,-63.272669,-3.401170,-58.629016,-2.864598,5.4,92.7,4.5,,,False,0.025637,c9,-6.945359,x4,-32.701793
rand_n20_m20_d8_s123,RC_asym_bc,0.05,20,20,-18.698763,-0.276087,-18.428278,0.005602,1.5,98.6,0.0,,,True,0.000000,c8,0.430327,x8,-23.535129
rand_n20_m20_d8_s42,RC_asym_cb,0.5,20,20,-10.607860,-11.729387,2.817042,-0.734545,110.6,26.6,6.9,-70.346343,59.738483,False,0.090590,c18,-10.115136,x2,2.224691
rand_n20_m20_d8_s123,RC_medium,0.2,20,20,-25.270411,-1.360467,-23.451608,-0.458336,5.4,92.8,1.8,,,True,0.000000,c9,-2.778143,x4,-13.080721
rand_n20_m20_d8_s123,RC_asym_cb,0.5,20,20,23.219414,26.576445,-2.402266,-0.300191,114.5,10.3,1.3,,,False,0.028191,c13,9.350069,x15,2.854165
rand_n20_m20_d8_s123,RC_asym_cb,0.5,20,20,-9.550513,-3.401170,-5.862884,-0.286459,35.6,61.4,3.0,,,True,0.000000,c9,-6.945359,x4,-3.270185
rand_n20_m20_d8_s123,RC_asym_cb,0.5,20,20,-4.855815,-2.760880,-1.842830,0.005601,56.9,38.0,0.1,,,False,0.053072,c8,4.303273,x8,-2.353521
rand_n20_m20_d8_s123,RC_asym_bc,0.05,20,20,-21.665361,2.657643,-24.022813,-0.300192,12.3,110.9,1.4,,,True,0.000000,c13,0.935006,x15,28.541624
rand_n20_m20_d8_s456,RC_small,0.05,20,20,-4.972067,-4.056912,-1.123553,0.335642,81.6,22.6,6.8,-10.250390,5.278323,False,0.025592,c11,-8.855433,x6,2.329996
rand_n20_m20_d8_s123,RC_small,0.05,20,20,-6.231647,-0.340118,-5.862884,-0.028646,5.5,94.1,0.5,,,True,0.000000,c9,-0.694536,x4,-3.270185
rand_n20_m20_d8_s456,RC_medium,0.2,20,20,-28.157169,-16.227639,-4.494182,5.370280,57.6,16.0,19.1,-48.649150,20.491981,False,0.454791,c11,-35.421725,x6,9.319966
rand_n20_m20_d8_s456,RC_medium,0.2,20,20,-35.034802,-42.326575,8.486729,-1.194956,120.8,24.2,3.4,-76.361499,41.326697,True,0.000000,c14,-17.770271,x19,10.726570
rand_n20_m20_d8_s456,RC_small,0.05,20,20,-8.534643,-10.581641,2.121683,-0.074684,124.0,24.9,0.9,-18.642728,10.108086,True,0.000000,c14,-4.442568,x19,2.681652
rand_n20_m20_d8_s456,RC_medium,0.2,20,20,-92.351231,-36.990515,-58.939188,2.169194,40.1,63.8,2.3,-20.847850,-71.503380,False,0.015260,c2,-22.206402,x4,-21.795511
rand_n20_m20_d8_s123,RC_asym_bc,0.05,20,20,-58.655661,-0.340118,-58.629016,-0.286460,0.6,100.0,0.5,,,False,0.010228,c9,-0.694536,x4,-32.701793
rand_n20_m20_d8_s456,RC_large,0.5,20,20,-89.355547,-105.816436,21.216801,-7.468446,118.4,23.7,8.4,-204.168987,114.813441,False,0.030357,c14,-44.425679,x19,26.816444
rand_n20_m20_d8_s456,RC_small,0.05,20,20,-23.846826,-9.247632,-14.734767,0.135574,38.8,61.8,0.6,-4.587379,-19.259446,True,0.000000,c2,-5.551602,x4,-5.448872
rand_n20_m20_d8_s456,RC_large,0.5,20,20,-65.573594,-40.569087,-11.235428,33.564192,61.9,17.1,51.2,-123.504477,57.930883,False,0.721834,c11,-88.554312,x6,23.299924
rand_n20_m20_d8_s456,RC_asym_bc,0.05,20,20,-10.700148,-4.056912,-11.235428,3.356420,37.9,105.0,31.4,-26.729787,16.029639,False,0.115491,c11,-8.855433,x6,23.299924
rand_n20_m20_d8_s456,RC_asym_bc,0.05,20,20,10.519462,-10.581641,21.216801,-0.746844,100.6,201.7,7.1,-6.116154,16.635616,False,0.059998,c14,-4.442568,x19,26.816444
rand_n20_m20_d8_s456,RC_asym_cb,0.5,20,20,-109.436837,-92.476288,-14.734767,1.355740,84.5,13.5,1.2,-185.918808,76.481971,False,0.032727,c2,-55.516002,x4,-5.448872
rand_n20_m20_d8_s456,RC_large,0.5,20,20,-220.615309,-92.476288,-147.347988,13.557455,41.9,66.8,6.1,-59.706159,-160.909150,False,0.025617,c2,-55.516002,x4,-54.488766
rand_n20_m20_d8_s789,RC_small,0.05,20,20,-1.440076,-0.738688,-0.557948,-0.143440,51.3,38.7,10.0,13.580979,-15.021055,True,0.000000,c2,2.368689,x15,2.410013
rand_n20_m20_d8_s789,RC_small,0.05,20,20,2.853065,1.476680,1.414363,-0.037978,51.8,49.6,1.3,33.665871,-30.812806,True,0.000000,c7,1.844284,x19,1.413742
rand_n20_m20_d8_s789,RC_small,0.05,20,20,-1.660562,1.100976,-2.769125,0.007587,66.3,166.8,0.5,52.708287,-54.368849,True,0.000000,c2,-1.770723,x4,-1.725969
rand_n20_m20_d8_s789,RC_medium,0.2,20,20,-7.481671,-2.954754,-2.231880,-2.295038,39.5,29.8,30.7,53.463471,-60.945142,True,0.000000,c2,9.474757,x15,9.640030
rand_n20_m20_d8_s456,RC_asym_bc,0.05,20,20,-148.258308,-9.247632,-147.347988,1.355746,6.2,99.4,0.9,115.008764,-263.267072,False,0.047091,c2,-5.551602,x4,-54.488766
rand_n20_m20_d8_s456,RC_asym_cb,0.5,20,20,-72.498773,-40.569087,-1.123553,3.356423,56.0,1.5,4.6,-113.351709,40.852936,False,0.471216,c11,-88.554312,x6,2.329996
rand_n20_m20_d8_s456,RC_asym_cb,0.5,20,20,-107.373875,-105.816436,2.121683,-0.746844,98.5,2.0,0.7,-216.177674,108.803799,False,0.027309,c14,-44.425679,x19,2.681652
rand_n20_m20_d8_s789,RC_medium,0.2,20,20,8.799257,5.906717,5.657535,-0.607642,67.1,64.3,6.9,133.356859,-124.557601,False,0.245174,c7,7.377137,x19,5.654969
rand_n20_m20_d8_s789,RC_large,0.5,20,20,-24.586521,11.009760,-27.691285,0.758748,44.8,112.6,3.1,452.934971,-477.521492,False,0.352378,c2,-17.707228,x4,-17.259701
rand_n20_m20_d8_s789,RC_asym_bc,0.05,20,20,15.859478,1.476680,14.143815,-0.379777,9.3,89.2,2.4,388.303087,-372.443609,False,0.039015,c7,1.844284,x19,14.137435
rand_n20_m20_d8_s789,RC_large,0.5,20,20,15.369487,14.766794,14.143815,-3.797767,96.1,92.0,24.7,260.477293,-245.107805,False,0.633941,c7,18.442842,x19,14.137435
rand_n20_m20_d8_s789,RC_asym_bc,0.05,20,20,-26.514434,1.100976,-27.691285,0.075875,4.2,104.4,0.3,499.996871,-526.511305,True,0.000000,c2,-1.770723,x4,-17.259701
rand_n20_m20_d8_s789,RC_large,0.5,20,20,-21.102242,-7.386881,-5.579707,-14.343971,35.0,26.4,68.0,132.459572,-153.561814,False,0.294202,c2,23.686893,x15,24.100064
rand_n20_m20_d8_s789,RC_medium,0.2,20,20,-6.551202,4.403903,-11.076505,0.121399,67.2,169.1,1.9,210.879113,-217.430315,True,0.000000,c2,-7.082891,x4,-6.903877
rand_n20_m20_d8_s789,RC_asym_bc,0.05,20,20,1.247224,-0.738688,-5.579707,-1.434397,59.2,447.4,115.0,-29.590502,30.837726,False,7.216038,c2,2.368689,x15,24.100064
rand_n20_m20_d8_s789,RC_asym_cb,0.5,20,20,2.703847,11.009760,-2.769125,0.075874,407.2,102.4,2.8,6.864634,-4.160788,False,2.075807,c2,-17.707228,x4,-1.725969
rand_n20_m20_d8_s789,RC_asym_cb,0.5,20,20,-0.120222,14.766794,1.414363,-0.379779,12283.0,1176.5,315.9,-95.401571,95.281349,False,132.435380,c7,18.442842,x19,1.413742
rand_n20_m20_d8_s1024,RC_small,0.05,20,20,-5.641865,0.534756,-6.490531,0.313910,9.5,115.0,5.6,136.882157,-142.524022,True,0.000000,c3,1.578380,x10,-3.099072
rand_n20_m20_d8_s1024,RC_small,0.05,20,20,-8.400445,-0.398342,-8.029003,0.026900,4.7,95.6,0.3,-17.266829,8.866384,True,0.000000,c10,-2.478834,x12,4.247470
rand_n20_m20_d8_s1024,RC_medium,0.2,20,20,4.100548,-2.831311,6.417151,-0.290564,69.0,156.5,7.1,-194.689884,198.790432,False,0.196382,c3,-7.433508,x3,7.195545
rand_n20_m20_d8_s1024,RC_medium,0.2,20,20,-31.774195,-1.593373,-32.115969,0.430402,5.0,101.1,1.4,-68.154007,36.379812,False,0.047357,c10,-9.915336,x12,16.989906
rand_n20_m20_d8_s1024,RC_large,0.5,20,20,-55.619565,5.347563,-64.905238,31.390812,9.6,116.7,56.4,1349.031964,-1404.651529,False,0.493580,c3,15.783802,x10,-30.990829
rand_n20_m20_d8_s1024,RC_medium,0.2,20,20,-19.006238,2.139026,-25.962082,5.022528,11.3,136.6,26.4,549.309293,-568.315531,False,0.010823,c3,6.313521,x10,-12.396332
rand_n20_m20_d8_s1024,RC_large,0.5,20,20,-97.596683,-3.983430,-80.289906,2.690024,4.1,82.3,2.8,-179.465591,81.868909,False,0.164077,c10,-24.788339,x12,42.474724
rand_n20_m20_d8_s789,RC_asym_cb,0.5,20,20,-9.379230,-7.386881,-0.557948,-1.434401,78.8,5.9,15.3,182.836209,-192.215439,True,0.000000,c2,23.686893,x15,2.410013
rand_n20_m20_d8_s1024,RC_asym_bc,0.05,20,20,23.003732,-0.707829,16.042870,-0.181603,3.1,69.7,0.8,-60.718536,83.722267,False,0.341262,c3,-1.858377,x3,17.988862
rand_n20_m20_d8_s1024,RC_asym_bc,0.05,20,20,-67.785558,-0.398342,-80.289906,0.269002,0.6,118.4,0.4,41.165536,-108.951094,False,0.186377,c10,-2.478834,x12,42.474724
rand_n20_m20_d8_s1024,RC_asym_cb,0.5,20,20,-13.488039,5.347563,-6.490531,3.139103,39.6,48.1,23.3,642.424743,-655.912782,False,1.147993,c3,15.783802,x10,-3.099072
rand_n20_m20_d8_s1024,RC_asym_bc,0.05,20,20,-57.724211,0.534756,-64.905238,3.139081,0.9,112.4,5.4,838.513967,-896.238179,False,0.060758,c3,1.578380,x10,-30.990829
rand_n20_m20_d8_s1024,RC_small,0.05,20,20,0.878320,-0.707829,1.604309,-0.018160,80.6,182.7,2.1,-48.746089,49.624409,True,0.000000,c3,-1.858377,x3,1.798886
rand_n20_m20_d8_s1024,RC_asym_cb,0.5,20,20,-18.509902,-7.078278,1.604309,-0.181603,38.2,8.7,1.0,-478.070093,459.560191,False,0.694457,c3,-18.583772,x3,1.798886
rand_n20_m20_d8_s1024,RC_large,0.5,20,20,-4.123004,-7.078278,16.042870,-1.816027,171.7,389.1,44.0,-493.911796,489.788792,False,2.733825,c3,-18.583772,x3,17.988862
rand_n20_m20_d8_s1024,RC_asym_cb,0.5,20,20,-29.519840,-3.983430,-8.029003,0.269000,13.5,27.2,0.9,-233.552092,204.032252,False,0.602185,c10,-24.788339,x12,4.247470
rand_n20_m40_d3_s42,RC_small,0.05,20,40,5.835181,4.788145,1.019680,0.027356,82.1,17.5,0.5,10.610942,-4.775761,True,0.000000,c3,1.533689,x2,1.824991
rand_n20_m40_d3_s42,RC_small,0.05,20,40,3.744060,-0.048336,3.537000,0.255395,1.3,94.5,6.8,1.861142,1.882918,True,0.000000,c34,3.195359,x12,1.980999
rand_n20_m40_d3_s42,RC_medium,0.2,20,40,15.721265,19.152574,4.078753,0.437698,121.8,25.9,2.8,38.223908,-22.502643,False,0.505542,c3,6.134763,x2,7.299983
rand_n20_m40_d3_s42,RC_large,0.5,20,40,28.992977,-0.483355,35.370063,25.539465,1.7,122.0,88.1,-9.503787,38.496765,False,1.084166,c34,31.953589,x12,19.810071
rand_n20_m40_d3_s42,RC_large,0.5,20,40,30.330841,47.881436,10.196864,2.735604,157.9,33.6,9.0,86.887755,-56.556914,False,1.005019,c3,15.336905,x2,18.249948
rand_n20_m40_d3_s42,RC_large,0.5,20,40,-37.134409,-35.911986,20.259836,-5.966759,96.7,54.6,16.1,-44.735933,7.601524,False,0.417820,c31,-18.062367,x12,23.497132
rand_n20_m40_d3_s42,RC_medium,0.2,20,40,-8.737750,-14.364790,8.103924,-0.954681,164.4,92.7,10.9,-14.422859,5.685109,False,0.174210,c31,-7.224946,x12,9.398845
rand_n20_m40_d3_s42,RC_asym_bc,0.05,20,40,38.375426,-0.048336,35.370063,2.553948,0.1,92.2,6.7,-22.015088,60.390514,False,0.013023,c34,3.195359,x12,19.810071
rand_n20_m40_d3_s42,RC_asym_bc,0.05,20,40,16.129721,-3.591198,20.259836,-0.596674,22.3,125.6,3.7,-11.705276,27.834996,False,0.003581,c31,-1.806236,x12,23.497132
rand_n20_m40_d3_s42,RC_small,0.05,20,40,-1.624860,-3.591198,2.026006,-0.059668,221.0,124.7,3.7,-3.188791,1.563931,True,0.000000,c31,-1.806236,x12,2.349721
rand_n20_m40_d3_s42,RC_asym_cb,0.5,20,40,-6.012147,-0.483355,3.537000,2.553950,8.0,58.8,42.5,14.185563,-20.197711,False,1.932711,c34,31.953589,x12,1.980999
rand_n20_m40_d3_s42,RC_asym_cb,0.5,20,40,17.015481,47.881436,1.019680,0.273563,281.4,6.0,1.6,63.618293,-46.602812,False,1.889996,c3,15.336905,x2,1.824991
rand_n20_m40_d3_s123,RC_small,0.05,20,40,-5.450384,-5.822518,0.455496,-0.083361,106.8,8.4,1.5,-7.410072,1.959688,True,0.000000,c7,-6.742208,x19,-2.887163
rand_n20_m40_d3_s42,RC_asym_bc,0.05,20,40,15.363278,4.788145,10.196864,0.273561,31.2,66.4,1.8,31.986772,-16.623494,False,0.006816,c3,1.533689,x2,18.249948
rand_n20_m40_d3_s123,RC_small,0.05,20,40,7.957229,5.298851,3.698718,0.008338,66.6,46.5,0.1,8.261865,-0.304636,False,0.131789,c7,7.334899,x8,2.773787
rand_n20_m40_d3_s123,RC_medium,0.2,20,40,-25.712470,-23.290078,1.822002,-1.333786,90.6,7.1,5.2,-31.714381,6.001911,False,0.113198,c7,-26.968835,x19,-11.548635
rand_n20_m40_d3_s123,RC_small,0.05,20,40,4.972982,1.433989,4.488974,-0.228478,28.8,90.3,4.6,0.586416,4.386566,False,0.145085,c7,5.884559,x19,3.018482
rand_n20_m40_d3_s123,RC_medium,0.2,20,40,21.149730,21.195425,14.794820,0.133401,100.2,70.0,0.6,27.158440,-6.008709,False,0.707996,c7,29.339602,x8,11.095161
rand_n20_m40_d3_s42,RC_medium,0.2,20,40,13.040315,-0.193342,14.148057,4.086311,1.5,108.5,31.3,-0.423604,13.463919,False,0.383481,c34,12.781435,x12,7.924036
rand_n20_m40_d3_s123,RC_large,0.5,20,40,-77.494989,-58.225182,4.555035,-8.336149,75.1,5.9,10.8,-89.095113,11.600124,False,0.199867,c7,-67.422084,x19,-28.871562
rand_n20_m40_d3_s123,RC_medium,0.2,20,40,14.159258,5.735946,17.955869,-3.655646,40.5,126.8,25.8,-0.807591,14.966849,False,0.415058,c7,23.538232,x19,12.073911
rand_n20_m40_d3_s123,RC_asym_bc,0.05,20,40,-2.101098,-5.822518,4.555035,-0.833615,277.1,216.8,39.7,-3.176080,1.074982,True,0.000000,c7,-6.742208,x19,-28.871562
rand_n20_m40_d3_s123,RC_asym_bc,0.05,20,40,41.708729,5.298851,36.987076,0.083376,12.7,88.7,0.2,3.447422,38.261307,False,0.015838,c7,7.334899,x8,27.737896
rand_n20_m40_d3_s123,RC_large,0.5,20,40,34.347253,52.988563,36.987076,0.833756,154.3,107.7,2.4,53.088717,-18.741464,False,1.643862,c7,73.348999,x8,27.737896
rand_n20_m40_d3_s42,RC_asym_cb,0.5,20,40,-51.887331,-35.911986,2.026006,-0.596680,69.2,3.9,1.1,-34.718619,-17.168712,False,0.335432,c31,-18.062367,x12,2.349721
rand_n20_m40_d3_s123,RC_asym_bc,0.05,20,40,46.155018,1.433989,44.889749,-2.284781,3.1,97.3,5.0,-13.168354,59.323372,False,0.045847,c7,5.884559,x19,30.184805
rand_n20_m40_d3_s123,RC_asym_cb,0.5,20,40,-74.150214,-58.225182,0.455496,-0.833611,78.5,0.6,1.1,-89.982074,15.831860,False,0.209668,c7,-67.422084,x19,-2.887163
rand_n20_m40_d3_s123,RC_asym_cb,0.5,20,40,6.947296,52.988563,3.698718,0.083380,762.7,53.2,1.2,61.078931,-54.131635,False,7.171620,c7,73.348999,x8,2.773787
rand_n20_m40_d3_s123,RC_asym_cb,0.5,20,40,-15.868444,14.339865,4.488974,-2.284779,90.4,28.3,14.4,-3.986873,-11.881571,False,2.042576,c7,58.845583,x19,3.018482
rand_n20_m40_d3_s456,RC_small,0.05,20,40,10.341835,10.130375,-0.070825,0.389673,98.0,0.7,3.8,25.278352,-14.936517,False,0.010384,c2,4.151480,x4,3.963123
rand_n20_m40_d3_s123,RC_large,0.5,20,40,29.783877,14.339865,44.889749,-22.847799,48.1,150.7,76.7,-15.506500,45.290377,False,0.221527,c7,58.845583,x19,30.184805
rand_n20_m40_d3_s456,RC_medium,0.2,20,40,-37.923373,-28.729858,-8.529632,0.559687,75.8,22.5,1.5,-28.557333,-9.366041,False,0.032264,c2,-7.879393,x8,4.749540
rand_n20_m40_d3_s456,RC_medium,0.2,20,40,14.934414,-4.661200,18.165163,2.046360,31.2,121.6,13.7,-3.900682,18.835096,False,0.041241,c36,-12.998952,x7,-15.614338
rand_n20_m40_d3_s456,RC_large,0.5,20,40,35.804339,101.303726,-0.708159,38.967457,282.9,2.0,108.8,190.547530,-154.743191,False,2.897936,c2,41.514813,x4,39.631169
rand_n20_m40_d3_s456,RC_large,0.5,20,40,-95.342636,-71.824655,-21.324105,3.498059,75.3,22.4,3.7,-90.811263,-4.531373,False,0.059700,c2,-19.698477,x8,11.873845
rand_n20_m40_d3_s456,RC_large,0.5,20,40,39.254070,-11.652997,45.412849,12.789785,29.7,115.7,32.6,-17.357877,56.611947,False,0.185855,c36,-32.497382,x7,-39.035837
rand_n20_m40_d3_s456,RC_medium,0.2,20,40,33.449110,40.521489,-0.283240,6.234790,121.1,0.8,18.6,87.923255,-54.474145,False,0.389366,c2,16.605924,x4,15.852472
rand_n20_m40_d3_s456,RC_asym_bc,0.05,20,40,-27.697856,-7.182467,-21.324105,0.349805,25.9,77.0,1.3,3.766159,-31.464015,False,0.016568,c2,-1.969846,x8,11.873845
rand_n20_m40_d3_s456,RC_small,0.05,20,40,3.436223,-1.165298,4.541287,0.127898,33.9,132.2,3.7,-1.118796,4.555020,False,0.019691,c36,-3.249739,x7,-3.903580
rand_n20_m40_d3_s456,RC_asym_cb,0.5,20,40,33.721455,101.303726,-0.070825,3.896736,300.4,0.2,11.6,122.942871,-89.221416,False,2.117589,c2,41.514813,x4,3.963123
rand_n20_m40_d3_s456,RC_asym_bc,0.05,20,40,45.302116,-1.165298,45.412849,1.278979,2.6,100.2,2.8,-6.559090,51.861206,False,0.004954,c36,-3.249739,x7,-39.035837
rand_n20_m40_d3_s456,RC_small,0.05,20,40,-9.365031,-7.182467,-2.132407,0.034980,76.7,22.8,0.4,-6.693465,-2.671566,False,0.009091,c2,-1.969846,x8,1.187388
rand_n20_m40_d3_s789,RC_small,0.05,20,40,-5.721585,-8.196424,2.424730,0.050109,143.3,42.4,0.9,-12.796686,7.075102,True,0.000000,c27,-2.815978,x13,3.439702
rand_n20_m40_d3_s789,RC_small,0.05,20,40,-3.057557,-0.537355,-2.047417,0.281539,17.6,67.0,9.2,-3.591554,0.533997,False,0.246708,c22,2.516682,x6,-1.790746
rand_n20_m40_d3_s789,RC_small,0.05,20,40,0.738639,-0.961428,1.725723,-0.025656,130.2,233.6,3.5,2.781264,-2.042625,True,0.000000,c22,-2.750105,x13,-3.155540
rand_n20_m40_d3_s456,RC_asym_bc,0.05,20,40,15.496326,10.130375,-0.708159,3.896744,65.4,4.6,25.1,94.418814,-78.922488,False,0.140509,c2,4.151480,x4,39.631169
rand_n20_m40_d3_s789,RC_medium,0.2,20,40,-26.698546,-32.785705,9.698859,0.801761,122.8,36.3,3.0,-53.591744,26.893198,False,0.165307,c27,-11.263912,x13,13.758809
rand_n20_m40_d3_s456,RC_asym_cb,0.5,20,40,-8.517316,-11.652997,4.541287,1.278980,136.8,53.3,15.0,-14.870330,6.353015,False,0.315192,c36,-32.497382,x7,-3.903580
rand_n20_m40_d3_s456,RC_asym_cb,0.5,20,40,-79.888481,-71.824655,-2.132407,0.349802,89.9,2.7,0.4,-102.710222,22.821741,False,0.078625,c2,-19.698477,x8,1.187388
rand_n20_m40_d3_s789,RC_medium,0.2,20,40,1.852529,-3.845729,6.902997,-0.410514,207.6,372.6,22.2,10.144508,-8.291979,False,0.428724,c22,-11.000414,x13,-12.622139
rand_n20_m40_d3_s789,RC_large,0.5,20,40,-6.273914,-9.614317,17.257541,-2.565710,153.2,275.1,40.9,16.528825,-22.802740,False,1.809306,c22,-27.501037,x13,-31.555314
rand_n20_m40_d3_s789,RC_large,0.5,20,40,-75.105347,-81.964267,24.247156,5.010999,109.1,32.3,6.7,-158.440563,83.335216,False,0.298238,c27,-28.159779,x13,34.397023
rand_n20_m40_d3_s789,RC_asym_bc,0.05,20,40,16.796701,-8.196424,24.247156,0.501100,48.8,144.4,3.0,-37.984357,54.781058,False,0.014578,c27,-2.815978,x13,34.397023
rand_n20_m40_d3_s789,RC_medium,0.2,20,40,-18.692204,-2.149413,-8.189599,4.504623,11.5,43.8,24.1,-20.845535,2.153331,False,0.687870,c22,10.066730,x6,-7.163000
rand_n20_m40_d3_s789,RC_asym_bc,0.05,20,40,-19.373646,-0.537355,-20.474030,2.815386,2.8,105.7,14.5,-6.917241,-12.456405,False,0.060786,c22,2.516682,x6,-17.907509
rand_n20_m40_d3_s789,RC_asym_bc,0.05,20,40,17.398737,-0.961428,17.257541,-0.256571,5.5,99.2,1.5,14.818391,2.580345,False,0.078120,c22,-2.750105,x13,-31.555314
rand_n20_m40_d3_s789,RC_asym_cb,0.5,20,40,-94.746081,-81.964267,2.424730,0.501093,86.5,2.6,0.5,-131.814116,37.068035,False,0.165787,c27,-28.159779,x13,3.439702
rand_n20_m40_d3_s789,RC_asym_cb,0.5,20,40,-15.161443,-9.614317,1.725723,-0.256563,63.4,11.4,1.7,8.377982,-23.539426,False,0.462772,c22,-27.501037,x13,-3.155540
rand_n20_m40_d3_s789,RC_asym_cb,0.5,20,40,-77.506517,-5.373538,-2.047417,2.815391,6.9,2.6,3.6,-83.103512,5.596995,False,0.940578,c22,25.166825,x6,-1.790746
rand_n20_m40_d3_s1024,RC_small,0.05,20,40,0.253026,0.228440,-0.170893,0.001365,90.3,67.5,0.5,1.334010,-1.080984,False,0.767172,c39,2.730193,x2,-1.039710
rand_n20_m40_d3_s1024,RC_small,0.05,20,40,3.658884,0.814706,2.573933,0.072775,22.3,70.3,2.0,0.780364,2.878520,False,0.053970,c33,2.627645,x17,2.339460
rand_n20_m40_d3_s1024,RC_medium,0.2,20,40,1.963598,0.913745,-0.683572,0.021831,46.5,34.8,1.1,2.883405,-0.919807,False,0.871662,c39,10.920769,x2,-4.158848
rand_n20_m40_d3_s1024,RC_medium,0.2,20,40,14.740907,3.258816,10.295633,1.164387,22.1,69.8,7.9,1.481962,13.258946,False,0.001497,c33,10.510585,x17,9.357815
rand_n20_m40_d3_s1024,RC_large,0.5,20,40,-40.251742,-26.499155,-17.351813,12.340063,65.8,43.1,30.7,-61.314049,21.062306,False,0.217154,c33,-31.894932,x17,-20.664357
rand_n20_m40_d3_s1024,RC_large,0.5,20,40,15.180140,8.147043,25.739018,7.277409,53.7,169.6,47.9,-22.796802,37.976941,False,1.711666,c33,26.276460,x17,23.394549
rand_n20_m40_d3_s1024,RC_small,0.05,20,40,-4.261712,-2.649918,-1.735195,0.123401,62.2,40.7,2.9,-2.329742,-1.931971,True,0.000000,c33,-3.189494,x17,-2.066448
rand_n20_m40_d3_s789,RC_large,0.5,20,40,-79.447908,-5.373538,-20.474030,28.153868,6.8,25.8,35.4,-79.241850,-0.206058,False,1.029029,c22,25.166825,x6,-17.907509
rand_n20_m40_d3_s1024,RC_asym_bc,0.05,20,40,-12.618215,-2.649918,-17.351813,1.234006,21.0,137.5,9.8,-20.308097,7.689883,False,0.487352,c33,-3.189494,x17,-20.664357
rand_n20_m40_d3_s1024,RC_large,0.5,20,40,2.574394,2.284369,-1.708923,0.136446,88.7,66.4,5.3,-10.138687,12.713082,False,0.723472,c39,27.301921,x2,-10.397126
rand_n20_m40_d3_s1024,RC_medium,0.2,20,40,-15.612313,-10.599665,-6.940739,1.974410,67.9,44.5,12.6,-15.066259,-0.546054,False,0.002967,c33,-12.757972,x17,-8.265743
rand_n20_m40_d3_s1024,RC_asym_cb,0.5,20,40,-34.221413,-26.499155,-1.735195,1.234010,77.4,5.1,3.6,-44.498780,10.277367,False,0.211010,c33,-31.894932,x17,-2.066448
rand_n20_m40_d3_s1024,RC_asym_cb,0.5,20,40,2.217120,2.284369,-0.170893,0.013646,103.0,7.7,0.6,-1.831540,4.048660,False,0.040592,c39,27.301921,x2,-1.039710
rand_n20_m40_d3_s1024,RC_asym_cb,0.5,20,40,-14.236265,8.147043,2.573933,0.727745,57.2,18.1,5.1,-21.871016,7.634751,False,1.804194,c33,26.276460,x17,2.339460
rand_n20_m40_d5_s42,RC_small,0.05,20,40,8.023249,4.101823,3.868440,0.005577,51.1,48.2,0.1,3.922411,4.100838,False,0.005909,c34,3.765497,x12,2.070616
rand_n20_m40_d5_s42,RC_small,0.05,20,40,-0.189956,-0.962826,0.388709,0.054520,506.9,204.6,28.7,0.034460,-0.224416,False,1.735353,c18,-2.304029,x12,2.456018
rand_n20_m40_d5_s42,RC_medium,0.2,20,40,2.091058,-3.851307,1.554745,0.872309,184.2,74.4,41.7,-0.552306,2.643364,False,1.681116,c18,-9.216114,x12,9.824033
rand_n20_m40_d3_s1024,RC_asym_bc,0.05,20,40,4.076165,0.228440,-1.708923,0.013644,5.6,41.9,0.3,-5.240205,9.316370,False,1.359858,c39,2.730193,x2,-10.397126
rand_n20_m40_d5_s42,RC_small,0.05,20,40,8.471406,7.268131,1.357398,-0.154124,85.8,16.0,1.8,10.383353,-1.911947,True,0.000000,c8,2.300689,x2,2.745326
rand_n20_m40_d5_s42,RC_medium,0.2,20,40,29.988399,29.072530,5.429645,-2.465983,96.9,18.1,8.2,39.304023,-9.315625,False,0.068286,c8,9.202754,x2,10.981329
rand_n20_m40_d5_s42,RC_large,0.5,20,40,80.527079,41.018226,38.684497,0.557792,50.9,48.0,0.7,29.704778,50.822301,False,0.003310,c34,37.654963,x12,20.706244
rand_n20_m40_d3_s1024,RC_asym_bc,0.05,20,40,31.182020,0.814706,25.739018,0.727742,2.6,82.5,2.3,-1.092056,32.274076,False,0.125090,c33,2.627645,x17,23.394549
rand_n20_m40_d5_s42,RC_large,0.5,20,40,58.000207,72.681334,13.574082,-15.412386,125.3,23.4,26.6,89.022086,-31.021879,False,0.221427,c8,23.006887,x2,27.453310
rand_n20_m40_d5_s42,RC_medium,0.2,20,40,34.842751,16.407292,15.473834,0.089245,47.1,44.4,0.3,15.291553,19.551197,False,0.082438,c34,15.061985,x12,8.282506
rand_n20_m40_d5_s42,RC_large,0.5,20,40,1.510106,-9.628271,3.886890,5.451957,637.6,257.4,361.0,-13.969416,15.479522,False,1.191658,c18,-23.040286,x12,24.560102
rand_n20_m40_d5_s42,RC_asym_bc,0.05,20,40,54.104785,4.101823,38.684497,0.055779,7.6,71.5,0.1,8.302196,45.802589,False,0.208164,c34,3.765497,x12,20.706244
rand_n20_m40_d5_s42,RC_asym_bc,0.05,20,40,21.505408,-0.962826,3.886890,0.545196,4.5,18.1,2.5,-8.566398,30.071806,False,0.838680,c18,-2.304029,x12,24.560102
rand_n20_m40_d5_s123,RC_small,0.05,20,40,-2.352398,2.061011,-2.209678,0.297129,87.6,93.9,12.6,82.490705,-84.843103,False,1.063111,c35,2.318260,x19,-2.887163
rand_n20_m40_d5_s123,RC_small,0.05,20,40,1.454111,-2.114476,3.834664,0.022274,145.4,263.7,1.5,-21.168404,22.622515,False,0.198300,c36,-1.402333,x8,2.641345
rand_n20_m40_d5_s42,RC_asym_cb,0.5,20,40,32.856599,41.018226,3.868440,0.055773,124.8,11.8,0.2,24.530521,8.326078,False,0.367836,c34,37.654963,x12,2.070616
rand_n20_m40_d5_s42,RC_asym_bc,0.05,20,40,19.300975,7.268131,13.574082,-1.541238,37.7,70.3,8.0,22.970919,-3.669944,True,0.000000,c8,2.300689,x2,27.453310
rand_n20_m40_d5_s123,RC_medium,0.2,20,40,-12.685668,8.244043,-8.838688,4.754065,65.0,69.7,37.5,328.324595,-341.010263,False,1.327883,c35,9.273036,x19,-11.548635
rand_n20_m40_d5_s123,RC_small,0.05,20,40,2.831871,-1.470317,4.442230,-0.023426,51.9,156.9,0.8,-94.563453,97.395325,False,0.041180,c36,-2.336544,x19,3.018482
rand_n20_m40_d5_s42,RC_asym_cb,0.5,20,40,52.204524,72.681334,1.357398,-1.541239,139.2,2.6,3.0,78.951463,-26.746939,False,0.388721,c8,23.006887,x2,2.745326
rand_n20_m40_d5_s123,RC_large,0.5,20,40,-28.140768,20.610112,-22.096674,29.712863,73.2,78.5,105.6,822.597610,-850.738377,False,2.003040,c35,23.182593,x19,-28.871562
rand_n20_m40_d5_s123,RC_large,0.5,20,40,26.223660,-14.703177,44.422323,-2.342475,56.1,169.4,8.9,-946.683192,972.906852,False,0.043968,c36,-23.365439,x19,30.184805
rand_n20_m40_d5_s123,RC_asym_bc,0.05,20,40,-19.627755,2.061011,-22.096674,2.971287,10.5,112.6,15.1,361.963310,-381.591065,False,0.130600,c35,2.318260,x19,-28.871562
rand_n20_m40_d5_s123,RC_large,0.5,20,40,13.320114,-21.144757,38.346512,2.227360,158.7,287.9,16.7,-212.293704,225.613818,False,0.458630,c36,-14.023322,x8,26.413470
rand_n20_m40_d5_s42,RC_asym_cb,0.5,20,40,-10.495940,-9.628271,0.388709,0.545201,91.7,3.7,5.2,-0.523899,-9.972041,False,0.171645,c18,-23.040286,x12,2.456018
rand_n20_m40_d5_s123,RC_asym_bc,0.05,20,40,36.451223,-2.114476,38.346512,0.222735,5.8,105.2,0.6,-3.366945,39.818168,False,0.000097,c36,-1.402333,x8,26.413470
rand_n20_m40_d5_s123,RC_medium,0.2,20,40,5.729368,-8.457901,15.338586,0.356377,147.6,267.7,6.2,-84.716565,90.445933,False,0.263152,c36,-5.609328,x8,10.565390
rand_n20_m40_d5_s123,RC_medium,0.2,20,40,11.695414,-5.881273,17.768905,-0.374792,50.3,151.9,3.2,-378.070217,389.765630,False,0.015611,c36,-9.346176,x19,12.073911
rand_n20_m40_d5_s123,RC_asym_cb,0.5,20,40,-18.159632,20.610112,-2.209678,2.971292,113.5,12.2,16.4,539.477894,-557.637526,False,2.176881,c35,23.182593,x19,-2.887163
rand_n20_m40_d5_s123,RC_asym_bc,0.05,20,40,44.712652,-1.470317,44.422323,-0.234247,3.3,99.4,0.5,-508.408776,553.121428,False,0.044616,c36,-2.336544,x19,30.184805
rand_n20_m40_d5_s456,RC_small,0.05,20,40,-2.159181,-0.139947,-1.637495,0.039830,6.5,75.8,1.8,2.199702,-4.358883,False,0.195245,c8,2.562241,x16,2.942929
rand_n20_m40_d5_s123,RC_asym_cb,0.5,20,40,-22.500613,-21.144757,3.834664,0.222738,94.0,17.0,1.0,-230.506970,208.006357,False,0.240583,c36,-14.023322,x8,2.641345
rand_n20_m40_d5_s456,RC_small,0.05,20,40,8.519336,4.820321,3.757562,-0.012824,56.6,44.1,0.2,5.900387,2.618949,False,0.005367,c40,2.653859,x7,-3.370267
rand_n20_m40_d5_s456,RC_medium,0.2,20,40,-12.773903,-0.559774,-6.549923,0.637298,4.4,51.3,5.0,6.332980,-19.106883,False,0.493311,c8,10.248961,x16,11.771700
rand_n20_m40_d5_s456,RC_large,0.5,20,40,-52.793014,-1.399447,-16.374842,3.983076,2.7,31.0,7.5,-2.364157,-50.428857,False,0.738768,c8,25.622399,x16,29.429257
rand_n20_m40_d5_s456,RC_small,0.05,20,40,0.085176,1.393638,-0.688267,0.021690,1636.2,808.1,25.5,0.559208,-0.474032,False,7.535972,c38,1.882976,x16,-1.366417
rand_n20_m40_d5_s456,RC_medium,0.2,20,40,-5.526269,5.574553,-2.753100,0.347052,100.9,49.8,6.3,-1.079794,-4.446475,False,1.573354,c38,7.531912,x16,-5.465683
rand_n20_m40_d5_s123,RC_asym_cb,0.5,20,40,-24.443250,-14.703177,4.442230,-0.234256,60.2,18.2,1.0,-537.230934,512.787684,False,0.570630,c36,-23.365439,x19,3.018482
rand_n20_m40_d5_s456,RC_asym_bc,0.05,20,40,-14.370756,-0.139947,-16.374842,0.398305,1.0,113.9,2.8,18.670278,-33.041034,False,0.121478,c8,2.562241,x16,29.429257
rand_n20_m40_d5_s456,RC_asym_bc,0.05,20,40,-3.197640,1.393638,-6.882754,0.216901,43.6,215.2,6.8,-6.534042,3.336402,False,0.648784,c38,1.882976,x16,-13.664216
rand_n20_m40_d5_s456,RC_large,0.5,20,40,-43.531305,48.203183,37.575593,-1.282419,110.7,86.3,2.9,-11.270834,-32.260472,False,2.941048,c40,26.538591,x7,-33.702701
rand_n20_m40_d5_s456,RC_asym_cb,0.5,20,40,-38.037864,-1.399447,-1.637495,0.398307,3.7,4.3,1.0,-17.562945,-20.474919,False,0.930631,c8,25.622399,x16,2.942929
rand_n20_m40_d5_s456,RC_asym_cb,0.5,20,40,-28.594387,13.936376,-0.688267,0.216900,48.7,2.4,0.8,-10.105459,-18.488928,False,1.470897,c38,18.829775,x16,-1.366417
rand_n20_m40_d5_s456,RC_asym_bc,0.05,20,40,51.288588,4.820321,37.575593,-0.128244,9.4,73.3,0.3,6.918824,44.369764,False,0.175885,c40,2.653859,x7,-33.702701
rand_n20_m40_d5_s789,RC_small,0.05,20,40,-6.383779,-7.481607,1.384529,-0.070298,117.2,21.7,1.1,-10.836584,4.452806,False,0.033899,c27,-2.144658,x13,1.606139
rand_n20_m40_d5_s789,RC_small,0.05,20,40,-7.704844,-5.998823,-1.939897,0.161617,77.9,25.2,2.1,-8.486515,0.781670,False,0.009378,c17,-2.862034,x2,-1.543175
rand_n20_m40_d5_s456,RC_asym_cb,0.5,20,40,-69.716518,48.203183,3.757562,-0.128235,69.1,5.4,0.2,-3.997251,-65.719268,False,1.743475,c40,26.538591,x7,-3.370267
rand_n20_m40_d5_s456,RC_large,0.5,20,40,-36.090419,13.936376,-6.882754,2.169048,38.6,19.1,6.0,-19.305317,-16.785102,False,1.255543,c38,18.829775,x16,-13.664216
rand_n20_m40_d5_s456,RC_medium,0.2,20,40,28.673693,19.281274,15.030257,-0.205189,67.2,52.4,0.7,20.406233,8.267460,False,0.189465,c40,10.615437,x7,-13.481084
rand_n20_m40_d5_s789,RC_medium,0.2,20,40,-25.343478,-29.926433,5.538035,-1.124761,118.1,21.9,4.4,-43.353452,18.009974,False,0.006695,c27,-8.578631,x13,6.424556
rand_n20_m40_d5_s789,RC_medium,0.2,20,40,-29.831699,-23.995294,-7.759518,2.585898,80.4,26.0,8.7,-34.487022,4.655323,False,0.022217,c17,-11.448134,x2,-6.172683
rand_n20_m40_d5_s789,RC_large,0.5,20,40,-96.071497,-74.816080,13.845100,-7.029758,77.9,14.4,7.3,-144.193356,48.121859,False,0.292186,c27,-21.446575,x13,16.061390
rand_n20_m40_d5_s789,RC_large,0.5,20,40,-105.558046,-59.988236,-19.398821,16.161835,56.8,18.4,15.3,-120.394208,14.836162,False,0.401038,c17,-28.620340,x2,-15.431707
rand_n20_m40_d5_s789,RC_small,0.05,20,40,5.256336,3.066435,2.155638,0.034263,58.3,41.0,0.7,6.505102,-1.248767,True,0.000000,c24,1.563352,x2,1.776055
rand_n20_m40_d5_s789,RC_asym_bc,0.05,20,40,-17.729758,-5.998823,-19.398821,1.616183,33.8,109.4,9.1,-5.723052,-12.006707,False,0.341330,c17,-2.862034,x2,-15.431707
rand_n20_m40_d5_s789,RC_medium,0.2,20,40,20.387116,12.265754,8.622622,0.548207,60.2,42.3,2.7,25.274497,-4.887381,False,0.051477,c24,6.253409,x2,7.104221
rand_n20_m40_d5_s789,RC_asym_bc,0.05,20,40,25.143643,3.066435,21.556582,0.342628,12.2,85.7,1.4,16.595477,8.548166,False,0.007079,c24,1.563352,x2,17.760562
rand_n20_m40_d5_s789,RC_asym_cb,0.5,20,40,-110.530623,-74.816080,1.384529,-0.702981,67.7,1.3,0.6,-139.792468,29.261846,False,0.329285,c27,-21.446575,x13,1.606139
rand_n20_m40_d5_s789,RC_asym_cb,0.5,20,40,-101.100478,-59.988236,-1.939897,1.616172,59.3,1.9,1.6,-125.941344,24.840866,False,0.403445,c17,-28.620340,x2,-1.543175
rand_n20_m40_d5_s789,RC_asym_cb,0.5,20,40,29.053694,30.664390,2.155638,0.342633,105.5,7.4,1.2,43.293397,-14.239703,False,0.141427,c24,15.633522,x2,1.776055
rand_n20_m40_d5_s1024,RC_small,0.05,20,40,-2.906725,-2.968737,0.079129,-0.017117,102.1,2.7,0.6,-2.682076,-0.224649,True,0.000000,c3,-1.809337,x2,-2.162049
rand_n20_m40_d5_s1024,RC_medium,0.2,20,40,7.092418,20.454438,0.097309,-2.185685,288.4,1.4,30.8,14.659273,-7.566855,False,1.589535,c35,13.837058,x10,-7.591997
rand_n20_m40_d5_s1024,RC_medium,0.2,20,40,-12.347529,-11.874944,0.316509,-0.273885,96.2,2.6,2.2,-11.694870,-0.652659,False,0.041726,c3,-7.237344,x2,-8.648216
rand_n20_m40_d5_s1024,RC_small,0.05,20,40,4.224358,5.113610,0.024337,-0.136606,121.1,0.6,3.2,5.622571,-1.398213,False,0.183929,c35,3.459266,x10,-1.898005
rand_n20_m40_d5_s1024,RC_small,0.05,20,40,2.168400,-0.978153,3.297709,-0.150927,45.1,152.1,7.0,-1.735125,3.903525,False,0.000106,c3,1.878854,x2,2.488337
rand_n20_m40_d5_s1024,RC_medium,0.2,20,40,6.228579,-3.912627,13.190761,-2.414837,62.8,211.8,38.8,-11.621254,17.849833,False,0.101904,c3,7.515412,x2,9.953347
rand_n20_m40_d5_s1024,RC_large,0.5,20,40,-2.351496,51.136087,0.243257,-13.660530,2174.6,10.3,580.9,6.866585,-9.218082,False,17.040346,c35,34.592647,x10,-18.979983
rand_n20_m40_d5_s789,RC_asym_bc,0.05,20,40,14.690392,-7.481607,13.845100,-0.702976,50.9,94.2,4.8,-11.929949,26.620341,False,0.614679,c27,-2.144658,x13,16.061390
rand_n20_m40_d5_s789,RC_large,0.5,20,40,43.150151,30.664390,21.556582,3.426297,71.1,50.0,7.9,50.488346,-7.338195,False,0.289619,c24,15.633522,x2,17.760562
rand_n20_m40_d5_s1024,RC_large,0.5,20,40,-2.517546,-9.781564,32.976845,-15.092715,388.5,1309.9,599.5,-59.718519,57.200974,False,4.218439,c3,18.788530,x2,24.883387
rand_n20_m40_d5_s1024,RC_asym_bc,0.05,20,40,2.318807,5.113610,0.243257,-1.366052,220.5,10.5,58.9,2.977671,-0.658864,False,0.721064,c35,3.459266,x10,-18.979983
rand_n20_m40_d5_s1024,RC_asym_cb,0.5,20,40,-35.543729,-29.687357,0.079129,-0.171174,83.5,0.2,0.5,-32.047647,-3.496083,False,0.162176,c3,-18.093359,x2,-2.162049
rand_n20_m40_d5_s1024,RC_large,0.5,20,40,-35.868970,-29.687357,0.791260,-1.711772,82.8,2.2,4.8,-36.815204,0.946235,False,0.146676,c3,-18.093359,x2,-21.620550
rand_n20_m40_d5_s1024,RC_asym_cb,0.5,20,40,-7.627448,51.136087,0.024337,-1.366057,670.4,0.3,17.9,5.920734,-13.548182,False,7.528313,c35,34.592647,x10,-1.898005
rand_n20_m40_d8_s42,RC_small,0.05,20,40,3.941008,1.951010,2.261520,-0.226997,49.5,57.4,5.8,-0.913405,4.854412,False,0.011298,c3,2.815499,x12,2.001429
rand_n20_m40_d5_s1024,RC_asym_bc,0.05,20,40,-2.348653,-2.968737,0.791260,-0.171177,126.4,33.7,7.3,-7.007977,4.659324,True,0.000000,c3,-1.809337,x2,-21.620550
rand_n20_m40_d8_s42,RC_small,0.05,20,40,-7.365806,-8.548651,1.299880,-0.067239,116.1,17.6,0.9,-10.873542,3.507735,False,0.006760,c14,-3.539552,x2,-2.480556
rand_n20_m40_d5_s1024,RC_asym_cb,0.5,20,40,-26.021430,-9.781564,3.297709,-1.509274,37.6,12.7,5.8,-51.596327,25.574897,False,0.692825,c3,18.788530,x2,2.488337
rand_n20_m40_d8_s42,RC_medium,0.2,20,40,6.981747,7.804045,9.046145,-3.631952,111.8,129.6,52.0,-8.619864,15.601612,False,0.893256,c3,11.262002,x12,8.005756
rand_n20_m40_d8_s42,RC_medium,0.2,20,40,-31.159163,-34.194593,5.199428,-1.075799,109.7,16.7,3.5,-44.451304,13.292141,False,0.034924,c14,-14.158203,x2,-9.922196
rand_n20_m40_d8_s42,RC_large,0.5,20,40,7.864508,19.510115,22.615280,-22.699663,248.1,287.6,288.6,-41.471513,49.336021,False,1.470050,c3,28.155012,x12,20.014371
rand_n20_m40_d5_s1024,RC_asym_bc,0.05,20,40,32.591644,-0.978153,32.976845,-1.509272,3.0,101.2,4.6,-6.397637,38.989281,False,0.064502,c3,1.878854,x2,24.883387
rand_n20_m40_d8_s42,RC_large,0.5,20,40,-91.661601,-85.486483,12.998601,-6.723762,93.3,14.2,7.3,-124.962024,33.300423,False,0.135825,c14,-35.395504,x2,-24.805504
rand_n20_m40_d8_s42,RC_small,0.05,20,40,-3.935510,-5.943924,2.244432,-0.336188,151.0,57.0,8.5,-4.305432,0.369922,False,0.025453,c3,3.442321,x2,2.854892
rand_n20_m40_d8_s42,RC_asym_bc,0.05,20,40,6.503712,-8.548651,12.998601,-0.672377,131.4,199.9,10.3,-19.931309,26.435022,False,0.419167,c14,-3.539552,x2,-24.805504
rand_n20_m40_d8_s42,RC_medium,0.2,20,40,-16.797087,-23.775690,8.977781,-5.379016,141.5,53.4,32.0,-18.226381,1.429294,False,0.201216,c3,13.769288,x2,11.419596
rand_n20_m40_d8_s42,RC_asym_bc,0.05,20,40,19.801569,-5.943924,22.444428,-3.361885,30.0,113.3,17.0,1.063159,18.738410,False,0.336486,c3,3.442321,x2,28.548977
rand_n20_m40_d8_s42,RC_asym_cb,0.5,20,40,-38.764390,19.510115,2.261520,-2.269969,50.3,5.8,5.9,-55.626004,16.861614,False,1.503082,c3,28.155012,x12,2.001429
rand_n20_m40_d8_s42,RC_asym_cb,0.5,20,40,-105.181009,-85.486483,1.299880,-0.672389,81.3,1.2,0.6,-115.729201,10.548192,False,0.193210,c14,-35.395504,x2,-2.480556
rand_n20_m40_d8_s42,RC_asym_cb,0.5,20,40,-64.629522,-59.439226,2.244432,-3.361883,92.0,3.5,5.2,-71.095833,6.466310,False,0.063018,c3,34.423222,x2,2.854892
rand_n20_m40_d8_s42,RC_asym_bc,0.05,20,40,29.025616,1.951010,22.615280,-2.269965,6.7,77.9,7.8,2.468941,26.556675,False,0.231840,c3,2.815499,x12,20.014371
rand_n20_m40_d8_s123,RC_small,0.05,20,40,4.589495,0.277744,4.145110,-0.070513,6.1,90.3,1.5,-6.947887,11.537382,False,0.051673,c25,1.411221,x8,3.682910
rand_n20_m40_d8_s123,RC_medium,0.2,20,40,-1.280210,16.109549,-16.535345,-1.526984,1258.4,1291.6,119.3,28.962742,-30.242952,False,0.525359,c35,14.255232,x19,-11.548635
rand_n20_m40_d8_s123,RC_medium,0.2,20,40,18.192888,-9.912375,23.915989,1.636866,54.5,131.5,9.0,-68.131514,86.324402,False,0.140297,c36,-3.727564,x19,12.073911
rand_n20_m40_d8_s123,RC_large,0.5,20,40,-16.270566,40.273871,-41.338295,-9.543628,247.5,254.1,58.7,53.008124,-69.278691,False,0.348022,c35,35.638079,x19,-28.871562
rand_n20_m40_d8_s123,RC_medium,0.2,20,40,19.039785,1.110965,16.580368,-1.128199,5.8,87.1,5.9,-28.633569,47.673354,False,0.130078,c25,5.644879,x8,14.731656
rand_n20_m40_d8_s42,RC_large,0.5,20,40,-53.307653,-59.439226,22.444428,-33.618860,111.5,42.1,63.1,-71.934846,18.627193,False,0.324644,c3,34.423222,x2,28.548977
rand_n20_m40_d8_s123,RC_small,0.05,20,40,-0.287803,4.027388,-4.133836,-0.095437,1399.4,1436.3,33.2,7.687433,-7.975235,False,0.298532,c35,3.563808,x19,-2.887163
rand_n20_m40_d8_s123,RC_large,0.5,20,40,34.383149,-24.780938,59.790028,10.230420,72.1,173.9,29.8,-186.766919,221.150069,False,0.315747,c36,-9.318910,x19,30.184805
rand_n20_m40_d8_s123,RC_asym_bc,0.05,20,40,-27.919811,4.027388,-41.338295,-0.954362,14.4,148.1,3.4,57.678049,-85.597859,False,0.370542,c35,3.563808,x19,-28.871562
rand_n20_m40_d8_s123,RC_small,0.05,20,40,3.921686,-2.478094,5.979002,0.102304,63.2,152.5,2.6,-15.929413,19.851099,False,0.081209,c36,-0.931891,x19,3.018482
rand_n20_m40_d8_s123,RC_asym_bc,0.05,20,40,54.859792,0.277744,41.450970,-0.705128,0.5,75.6,1.3,-21.356685,76.216477,False,0.252210,c25,1.411221,x8,36.829131
rand_n20_m40_d8_s123,RC_asym_bc,0.05,20,40,74.245694,-2.478094,59.790028,1.023041,3.3,80.5,1.4,-55.038175,129.283869,False,0.214298,c36,-0.931891,x19,30.184805
rand_n20_m40_d8_s123,RC_large,0.5,20,40,43.290689,2.777412,41.450970,-7.051250,6.4,95.8,16.3,-77.524491,120.815180,False,0.141221,c25,14.112196,x8,36.829131
rand_n20_m40_d8_s123,RC_asym_cb,0.5,20,40,19.058851,40.273871,-4.133836,-0.954366,211.3,21.7,5.0,6.866213,12.192638,False,0.846159,c35,35.638079,x19,-2.887163
rand_n20_m40_d8_s456,RC_small,0.05,20,40,-10.304110,-5.427843,-2.864133,-0.422566,52.7,27.8,4.1,-10.535110,0.231000,False,0.154265,c11,-7.020978,x4,2.800762
rand_n20_m40_d8_s456,RC_small,0.05,20,40,-2.575099,-2.504979,0.867211,0.186062,97.3,33.7,7.2,-2.768924,0.193825,False,0.436252,c38,3.124198,x8,1.466521
rand_n20_m40_d8_s456,RC_medium,0.2,20,40,-50.721981,-21.711359,-11.456489,-6.761040,42.8,22.6,13.3,-52.681215,1.959234,False,0.212789,c11,-28.083910,x4,11.203032
rand_n20_m40_d8_s456,RC_small,0.05,20,40,7.731523,2.618140,4.994087,0.060026,33.9,64.6,0.8,1.904011,5.827512,False,0.007666,c40,2.194253,x7,-3.577605
rand_n20_m40_d8_s456,RC_medium,0.2,20,40,24.339135,10.472556,19.976363,0.960412,43.0,82.1,3.9,3.696562,20.642573,False,0.290487,c40,8.777010,x7,-14.310436
rand_n20_m40_d8_s123,RC_asym_cb,0.5,20,40,3.541580,2.777412,4.145110,-0.705124,78.4,117.0,19.9,-57.855099,61.396680,False,0.755544,c25,14.112196,x8,3.682910
rand_n20_m40_d8_s456,RC_large,0.5,20,40,-96.740197,-25.049774,8.672091,18.606219,25.9,9.0,19.2,-111.862537,15.122341,False,1.023036,c38,31.241985,x8,14.665170
rand_n20_m40_d8_s456,RC_large,0.5,20,40,26.774944,26.181393,49.940860,6.002579,97.8,186.5,22.4,-25.618913,52.393857,False,2.067227,c40,21.942520,x7,-35.776082
rand_n20_m40_d8_s456,RC_medium,0.2,20,40,-25.038070,-10.019905,3.468835,2.976995,40.0,13.9,11.9,-20.005480,-5.032590,False,0.857254,c38,12.496796,x8,5.866071
rand_n20_m40_d8_s456,RC_asym_bc,0.05,20,40,-29.647925,-5.427843,-28.641231,-4.225653,18.3,96.6,14.3,-13.418987,-16.228938,False,0.291650,c11,-7.020978,x4,28.007573
rand_n20_m40_d8_s123,RC_asym_cb,0.5,20,40,-27.371005,-24.780938,5.979002,1.023039,90.5,21.8,3.7,-143.373230,116.002226,False,0.350448,c36,-9.318910,x19,3.018482
rand_n20_m40_d8_s456,RC_asym_bc,0.05,20,40,5.349382,-2.504979,8.672091,1.860623,46.8,162.1,34.8,-0.496828,5.846210,False,0.500685,c38,3.124198,x8,14.665170
rand_n20_m40_d8_s456,RC_asym_bc,0.05,20,40,54.736014,2.618140,49.940860,0.600257,4.8,91.2,1.1,2.188404,52.547610,False,0.028807,c40,2.194253,x7,-35.776082
rand_n20_m40_d8_s456,RC_large,0.5,20,40,-160.272376,-54.278396,-28.641231,-42.256513,33.9,17.9,26.4,-175.574799,15.302424,False,0.218979,c11,-70.209774,x4,28.007573
rand_n20_m40_d8_s789,RC_small,0.05,20,40,-4.379618,-5.182163,1.448181,-0.553736,118.3,33.1,12.6,-11.112122,6.732504,False,0.020983,c27,-2.234020,x13,1.920192
rand_n20_m40_d8_s789,RC_small,0.05,20,40,-1.974915,0.142011,-2.066936,0.010262,7.2,104.7,0.5,1.893494,-3.868409,False,0.030508,c1,1.094385,x2,-1.620355
rand_n20_m40_d8_s456,RC_asym_cb,0.5,20,40,-142.108557,-54.278396,-2.864133,-4.225655,38.2,2.0,3.0,-173.280921,31.172364,False,0.568160,c11,-70.209774,x4,2.800762
rand_n20_m40_d8_s789,RC_medium,0.2,20,40,-15.729759,-20.728656,5.792684,-8.859761,131.8,36.8,56.3,-43.842621,28.112862,False,0.512784,c27,-8.936082,x13,7.680770
rand_n20_m40_d8_s789,RC_medium,0.2,20,40,11.303856,4.876535,10.848473,-3.991952,43.1,96.0,35.3,-3.894185,15.198040,False,0.037969,c24,6.861723,x2,7.459532
rand_n20_m40_d8_s456,RC_asym_cb,0.5,20,40,-111.327002,-25.049774,0.867211,1.860620,22.5,0.8,1.7,-117.465795,6.138793,False,0.799492,c38,31.241985,x8,1.466521
rand_n20_m40_d8_s789,RC_large,0.5,20,40,-44.501682,-51.821638,14.481718,-55.373491,116.4,32.5,124.4,-112.886332,68.384650,False,1.083369,c27,-22.340203,x13,19.201925
rand_n20_m40_d8_s789,RC_small,0.05,20,40,3.681730,1.219133,2.712094,-0.249497,33.1,73.7,6.8,0.446808,3.234922,True,0.000000,c24,1.715431,x2,1.864883
rand_n20_m40_d8_s789,RC_large,0.5,20,40,-28.846365,1.420105,-20.669290,1.026302,4.9,71.7,3.6,6.066768,-34.913133,False,0.368278,c1,10.943861,x2,-16.203508
rand_n20_m40_d8_s789,RC_asym_bc,0.05,20,40,17.283477,-5.182163,14.481718,-5.537347,30.0,83.8,32.0,-14.352801,31.636278,False,0.782323,c27,-2.234020,x13,19.201925
rand_n20_m40_d8_s789,RC_medium,0.2,20,40,-10.239319,0.568045,-8.267709,0.164207,5.5,80.7,1.6,5.984779,-16.224098,False,0.264067,c1,4.377546,x2,-6.481403
rand_n20_m40_d8_s789,RC_asym_bc,0.05,20,40,-19.450068,0.142011,-20.669290,0.102627,0.7,106.3,0.5,7.745979,-27.196047,False,0.050107,c1,1.094385,x2,-16.203508
rand_n20_m40_d8_s789,RC_large,0.5,20,40,4.195112,12.191338,27.121211,-24.949682,290.6,646.5,594.7,-27.536374,31.731486,False,2.423715,c24,17.154307,x2,18.648839
rand_n20_m40_d8_s789,RC_asym_cb,0.5,20,40,-61.996887,-51.821638,1.448181,-5.537363,83.6,2.3,8.9,-107.561708,45.564821,False,0.098167,c27,-22.340203,x13,1.920192
rand_n20_m40_d8_s789,RC_asym_cb,0.5,20,40,-12.728249,12.191338,2.712094,-2.494971,95.8,21.3,19.6,-31.752643,19.024395,False,1.974876,c24,17.154307,x2,1.864883
rand_n20_m40_d8_s789,RC_asym_cb,0.5,20,40,-15.389042,1.420105,-2.066936,0.102624,9.2,13.4,0.7,-1.794632,-13.594409,False,0.964637,c1,10.943861,x2,-1.620355
rand_n20_m40_d8_s456,RC_asym_cb,0.5,20,40,-23.059108,26.181393,4.994087,0.600258,113.5,21.7,2.6,-27.318086,4.258978,False,2.378012,c40,21.942520,x7,-3.577605
rand_n20_m40_d8_s1024,RC_small,0.05,20,40,-0.742892,2.173907,-1.390264,-0.095327,292.6,187.1,12.8,0.986248,-1.729140,False,1.926535,c3,1.846993,x17,-1.755354
rand_n20_m40_d8_s1024,RC_small,0.05,20,40,0.542375,-0.021073,2.998064,0.178206,3.9,552.8,32.9,-1.382903,1.925278,False,4.817370,c3,2.258194,x17,1.987265
rand_n20_m40_d8_s1024,RC_small,0.05,20,40,0.138167,0.149651,-0.038653,0.027169,108.3,28.0,19.7,0.250894,-0.112726,True,0.000000,c3,-2.174641,x2,-1.091271
rand_n20_m40_d8_s1024,RC_medium,0.2,20,40,0.483687,0.598604,-0.154591,0.434703,123.8,32.0,89.9,0.080457,0.403230,False,0.816702,c3,-8.698567,x2,-4.365094
rand_n20_m40_d8_s1024,RC_large,0.5,20,40,-18.408909,1.496508,-0.386477,2.716901,8.1,2.1,14.8,-13.376679,-5.032230,False,1.207885,c3,-21.746416,x2,-10.912739
rand_n20_m40_d8_s1024,RC_large,0.5,20,40,-11.557048,-0.210745,29.980400,17.820667,1.8,259.4,154.2,-38.788543,27.231495,False,5.117861,c3,22.581940,x17,19.872611
rand_n20_m40_d8_s789,RC_asym_bc,0.05,20,40,27.941135,1.219133,27.121211,-2.494969,4.4,97.1,8.9,8.331099,19.610036,False,0.075006,c24,1.715431,x2,18.648839
rand_n20_m40_d8_s1024,RC_asym_bc,0.05,20,40,-9.581586,2.173907,-13.902630,-0.953266,22.7,145.1,9.9,2.309910,-11.891497,False,0.323579,c3,1.846993,x17,-17.553436
rand_n20_m40_d8_s1024,RC_large,0.5,20,40,-19.912260,21.739091,-13.902630,-9.532665,109.2,69.8,47.9,-4.316357,-15.595903,False,0.914816,c3,18.469938,x17,-17.553436
rand_n20_m40_d8_s1024,RC_medium,0.2,20,40,-5.833227,8.695637,-5.561045,-1.525224,149.1,95.3,26.1,2.223227,-8.056454,False,1.275897,c3,7.387976,x17,-7.021374
rand_n20_m40_d8_s1024,RC_asym_bc,0.05,20,40,29.537180,-0.021073,29.980400,1.782068,0.1,101.5,6.0,3.274323,26.262857,False,0.074625,c3,2.258194,x17,19.872611
rand_n20_m40_d8_s1024,RC_medium,0.2,20,40,0.833269,-0.084298,11.992193,2.851301,10.1,1439.2,342.2,-9.815024,10.648293,False,16.712398,c3,9.032777,x17,7.949040
rand_n20_m40_d8_s1024,RC_asym_bc,0.05,20,40,1.351540,0.149651,-0.386477,0.271691,11.1,28.6,20.1,1.149126,0.202414,False,0.974203,c3,-2.174641,x2,-10.912739
rand_n20_m40_d8_s1024,RC_asym_cb,0.5,20,40,-38.270562,-0.210745,2.998064,1.782060,0.6,7.8,4.7,-42.305123,4.034561,False,1.119397,c3,22.581940,x17,1.987265
rand_n20_m40_d8_s1024,RC_asym_cb,0.5,20,40,-8.864899,21.739091,-1.390264,-0.953272,245.2,15.7,10.8,-4.535686,-4.329213,False,3.187905,c3,18.469938,x17,-1.755354
rand_n20_m40_d8_s1024,RC_asym_cb,0.5,20,40,-16.859912,1.496508,-0.038653,0.271693,8.9,0.2,1.6,-12.893726,-3.966185,False,1.102583,c3,-21.746416,x2,-1.091271
rand_n50_m50_d3_s42,RC_small,0.05,50,50,-1.241898,-2.184129,0.868553,-0.586621,175.9,69.9,47.2,26.920049,-28.161947,False,0.531685,c2,4.520922,x49,-3.565876
rand_n50_m50_d3_s42,RC_medium,0.2,50,50,-7.130231,-8.736514,3.474204,-9.385884,122.5,48.7,131.6,105.349528,-112.479759,False,1.054379,c2,18.083692,x49,-14.263522
rand_n50_m50_d3_s42,RC_small,0.05,50,50,-0.459371,1.987523,-2.699960,0.932186,432.7,587.8,202.9,34.509096,-34.968468,False,1.478369,c45,2.556649,x21,-3.812242
rand_n50_m50_d3_s42,RC_small,0.05,50,50,-7.320792,-5.491314,-2.649439,1.164482,75.0,36.2,15.9,7.676016,-14.996807,False,0.047061,c2,-3.379634,x26,-5.633436
rand_n50_m50_d3_s42,RC_medium,0.2,50,50,-23.785382,-21.965250,-10.597724,18.631832,92.3,44.6,78.3,27.260959,-51.046341,False,0.414298,c2,-13.518532,x26,-22.533743
rand_n50_m50_d3_s42,RC_medium,0.2,50,50,-0.346986,7.950093,-10.799826,14.915091,2291.2,3112.5,4298.5,132.527652,-132.874637,False,35.771933,c45,10.226592,x21,-15.248968
rand_n50_m50_d3_s42,RC_large,0.5,50,50,-0.703839,19.875231,-26.999609,93.219242,2823.8,3836.0,13244.4,325.145060,-325.848899,False,123.321839,c45,25.566479,x21,-38.122439
rand_n50_m50_d3_s42,RC_large,0.5,50,50,-22.653455,-21.841284,8.685501,-58.661708,96.4,38.3,259.0,230.404600,-253.058054,False,2.170267,c2,45.209228,x49,-35.658815
rand_n50_m50_d3_s42,RC_asym_bc,0.05,50,50,14.813194,-2.184129,8.685501,-5.866174,14.7,58.6,39.6,321.073570,-306.260376,False,0.957119,c2,4.520922,x49,-35.658815
rand_n50_m50_d3_s42,RC_asym_bc,0.05,50,50,-12.503336,1.987523,-26.999609,9.321925,15.9,215.9,74.6,-3.695362,-8.807974,False,0.254878,c45,2.556649,x21,-38.122439
rand_n50_m50_d3_s42,RC_large,0.5,50,50,-46.848088,-54.913127,-26.494312,116.448853,117.2,56.6,248.6,-25.738146,-21.109942,False,1.747980,c2,-33.796332,x26,-56.334383
rand_n50_m50_d3_s42,RC_asym_bc,0.05,50,50,-1.163320,-5.491314,-26.494312,11.644883,472.0,2277.5,1001.0,-189.936157,188.772837,False,16.485084,c2,-3.379634,x26,-56.334383
rand_n50_m50_d3_s42,RC_asym_cb,0.5,50,50,-63.417135,-54.913127,-2.649439,11.644824,86.6,4.2,18.4,166.668239,-230.085374,False,0.275941,c2,-33.796332,x26,-5.633436
rand_n50_m50_d3_s42,RC_asym_cb,0.5,50,50,-40.835769,-21.841284,0.868553,-5.866208,53.5,2.1,14.4,-64.812533,23.976763,False,0.342759,c2,45.209228,x49,-3.565876
rand_n50_m50_d3_s42,RC_asym_cb,0.5,50,50,7.323533,19.875231,-2.699960,9.321859,271.4,36.9,127.3,361.341222,-354.017689,False,2.618080,c45,25.566479,x21,-3.812242
rand_n50_m50_d3_s123,RC_small,0.05,50,50,3.099927,6.669076,-4.308638,0.293506,215.1,139.0,9.5,11.837415,-8.737488,False,0.143869,c48,6.665983,x16,-3.960812
rand_n50_m50_d3_s123,RC_small,0.05,50,50,-8.080696,-2.235286,-5.423022,-0.413128,27.7,67.1,5.1,-4.107393,-3.973303,False,0.001146,c38,-3.123118,x39,5.457818
rand_n50_m50_d3_s123,RC_medium,0.2,50,50,12.321820,26.676313,-17.234622,4.696070,216.5,139.9,38.1,43.780396,-31.458576,False,0.147376,c48,26.663930,x16,-15.843270
rand_n50_m50_d3_s123,RC_small,0.05,50,50,8.963988,2.908755,6.206976,0.201430,32.4,69.2,2.2,-16.996991,25.960979,False,0.039399,c42,4.453196,x7,5.623785
rand_n50_m50_d3_s123,RC_large,0.5,50,50,-94.128620,-22.352876,-54.230092,-41.312906,23.7,57.6,43.9,-99.081161,4.952540,False,0.252498,c38,-31.231177,x39,54.578065
rand_n50_m50_d3_s123,RC_large,0.5,50,50,101.252847,29.087540,62.069273,20.143090,28.7,61.3,19.9,-173.770259,275.023106,False,0.099227,c42,44.531977,x7,56.237845
rand_n50_m50_d3_s123,RC_large,0.5,50,50,14.970927,66.690790,-43.086529,29.350438,445.5,287.8,196.0,96.036958,-81.066030,False,2.537169,c48,66.659825,x16,-39.608188
rand_n50_m50_d3_s123,RC_medium,0.2,50,50,-35.996815,-8.941154,-21.692051,-6.610065,24.8,60.3,18.4,-24.024356,-11.972458,False,0.034627,c38,-12.492471,x39,21.831243
rand_n50_m50_d3_s123,RC_asym_bc,0.05,50,50,-12.916679,6.669076,-43.086529,2.935043,51.6,333.6,22.7,57.654663,-70.571342,False,1.592184,c48,6.665983,x16,-39.608188
rand_n50_m50_d3_s123,RC_medium,0.2,50,50,33.774997,11.635010,24.827667,3.222889,34.4,73.5,9.5,-70.661738,104.436735,False,0.174998,c42,17.812788,x7,22.495138
rand_n50_m50_d3_s123,RC_asym_bc,0.05,50,50,-46.666335,-2.235286,-54.230092,-4.131292,4.8,116.2,8.9,14.658957,-61.325292,False,0.298509,c38,-3.123118,x39,54.578065
rand_n50_m50_d3_s456,RC_small,0.05,50,50,-8.786566,-7.362836,-1.398871,-0.156848,83.8,15.9,1.8,-59.966620,51.180054,False,0.015022,c45,-4.056386,x20,3.227646
rand_n50_m50_d3_s123,RC_asym_cb,0.5,50,50,-4.599481,29.087540,6.206976,2.014299,632.4,134.9,43.8,-54.132074,49.532593,False,9.111527,c42,44.531977,x7,5.623785
rand_n50_m50_d3_s456,RC_small,0.05,50,50,9.110682,10.614103,-1.190283,-0.379212,116.5,13.1,4.2,52.159131,-43.048449,False,0.007252,c45,6.159901,x25,-2.963326
rand_n50_m50_d3_s123,RC_asym_bc,0.05,50,50,91.523056,2.908755,62.069273,2.014308,3.2,67.8,2.2,-148.281807,239.804863,False,0.268028,c42,4.453196,x7,56.237845
rand_n50_m50_d3_s456,RC_small,0.05,50,50,-9.110398,-9.313135,1.565888,-0.715548,102.2,17.2,7.9,-12.626582,3.516184,False,0.071084,c45,-5.414209,x40,3.421318
rand_n50_m50_d3_s456,RC_medium,0.2,50,50,-33.068942,-29.451331,-5.595494,-2.509553,89.1,16.9,7.6,-239.120472,206.051530,False,0.135699,c45,-16.225543,x20,12.910562
rand_n50_m50_d3_s123,RC_asym_cb,0.5,50,50,-50.860720,-22.352876,-5.423022,-4.131279,43.9,10.7,8.1,-115.506380,64.645660,False,0.372656,c38,-31.231177,x39,5.457818
rand_n50_m50_d3_s123,RC_asym_cb,0.5,50,50,27.803050,66.690790,-4.308638,2.935062,239.9,15.5,10.6,48.627468,-20.824419,False,1.349282,c48,66.659825,x16,-3.960812
rand_n50_m50_d3_s456,RC_medium,0.2,50,50,-42.773596,-37.252549,6.263586,-11.448754,87.1,14.6,26.8,-53.671982,10.898385,False,0.007852,c45,-21.656838,x40,13.685291
rand_n50_m50_d3_s456,RC_large,0.5,50,50,74.756578,106.141029,-11.903036,-37.921288,142.0,15.9,50.7,416.893091,-342.136513,False,0.246666,c45,61.599004,x25,-29.633306
rand_n50_m50_d3_s456,RC_medium,0.2,50,50,28.628070,42.456412,-4.761188,-6.067408,148.3,16.6,21.2,173.746666,-145.118596,False,0.104783,c45,24.639601,x25,-11.853327
rand_n50_m50_d3_s456,RC_large,0.5,50,50,-121.314826,-93.131366,15.658935,-71.554688,76.8,12.9,59.0,-142.266276,20.951450,False,0.228433,c45,-54.142091,x40,34.213219
rand_n50_m50_d3_s456,RC_asym_bc,0.05,50,50,16.121166,-9.313135,15.658935,-7.155471,57.8,97.1,44.4,36.369419,-20.248254,False,1.050224,c45,-5.414209,x40,34.213219
rand_n50_m50_d3_s456,RC_asym_bc,0.05,50,50,-10.564868,-7.362836,-13.988727,-1.568468,69.7,132.4,14.8,31.790271,-42.355139,False,1.169457,c45,-4.056386,x20,32.276415
rand_n50_m50_d3_s789,RC_small,0.05,50,50,-1.098142,1.456488,-2.266485,-0.296542,132.6,206.4,27.0,,,False,0.007647,c22,2.166210,x28,-4.320558
rand_n50_m50_d3_s456,RC_asym_cb,0.5,50,50,-82.277266,-73.628334,-1.398871,-1.568478,89.5,1.7,1.9,-690.396215,608.118949,False,0.069054,c45,-40.563858,x20,3.227646
rand_n50_m50_d3_s456,RC_asym_cb,0.5,50,50,75.255373,106.141029,-1.190283,-3.792123,141.0,1.6,5.0,617.584960,-542.329587,False,0.344205,c45,61.599004,x25,-2.963326
rand_n50_m50_d3_s789,RC_small,0.05,50,50,-3.724241,0.502324,-4.201793,0.026833,13.5,112.8,0.7,,,False,0.013857,c12,4.211358,x28,-5.396345
rand_n50_m50_d3_s456,RC_large,0.5,50,50,-89.025415,-73.628334,-13.988727,-15.684707,82.7,15.7,17.6,-601.124248,512.098833,False,0.160363,c45,-40.563858,x20,32.276415
rand_n50_m50_d3_s456,RC_asym_bc,0.05,50,50,7.997307,10.614103,-11.903036,-3.792130,132.7,148.8,47.4,-148.840028,156.837335,False,1.635347,c45,6.159901,x25,-29.633306
rand_n50_m50_d3_s789,RC_small,0.05,50,50,-7.701040,-4.260141,-3.422632,-0.222322,55.3,44.4,2.9,,,False,0.026497,c22,-2.367126,x28,-4.534033
rand_n50_m50_d3_s789,RC_medium,0.2,50,50,-15.472284,2.009296,-16.807153,0.429358,13.0,108.6,2.8,,,False,0.071340,c12,16.845432,x28,-21.585354
rand_n50_m50_d3_s789,RC_large,0.5,50,50,-22.179269,14.564888,-22.664661,-29.654252,65.7,102.2,133.7,,,False,0.702221,c22,21.662097,x28,-43.205662
rand_n50_m50_d3_s789,RC_large,0.5,50,50,-58.586401,-42.601395,-34.226332,-22.232301,72.7,58.4,37.9,,,False,0.690837,c22,-23.671251,x28,-45.340436
rand_n50_m50_d3_s456,RC_asym_cb,0.5,50,50,-139.193032,-93.131366,1.565888,-7.155476,66.9,1.1,5.1,-187.585598,48.392566,False,0.290762,c45,-54.142091,x40,3.421318
rand_n50_m50_d3_s789,RC_medium,0.2,50,50,-28.863500,-17.040557,-13.690551,-3.557163,59.0,47.4,12.3,,,False,0.187946,c22,-9.468500,x28,-18.136186
rand_n50_m50_d3_s789,RC_medium,0.2,50,50,-3.667019,5.825952,-9.065858,-4.744691,158.9,247.2,129.4,,,False,1.177408,c22,8.664838,x28,-17.282259
rand_n50_m50_d3_s789,RC_asym_bc,0.05,50,50,-8.157645,-4.260141,-34.226332,-2.223229,52.2,419.6,27.3,,,False,3.990374,c22,-2.367126,x28,-45.340436
rand_n50_m50_d3_s789,RC_asym_cb,0.5,50,50,-11.775086,5.023238,-4.201793,0.268336,42.7,35.7,2.3,,,False,1.092550,c12,42.113577,x28,-5.396345
rand_n50_m50_d3_s789,RC_asym_bc,0.05,50,50,-29.297259,0.502324,-42.017883,0.268348,1.7,143.4,0.9,,,False,0.407886,c12,4.211358,x28,-53.963344
rand_n50_m50_d3_s789,RC_large,0.5,50,50,-35.734303,5.023238,-42.017883,2.683501,14.1,117.6,7.5,,,False,0.039826,c12,42.113577,x28,-53.963344
rand_n50_m50_d3_s789,RC_asym_cb,0.5,50,50,-8.587646,14.564888,-2.266485,-2.965419,169.6,26.4,34.5,,,False,2.086792,c22,21.662097,x28,-4.320558
rand_n50_m50_d3_s789,RC_asym_cb,0.5,50,50,-54.879810,-42.601395,-3.422632,-2.223223,77.6,6.2,4.1,,,False,0.120856,c22,-23.671251,x28,-4.534033
rand_n50_m50_d3_s789,RC_asym_bc,0.05,50,50,-9.582044,1.456488,-22.664661,-2.965424,15.2,236.5,30.9,,,False,1.522802,c22,2.166210,x28,-43.205662
rand_n50_m50_d3_s1024,RC_small,0.05,50,50,6.773764,1.399707,5.603307,-0.100335,20.7,82.7,1.5,32.615744,-25.841980,False,0.019032,c19,2.612585,x33,4.920211
rand_n50_m50_d3_s1024,RC_medium,0.2,50,50,-0.561363,-1.203699,5.166218,-4.891652,214.4,920.3,871.4,-4.211213,3.649849,False,0.655137,c35,13.828508,x39,13.838729
rand_n50_m50_d3_s1024,RC_large,0.5,50,50,11.706541,-3.009255,12.915549,-30.572839,25.7,110.3,261.2,-29.487054,41.193595,False,2.765384,c35,34.571268,x39,34.596836
rand_n50_m50_d3_s1024,RC_small,0.05,50,50,5.484153,0.434042,4.936549,0.230059,7.9,90.0,4.2,-51.270668,56.754821,False,0.021243,c38,2.334718,x42,2.342207
rand_n50_m50_d3_s1024,RC_medium,0.2,50,50,24.545994,1.736173,19.746034,3.680951,7.1,80.4,15.0,-204.326370,228.872364,False,0.025143,c38,9.338871,x42,9.368805
rand_n50_m50_d3_s1024,RC_large,0.5,50,50,73.349932,4.340436,49.365095,23.005932,5.9,67.3,31.4,-509.868345,583.218276,False,0.045829,c38,23.347176,x42,23.422024
rand_n50_m50_d3_s1024,RC_small,0.05,50,50,0.643079,-0.300922,1.291522,-0.305729,46.8,200.8,47.5,1.861309,-1.218230,False,0.064988,c35,3.457126,x39,3.459689
rand_n50_m50_d3_s1024,RC_large,0.5,50,50,56.991816,13.997090,56.033100,-10.033385,24.6,98.3,17.6,310.363916,-253.372100,False,0.052727,c19,26.125846,x33,49.202228
rand_n50_m50_d3_s1024,RC_medium,0.2,50,50,25.093589,5.598836,22.413296,-1.605337,22.3,89.3,6.4,128.682355,-103.588766,False,0.052332,c19,10.450338,x33,19.680903
rand_n50_m50_d3_s1024,RC_asym_bc,0.05,50,50,57.295183,0.434042,49.365095,2.300594,0.8,86.2,4.0,-431.992096,489.287279,False,0.090679,c38,2.334718,x42,23.422024
rand_n50_m50_d3_s1024,RC_asym_bc,0.05,50,50,79.762268,1.399707,56.033100,-1.003341,1.8,70.3,1.3,102.899084,-23.136816,False,0.292529,c19,2.612585,x33,49.202228
rand_n50_m50_d3_s1024,RC_asym_cb,0.5,50,50,-24.671471,-3.009255,1.291522,-3.057285,12.2,5.2,12.4,-24.723643,0.052172,False,0.806456,c35,34.571268,x39,3.459689
rand_n50_m50_d3_s1024,RC_asym_cb,0.5,50,50,-11.042633,13.997090,5.603307,-1.003343,126.8,50.7,9.1,242.557604,-253.600237,False,2.684114,c19,26.125846,x33,4.920211
rand_n50_m50_d3_s1024,RC_asym_bc,0.05,50,50,34.748744,-0.300922,12.915549,-3.057284,0.9,37.2,8.8,-4.038276,38.787020,False,0.724959,c35,3.457126,x39,34.596836
rand_n50_m50_d5_s42,RC_small,0.05,50,50,4.942800,6.038962,-1.210110,0.076692,122.2,24.5,1.6,126.082499,-121.139699,False,0.007537,c20,2.234531,x49,2.914467
rand_n50_m50_d5_s42,RC_medium,0.2,50,50,-49.371326,-24.700187,-24.027557,-3.955452,50.0,48.7,8.0,130.900865,-180.272191,False,0.067081,c20,-10.328289,x49,-14.263522
rand_n50_m50_d5_s42,RC_medium,0.2,50,50,6.471124,-9.535662,19.321917,1.655259,147.4,298.6,25.6,371.761035,-365.289911,False,0.768088,c17,-15.611988,x21,-15.248968
rand_n50_m50_d5_s42,RC_medium,0.2,50,50,24.884294,24.155847,-4.840304,1.227056,97.1,19.5,4.9,506.878989,-481.994696,False,0.174475,c20,8.938123,x49,11.657869
rand_n50_m50_d5_s42,RC_large,0.5,50,50,-108.417609,-61.750469,-60.068915,-24.721648,57.0,55.4,22.8,314.606736,-423.024345,False,0.351635,c20,-25.820722,x49,-35.658815
rand_n50_m50_d5_s42,RC_large,0.5,50,50,4.093624,-23.839157,48.304754,10.345392,582.3,1180.0,252.7,923.361600,-919.267976,False,7.503710,c17,-39.029973,x21,-38.122439
rand_n50_m50_d3_s1024,RC_asym_cb,0.5,50,50,7.394154,4.340436,4.936549,2.300593,58.7,66.8,31.1,-136.219290,143.613445,False,0.565774,c38,23.347176,x42,2.342207
rand_n50_m50_d5_s42,RC_large,0.5,50,50,55.685132,60.389620,-12.100761,7.669079,108.4,21.7,13.8,1246.932586,-1191.247454,False,0.004899,c20,22.345310,x49,29.144672
rand_n50_m50_d5_s42,RC_asym_bc,0.05,50,50,-25.604529,-6.175048,-60.068915,-2.472164,24.1,234.6,9.7,3968.307975,-3993.912504,False,1.683749,c20,-2.582073,x49,-35.658815
rand_n50_m50_d5_s42,RC_asym_bc,0.05,50,50,51.991903,-2.383916,48.304754,1.034541,4.6,92.9,2.0,1010.923933,-958.932030,False,0.096871,c17,-3.902998,x21,-38.122439
rand_n50_m50_d5_s42,RC_asym_bc,0.05,50,50,26.542148,6.038962,-12.100761,0.766908,22.8,45.6,2.9,-1277.950819,1304.492966,False,1.199490,c20,2.234531,x49,29.144672
rand_n50_m50_d5_s42,RC_small,0.05,50,50,-12.508065,-6.175048,-6.006890,-0.247216,49.4,48.0,2.0,32.641105,-45.149170,False,0.006309,c20,-2.582073,x49,-3.565876
rand_n50_m50_d5_s42,RC_asym_cb,0.5,50,50,-34.784885,-23.839157,4.830477,1.034547,68.5,13.9,3.0,11.124876,-45.909761,False,0.483278,c17,-39.029973,x21,-3.812242
rand_n50_m50_d5_s42,RC_small,0.05,50,50,2.453351,-2.383916,4.830477,0.103455,97.2,196.9,4.2,93.357187,-90.903836,False,0.039401,c17,-3.902998,x21,-3.812242
rand_n50_m50_d5_s123,RC_small,0.05,50,50,-6.058320,-4.779498,-0.926705,-0.382120,78.9,15.3,6.3,-7.824468,1.766148,False,0.004952,c38,-4.224340,x7,-3.142007
rand_n50_m50_d5_s42,RC_asym_cb,0.5,50,50,40.969000,60.389620,-1.210110,0.766917,147.4,3.0,1.9,2654.407511,-2613.438511,False,0.463214,c20,22.345310,x49,2.914467
rand_n50_m50_d5_s123,RC_medium,0.2,50,50,-40.854093,-29.918690,-14.593687,-2.727585,73.2,35.7,6.7,-160.833027,119.978933,False,0.156309,c42,-34.180384,x16,-15.843270
rand_n50_m50_d5_s42,RC_asym_cb,0.5,50,50,-88.076101,-61.750469,-6.006890,-2.472163,70.1,6.8,2.8,-3617.437613,3529.361512,False,0.202627,c20,-25.820722,x49,-3.565876
rand_n50_m50_d5_s123,RC_small,0.05,50,50,12.080828,8.691338,3.817169,-0.404441,71.9,31.6,3.3,16.484086,-4.403258,False,0.001923,c42,9.834667,x16,-3.925621
rand_n50_m50_d5_s123,RC_small,0.05,50,50,-11.031291,-7.479671,-3.648399,-0.170474,67.8,33.1,1.5,-39.012464,27.981173,False,0.024227,c42,-8.545095,x16,-3.960812
rand_n50_m50_d5_s123,RC_large,0.5,50,50,-80.741706,-47.794982,-9.266932,-38.212014,59.2,11.5,47.3,-100.214257,19.472551,False,0.179984,c38,-42.243408,x7,-31.419995
rand_n50_m50_d5_s123,RC_large,0.5,50,50,80.192177,86.913390,38.171316,-40.444501,108.4,47.6,50.4,116.461088,-36.268911,False,0.055467,c42,98.346658,x16,-39.256276
rand_n50_m50_d5_s123,RC_asym_bc,0.05,50,50,-2.472905,-4.779498,-9.266932,-3.821201,193.3,374.7,154.5,99.589447,-102.062352,False,6.225361,c38,-4.224340,x7,-31.419995
rand_n50_m50_d5_s123,RC_asym_bc,0.05,50,50,-19.573293,-7.479671,-36.484119,-1.704739,38.2,186.4,8.7,-137.156650,117.583358,False,1.333206,c42,-8.545095,x16,-39.608188
rand_n50_m50_d5_s123,RC_asym_bc,0.05,50,50,51.463190,8.691338,38.171316,-4.044449,16.9,74.2,7.9,-102.936005,154.399194,False,0.167984,c42,9.834667,x16,-39.256276
rand_n50_m50_d5_s123,RC_asym_cb,0.5,50,50,-52.491322,-47.794982,-0.926705,-3.821199,91.1,1.8,7.3,-191.710272,139.218951,False,0.000982,c38,-42.243408,x7,-3.142007
rand_n50_m50_d5_s123,RC_asym_cb,0.5,50,50,-92.821278,-74.796725,-3.648399,-1.704744,80.6,3.9,1.8,-316.703789,223.882511,False,0.136514,c42,-85.450961,x16,-3.960812
rand_n50_m50_d5_s123,RC_large,0.5,50,50,-101.453240,-74.796725,-36.484119,-17.047390,73.7,36.0,16.8,-414.892955,313.439715,False,0.264900,c42,-85.450961,x16,-39.608188
rand_n50_m50_d5_s123,RC_medium,0.2,50,50,-27.705777,-19.117993,-3.706780,-6.113927,69.0,13.4,22.1,-34.284797,6.579020,False,0.044501,c38,-16.897363,x7,-12.568009
rand_n50_m50_d5_s123,RC_asym_cb,0.5,50,50,42.262668,86.913390,3.817169,-4.044415,205.7,9.0,9.6,236.607606,-194.344938,False,1.051128,c42,98.346658,x16,-3.925621
rand_n50_m50_d5_s123,RC_medium,0.2,50,50,45.731114,34.765356,15.268479,-6.471118,76.0,33.4,14.2,64.209142,-18.478029,False,0.047416,c42,39.338664,x16,-15.702506
rand_n50_m50_d5_s456,RC_small,0.05,50,50,-17.991525,-15.216670,-2.739927,-0.051428,84.6,15.2,0.3,-73.659917,55.668392,False,0.000917,c15,-2.593441,x20,3.227646
rand_n50_m50_d5_s456,RC_small,0.05,50,50,9.948107,8.040258,2.077553,-0.207376,80.8,20.9,2.1,40.995662,-31.047555,False,0.003787,c38,2.465051,x25,-3.035433
rand_n50_m50_d5_s456,RC_medium,0.2,50,50,-80.933505,-60.866684,-10.959757,-0.822855,75.2,13.5,1.0,-299.186881,218.253376,False,0.102358,c15,-10.373768,x20,12.910562
rand_n50_m50_d5_s456,RC_medium,0.2,50,50,41.093624,32.161035,8.310183,-3.318090,78.3,20.2,8.1,160.992430,-119.898807,False,0.095891,c38,9.860201,x25,-12.141758
rand_n50_m50_d5_s456,RC_medium,0.2,50,50,-18.814156,-20.308486,5.476970,-11.611213,107.9,29.1,61.7,-46.703804,27.889649,False,0.405470,c45,-8.079733,x40,16.172691
rand_n50_m50_d5_s456,RC_large,0.5,50,50,105.512903,80.402578,20.775359,-20.738006,76.2,19.7,19.7,395.063269,-289.550367,False,0.237629,c38,24.650502,x25,-30.354383
rand_n50_m50_d5_s456,RC_asym_bc,0.05,50,50,35.801187,8.040258,20.775359,-2.073801,22.5,58.0,5.8,39.955052,-4.153865,False,0.253047,c38,2.465051,x25,-30.354383
rand_n50_m50_d5_s456,RC_asym_bc,0.05,50,50,21.194356,-5.077120,13.692395,-7.257015,24.0,64.6,34.2,93.102928,-71.908572,False,0.935914,c45,-2.019933,x40,40.431715
rand_n50_m50_d5_s456,RC_small,0.05,50,50,-3.790002,-5.077120,1.369236,-0.725703,134.0,36.1,19.1,-7.982455,4.192452,False,0.169811,c45,-2.019933,x40,4.043167
rand_n50_m50_d5_s456,RC_asym_cb,0.5,50,50,72.100536,80.402578,2.077553,-2.073764,111.5,2.9,2.9,392.324236,-320.223700,False,0.115198,c38,24.650502,x25,-3.035433
rand_n50_m50_d5_s456,RC_asym_cb,0.5,50,50,-233.983715,-152.166708,-2.739927,-0.514281,65.0,1.2,0.2,-659.151482,425.167767,False,0.335762,c15,-25.934420,x20,3.227646
rand_n50_m50_d5_s456,RC_large,0.5,50,50,-94.187166,-50.771216,13.692395,-72.570135,53.9,14.5,77.0,-163.060441,68.873275,False,0.164160,c45,-20.199333,x40,40.431715
rand_n50_m50_d5_s456,RC_asym_cb,0.5,50,50,-104.834910,-50.771216,1.369236,-7.257026,48.4,1.3,6.9,-256.977516,152.142607,False,0.459541,c45,-20.199333,x40,4.043167
rand_n50_m50_d5_s456,RC_asym_bc,0.05,50,50,-29.789405,-15.216670,-27.399371,-0.514279,51.1,92.0,1.7,-206.548982,176.759577,False,0.447841,c15,-2.593441,x20,32.276415
rand_n50_m50_d5_s456,RC_large,0.5,50,50,-240.884579,-152.166708,-27.399371,-5.142771,63.2,11.4,2.1,-789.592039,548.707460,False,0.233206,c15,-25.934420,x20,32.276415
rand_n50_m50_d5_s789,RC_medium,0.2,50,50,18.176594,14.717660,11.185975,8.211055,81.0,61.5,45.2,,,False,0.876847,c12,21.579069,x6,16.518557
rand_n50_m50_d5_s789,RC_small,0.05,50,50,-1.936653,-3.903706,1.229197,-0.147563,201.6,63.5,7.6,,,False,0.457191,c31,-2.549950,x40,4.900597
rand_n50_m50_d5_s789,RC_medium,0.2,50,50,-2.174083,-10.399426,4.329335,0.752316,478.3,199.1,34.6,,,False,1.445985,c31,-14.526372,x42,15.726890
rand_n50_m50_d5_s789,RC_large,0.5,50,50,26.350172,36.794150,27.964889,51.319098,139.6,106.1,194.8,,,False,3.405214,c12,53.947671,x6,41.296405
rand_n50_m50_d5_s789,RC_medium,0.2,50,50,-1.597248,-15.614823,4.916818,-2.360998,977.6,307.8,147.8,,,False,7.175939,c31,-10.199796,x40,19.602361
rand_n50_m50_d5_s789,RC_large,0.5,50,50,9.640117,-39.037057,12.292083,-14.756197,404.9,127.5,153.1,,,False,5.305048,c31,-25.499491,x40,49.005915
rand_n50_m50_d5_s789,RC_small,0.05,50,50,6.870702,3.679416,2.796472,0.513192,53.6,40.7,7.5,,,False,0.017229,c12,5.394768,x6,4.129645
rand_n50_m50_d5_s789,RC_large,0.5,50,50,-1.942787,-25.998566,10.823362,4.701971,1338.2,557.1,242.0,,,False,4.390829,c31,-36.315930,x42,39.317224
rand_n50_m50_d5_s789,RC_asym_bc,0.05,50,50,23.851906,-2.599859,10.823362,0.470194,10.9,45.4,2.0,,,False,0.635514,c31,-3.631593,x42,39.317224
rand_n50_m50_d5_s789,RC_asym_bc,0.05,50,50,42.583820,3.679416,27.964889,5.131912,8.6,65.7,12.1,,,False,0.136381,c12,5.394768,x6,41.296405
rand_n50_m50_d5_s789,RC_asym_cb,0.5,50,50,-25.861202,-25.998566,1.082321,0.470194,100.5,4.2,1.8,,,False,0.054721,c31,-36.315930,x42,3.931712
rand_n50_m50_d5_s789,RC_small,0.05,50,50,-1.374718,-2.599859,1.082321,0.047019,189.1,78.7,3.4,,,False,0.069688,c31,-3.631593,x42,3.931712
rand_n50_m50_d5_s789,RC_asym_cb,0.5,50,50,-44.048689,-39.037057,1.229197,-1.475633,88.6,2.8,3.4,,,False,0.108180,c31,-25.499491,x40,4.900597
rand_n50_m50_d5_s789,RC_asym_bc,0.05,50,50,43.135396,-3.903706,12.292083,-1.475619,9.0,28.5,3.4,,,False,0.839743,c31,-2.549950,x40,49.005915
rand_n50_m50_d5_s1024,RC_small,0.05,50,50,6.356567,-1.263511,7.688795,-0.068718,19.9,121.0,1.1,-21.501575,27.858142,True,0.000000,c42,-2.393326,x36,2.348591
rand_n50_m50_d5_s1024,RC_small,0.05,50,50,-2.455262,-3.230632,0.413879,0.290040,131.6,16.9,11.8,10.168494,-12.623756,False,0.029101,c42,2.754512,x33,4.920211
rand_n50_m50_d5_s1024,RC_small,0.05,50,50,6.851758,4.291082,2.665160,0.258307,62.6,38.9,3.8,24.411904,-17.560146,False,0.052949,c35,6.129308,x39,3.459689
rand_n50_m50_d5_s789,RC_asym_cb,0.5,50,50,-2.267392,36.794150,2.796472,5.131916,1622.8,123.3,226.3,,,False,20.724221,c12,53.947671,x6,4.129645
rand_n50_m50_d5_s1024,RC_medium,0.2,50,50,2.072306,-12.922524,1.655464,4.640650,623.6,79.9,223.9,28.973132,-26.900826,False,4.197602,c42,11.018045,x33,19.680903
rand_n50_m50_d5_s1024,RC_medium,0.2,50,50,20.420895,17.164324,10.660767,4.132897,84.1,52.2,20.2,91.634155,-71.213260,False,0.564965,c35,24.517233,x39,13.838729
rand_n50_m50_d5_s1024,RC_large,0.5,50,50,23.743887,-32.306306,4.138545,29.004027,136.1,17.4,122.2,61.881271,-38.137383,False,0.964780,c42,27.545114,x33,49.202228
rand_n50_m50_d5_s1024,RC_medium,0.2,50,50,24.241534,-5.054037,30.755028,-1.099456,20.8,126.9,4.5,-86.714749,110.956282,False,0.014851,c42,-9.573306,x36,9.394344
rand_n50_m50_d5_s1024,RC_asym_bc,0.05,50,50,36.395825,4.291082,26.651925,2.583063,11.8,73.2,7.1,289.212064,-252.816239,False,0.078848,c35,6.129308,x39,34.596836
rand_n50_m50_d5_s1024,RC_large,0.5,50,50,20.840233,42.910809,26.651925,25.830608,205.9,127.9,123.9,200.761047,-179.920814,False,3.577364,c35,61.293085,x39,34.596836
rand_n50_m50_d5_s1024,RC_asym_bc,0.05,50,50,86.455226,-1.263511,76.887528,-0.687160,1.5,88.9,0.8,-188.059334,274.514560,False,0.133229,c42,-2.393326,x36,23.485849
rand_n50_m50_d5_s1024,RC_asym_cb,0.5,50,50,-2.754607,42.910809,2.665160,2.583065,1557.8,96.8,93.8,-61.064499,58.309892,False,18.483085,c35,61.293085,x39,3.459689
rand_n50_m50_d5_s1024,RC_large,0.5,50,50,66.060880,-12.635097,76.887528,-6.871587,19.1,116.4,10.4,-214.248556,280.309436,False,0.131394,c42,-23.933263,x36,23.485849
rand_n50_m50_d5_s1024,RC_asym_bc,0.05,50,50,56.226306,-3.230632,4.138545,2.900404,5.7,7.4,5.2,-183.834065,240.060371,False,0.932268,c42,2.754512,x33,49.202228
rand_n50_m50_d5_s1024,RC_asym_cb,0.5,50,50,-41.331469,-32.306306,0.413879,2.900399,78.2,1.0,7.0,252.686936,-294.018405,False,0.298548,c42,27.545114,x33,4.920211
rand_n50_m50_d8_s42,RC_small,0.05,50,50,2.770804,8.722757,-6.034317,0.085591,314.8,217.8,3.1,12.741244,-9.970440,False,0.001165,c33,4.779443,x26,-5.633436
rand_n50_m50_d8_s42,RC_medium,0.2,50,50,-33.903332,-29.970923,1.918933,2.570250,88.4,5.7,7.6,-10.111980,-23.791352,False,0.248400,c33,-23.205567,x49,-14.263522
rand_n50_m50_d8_s42,RC_small,0.05,50,50,-6.852357,-7.492731,0.479734,0.160640,109.3,7.0,2.3,2.228476,-9.080832,True,0.000000,c33,-5.801392,x49,-3.565876
rand_n50_m50_d8_s42,RC_small,0.05,50,50,-4.069093,-6.630783,2.644189,-0.082498,163.0,65.0,2.0,-9.665594,5.596501,True,0.000000,c17,-1.745544,x36,3.904420
rand_n50_m50_d8_s42,RC_medium,0.2,50,50,-17.349059,-26.523134,10.576728,-1.319931,152.9,61.0,7.6,-42.479317,25.130258,False,0.004768,c17,-6.982179,x36,15.617702
rand_n50_m50_d8_s42,RC_large,0.5,50,50,-120.842173,-74.927308,4.797358,16.064031,62.0,4.0,13.3,-52.972597,-67.869576,False,0.552591,c33,-58.013916,x49,-35.658815
rand_n50_m50_d5_s1024,RC_asym_cb,0.5,50,50,-20.490576,-12.635097,7.688795,-0.687178,61.7,37.5,3.4,-50.917196,30.426620,False,0.725070,c42,-23.933263,x36,2.348591
rand_n50_m50_d8_s42,RC_medium,0.2,50,50,11.028278,34.891034,-24.137219,1.369489,316.4,218.9,12.4,47.656976,-36.628698,False,0.099293,c33,19.117775,x26,-22.533743
rand_n50_m50_d8_s42,RC_asym_bc,0.05,50,50,1.950172,-7.492731,4.797358,1.606403,384.2,246.0,82.4,225.221383,-223.271212,False,1.558397,c33,-5.801392,x49,-35.658815
rand_n50_m50_d8_s42,RC_asym_bc,0.05,50,50,-28.508310,8.722757,-60.343037,0.855928,30.6,211.7,3.0,-76.106849,47.598539,False,0.780686,c33,4.779443,x26,-56.334383
rand_n50_m50_d8_s42,RC_asym_cb,0.5,50,50,-65.049633,-66.307834,2.644189,-0.824981,101.9,4.1,1.3,-196.108227,131.058594,False,0.008624,c17,-17.455447,x36,3.904420
rand_n50_m50_d8_s42,RC_asym_cb,0.5,50,50,-131.586596,-74.927308,0.479734,1.606401,56.9,0.4,1.2,-276.936452,145.349856,False,0.446439,c33,-58.013916,x49,-3.565876
rand_n50_m50_d8_s42,RC_large,0.5,50,50,-48.025601,-66.307834,26.441833,-8.249623,138.1,55.1,17.2,-118.247024,70.221424,False,0.001874,c17,-17.455447,x36,39.044244
rand_n50_m50_d8_s42,RC_large,0.5,50,50,44.602939,87.227581,-60.343037,8.559283,195.6,135.3,19.2,122.934087,-78.331147,False,0.205348,c33,47.794436,x26,-56.334383
rand_n50_m50_d8_s42,RC_asym_bc,0.05,50,50,23.030362,-6.630783,26.441833,-0.824962,28.8,114.8,3.6,73.233320,-50.202958,False,0.175606,c17,-1.745544,x36,39.044244
rand_n50_m50_d8_s123,RC_small,0.05,50,50,-7.413277,-4.564248,-1.952213,-0.435748,61.6,26.3,5.9,-4.855462,-2.557815,False,0.062195,c38,-2.024452,x39,3.894979
rand_n50_m50_d8_s42,RC_asym_cb,0.5,50,50,67.371843,87.227581,-6.034317,0.855910,129.5,9.0,1.3,207.527075,-140.155232,False,0.217856,c33,47.794436,x26,-5.633436
rand_n50_m50_d8_s123,RC_medium,0.2,50,50,21.037973,14.970933,14.068680,-4.859476,71.2,66.9,23.1,25.624606,-4.586633,False,0.149357,c42,26.932991,x16,-15.702506
rand_n50_m50_d8_s123,RC_large,0.5,50,50,-69.079346,-45.642466,-19.522120,-43.574625,66.1,28.3,63.1,-46.673241,-22.406105,False,0.574120,c38,-20.244513,x39,38.949710
rand_n50_m50_d8_s123,RC_medium,0.2,50,50,-32.540104,-18.256987,-7.808840,-6.971934,56.1,24.0,21.4,-21.079520,-11.460584,False,0.015294,c38,-8.097805,x39,15.579896
rand_n50_m50_d8_s123,RC_large,0.5,50,50,-72.607845,-43.866644,-26.600545,28.865493,60.4,36.6,39.8,-33.921903,-38.685942,False,0.427036,c42,-58.503510,x16,-39.608188
rand_n50_m50_d8_s123,RC_small,0.05,50,50,6.828709,3.742734,3.517216,-0.303716,54.8,51.5,4.4,7.248370,-0.419661,False,0.018675,c42,6.733248,x16,-3.925621
rand_n50_m50_d8_s123,RC_large,0.5,50,50,39.101038,37.427333,35.171797,-30.371740,95.7,90.0,77.7,55.671074,-16.570036,False,0.079956,c42,67.332476,x16,-39.256276
rand_n50_m50_d8_s123,RC_medium,0.2,50,50,-27.316814,-17.546659,-10.640259,4.618485,64.2,39.0,16.9,0.362285,-27.679099,False,0.137219,c42,-23.401404,x16,-15.843270
rand_n50_m50_d8_s123,RC_asym_bc,0.05,50,50,-4.275916,-4.564248,-19.522120,-4.357462,106.7,456.6,101.9,-26.900680,22.624764,False,5.652102,c38,-2.024452,x39,38.949710
rand_n50_m50_d8_s123,RC_asym_bc,0.05,50,50,-16.872261,-4.386664,-26.600545,2.886549,26.0,157.7,17.1,85.837892,-102.710153,False,0.665495,c42,-5.850351,x16,-39.608188
rand_n50_m50_d8_s123,RC_asym_cb,0.5,50,50,-64.649677,-43.866644,-2.660047,2.886554,67.9,4.1,4.5,-118.776239,54.126562,False,0.324975,c42,-58.503510,x16,-3.960812
rand_n50_m50_d8_s123,RC_small,0.05,50,50,-6.758056,-4.386664,-2.660047,0.288655,64.9,39.4,4.3,2.061575,-8.819631,True,0.000000,c42,-5.850351,x16,-3.960812
rand_n50_m50_d8_s456,RC_small,0.05,50,50,-12.735944,-11.489013,-1.257752,-0.114125,90.2,9.9,0.9,-75.751329,63.015385,False,0.009810,c45,-3.328611,x34,-3.305289
rand_n50_m50_d8_s456,RC_small,0.05,50,50,9.183018,9.996546,-2.254293,0.142306,108.9,24.5,1.5,40.720984,-31.537966,False,0.141398,c45,5.054725,x25,-3.035433
rand_n50_m50_d8_s123,RC_asym_bc,0.05,50,50,57.079915,3.742734,35.171797,-3.037173,6.6,61.6,5.3,6.385420,50.694495,False,0.371454,c42,6.733248,x16,-39.256276
rand_n50_m50_d8_s456,RC_small,0.05,50,50,-6.135661,-7.264145,0.348441,-0.115808,118.4,5.7,1.9,-24.589283,18.453622,False,0.146007,c45,-4.442821,x20,-2.994069
rand_n50_m50_d8_s123,RC_asym_cb,0.5,50,50,-76.715475,-45.642466,-1.952213,-4.357483,59.5,2.5,5.7,-26.877406,-49.838068,False,0.322794,c38,-20.244513,x39,3.894979
rand_n50_m50_d8_s456,RC_medium,0.2,50,50,-50.619294,-45.956060,-5.030997,-1.826021,90.8,9.9,3.6,-302.843070,252.223776,False,0.043339,c45,-13.314444,x34,-13.221139
rand_n50_m50_d8_s456,RC_medium,0.2,50,50,-23.571785,-29.056582,1.393729,-1.852920,123.3,5.9,7.9,-97.871635,74.299850,False,0.252165,c45,-17.771283,x20,-11.976317
rand_n50_m50_d8_s456,RC_medium,0.2,50,50,38.697113,39.986189,-9.017236,2.276909,103.3,23.3,5.9,163.867127,-125.170014,False,0.140870,c45,20.218897,x25,-12.141758
rand_n50_m50_d8_s456,RC_large,0.5,50,50,119.220059,99.965472,-22.543173,14.230659,83.8,18.9,11.9,420.906547,-301.686488,False,0.231229,c45,50.547243,x25,-30.354383
rand_n50_m50_d8_s123,RC_asym_cb,0.5,50,50,-18.315826,37.427333,3.517216,-3.037163,204.3,19.2,16.6,52.951195,-71.267021,False,3.069652,c42,67.332476,x16,-3.925621
rand_n50_m50_d8_s456,RC_large,0.5,50,50,-57.376199,-72.641453,3.484370,-11.580735,126.6,6.1,20.2,-264.306457,206.930258,False,0.407166,c45,-44.428208,x20,-29.940771
rand_n50_m50_d8_s456,RC_asym_bc,0.05,50,50,-16.360996,-11.489013,-12.577492,-1.141269,70.2,76.9,7.0,-272.495584,256.134589,False,0.540724,c45,-3.328611,x34,-33.052856
rand_n50_m50_d8_s456,RC_asym_bc,0.05,50,50,28.673734,9.996546,-22.543173,1.423066,34.9,78.6,5.0,90.250144,-61.576410,False,1.387936,c45,5.054725,x25,-30.354383
rand_n50_m50_d8_s456,RC_asym_cb,0.5,50,50,-121.565937,-114.890144,-1.257752,-1.141245,94.5,1.0,0.9,-559.684704,438.118767,False,0.035181,c45,-33.286109,x34,-3.305289
rand_n50_m50_d8_s456,RC_large,0.5,50,50,-114.910668,-114.890144,-12.577492,-11.412680,100.0,10.9,9.9,-751.288799,636.378131,False,0.208594,c45,-33.286109,x34,-33.052856
rand_n50_m50_d8_s456,RC_asym_bc,0.05,50,50,24.084575,-7.264145,3.484370,-1.158073,30.2,14.5,4.8,138.600400,-114.515825,False,1.205021,c45,-4.442821,x20,-29.940771
rand_n50_m50_d8_s456,RC_asym_cb,0.5,50,50,-86.554294,-72.641453,0.348441,-1.158084,83.9,0.4,1.3,-426.975070,340.420776,False,0.151387,c45,-44.428208,x20,-2.994069
rand_n50_m50_d8_s456,RC_asym_cb,0.5,50,50,95.755556,99.965472,-2.254293,1.423061,104.4,2.4,1.5,369.390494,-273.634938,False,0.035284,c45,50.547243,x25,-3.035433
rand_n50_m50_d8_s789,RC_medium,0.2,50,50,-13.518271,4.284424,-8.548068,-14.037241,31.7,63.2,103.8,43.381246,-56.899517,False,0.353789,c39,7.437280,x28,-19.617885
rand_n50_m50_d8_s789,RC_small,0.05,50,50,-2.900950,1.071105,-2.137028,-0.877329,36.9,73.7,30.2,11.486907,-14.387857,False,0.330132,c39,1.859320,x28,-4.904478
rand_n50_m50_d8_s789,RC_small,0.05,50,50,-11.058761,-3.730110,-7.343971,0.036971,33.7,66.4,0.3,-23.735107,12.676345,False,0.001958,c31,-3.926583,x26,-4.291563
rand_n50_m50_d8_s789,RC_medium,0.2,50,50,-46.643147,-14.920429,-29.375886,0.591544,32.0,63.0,1.3,-97.564814,50.921667,False,0.062997,c31,-15.706332,x26,-17.166225
rand_n50_m50_d8_s789,RC_small,0.05,50,50,-7.133534,-5.970993,-1.475139,-0.214359,83.7,20.7,3.0,2.650250,-9.783784,False,0.073870,c31,-5.592170,x42,3.931712
rand_n50_m50_d8_s789,RC_large,0.5,50,50,-81.260797,-37.301072,-73.439684,3.697121,45.9,90.4,4.5,-283.788405,202.527608,False,0.317285,c31,-39.265829,x26,-42.915548
rand_n50_m50_d8_s789,RC_large,0.5,50,50,-62.483190,-59.709916,-14.751167,-21.435957,95.6,23.6,34.3,11.079748,-73.562938,False,0.534765,c31,-55.921709,x42,39.317224
rand_n50_m50_d8_s789,RC_large,0.5,50,50,-20.700786,10.711066,-21.370168,-87.732751,51.7,103.2,423.8,109.676107,-130.376893,False,3.753049,c39,18.593201,x28,-49.044676
rand_n50_m50_d8_s789,RC_medium,0.2,50,50,-27.558792,-23.883966,-5.900452,-3.429760,86.7,21.4,12.4,7.997223,-35.556015,False,0.205212,c31,-22.368683,x42,15.726890
rand_n50_m50_d8_s789,RC_asym_cb,0.5,50,50,-24.043997,10.711066,-2.137028,-8.773295,44.5,8.9,36.5,122.281621,-146.325619,False,0.991713,c39,18.593201,x28,-4.904478
rand_n50_m50_d8_s789,RC_asym_bc,0.05,50,50,6.895741,1.071105,-21.370168,-8.773274,15.5,309.9,127.2,2.108132,4.787609,False,5.215984,c39,1.859320,x28,-49.044676
rand_n50_m50_d8_s789,RC_asym_bc,0.05,50,50,-4.873341,-5.970993,-14.751167,-2.143593,122.5,302.7,44.0,164.336042,-169.209383,False,3.692007,c31,-5.592170,x42,39.317224
rand_n50_m50_d8_s789,RC_asym_cb,0.5,50,50,-64.787944,-59.709916,-1.475139,-2.143594,92.2,2.3,3.3,-150.628325,85.840381,False,0.022524,c31,-55.921709,x42,3.931712
rand_n50_m50_d8_s789,RC_asym_bc,0.05,50,50,-35.009256,-3.730110,-73.439684,0.369711,10.7,209.8,1.1,-182.955755,147.946499,False,1.193708,c31,-3.926583,x26,-42.915548
rand_n50_m50_d8_s1024,RC_small,0.05,50,50,10.451162,2.242804,9.025468,0.107336,21.5,86.4,1.0,-773.832845,784.284007,False,0.088454,c48,1.522218,x42,2.342207
rand_n50_m50_d8_s789,RC_asym_cb,0.5,50,50,-58.786370,-37.301072,-7.343971,0.369715,63.5,12.5,0.6,-125.305791,66.519420,False,0.246844,c31,-39.265829,x26,-4.291563
rand_n50_m50_d8_s1024,RC_small,0.05,50,50,-4.325112,0.816932,-5.682863,0.208356,18.9,131.4,4.8,676.057783,-680.382895,False,0.076868,c30,-4.772819,x23,-2.654922
rand_n50_m50_d8_s1024,RC_medium,0.2,50,50,-4.776143,-22.819176,21.333922,0.140885,477.8,446.7,2.9,-2335.572937,2330.796794,False,0.718524,c9,-17.403180,x33,19.680903
rand_n50_m50_d8_s1024,RC_medium,0.2,50,50,42.192763,8.971211,36.101648,1.717350,21.3,85.6,4.1,-3095.122152,3137.314916,False,0.108963,c48,6.088874,x42,9.368805
rand_n50_m50_d8_s1024,RC_small,0.05,50,50,-1.113195,-5.704793,5.333494,0.008805,512.5,479.1,0.8,-583.854879,582.741685,False,0.674365,c9,-4.350794,x33,4.920211
rand_n50_m50_d8_s1024,RC_asym_bc,0.05,50,50,2.760781,0.816932,-56.828469,2.083560,29.6,2058.4,75.5,3477.542294,-3474.781512,False,20.533591,c30,-4.772819,x23,-26.549148
rand_n50_m50_d8_s1024,RC_large,0.5,50,50,9.617415,8.169317,-56.828469,20.835588,84.9,590.9,216.6,6786.994300,-6777.376884,False,3.893040,c30,-47.728195,x23,-26.549148
rand_n50_m50_d8_s1024,RC_medium,0.2,50,50,-8.522083,3.267726,-22.731391,3.333693,38.3,266.7,39.1,2708.615980,-2717.138063,False,0.892726,c30,-19.091278,x23,-10.619664
rand_n50_m50_d8_s1024,RC_large,0.5,50,50,-1.000973,-57.047937,53.334740,0.880535,5699.2,5328.3,88.0,-5833.463734,5832.462760,False,1.829908,c9,-43.507949,x33,49.202228
rand_n50_m50_d8_s1024,RC_asym_bc,0.05,50,50,97.338585,2.242804,90.254112,1.073344,2.3,92.7,1.1,-6831.537539,6928.876124,False,0.038714,c48,1.522218,x42,23.422024
rand_n50_m50_d8_s1024,RC_large,0.5,50,50,112.786103,22.428031,90.254112,10.733435,19.9,80.0,9.5,-7734.160105,7846.946207,False,0.094245,c48,15.222186,x42,23.422024
rand_n50_m50_d8_s1024,RC_asym_cb,0.5,50,50,19.689963,22.428031,9.025468,1.073357,113.9,45.8,5.5,-1679.559769,1699.249732,False,0.651951,c48,15.222186,x42,2.342207
rand_n50_m50_d8_s1024,RC_asym_bc,0.05,50,50,70.187111,-5.704793,53.334740,0.088054,8.1,76.0,0.1,-2910.347296,2980.534407,False,0.320132,c9,-4.350794,x33,49.202228
rand_n50_m50_d8_s1024,RC_asym_cb,0.5,50,50,-2.337085,8.169317,-5.682863,2.083557,349.6,243.2,89.2,3983.075486,-3985.412571,False,2.955432,c30,-47.728195,x23,-2.654922
rand_n50_m100_d3_s42,RC_small,0.05,50,100,-5.053988,0.773217,-3.925496,-0.342780,15.3,77.7,6.8,-7.970700,2.916712,False,0.308455,c12,5.924746,x12,-2.650252
rand_n50_m100_d3_s42,RC_medium,0.2,50,100,-52.930599,3.092866,-15.701955,-5.484509,5.8,29.7,10.4,-53.610331,0.679732,False,0.658164,c12,23.698979,x12,-10.601007
rand_n50_m100_d3_s42,RC_small,0.05,50,100,-7.353478,-4.136220,-2.367643,0.224252,56.2,32.2,3.0,-3.627155,-3.726323,False,0.146035,c31,-3.252436,x48,-3.286501
rand_n50_m50_d8_s1024,RC_asym_cb,0.5,50,50,-71.052943,-57.047937,5.333494,0.088045,80.3,7.5,0.1,-3506.347149,3435.294206,False,0.273409,c9,-43.507949,x33,4.920211
rand_n50_m100_d3_s42,RC_medium,0.2,50,100,-36.164075,-16.544885,-9.470617,3.587991,45.7,26.2,9.9,-26.271907,-9.892168,False,0.379840,c31,-13.009745,x48,-13.146022
rand_n50_m100_d3_s42,RC_small,0.05,50,100,-3.841924,-0.823915,-0.155335,-0.768878,21.4,4.0,20.0,-9.001023,5.159099,False,0.544986,c32,5.330164,x12,2.936383
rand_n50_m100_d3_s42,RC_large,0.5,50,100,-314.338705,7.732171,-39.254905,-34.278142,2.5,12.5,10.9,-256.272376,-58.066329,False,0.790669,c12,59.247449,x12,-26.502517
rand_n50_m100_d3_s42,RC_medium,0.2,50,100,-40.923853,-3.295664,-0.621306,-12.302061,8.1,1.5,30.1,-57.081131,16.157278,False,0.603678,c32,21.320662,x12,11.745516
rand_n50_m100_d3_s42,RC_asym_bc,0.05,50,100,-4.960049,-0.823915,-1.553285,-7.688788,16.6,31.3,155.0,-22.842081,17.882033,False,1.029413,c32,5.330164,x12,29.363782
rand_n50_m100_d3_s42,RC_large,0.5,50,100,-137.076914,-41.362226,-23.676505,22.424922,30.2,17.3,16.4,-124.634062,-12.442851,False,0.689125,c31,-32.524362,x48,-32.865063
rand_n50_m100_d3_s42,RC_asym_cb,0.5,50,100,-275.277884,7.732171,-3.925496,-3.427805,2.8,1.4,1.2,-243.898310,-31.379574,False,1.001376,c12,59.247449,x12,-2.650252
rand_n50_m100_d3_s42,RC_large,0.5,50,100,-197.953467,-8.239145,-1.553285,-76.887897,4.2,0.8,38.8,-240.757236,42.803769,False,0.562118,c32,53.301654,x12,29.363782
rand_n50_m100_d3_s42,RC_asym_cb,0.5,50,100,-144.628796,-41.362226,-2.367643,2.242518,28.6,1.6,1.6,-142.207783,-2.421013,False,0.713146,c31,-32.524362,x48,-3.286501
rand_n50_m100_d3_s42,RC_asym_bc,0.05,50,100,-23.520567,-4.136220,-23.676505,2.242491,17.6,100.7,9.5,2.087080,-25.607647,False,0.087144,c31,-3.252436,x48,-32.865063
rand_n50_m100_d3_s42,RC_asym_bc,0.05,50,100,-35.186013,0.773217,-39.254905,-3.427813,2.2,111.6,9.7,-15.880369,-19.305644,False,0.191084,c12,5.924746,x12,-26.502517
rand_n50_m100_d3_s42,RC_asym_cb,0.5,50,100,-204.012373,-8.239145,-0.155335,-7.688783,4.0,0.1,3.8,-230.504693,26.492320,False,0.921165,c32,53.301654,x12,2.936383
rand_n50_m100_d3_s123,RC_small,0.05,50,100,4.572365,6.685841,-0.132515,0.480416,146.2,2.9,10.5,4.419551,0.152814,False,0.538316,c78,-4.497211,x16,1.811834
rand_n50_m100_d3_s123,RC_small,0.05,50,100,-18.033706,-16.465778,0.024975,0.030689,91.3,0.1,0.2,-17.937779,-0.095927,False,0.090031,c68,3.831485,x16,1.965640
rand_n50_m100_d3_s123,RC_medium,0.2,50,100,-49.477011,-23.426220,-3.662586,-0.703000,47.3,7.4,1.4,-47.522567,-1.954444,False,0.438289,c78,-14.402734,x7,6.740305
rand_n50_m100_d3_s123,RC_medium,0.2,50,100,6.189536,26.743366,-0.529970,7.686674,432.1,8.6,124.2,1.740872,4.448664,False,4.476997,c78,-17.988844,x16,7.247334
rand_n50_m100_d3_s123,RC_small,0.05,50,100,-9.706808,-5.856557,-0.915673,-0.043937,60.3,9.4,0.5,-8.711289,-0.995519,False,0.297795,c78,-3.600683,x7,1.685073
rand_n50_m100_d3_s123,RC_large,0.5,50,100,-94.498996,66.858417,-1.324938,48.041759,70.8,1.4,50.8,-119.926109,25.427113,False,2.201867,c78,-44.972112,x16,18.118349
rand_n50_m100_d3_s123,RC_large,0.5,50,100,-275.450238,-58.565562,-9.156459,-4.393771,21.3,3.3,1.6,-282.913907,7.463669,False,0.738189,c78,-36.006838,x7,16.850757
rand_n50_m100_d3_s123,RC_asym_bc,0.05,50,100,-4.137304,-16.465778,0.249701,0.306898,398.0,6.0,7.4,-20.150137,16.012834,False,2.845301,c68,3.831485,x16,19.656378
rand_n50_m100_d3_s123,RC_asym_bc,0.05,50,100,20.809835,6.685841,-1.324938,4.804175,32.1,6.4,23.1,-4.134616,24.944451,False,0.511525,c78,-4.497211,x16,18.118349
rand_n50_m100_d3_s123,RC_asym_bc,0.05,50,100,-1.590157,-5.856557,-9.156459,-0.439379,368.3,575.8,27.6,-14.262999,12.672842,False,8.717525,c78,-3.600683,x7,16.850757
rand_n50_m100_d3_s123,RC_medium,0.2,50,100,-95.677646,-65.863100,0.099880,0.491030,68.8,0.1,0.5,-95.147975,-0.529672,False,0.317791,c68,15.325941,x16,7.862549
rand_n50_m100_d3_s456,RC_small,0.05,50,100,0.281925,-5.587477,5.312714,0.079997,1981.9,1884.4,28.4,-15.327607,15.609532,False,1.690843,c73,-2.980585,x28,4.229716
rand_n50_m100_d3_s456,RC_small,0.05,50,100,8.804929,3.365794,7.211463,0.156974,38.2,81.9,1.8,-4.163678,12.968608,False,0.219116,c45,3.412457,x20,4.441516
rand_n50_m100_d3_s123,RC_asym_cb,0.5,50,100,-272.875925,-58.565562,-0.915673,-0.439370,21.5,0.3,0.2,-272.016716,-0.859210,False,0.780411,c78,-36.006838,x7,1.685073
rand_n50_m100_d3_s456,RC_medium,0.2,50,100,6.653654,-22.349923,21.250786,1.279974,335.9,319.4,19.2,-60.299461,66.953115,False,0.972821,c73,-11.922341,x28,16.918916
rand_n50_m100_d3_s123,RC_asym_cb,0.5,50,100,-122.892930,66.858417,-0.132515,4.804157,54.4,0.1,3.9,-117.450174,-5.442756,False,1.582052,c78,-44.972112,x16,1.811834
rand_n50_m100_d3_s456,RC_large,0.5,50,100,74.534522,33.657911,72.115038,15.697313,45.2,96.8,21.1,-66.133184,140.667707,False,0.629718,c45,34.124567,x20,44.415121
rand_n50_m100_d3_s456,RC_medium,0.2,50,100,31.728472,13.463164,28.845991,2.511562,42.4,90.9,7.9,-19.033576,50.762049,False,0.412634,c45,13.649826,x20,17.766044
rand_n50_m100_d3_s456,RC_medium,0.2,50,100,-54.648364,-25.675922,-24.761683,-0.802066,47.0,45.3,1.5,-35.497906,-19.150458,False,0.062375,c26,-13.393885,x28,-9.844712
rand_n50_m100_d3_s456,RC_asym_bc,0.05,50,100,74.402123,-5.587477,53.127050,0.799979,7.5,71.4,1.1,-56.263965,130.666088,False,0.350293,c73,-2.980585,x28,42.297290
rand_n50_m100_d3_s456,RC_small,0.05,50,100,-12.837185,-6.418980,-6.190424,-0.050129,50.0,48.2,0.4,-6.630323,-6.206862,False,0.013839,c26,-3.348470,x28,-2.461171
rand_n50_m100_d3_s456,RC_large,0.5,50,100,-154.472789,-64.189803,-61.904220,-5.012918,41.6,40.1,3.2,-144.656909,-9.815880,False,0.151262,c26,-33.484711,x28,-24.611792
rand_n50_m100_d3_s456,RC_asym_bc,0.05,50,100,-54.557159,-6.418980,-61.904220,-0.501292,11.8,113.5,0.9,17.362647,-71.919805,False,0.261512,c26,-3.348470,x28,-24.611792
rand_n50_m100_d3_s456,RC_large,0.5,50,100,-24.541995,-55.874808,53.127050,7.999784,227.7,216.5,32.6,-183.598907,159.056912,False,1.214002,c73,-29.805852,x28,42.297290
rand_n50_m100_d3_s456,RC_asym_bc,0.05,50,100,79.323427,3.365794,72.115038,1.569734,4.2,90.9,2.0,-29.241907,108.565334,False,0.028653,c45,3.412457,x20,44.415121
rand_n50_m100_d3_s456,RC_asym_cb,0.5,50,100,-90.899891,-55.874808,5.312714,0.799970,61.5,5.8,0.9,-138.781398,47.881508,False,0.452561,c73,-29.805852,x28,4.229716
rand_n50_m100_d3_s456,RC_asym_cb,0.5,50,100,5.083507,33.657911,7.211463,1.569741,662.1,141.9,30.9,-40.521214,45.604721,False,7.348394,c45,34.124567,x20,4.441516
rand_n50_m100_d3_s456,RC_asym_cb,0.5,50,100,-117.734562,-64.189803,-6.190424,-0.501291,54.5,5.3,0.4,-171.140751,53.406190,False,0.397955,c26,-33.484711,x28,-2.461171
rand_n50_m100_d3_s789,RC_medium,0.2,50,100,12.609186,35.340053,-11.487652,-0.370672,280.3,91.1,2.9,21.241279,-8.632093,False,0.862272,c86,25.220540,x48,-10.299733
rand_n50_m100_d3_s789,RC_small,0.05,50,100,5.737227,8.835014,-2.871906,-0.023167,154.0,50.1,0.4,7.548726,-1.811499,False,0.035333,c86,6.305136,x48,-2.574936
rand_n50_m100_d3_s789,RC_small,0.05,50,100,-24.689756,-22.027587,-2.970581,0.333439,89.2,12.0,1.4,-22.534001,-2.155755,False,0.001014,c59,-5.248477,x29,-3.587665
rand_n50_m100_d3_s789,RC_medium,0.2,50,100,-109.338132,-88.110353,-11.882392,5.335028,80.6,10.9,4.9,-104.189352,-5.148780,False,0.134266,c59,-20.993906,x29,-14.350674
rand_n50_m100_d3_s789,RC_small,0.05,50,100,0.469047,5.085840,-3.811329,-0.805463,1084.3,812.6,171.7,5.090640,-4.621592,True,0.000000,c59,5.487206,x29,3.217192
rand_n50_m100_d3_s789,RC_medium,0.2,50,100,-6.341129,20.343351,-15.245458,-12.887366,320.8,240.4,203.2,7.520884,-13.862012,False,0.228405,c59,21.948815,x29,12.868737
rand_n50_m100_d3_s789,RC_large,0.5,50,100,-82.308162,88.350130,-28.719126,-2.316687,107.3,34.9,2.8,-38.401441,-43.906721,False,1.696338,c86,63.051350,x48,-25.749327
rand_n50_m100_d3_s789,RC_large,0.5,50,100,-69.503107,50.858382,-38.113675,-80.546045,73.2,54.8,115.9,-53.182692,-16.320415,False,0.024485,c59,54.872043,x29,32.171843
rand_n50_m100_d3_s789,RC_asym_bc,0.05,50,100,-9.695983,8.835014,-28.719126,-0.231668,91.1,296.2,2.4,-3.733968,-5.962015,False,1.074651,c86,6.305136,x48,-25.749327
rand_n50_m100_d3_s789,RC_asym_bc,0.05,50,100,-18.551814,5.085840,-38.113675,-8.054604,27.4,205.4,43.4,0.042792,-18.594606,False,1.214470,c59,5.487206,x29,32.171843
rand_n50_m100_d3_s789,RC_asym_bc,0.05,50,100,-39.358306,-22.027587,-29.706036,3.334396,56.0,75.5,8.5,-17.252793,-22.105513,False,0.229708,c59,-5.248477,x29,-35.876693
rand_n50_m100_d3_s789,RC_asym_cb,0.5,50,100,-41.246406,88.350130,-2.871906,-0.231669,214.2,7.0,0.6,-14.304474,-26.941932,False,3.066763,c86,63.051350,x48,-2.574936
rand_n50_m100_d3_s789,RC_asym_cb,0.5,50,100,-42.607704,50.858382,-3.811329,-8.054629,119.4,8.9,18.9,-44.197574,1.589869,False,1.915150,c59,54.872043,x29,3.217192
rand_n50_m100_d3_s1024,RC_small,0.05,50,100,-23.292928,-20.894109,-2.393370,-0.394292,89.7,10.3,1.7,-23.778563,0.485635,False,0.016694,c59,-5.686522,x41,2.749781
rand_n50_m100_d3_s1024,RC_small,0.05,50,100,3.672238,2.704210,1.190652,1.071892,73.6,32.4,29.2,0.899383,2.772855,False,0.352514,c14,-5.898170,x41,-2.418150
rand_n50_m100_d3_s1024,RC_large,0.5,50,100,-28.750118,27.042097,11.906788,107.189421,94.1,41.4,372.8,-44.469297,15.719179,False,6.083051,c14,-58.981725,x41,-24.181462
rand_n50_m100_d3_s1024,RC_medium,0.2,50,100,-100.353371,-83.576445,-9.573418,-6.308575,83.3,9.5,6.3,-105.209682,4.856310,False,0.008918,c59,-22.746088,x41,10.999151
rand_n50_m100_d3_s1024,RC_medium,0.2,50,100,-7.408654,17.246034,-15.680337,-0.274864,232.8,211.6,3.7,12.382885,-19.791539,False,1.174233,c59,23.780694,x17,14.534048
rand_n50_m100_d3_s1024,RC_medium,0.2,50,100,7.317493,10.816839,4.762719,17.150315,147.8,65.1,234.4,-1.440540,8.758033,False,3.472826,c14,-23.592688,x41,-9.672587
rand_n50_m100_d3_s1024,RC_small,0.05,50,100,0.238402,4.311508,-3.920058,-0.017180,1808.5,1644.3,7.2,4.902349,-4.663947,False,0.569914,c59,5.945173,x17,3.633507
rand_n50_m100_d3_s1024,RC_asym_bc,0.05,50,100,-32.992658,-20.894109,-23.933493,-3.942864,63.3,72.5,12.0,-23.149931,-9.842727,False,0.478222,c59,-5.686522,x41,27.497876
rand_n50_m100_d3_s1024,RC_large,0.5,50,100,-98.517957,43.115088,-39.200784,-1.717913,43.8,39.8,1.7,-26.706532,-71.811426,False,1.022294,c59,59.451737,x17,36.335109
rand_n50_m100_d3_s1024,RC_asym_bc,0.05,50,100,28.784531,2.704210,11.906788,10.718931,9.4,41.4,37.2,9.543095,19.241436,False,0.120016,c14,-5.898170,x41,-24.181462
rand_n50_m100_d3_s1024,RC_asym_bc,0.05,50,100,-21.878167,4.311508,-39.200784,-0.171782,19.7,179.2,0.8,11.898522,-33.776689,False,0.602559,c59,5.945173,x17,36.335109
rand_n50_m100_d3_s1024,RC_asym_cb,0.5,50,100,-71.795981,43.115088,-3.920058,-0.171808,60.1,5.5,0.2,-31.400001,-40.395980,False,1.543529,c59,59.451737,x17,3.633507
rand_n50_m100_d3_s1024,RC_asym_cb,0.5,50,100,-29.324373,27.042097,1.190652,10.718931,92.2,4.1,36.6,-40.843990,11.519617,False,2.328304,c14,-58.981725,x41,-2.418150
rand_n50_m100_d5_s42,RC_small,0.05,50,100,-4.285641,-0.307363,-4.157143,0.293825,7.2,97.0,6.9,-3.624193,-0.661447,False,0.026824,c43,-3.756415,x12,-3.415272
rand_n50_m100_d5_s42,RC_small,0.05,50,100,-21.843778,-16.509410,-5.421918,0.108049,75.6,24.8,0.5,-19.001987,-2.841790,False,0.000938,c31,-10.894678,x48,-3.286501
rand_n50_m100_d5_s42,RC_medium,0.2,50,100,-30.374996,-1.229446,-16.628537,4.701178,4.0,54.7,15.5,-22.358356,-8.016640,False,0.566854,c43,-15.025658,x12,-13.661089
rand_n50_m100_d5_s42,RC_medium,0.2,50,100,-87.320343,-78.839209,-5.313948,8.194296,90.3,6.1,9.4,-105.841136,18.520793,False,0.130113,c31,-30.599106,x12,15.135972
rand_n50_m100_d5_s42,RC_small,0.05,50,100,-20.739279,-19.709798,-1.328496,0.512145,95.0,6.4,2.5,-24.923353,4.184074,False,0.010277,c31,-7.649778,x12,3.783998
rand_n50_m100_d5_s42,RC_medium,0.2,50,100,-85.414859,-66.037612,-21.687691,1.728790,77.3,25.4,2.0,-78.504044,-6.910815,False,0.006810,c31,-43.578716,x48,-13.146022
rand_n50_m100_d5_s42,RC_large,0.5,50,100,-230.020778,-3.073613,-41.571356,29.382389,1.3,18.1,12.8,-198.560205,-31.460573,False,0.933647,c43,-37.564147,x12,-34.152723
rand_n50_m100_d5_s42,RC_large,0.5,50,100,-211.953481,-165.094027,-54.219181,10.804924,77.9,25.6,5.1,-205.515267,-6.438214,False,0.016254,c31,-108.946788,x48,-32.865063
rand_n50_m100_d5_s42,RC_asym_bc,0.05,50,100,-51.025538,-16.509410,-54.219181,1.080489,32.4,106.3,2.1,-34.959382,-16.066156,False,0.364966,c31,-10.894678,x48,-32.865063
rand_n50_m100_d5_s42,RC_large,0.5,50,100,-317.870390,-197.098018,-13.284894,51.214356,62.0,4.2,16.1,-373.750416,55.880026,False,0.499266,c31,-76.497768,x12,37.839920
rand_n50_m100_d5_s42,RC_asym_bc,0.05,50,100,-34.419149,-0.307363,-41.571356,2.938238,0.9,120.8,8.5,-12.438280,-21.980869,False,0.131361,c43,-3.756415,x12,-34.152723
rand_n50_m100_d5_s123,RC_small,0.05,50,100,1.539963,0.597967,0.669105,0.624328,38.8,43.4,40.5,-4.029955,5.569918,False,0.228211,c54,3.342766,x10,-2.425867
rand_n50_m100_d5_s42,RC_asym_cb,0.5,50,100,-205.636671,-3.073613,-4.157143,2.938253,1.5,2.0,1.4,-192.620819,-13.015852,False,0.979126,c43,-37.564147,x12,-3.415272
rand_n50_m100_d5_s42,RC_asym_bc,0.05,50,100,-23.734585,-19.709798,-13.284894,5.121435,83.0,56.0,21.6,-15.892164,-7.842421,False,0.174373,c31,-7.649778,x12,37.839920
rand_n50_m100_d5_s42,RC_asym_cb,0.5,50,100,-217.839160,-165.094027,-5.421918,1.080489,75.8,2.5,0.5,-207.091592,-10.747568,False,0.222199,c31,-108.946788,x48,-3.286501
rand_n50_m100_d5_s123,RC_small,0.05,50,100,-16.244125,-15.602354,3.471497,0.751288,96.0,21.4,4.6,-26.698524,10.454399,False,0.299466,c95,-4.009968,x10,2.814624
rand_n50_m100_d5_s123,RC_small,0.05,50,100,-2.043380,3.059101,-2.650219,-0.143719,149.7,129.7,7.0,1.213389,-3.256769,False,1.129767,c45,2.706743,x48,-2.487968
rand_n50_m100_d5_s42,RC_asym_cb,0.5,50,100,-330.493113,-197.098018,-1.328496,5.121455,59.6,0.4,1.5,-390.590620,60.097506,False,0.415101,c31,-76.497768,x12,3.783998
rand_n50_m100_d5_s123,RC_medium,0.2,50,100,10.958627,2.391870,2.676535,9.989274,21.8,24.4,91.2,-17.197614,28.156241,False,0.374048,c54,13.371061,x10,-9.703483
rand_n50_m100_d5_s123,RC_medium,0.2,50,100,-20.436973,12.236396,-10.600745,-2.299506,59.9,51.9,11.3,-10.154533,-10.282440,False,0.967517,c45,10.826971,x48,-9.951885
rand_n50_m100_d5_s123,RC_large,0.5,50,100,-94.625559,5.979674,6.691305,62.433054,6.3,7.1,66.0,-182.605888,87.980329,False,1.793697,c54,33.427651,x10,-24.258715
rand_n50_m100_d5_s123,RC_large,0.5,50,100,-158.427691,30.590995,-26.501827,-14.371927,19.3,16.7,9.1,-105.279561,-53.148130,False,0.935095,c45,27.067426,x48,-24.879708
rand_n50_m100_d5_s123,RC_medium,0.2,50,100,-84.488548,-62.409413,13.885976,12.020652,73.9,16.4,14.2,-128.387626,43.899078,False,0.567956,c95,-16.039875,x10,11.258508
rand_n50_m100_d5_s123,RC_asym_bc,0.05,50,100,-19.072452,3.059101,-26.501827,-1.437194,16.0,139.0,7.5,12.420538,-31.492990,False,0.304495,c45,2.706743,x48,-24.879708
rand_n50_m100_d5_s123,RC_asym_bc,0.05,50,100,39.772040,-15.602354,34.714960,7.512915,39.2,87.3,18.9,-29.300448,69.072489,False,0.330547,c95,-4.009968,x10,28.146264
rand_n50_m100_d5_s123,RC_asym_cb,0.5,50,100,-129.172211,5.979674,0.669105,6.243283,4.6,0.5,4.8,-174.196909,45.024698,False,1.099805,c54,33.427651,x10,-2.425867
rand_n50_m100_d5_s123,RC_asym_bc,0.05,50,100,31.492975,0.597967,6.691305,6.243304,1.9,21.2,19.8,-14.735755,46.228730,False,0.570299,c54,3.342766,x10,-24.258715
rand_n50_m100_d5_s123,RC_asym_cb,0.5,50,100,-157.747046,30.590995,-2.650219,-1.437190,19.4,1.7,0.9,-124.660923,-33.086123,False,1.168013,c45,27.067426,x48,-2.487968
rand_n50_m100_d5_s456,RC_small,0.05,50,100,11.878104,5.878850,5.541555,0.153559,49.5,46.7,1.3,8.994862,2.883242,False,0.025605,c52,2.891680,x20,2.921229
rand_n50_m100_d5_s456,RC_small,0.05,50,100,2.487109,-3.788359,6.864673,-0.360291,152.3,276.0,14.5,0.639917,1.847192,False,0.092040,c41,-2.912288,x28,4.229716
rand_n50_m100_d5_s456,RC_medium,0.2,50,100,-52.757431,-13.218261,-11.848900,3.494742,25.1,22.5,6.6,-35.843675,-16.913756,False,0.591102,c23,-12.513624,x28,-9.844712
rand_n50_m100_d5_s456,RC_small,0.05,50,100,-7.023582,-3.304565,-2.962232,0.218422,47.0,42.2,3.1,-3.994096,-3.029486,False,0.138847,c23,-3.128406,x28,-2.461171
rand_n50_m100_d5_s456,RC_large,0.5,50,100,-106.682743,-37.883560,68.646566,-36.028946,35.5,64.3,33.8,-127.441182,20.758439,False,0.950639,c41,-29.122890,x28,42.297290
rand_n50_m100_d5_s456,RC_medium,0.2,50,100,48.357666,23.515394,22.166374,2.456966,48.6,45.8,5.1,25.924372,22.433294,False,0.004527,c52,11.566719,x20,11.684900
rand_n50_m100_d5_s456,RC_medium,0.2,50,100,-5.382558,-15.153425,27.458598,-5.764640,281.5,510.1,107.1,-15.074262,9.691704,False,2.215135,c41,-11.649157,x28,16.918916
rand_n50_m100_d5_s456,RC_large,0.5,50,100,108.934574,58.788487,55.415973,15.356039,54.0,50.9,14.1,28.834085,80.100489,False,0.189342,c52,28.916799,x20,29.212257
rand_n50_m100_d5_s456,RC_asym_bc,0.05,50,100,70.374641,5.878850,55.415973,1.535606,8.4,78.7,2.2,8.094374,62.280267,False,0.107201,c52,2.891680,x20,29.212257
rand_n50_m100_d5_s456,RC_asym_bc,0.05,50,100,-29.327565,-3.304565,-29.622274,2.184214,11.3,101.0,7.4,-1.864889,-27.462676,False,0.048250,c23,-3.128406,x28,-24.611792
rand_n50_m100_d5_s456,RC_asym_bc,0.05,50,100,62.702172,-3.788359,68.646566,-3.602896,6.0,109.5,5.7,-0.023899,62.726071,False,0.023075,c41,-2.912288,x28,42.297290
rand_n50_m100_d5_s456,RC_asym_cb,0.5,50,100,41.402743,58.788487,5.541555,1.535593,142.0,13.4,3.7,25.216927,16.185816,False,0.590852,c52,28.916799,x20,2.921229
rand_n50_m100_d5_s456,RC_asym_cb,0.5,50,100,-109.264254,-37.883560,6.864673,-3.602908,34.7,6.3,3.3,-97.960591,-11.303664,False,0.683137,c41,-29.122890,x28,4.229716
rand_n50_m100_d5_s789,RC_small,0.05,50,100,-6.525969,0.810834,-4.024179,1.787217,12.4,61.7,27.4,-11.957708,5.431739,False,0.781469,c56,3.608272,x29,-2.960477
rand_n50_m100_d5_s789,RC_small,0.05,50,100,-4.247578,-2.822888,0.541995,-0.394632,66.5,12.8,9.3,-6.576303,2.328725,False,0.370106,c75,-2.397573,x3,-2.516509
rand_n50_m100_d5_s789,RC_small,0.05,50,100,-12.169166,-1.603502,-9.139296,-1.491858,13.2,75.1,12.3,-7.962992,-4.206174,False,0.005382,c93,2.697377,x13,-3.105467
rand_n50_m100_d5_s789,RC_medium,0.2,50,100,-64.686059,3.243344,-16.096768,28.595398,5.0,24.9,44.2,-74.817204,10.131145,False,1.243360,c56,14.433093,x29,-11.841921
rand_n50_m100_d5_s789,RC_medium,0.2,50,100,-40.455202,-11.291548,2.167940,-6.314164,27.9,5.4,15.6,-45.226351,4.771149,False,0.618398,c75,-9.590291,x3,-10.066035
rand_n50_m100_d5_s789,RC_medium,0.2,50,100,-69.746844,-6.414003,-36.557327,-23.869755,9.2,52.4,34.2,-45.859881,-23.886964,False,0.041662,c93,10.789512,x13,-12.421885
rand_n50_m100_d5_s789,RC_large,0.5,50,100,-333.285138,8.108359,-40.241948,178.721224,2.4,12.1,53.6,-343.745795,10.460656,False,1.439826,c56,36.082731,x29,-29.604808
rand_n50_m100_d5_s789,RC_asym_bc,0.05,50,100,-29.158780,0.810834,-40.241948,17.872115,2.8,138.0,61.3,-24.527579,-4.631201,False,0.260634,c56,3.608272,x29,-29.604808
rand_n50_m100_d5_s789,RC_asym_cb,0.5,50,100,-322.154532,8.108359,-4.024179,17.872175,2.5,1.2,5.5,-336.927026,14.772494,False,1.068155,c56,36.082731,x29,-2.960477
rand_n50_m100_d5_s789,RC_large,0.5,50,100,-201.774135,-16.035004,-91.393332,-149.185855,7.9,45.3,73.9,-155.262941,-46.511194,False,0.271789,c93,26.973778,x13,-31.054689
rand_n50_m100_d5_s789,RC_asym_bc,0.05,50,100,-2.678809,-2.822888,5.419835,-3.946350,105.4,202.3,147.3,-7.625669,4.946860,False,0.496267,c75,-2.397573,x3,-25.165073
rand_n50_m100_d5_s789,RC_asym_cb,0.5,50,100,-148.890277,-16.035004,-9.139296,-14.918574,10.8,6.1,10.0,-156.669269,7.778993,False,0.730722,c93,26.973778,x13,-3.105467
rand_n50_m100_d5_s789,RC_asym_bc,0.05,50,100,-73.062680,-1.603502,-91.393332,-14.918588,2.2,125.1,20.4,-10.561491,-62.501189,False,0.477025,c93,2.697377,x13,-31.054689
rand_n50_m100_d5_s1024,RC_small,0.05,50,100,-2.722825,-2.869946,-0.073181,-0.597307,105.4,2.7,21.9,-2.140917,-0.581908,False,0.300280,c51,-4.635931,x48,-3.881387
rand_n50_m100_d5_s1024,RC_medium,0.2,50,100,-101.694028,-50.708526,-7.633913,-0.536133,49.9,7.5,0.5,-93.249688,-8.444340,False,0.421022,c51,22.953359,x41,10.999151
rand_n50_m100_d5_s1024,RC_medium,0.2,50,100,-11.894881,15.331366,-14.470578,12.285917,128.9,121.7,103.3,25.470886,-37.365767,False,2.105241,c51,-23.906931,x17,11.988847
rand_n50_m100_d5_s1024,RC_small,0.05,50,100,0.920898,3.832841,-3.617620,0.767872,416.2,392.8,83.4,10.862301,-9.941403,False,0.067538,c51,-5.976731,x17,2.997208
rand_n50_m100_d5_s1024,RC_small,0.05,50,100,-17.770789,-12.677131,-1.908483,-0.033509,71.3,10.7,0.2,-17.343220,-0.427569,False,0.177351,c51,5.738341,x41,2.749781
rand_n50_m100_d5_s1024,RC_large,0.5,50,100,-97.110170,-28.699436,-0.731554,-59.730434,29.6,0.8,61.5,-91.484090,-5.626080,False,0.081853,c51,-46.359307,x48,-38.813769
rand_n50_m100_d5_s1024,RC_large,0.5,50,100,-129.775030,38.328414,-36.176404,76.786994,29.5,27.9,59.2,-20.842991,-108.932039,False,1.608276,c51,-59.767327,x17,29.972110
rand_n50_m100_d5_s1024,RC_asym_bc,0.05,50,100,-37.505685,-12.677131,-19.084742,-0.335075,33.8,50.9,0.9,-19.211719,-18.293965,False,0.144211,c51,5.738341,x41,27.497876
rand_n50_m100_d5_s1024,RC_asym_cb,0.5,50,100,-85.461205,-28.699436,-0.073181,-5.973067,33.6,0.1,7.0,-86.964524,1.503319,False,0.593433,c51,-46.359307,x48,-3.881387
rand_n50_m100_d5_s1024,RC_medium,0.2,50,100,-15.968821,-11.479778,-0.292621,-9.556822,71.9,1.8,59.8,-16.347654,0.378833,False,0.335679,c51,-18.543722,x48,-15.525508
rand_n50_m100_d5_s1024,RC_asym_bc,0.05,50,100,-22.232772,3.832841,-36.176404,7.678700,17.2,162.7,34.5,22.243693,-44.476464,False,0.109392,c51,-5.976731,x17,29.972110
rand_n50_m100_d5_s1024,RC_asym_bc,0.05,50,100,6.389659,-2.869946,-0.731554,-5.973045,44.9,11.4,93.5,3.720242,2.669417,False,2.498444,c51,-4.635931,x48,-38.813769
rand_n50_m100_d5_s1024,RC_asym_cb,0.5,50,100,-111.960117,38.328414,-3.617620,7.678719,34.2,3.2,6.9,-34.893761,-77.066356,False,1.378613,c51,-59.767327,x17,2.997208
rand_n50_m100_d8_s42,RC_small,0.05,50,100,-3.328046,1.250239,-4.412142,0.245523,37.6,132.6,7.4,0.387875,-3.715920,False,0.123696,c91,-2.532397,x49,-1.477502
rand_n50_m100_d8_s42,RC_small,0.05,50,100,4.702795,8.500761,-2.407153,-0.280976,180.8,51.2,6.0,8.674651,-3.971856,False,0.235995,c32,2.386947,x25,-2.001716
rand_n50_m100_d8_s42,RC_small,0.05,50,100,-7.495836,-5.823490,-1.010574,-0.286548,77.7,13.5,3.8,-5.464966,-2.030870,False,0.050058,c17,-2.849098,x48,-2.502861
rand_n50_m100_d8_s42,RC_medium,0.2,50,100,-21.744470,5.000950,-17.648555,3.928343,23.0,81.2,18.1,-4.709880,-17.034590,False,0.599012,c91,-10.129591,x49,-5.909995
rand_n50_m100_d8_s42,RC_large,0.5,50,100,-31.236312,85.007611,-24.071573,-28.097554,272.1,77.1,90.0,5.040794,-36.277106,False,2.051292,c32,23.869476,x25,-20.017168
rand_n50_m100_d8_s42,RC_medium,0.2,50,100,4.388237,34.003048,-9.628626,-4.495605,774.9,219.4,102.4,25.277586,-20.889349,False,3.530023,c32,9.547790,x25,-8.006864
rand_n50_m100_d8_s42,RC_medium,0.2,50,100,-32.952007,-23.293974,-4.042320,-4.584761,70.7,12.3,13.9,-26.586095,-6.365912,False,0.031286,c17,-11.396396,x48,-10.011458
rand_n50_m100_d8_s42,RC_large,0.5,50,100,-99.475803,-58.234932,-10.105745,-28.654756,58.5,10.2,28.8,-100.458263,0.982460,False,0.024934,c17,-28.490989,x48,-25.028651
rand_n50_m100_d8_s42,RC_asym_bc,0.05,50,100,-11.098940,8.500761,-24.071573,-2.809757,76.6,216.9,25.3,16.220388,-27.319328,False,0.656065,c32,2.386947,x25,-20.017168
rand_n50_m100_d8_s42,RC_asym_bc,0.05,50,100,-27.179327,1.250239,-44.121416,2.455216,4.6,162.3,9.0,5.003458,-32.182785,False,0.487011,c91,-2.532397,x49,-14.774996
rand_n50_m100_d8_s42,RC_asym_bc,0.05,50,100,-6.436367,-5.823490,-10.105745,-2.865475,90.5,157.0,44.5,-8.384066,1.947699,False,1.920081,c17,-2.849098,x48,-25.028651
rand_n50_m100_d8_s123,RC_small,0.05,50,100,-12.063299,-12.684574,0.715365,0.045790,105.2,5.9,0.4,-15.955491,3.892192,False,0.011596,c41,-4.612606,x10,-2.425867
rand_n50_m100_d8_s42,RC_asym_cb,0.5,50,100,-103.576339,-58.234932,-1.010574,-2.865478,56.2,1.0,2.8,-99.059696,-4.516643,False,0.400336,c17,-28.490989,x48,-2.502861
rand_n50_m100_d8_s42,RC_asym_cb,0.5,50,100,-19.291490,85.007611,-2.407153,-2.809758,440.6,12.5,14.6,-4.433400,-14.858090,False,5.136057,c32,23.869476,x25,-2.001716
rand_n50_m100_d8_s123,RC_small,0.05,50,100,7.221054,9.886027,-1.838622,-0.482776,136.9,25.5,6.7,8.988917,-1.767863,False,0.047580,c45,5.306531,x48,-2.322795
rand_n50_m100_d8_s123,RC_small,0.05,50,100,-17.122125,-22.169565,5.084277,0.004896,129.5,29.7,0.0,-29.711040,12.588916,False,0.002437,c45,-4.664144,x10,2.814624
rand_n50_m100_d8_s123,RC_medium,0.2,50,100,-49.687933,-50.738299,2.861581,0.732618,102.1,5.8,1.5,-68.907805,19.219872,False,0.051196,c41,-18.450424,x10,-9.703483
rand_n50_m100_d8_s123,RC_large,0.5,50,100,-224.293626,-126.845741,7.153898,4.578861,56.6,3.2,2.0,-251.052155,26.758529,False,0.486776,c41,-46.126062,x10,-24.258715
rand_n50_m100_d8_s123,RC_medium,0.2,50,100,24.429584,39.544108,-7.354339,-7.724380,161.9,30.1,31.6,29.285580,-4.855996,False,0.001466,c45,21.226125,x48,-9.291190
rand_n50_m100_d8_s123,RC_medium,0.2,50,100,-110.885230,-88.678265,20.337108,0.078330,80.0,18.3,0.1,-157.997205,47.111975,False,0.384383,c45,-18.656582,x10,11.258508
rand_n50_m100_d8_s123,RC_asym_bc,0.05,50,100,5.424300,-12.684574,7.153898,0.457887,233.8,131.9,8.4,-12.594430,18.018731,False,1.935197,c41,-4.612606,x10,-24.258715
rand_n50_m100_d8_s123,RC_asym_bc,0.05,50,100,15.507010,9.886027,-18.385822,-4.827738,63.8,118.6,31.1,5.937376,9.569634,False,1.859452,c45,5.306531,x48,-23.227970
rand_n50_m100_d8_s123,RC_large,0.5,50,100,-46.399387,98.860270,-18.385822,-48.277343,213.1,39.6,104.0,-6.670761,-39.728626,False,1.693912,c45,53.065312,x48,-23.227970
rand_n50_m100_d8_s123,RC_asym_cb,0.5,50,100,-217.167214,-126.845741,0.715365,0.457895,58.4,0.3,0.2,-242.106210,24.938996,False,0.421310,c41,-46.126062,x10,-2.425867
rand_n50_m100_d8_s123,RC_asym_bc,0.05,50,100,35.261317,-22.169565,50.842826,0.048958,62.9,144.2,0.1,-52.644195,87.905511,False,0.185447,c45,-4.664144,x10,28.146264
rand_n50_m100_d8_s456,RC_small,0.05,50,100,2.225495,1.487174,1.850941,-0.009239,66.8,83.2,0.4,0.188647,2.036847,False,0.495791,c52,3.687474,x28,1.902214
rand_n50_m100_d8_s123,RC_asym_cb,0.5,50,100,-36.827696,98.860270,-1.838622,-4.827751,268.4,5.0,13.1,5.309603,-42.137299,False,3.503385,c45,53.065312,x48,-2.322795
rand_n50_m100_d8_s456,RC_small,0.05,50,100,4.119656,3.166623,1.172641,0.042559,76.9,28.5,1.0,6.726663,-2.607007,False,0.063638,c52,4.373790,x34,1.781131
rand_n50_m100_d8_s456,RC_medium,0.2,50,100,-27.195255,2.172334,-11.294576,-3.109086,8.0,41.5,11.4,-19.527342,-7.667913,False,0.550240,c93,10.783022,x16,6.723734
rand_n50_m100_d8_s456,RC_small,0.05,50,100,-2.490979,0.543085,-2.823659,-0.194319,21.8,113.4,7.8,-1.129289,-1.361690,False,0.006458,c93,2.695756,x16,1.680934
rand_n50_m100_d8_s456,RC_medium,0.2,50,100,12.280651,12.666489,4.690664,0.680952,103.1,38.2,5.5,4.696702,7.583949,False,0.468823,c52,17.495159,x34,7.124512
rand_n50_m100_d8_s456,RC_medium,0.2,50,100,-13.589783,5.948694,7.403689,-0.147846,43.8,54.5,1.1,-24.081695,10.491911,False,1.971652,c52,14.749895,x28,7.608879
rand_n50_m100_d8_s456,RC_large,0.5,50,100,-172.385775,5.430843,-28.236446,-19.431837,3.2,16.4,11.3,-143.536400,-28.849375,False,0.754983,c93,26.957555,x16,16.809326
rand_n50_m100_d8_s456,RC_large,0.5,50,100,-117.054003,14.871735,18.509295,-0.924012,12.7,15.8,0.8,-154.355613,37.301610,False,1.277282,c52,36.874736,x28,19.022198
rand_n50_m100_d8_s456,RC_large,0.5,50,100,-7.410756,31.666221,11.726720,4.255959,427.3,158.2,57.4,-52.379423,44.968667,False,7.429695,c52,43.737896,x34,17.811286
rand_n50_m100_d8_s456,RC_asym_bc,0.05,50,100,-21.316481,0.543085,-28.236446,-1.943185,2.5,132.5,9.1,3.705731,-25.022212,False,0.390311,c93,2.695756,x16,16.809326
rand_n50_m100_d8_s456,RC_asym_bc,0.05,50,100,34.121210,1.487174,18.509295,-0.092401,4.4,54.2,0.3,11.897289,22.223921,False,0.416666,c52,3.687474,x28,19.022198
rand_n50_m100_d8_s456,RC_asym_cb,0.5,50,100,-42.977597,31.666221,1.172641,0.425589,73.7,2.7,1.0,-52.740055,9.762458,False,1.773995,c52,43.737896,x34,1.781131
rand_n50_m100_d8_s456,RC_asym_bc,0.05,50,100,38.492776,3.166623,11.726720,0.425595,8.2,30.5,1.1,6.490435,32.002341,False,0.602031,c52,4.373790,x34,17.811286
rand_n50_m100_d8_s456,RC_asym_cb,0.5,50,100,-129.867689,5.430843,-2.823659,-1.943190,4.2,2.2,1.5,-136.525128,6.657438,False,1.005113,c93,26.957555,x16,1.680934
rand_n50_m100_d8_s456,RC_asym_cb,0.5,50,100,-150.920582,14.871735,1.850941,-0.092391,9.9,1.2,0.1,-167.049687,16.129104,False,1.110192,c52,36.874736,x28,1.902214
rand_n50_m100_d8_s789,RC_small,0.05,50,100,-10.042457,-3.787930,-5.466509,-0.059208,37.7,54.4,0.6,-6.726216,-3.316242,False,0.072573,c28,2.051557,x10,2.532088
rand_n50_m100_d8_s789,RC_medium,0.2,50,100,-37.743068,-14.386396,-5.790452,2.234677,38.1,15.3,5.9,-35.402020,-2.341047,False,0.524623,c86,19.214986,x3,-7.579685
rand_n50_m100_d8_s789,RC_small,0.05,50,100,-5.573876,-3.596601,-1.447605,0.139669,64.5,26.0,2.5,-3.995494,-1.578382,False,0.120085,c86,4.803747,x3,-1.894921
rand_n50_m100_d8_s789,RC_small,0.05,50,100,-9.171693,-8.084449,-0.868489,0.463317,88.1,9.5,5.1,-8.983095,-0.188599,False,0.074367,c11,-5.238380,x10,-2.182365
rand_n50_m100_d8_s789,RC_medium,0.2,50,100,-49.996123,-32.337812,-3.474044,7.413061,64.7,6.9,14.8,-51.824015,1.827892,False,0.431980,c11,-20.953516,x10,-8.729434
rand_n50_m100_d8_s789,RC_large,0.5,50,100,-218.614790,-80.844523,-8.685123,46.331656,37.0,4.0,21.2,-212.974999,-5.639791,False,0.802401,c11,-52.383794,x10,-21.823585
rand_n50_m100_d8_s789,RC_medium,0.2,50,100,-66.903630,-15.151737,-21.866109,-0.947357,22.6,32.7,1.4,-46.287779,-20.615851,False,0.432539,c28,8.206230,x10,10.128364
rand_n50_m100_d8_s789,RC_large,0.5,50,100,-274.100539,-37.879335,-54.665295,-5.920965,13.8,19.9,2.2,-225.162506,-48.938034,False,0.640768,c28,20.515575,x10,25.320903
rand_n50_m100_d8_s789,RC_asym_cb,0.5,50,100,-210.959190,-80.844523,-0.868489,4.633165,38.3,0.4,2.2,-214.254967,3.295777,False,0.634622,c11,-52.383794,x10,-2.182365
rand_n50_m100_d8_s789,RC_asym_bc,0.05,50,100,-59.479296,-3.787930,-54.665295,-0.592095,6.4,91.9,1.0,-8.091804,-51.387493,False,0.007296,c28,2.051557,x10,25.320903
rand_n50_m100_d8_s789,RC_asym_bc,0.05,50,100,-13.213236,-8.084449,-8.685123,4.633166,61.2,65.7,35.1,-5.896098,-7.317138,False,0.081496,c11,-5.238380,x10,-21.823585
rand_n50_m100_d8_s789,RC_asym_bc,0.05,50,100,-10.660640,-3.596601,-14.476142,1.396675,33.7,135.8,13.1,-2.750657,-7.909983,False,0.564265,c86,4.803747,x3,-18.949201
rand_n50_m100_d8_s789,RC_asym_cb,0.5,50,100,-215.519343,-37.879335,-5.466509,-0.592085,17.6,2.5,0.3,-219.224739,3.705396,False,0.796130,c28,20.515575,x10,2.532088
rand_n50_m100_d8_s1024,RC_small,0.05,50,100,-4.865464,1.913694,-5.395899,0.058868,39.3,110.9,1.2,-0.426937,-4.438527,False,0.296401,c54,4.517562,x41,2.749781
rand_n50_m100_d8_s1024,RC_small,0.05,50,100,5.971481,2.951981,3.066230,0.180445,49.4,51.3,3.0,3.764516,2.206965,False,0.038043,c25,1.649550,x43,2.540953
rand_n50_m100_d8_s1024,RC_medium,0.2,50,100,-18.825523,5.653007,-20.410503,7.039914,30.0,108.4,37.4,17.900891,-36.726414,False,0.590047,c90,20.635056,x11,-10.287265
rand_n50_m100_d8_s1024,RC_small,0.05,50,100,-3.866790,1.413252,-5.102612,0.439992,36.5,132.0,11.4,8.513271,-12.380061,False,0.159673,c90,5.158765,x11,-2.571820
rand_n50_m100_d8_s1024,RC_medium,0.2,50,100,-56.748613,7.654762,-21.583539,0.941928,13.5,38.0,1.7,-28.731202,-28.017411,False,0.771151,c54,18.070244,x41,10.999151
rand_n50_m100_d8_s1024,RC_medium,0.2,50,100,20.663466,11.807925,12.265017,2.887148,57.1,59.4,14.0,9.447470,11.215996,False,0.304723,c25,6.598203,x43,10.163826
rand_n50_m100_d8_s1024,RC_large,0.5,50,100,-397.414619,19.136913,-53.958799,5.887066,4.8,13.6,1.5,-244.975990,-152.438628,False,0.927192,c54,45.175609,x41,27.497876
rand_n50_m100_d8_s1024,RC_large,0.5,50,100,28.314370,29.519814,30.662516,18.044662,104.3,108.3,63.7,-36.741901,65.056272,False,1.762802,c25,16.495507,x43,25.409558
rand_n50_m100_d8_s1024,RC_large,0.5,50,100,-82.163011,14.132526,-51.026232,43.999464,17.2,62.1,53.6,-35.309387,-46.853625,False,1.086484,c90,51.587643,x11,-25.718156
rand_n50_m100_d8_s1024,RC_asym_bc,0.05,50,100,-42.123026,1.913694,-53.958799,0.588706,4.5,128.1,1.4,-2.263985,-39.859041,False,0.221574,c54,4.517562,x41,27.497876
rand_n50_m100_d8_s1024,RC_asym_bc,0.05,50,100,36.503774,2.951981,30.662516,1.804465,8.1,84.0,4.9,-13.315804,49.819577,False,0.029718,c25,1.649550,x43,25.409558
rand_n50_m100_d8_s1024,RC_asym_bc,0.05,50,100,-41.247481,1.413252,-51.026232,4.399947,3.4,123.7,10.7,0.908797,-42.156278,False,0.096140,c90,5.158765,x11,-25.718156
rand_n50_m100_d8_s1024,RC_asym_cb,0.5,50,100,-9.701699,29.519814,3.066230,1.804453,304.3,31.6,18.6,-23.403470,13.701772,False,4.544791,c25,16.495507,x43,2.540953
rand_n50_m100_d8_s1024,RC_asym_cb,0.5,50,100,-397.210128,19.136913,-5.395899,0.588683,4.8,1.4,0.1,-261.665478,-135.544650,False,1.036076,c54,45.175609,x41,2.749781
rand_n50_m100_d8_s1024,RC_asym_cb,0.5,50,100,-54.576606,14.132526,-5.102612,4.399921,25.9,9.3,8.1,-32.602055,-21.974550,False,1.246073,c90,51.587643,x11,-2.571820
