base_instance,perturbation,change_type,n_vars,n_cons,cold_time,cold_iters,rule_method,rule_time,rule_iters,always_dual_time,always_dual_iters,always_primal_time,always_primal_iters,choose_time,choose_iters,rule_match,always_dual_match,always_primal_match,choose_match,cold_match
rand_n10_m10_d3_s42,R_medium,TYPE_R,10,10,0.000118,0,warm_start,0.000036,0,0.000026,0,0.000023,0,0.000026,0,True,True,True,True,True
rand_n10_m10_d3_s42,R_small,TYPE_R,10,10,0.000120,0,warm_start,0.000038,0,0.000033,0,0.000041,0,0.000028,0,True,True,True,True,True
rand_n10_m10_d3_s42,R_small,TYPE_R,10,10,0.000115,0,warm_start,0.000028,0,0.000033,0,0.000026,0,0.000025,0,True,True,True,True,True
rand_n10_m10_d3_s42,R_small,TYPE_R,10,10,0.000114,0,warm_start,0.000029,0,0.000037,0,0.000033,0,0.000029,0,True,True,True,True,True
rand_n10_m10_d3_s42,R_medium,TYPE_R,10,10,0.000131,0,warm_start,0.000028,0,0.000024,0,0.000027,0,0.000041,0,True,True,True,True,True
rand_n10_m10_d3_s42,R_medium,TYPE_R,10,10,0.000110,0,warm_start,0.000034,0,0.000026,0,0.000024,0,0.000023,0,True,True,True,True,True
rand_n10_m10_d3_s42,R_single,TYPE_R,10,10,0.000122,0,warm_start,0.000027,0,0.000024,0,0.000024,0,0.000041,0,True,True,True,True,True
rand_n10_m10_d3_s42,R_single,TYPE_R,10,10,0.000117,0,warm_start,0.000029,0,0.000029,0,0.000024,0,0.000034,0,True,True,True,True,True
rand_n10_m10_d3_s42,R_single,TYPE_R,10,10,0.000122,0,warm_start,0.000027,0,0.000030,0,0.000025,0,0.000035,0,True,True,True,True,True
rand_n10_m10_d3_s42,R_large,TYPE_R,10,10,0.000104,0,warm_start,0.000024,0,0.000034,0,0.000027,0,0.000025,0,True,True,True,True,True
rand_n10_m10_d3_s42,R_all,TYPE_R,10,10,0.000386,0,warm_start,0.000036,0,0.000026,0,0.000030,0,0.000026,0,True,True,True,True,True
rand_n10_m10_d3_s42,R_all,TYPE_R,10,10,0.000106,0,warm_start,0.000026,0,0.000022,0,0.000023,0,0.000025,0,True,True,True,True,True
rand_n10_m10_d3_s42,R_all,TYPE_R,10,10,0.000136,0,warm_start,0.000029,0,0.000025,0,0.000022,0,0.000022,0,True,True,True,True,True
rand_n10_m10_d3_s42,C_small,TYPE_C,10,10,0.000109,0,warm_start,0.000022,0,0.000027,0,0.000024,0,0.000022,0,True,True,True,True,True
rand_n10_m10_d3_s42,C_small,TYPE_C,10,10,0.000228,0,warm_start,0.000041,0,0.000026,0,0.000025,0,0.000022,0,True,True,True,True,True
rand_n10_m10_d3_s42,C_medium,TYPE_C,10,10,0.000110,0,warm_start,0.000026,0,0.000037,0,0.000028,0,0.000029,0,True,True,True,True,True
rand_n10_m10_d3_s42,C_small,TYPE_C,10,10,0.000115,0,warm_start,0.000091,0,0.000035,0,0.000026,0,0.000023,0,True,True,True,True,True
rand_n10_m10_d3_s42,R_large,TYPE_R,10,10,0.000103,0,warm_start_dual,0.000048,1,0.000168,1,0.000073,1,0.000063,1,True,True,True,True,True
rand_n10_m10_d3_s42,C_medium,TYPE_C,10,10,0.000103,0,warm_start,0.000023,0,0.000022,0,0.000021,0,0.000021,0,True,True,True,True,True
rand_n10_m10_d3_s42,C_medium,TYPE_C,10,10,0.000121,0,warm_start,0.000028,0,0.000025,0,0.000035,0,0.000031,0,True,True,True,True,True
rand_n10_m10_d3_s42,R_large,TYPE_R,10,10,0.000133,0,warm_start_dual,0.000052,1,0.000040,1,0.000042,1,0.000077,1,True,True,True,True,True
rand_n10_m10_d3_s42,C_large,TYPE_C,10,10,0.000098,0,warm_start,0.000021,0,0.000020,0,0.000023,0,0.000022,0,True,True,True,True,True
rand_n10_m10_d3_s42,C_large,TYPE_C,10,10,0.000167,0,warm_start,0.000030,0,0.000028,0,0.000025,0,0.000035,0,True,True,True,True,True
rand_n10_m10_d3_s123,R_small,TYPE_R,10,10,0.000122,2,warm_start,0.000023,0,0.000021,0,0.000020,0,0.000019,0,True,True,True,True,True
rand_n10_m10_d3_s123,R_small,TYPE_R,10,10,0.000139,2,warm_start,0.000027,0,0.000035,0,0.000028,0,0.000025,0,True,True,True,True,True
rand_n10_m10_d3_s123,R_medium,TYPE_R,10,10,0.000125,2,warm_start,0.000022,0,0.000020,0,0.000024,0,0.000022,0,True,True,True,True,True
rand_n10_m10_d3_s123,R_medium,TYPE_R,10,10,0.000124,2,warm_start,0.000025,0,0.000022,0,0.000021,0,0.000025,0,True,True,True,True,True
rand_n10_m10_d3_s123,R_small,TYPE_R,10,10,0.000197,2,warm_start,0.000041,0,0.000030,0,0.000023,0,0.000022,0,True,True,True,True,True
rand_n10_m10_d3_s42,C_large,TYPE_C,10,10,0.000356,0,warm_start,0.000103,0,0.000035,0,0.000026,0,0.000026,0,True,True,True,True,True
rand_n10_m10_d3_s123,R_large,TYPE_R,10,10,0.000133,2,warm_start,0.000022,0,0.000024,0,0.000023,0,0.000021,0,True,True,True,True,True
rand_n10_m10_d3_s123,R_large,TYPE_R,10,10,0.000142,3,warm_start_dual,0.000050,1,0.000049,1,0.000069,2,0.000047,1,True,True,True,True,True
rand_n10_m10_d3_s123,R_medium,TYPE_R,10,10,0.000132,2,warm_start_dual,0.000055,1,0.000042,1,0.000039,1,0.000180,1,True,True,True,True,True
rand_n10_m10_d3_s123,R_single,TYPE_R,10,10,0.000110,2,warm_start,0.000020,0,0.000020,0,0.000019,0,0.000019,0,True,True,True,True,True
rand_n10_m10_d3_s123,R_large,TYPE_R,10,10,0.000132,2,warm_start_dual,0.000042,1,0.000041,1,0.000059,1,0.000047,1,True,True,True,True,True
rand_n10_m10_d3_s123,R_single,TYPE_R,10,10,0.000152,2,warm_start,0.000031,0,0.000026,0,0.000029,0,0.000036,0,True,True,True,True,True
rand_n10_m10_d3_s123,R_single,TYPE_R,10,10,0.000167,2,warm_start,0.000028,0,0.000024,0,0.000022,0,0.000037,0,True,True,True,True,True
rand_n10_m10_d3_s123,R_all,TYPE_R,10,10,0.000145,2,warm_start,0.000024,0,0.000082,0,0.000038,0,0.000027,0,True,True,True,True,True
rand_n10_m10_d3_s123,C_small,TYPE_C,10,10,0.000173,2,warm_start,0.000026,0,0.000024,0,0.000022,0,0.000021,0,True,True,True,True,True
rand_n10_m10_d3_s123,R_all,TYPE_R,10,10,0.000162,2,warm_start,0.000027,0,0.000027,0,0.000022,0,0.000025,0,True,True,True,True,True
rand_n10_m10_d3_s123,R_all,TYPE_R,10,10,0.000160,2,warm_start,0.000038,0,0.000028,0,0.000024,0,0.000042,0,True,True,True,True,True
rand_n10_m10_d3_s123,C_small,TYPE_C,10,10,0.000146,2,warm_start,0.000030,0,0.000033,0,0.000026,0,0.000024,0,True,True,True,True,True
rand_n10_m10_d3_s123,C_medium,TYPE_C,10,10,0.000134,2,warm_start,0.000022,0,0.000022,0,0.000020,0,0.000025,0,True,True,True,True,True
rand_n10_m10_d3_s123,C_small,TYPE_C,10,10,0.000147,2,warm_start,0.000035,0,0.000030,0,0.000025,0,0.000037,0,True,True,True,True,True
rand_n10_m10_d3_s123,C_medium,TYPE_C,10,10,0.000142,2,warm_start,0.000023,0,0.000021,0,0.000030,0,0.000026,0,True,True,True,True,True
rand_n10_m10_d3_s123,C_medium,TYPE_C,10,10,0.000129,2,warm_start,0.000025,0,0.000022,0,0.000021,0,0.000020,0,True,True,True,True,True
rand_n10_m10_d3_s123,C_large,TYPE_C,10,10,0.000159,2,warm_start,0.000025,0,0.000023,0,0.000022,0,0.000021,0,True,True,True,True,True
rand_n10_m10_d3_s456,R_small,TYPE_R,10,10,0.000136,1,warm_start,0.000024,0,0.000022,0,0.000021,0,0.000020,0,True,True,True,True,True
rand_n10_m10_d3_s456,R_small,TYPE_R,10,10,0.000160,1,warm_start,0.000026,0,0.000023,0,0.000022,0,0.000026,0,True,True,True,True,True
rand_n10_m10_d3_s123,C_large,TYPE_C,10,10,0.000141,2,warm_start,0.000023,0,0.000026,0,0.000034,0,0.000026,0,True,True,True,True,True
rand_n10_m10_d3_s123,C_large,TYPE_C,10,10,0.000143,3,warm_start,0.000123,0,0.000034,0,0.000025,0,0.000024,0,True,True,True,True,True
rand_n10_m10_d3_s456,R_medium,TYPE_R,10,10,0.000133,1,warm_start,0.000022,0,0.000021,0,0.000023,0,0.000021,0,True,True,True,True,True
rand_n10_m10_d3_s456,R_small,TYPE_R,10,10,0.000161,1,warm_start,0.000026,0,0.000024,0,0.000023,0,0.000034,0,True,True,True,True,True
rand_n10_m10_d3_s456,R_medium,TYPE_R,10,10,0.000179,1,warm_start,0.000027,0,0.000026,0,0.000023,0,0.000021,0,True,True,True,True,True
rand_n10_m10_d3_s456,R_large,TYPE_R,10,10,0.000132,1,warm_start_dual,0.000051,1,0.000044,1,0.000040,1,0.000043,1,True,True,True,True,True
rand_n10_m10_d3_s456,R_single,TYPE_R,10,10,0.000146,1,warm_start,0.000023,0,0.000021,0,0.000021,0,0.000024,0,True,True,True,True,True
rand_n10_m10_d3_s456,R_large,TYPE_R,10,10,0.000150,1,warm_start,0.000028,0,0.000030,0,0.000035,0,0.000026,0,True,True,True,True,True
rand_n10_m10_d3_s456,R_single,TYPE_R,10,10,0.000145,1,warm_start,0.000025,0,0.000023,0,0.000026,0,0.000031,0,True,True,True,True,True
rand_n10_m10_d3_s456,R_all,TYPE_R,10,10,0.000131,1,warm_start,0.000022,0,0.000024,0,0.000022,0,0.000022,0,True,True,True,True,True
rand_n10_m10_d3_s456,R_medium,TYPE_R,10,10,0.000146,2,warm_start_dual,0.000044,1,0.000059,1,0.000049,1,0.000055,1,True,True,True,True,True
rand_n10_m10_d3_s456,R_single,TYPE_R,10,10,0.000146,1,warm_start,0.000025,0,0.000035,0,0.000025,0,0.000022,0,True,True,True,True,True
rand_n10_m10_d3_s456,R_large,TYPE_R,10,10,0.000227,1,warm_start_dual,0.000050,2,0.000051,2,0.000384,3,0.000170,2,True,True,True,True,True
rand_n10_m10_d3_s456,R_all,TYPE_R,10,10,0.000174,1,warm_start,0.000026,0,0.000024,0,0.000026,0,0.000088,0,True,True,True,True,True
rand_n10_m10_d3_s456,C_small,TYPE_C,10,10,0.000123,1,warm_start,0.000024,0,0.000021,0,0.000020,0,0.000020,0,True,True,True,True,True
rand_n10_m10_d3_s456,C_small,TYPE_C,10,10,0.000146,1,warm_start,0.000025,0,0.000022,0,0.000021,0,0.000028,0,True,True,True,True,True
rand_n10_m10_d3_s456,C_small,TYPE_C,10,10,0.000157,1,warm_start,0.000029,0,0.000037,0,0.000029,0,0.000026,0,True,True,True,True,True
rand_n10_m10_d3_s456,C_medium,TYPE_C,10,10,0.000128,1,warm_start,0.000023,0,0.000021,0,0.000025,0,0.000022,0,True,True,True,True,True
rand_n10_m10_d3_s456,R_all,TYPE_R,10,10,0.000419,1,warm_start,0.000037,0,0.000026,0,0.000022,0,0.000021,0,True,True,True,True,True
rand_n10_m10_d3_s456,C_medium,TYPE_C,10,10,0.000161,1,warm_start,0.000026,0,0.000030,0,0.000025,0,0.000023,0,True,True,True,True,True
rand_n10_m10_d3_s456,C_medium,TYPE_C,10,10,0.000134,1,warm_start,0.000023,0,0.000021,0,0.000020,0,0.000026,0,True,True,True,True,True
rand_n10_m10_d3_s456,C_large,TYPE_C,10,10,0.000132,1,warm_start,0.000025,0,0.000023,0,0.000022,0,0.000021,0,True,True,True,True,True
rand_n10_m10_d3_s456,C_large,TYPE_C,10,10,0.000133,1,warm_start,0.000028,0,0.000032,0,0.000025,0,0.000025,0,True,True,True,True,True
rand_n10_m10_d3_s789,R_small,TYPE_R,10,10,0.000131,5,warm_start,0.000025,0,0.000021,0,0.000021,0,0.000026,0,True,True,True,True,True
rand_n10_m10_d3_s456,C_large,TYPE_C,10,10,0.000143,1,warm_start,0.000021,0,0.000031,0,0.000025,0,0.000023,0,True,True,True,True,True
rand_n10_m10_d3_s789,R_small,TYPE_R,10,10,0.000161,5,warm_start,0.000025,0,0.000022,0,0.000027,0,0.000031,0,True,True,True,True,True
rand_n10_m10_d3_s789,R_medium,TYPE_R,10,10,0.000149,5,warm_start,0.000022,0,0.000030,0,0.000024,0,0.000022,0,True,True,True,True,True
rand_n10_m10_d3_s789,R_medium,TYPE_R,10,10,0.000158,5,warm_start,0.000032,0,0.000027,0,0.000024,0,0.000033,0,True,True,True,True,True
rand_n10_m10_d3_s789,R_small,TYPE_R,10,10,0.000462,5,warm_start,0.000039,0,0.000027,0,0.000023,0,0.000022,0,True,True,True,True,True
rand_n10_m10_d3_s789,R_medium,TYPE_R,10,10,0.000171,5,warm_start,0.000026,0,0.000023,0,0.000024,0,0.000022,0,True,True,True,True,True
rand_n10_m10_d3_s789,R_large,TYPE_R,10,10,0.000132,4,warm_start_dual,0.000048,1,0.000061,1,0.000045,1,0.000041,1,True,True,True,True,True
rand_n10_m10_d3_s789,R_large,TYPE_R,10,10,0.000137,5,warm_start,0.000097,0,0.000030,0,0.000027,0,0.000027,0,True,True,True,True,True
rand_n10_m10_d3_s789,R_single,TYPE_R,10,10,0.000136,5,warm_start,0.000024,0,0.000021,0,0.000022,0,0.000021,0,True,True,True,True,True
rand_n10_m10_d3_s789,R_single,TYPE_R,10,10,0.000202,5,warm_start,0.000029,0,0.000026,0,0.000031,0,0.000026,0,True,True,True,True,True
rand_n10_m10_d3_s789,R_all,TYPE_R,10,10,0.000156,5,warm_start,0.000025,0,0.000030,0,0.000025,0,0.000023,0,True,True,True,True,True
rand_n10_m10_d3_s789,R_single,TYPE_R,10,10,0.000175,6,warm_start_dual,0.000049,1,0.000042,1,0.000042,1,0.000065,1,True,True,True,True,True
rand_n10_m10_d3_s789,R_all,TYPE_R,10,10,0.000133,5,warm_start,0.000023,0,0.000022,0,0.000021,0,0.000021,0,True,True,True,True,True
rand_n10_m10_d3_s789,C_small,TYPE_C,10,10,0.000130,5,warm_start,0.000024,0,0.000022,0,0.000025,0,0.000025,0,True,True,True,True,True
rand_n10_m10_d3_s789,R_large,TYPE_R,10,10,0.000462,7,warm_start_dual,0.000057,4,0.000071,4,0.000055,4,0.000183,4,True,True,True,True,True
rand_n10_m10_d3_s789,R_all,TYPE_R,10,10,0.000154,5,warm_start,0.000023,0,0.000033,0,0.000026,0,0.000024,0,True,True,True,True,True
rand_n10_m10_d3_s789,C_small,TYPE_C,10,10,0.000150,5,warm_start,0.000024,0,0.000029,0,0.000028,0,0.000032,0,True,True,True,True,True
rand_n10_m10_d3_s789,C_small,TYPE_C,10,10,0.000139,5,warm_start,0.000025,0,0.000023,0,0.000036,0,0.000028,0,True,True,True,True,True
rand_n10_m10_d3_s789,C_medium,TYPE_C,10,10,0.000154,5,warm_start,0.000026,0,0.000053,0,0.000023,0,0.000030,0,True,True,True,True,True
rand_n10_m10_d3_s789,C_medium,TYPE_C,10,10,0.000132,5,warm_start,0.000021,0,0.000027,0,0.000022,0,0.000020,0,True,True,True,True,True
rand_n10_m10_d3_s789,C_medium,TYPE_C,10,10,0.000149,5,warm_start,0.000029,0,0.000025,0,0.000061,0,0.000027,0,True,True,True,True,True
rand_n10_m10_d3_s789,C_large,TYPE_C,10,10,0.000123,5,warm_start,0.000022,0,0.000023,0,0.000021,0,0.000021,0,True,True,True,True,True
rand_n10_m10_d3_s1024,R_small,TYPE_R,10,10,0.000130,1,warm_start,0.000025,0,0.000022,0,0.000029,0,0.000024,0,True,True,True,True,True
rand_n10_m10_d3_s789,C_large,TYPE_C,10,10,0.000162,5,warm_start,0.000028,0,0.000024,0,0.000025,0,0.000120,0,True,True,True,True,True
rand_n10_m10_d3_s789,C_large,TYPE_C,10,10,0.000210,5,warm_start,0.000027,0,0.000024,0,0.000096,0,0.000033,0,True,True,True,True,True
rand_n10_m10_d3_s1024,R_small,TYPE_R,10,10,0.000138,1,warm_start,0.000034,0,0.000025,0,0.000024,0,0.000030,0,True,True,True,True,True
rand_n10_m10_d3_s1024,R_small,TYPE_R,10,10,0.000201,1,warm_start,0.000028,0,0.000024,0,0.000022,0,0.000025,0,True,True,True,True,True
rand_n10_m10_d3_s1024,R_medium,TYPE_R,10,10,0.000118,1,warm_start,0.000022,0,0.000021,0,0.000020,0,0.000019,0,True,True,True,True,True
rand_n10_m10_d3_s1024,R_medium,TYPE_R,10,10,0.000125,1,warm_start,0.000028,0,0.000024,0,0.000027,0,0.000032,0,True,True,True,True,True
rand_n10_m10_d3_s1024,R_medium,TYPE_R,10,10,0.000096,0,warm_start,0.000036,0,0.000025,0,0.000023,0,0.000021,0,True,True,True,True,True
rand_n10_m10_d3_s1024,R_large,TYPE_R,10,10,0.000115,1,warm_start,0.000024,0,0.000020,0,0.000021,0,0.000024,0,True,True,True,True,True
rand_n10_m10_d3_s1024,R_large,TYPE_R,10,10,0.000120,0,warm_start,0.000027,0,0.000033,0,0.000026,0,0.000024,0,True,True,True,True,True
rand_n10_m10_d3_s1024,R_single,TYPE_R,10,10,0.000136,1,warm_start,0.000021,0,0.000025,0,0.000023,0,0.000022,0,True,True,True,True,True
rand_n10_m10_d3_s1024,R_large,TYPE_R,10,10,0.000106,0,warm_start,0.000026,0,0.000037,0,0.000027,0,0.000026,0,True,True,True,True,True
rand_n10_m10_d3_s1024,R_single,TYPE_R,10,10,0.000136,1,warm_start,0.000028,0,0.000023,0,0.000032,0,0.000026,0,True,True,True,True,True
rand_n10_m10_d3_s1024,R_single,TYPE_R,10,10,0.000140,3,warm_start_dual,0.000049,1,0.000040,1,0.000057,2,0.000059,1,True,True,True,True,True
rand_n10_m10_d3_s1024,R_all,TYPE_R,10,10,0.000466,3,warm_start_dual,0.000058,1,0.000049,1,0.000045,2,0.000058,1,True,True,True,True,True
rand_n10_m10_d3_s1024,R_all,TYPE_R,10,10,0.000135,3,warm_start_dual,0.000055,1,0.000052,1,0.000060,2,0.000045,1,True,True,True,True,True
rand_n10_m10_d3_s1024,R_all,TYPE_R,10,10,0.000165,3,warm_start_dual,0.000186,1,0.000064,1,0.000051,2,0.000062,1,True,True,True,True,True
rand_n10_m10_d3_s1024,C_small,TYPE_C,10,10,0.000149,1,warm_start,0.000026,0,0.000021,0,0.000034,0,0.000026,0,True,True,True,True,True
rand_n10_m10_d3_s1024,C_small,TYPE_C,10,10,0.000147,4,warm_start,0.000041,1,0.000054,2,0.000054,1,0.000046,1,True,True,True,True,True
rand_n10_m10_d3_s1024,C_small,TYPE_C,10,10,0.000146,4,warm_start,0.000038,1,0.000056,2,0.000039,1,0.000050,1,True,True,True,True,True
rand_n10_m10_d3_s1024,C_medium,TYPE_C,10,10,0.000137,4,warm_start,0.000047,1,0.000050,2,0.000036,1,0.000035,1,True,True,True,True,True
rand_n10_m10_d3_s1024,C_medium,TYPE_C,10,10,0.000139,1,warm_start,0.000027,0,0.000025,0,0.000093,0,0.000032,0,True,True,True,True,True
rand_n10_m10_d3_s1024,C_medium,TYPE_C,10,10,0.000147,4,warm_start,0.000035,1,0.000131,2,0.000045,1,0.000038,1,True,True,True,True,True
rand_n10_m10_d3_s1024,C_large,TYPE_C,10,10,0.000159,1,warm_start,0.000026,0,0.000023,0,0.000022,0,0.000028,0,True,True,True,True,True
rand_n10_m10_d3_s1024,C_large,TYPE_C,10,10,0.000147,4,warm_start,0.000044,3,0.000064,2,0.000048,3,0.000056,3,True,True,True,True,True
rand_n10_m10_d3_s1024,C_large,TYPE_C,10,10,0.000170,4,warm_start,0.000045,1,0.000049,2,0.000036,1,0.000035,1,True,True,True,True,True
rand_n10_m10_d5_s42,R_small,TYPE_R,10,10,0.000156,4,warm_start,0.000026,0,0.000023,0,0.000032,0,0.000025,0,True,True,True,True,True
rand_n10_m10_d5_s42,R_small,TYPE_R,10,10,0.000136,4,warm_start,0.000022,0,0.000021,0,0.000025,0,0.000026,0,True,True,True,True,True
rand_n10_m10_d5_s42,R_small,TYPE_R,10,10,0.000163,4,warm_start,0.000025,0,0.000030,0,0.000025,0,0.000097,0,True,True,True,True,True
rand_n10_m10_d5_s42,R_medium,TYPE_R,10,10,0.000144,4,warm_start,0.000024,0,0.000022,0,0.000021,0,0.000020,0,True,True,True,True,True
rand_n10_m10_d5_s42,R_medium,TYPE_R,10,10,0.000143,4,warm_start,0.000073,0,0.000034,0,0.000030,0,0.000025,0,True,True,True,True,True
rand_n10_m10_d5_s42,R_large,TYPE_R,10,10,0.000165,4,warm_start,0.000024,0,0.000022,0,0.000026,0,0.000033,0,True,True,True,True,True
rand_n10_m10_d5_s42,R_medium,TYPE_R,10,10,0.000167,4,warm_start_dual,0.000160,1,0.000064,1,0.000056,2,0.000044,1,True,True,True,True,True
rand_n10_m10_d5_s42,R_large,TYPE_R,10,10,0.000200,3,warm_start,0.000025,0,0.000026,0,0.000030,0,0.000033,0,True,True,True,True,True
rand_n10_m10_d5_s42,R_single,TYPE_R,10,10,0.000136,4,warm_start,0.000034,0,0.000026,0,0.000025,0,0.000022,0,True,True,True,True,True
rand_n10_m10_d5_s42,R_single,TYPE_R,10,10,0.000151,4,warm_start,0.000033,0,0.000026,0,0.000023,0,0.000022,0,True,True,True,True,True
rand_n10_m10_d5_s42,R_large,TYPE_R,10,10,0.000140,3,warm_start_dual,0.000043,1,0.000039,1,0.000170,2,0.000049,1,True,True,True,True,True
rand_n10_m10_d5_s42,R_single,TYPE_R,10,10,0.000181,3,warm_start_dual,0.000050,1,0.000066,1,0.000055,2,0.000044,1,True,True,True,True,True
rand_n10_m10_d5_s42,R_all,TYPE_R,10,10,0.000154,4,warm_start,0.000025,0,0.000034,0,0.000032,0,0.000026,0,True,True,True,True,True
rand_n10_m10_d5_s42,C_small,TYPE_C,10,10,0.000142,4,warm_start,0.000022,0,0.000024,0,0.000022,0,0.000022,0,True,True,True,True,True
rand_n10_m10_d5_s42,R_all,TYPE_R,10,10,0.000142,4,warm_start,0.000032,0,0.000026,0,0.000023,0,0.000026,0,True,True,True,True,True
rand_n10_m10_d5_s42,R_all,TYPE_R,10,10,0.000144,4,warm_start,0.000031,0,0.000027,0,0.000030,0,0.000026,0,True,True,True,True,True
rand_n10_m10_d5_s42,C_small,TYPE_C,10,10,0.000162,4,warm_start,0.000026,0,0.000092,0,0.000031,0,0.000025,0,True,True,True,True,True
rand_n10_m10_d5_s42,C_medium,TYPE_C,10,10,0.000143,4,warm_start,0.000025,0,0.000025,0,0.000022,0,0.000023,0,True,True,True,True,True
rand_n10_m10_d5_s42,C_small,TYPE_C,10,10,0.000164,4,warm_start,0.000024,0,0.000023,0,0.000029,0,0.000034,0,True,True,True,True,True
rand_n10_m10_d5_s42,C_medium,TYPE_C,10,10,0.000328,4,warm_start,0.000032,0,0.000027,0,0.000033,0,0.000032,0,True,True,True,True,True
rand_n10_m10_d5_s42,C_large,TYPE_C,10,10,0.000128,4,warm_start,0.000020,0,0.000020,0,0.000023,0,0.000020,0,True,True,True,True,True
rand_n10_m10_d5_s42,C_medium,TYPE_C,10,10,0.000178,4,warm_start,0.000028,0,0.000031,0,0.000030,0,0.000033,0,True,True,True,True,True
rand_n10_m10_d5_s42,C_large,TYPE_C,10,10,0.000152,4,warm_start,0.000094,0,0.000025,0,0.000023,0,0.000028,0,True,True,True,True,True
rand_n10_m10_d5_s42,C_large,TYPE_C,10,10,0.000148,4,warm_start,0.000025,0,0.000028,0,0.000025,0,0.000030,0,True,True,True,True,True
rand_n10_m10_d5_s123,R_small,TYPE_R,10,10,0.000135,6,warm_start,0.000024,0,0.000022,0,0.000022,0,0.000020,0,True,True,True,True,True
rand_n10_m10_d5_s123,R_small,TYPE_R,10,10,0.000139,6,warm_start,0.000026,0,0.000037,0,0.000036,0,0.000034,0,True,True,True,True,True
rand_n10_m10_d5_s123,R_small,TYPE_R,10,10,0.000147,6,warm_start,0.000026,0,0.000034,0,0.000032,0,0.000032,0,True,True,True,True,True
rand_n10_m10_d5_s123,R_medium,TYPE_R,10,10,0.000150,6,warm_start,0.000026,0,0.000026,0,0.000033,0,0.000032,0,True,True,True,True,True
rand_n10_m10_d5_s123,R_medium,TYPE_R,10,10,0.000161,6,warm_start,0.000027,0,0.000025,0,0.000023,0,0.000039,0,True,True,True,True,True
rand_n10_m10_d5_s123,R_medium,TYPE_R,10,10,0.000172,6,warm_start,0.000027,0,0.000024,0,0.000022,0,0.000021,0,True,True,True,True,True
rand_n10_m10_d5_s123,R_large,TYPE_R,10,10,0.000145,7,warm_start_dual,0.000063,1,0.000048,1,0.000053,3,0.000043,1,True,True,True,True,True
rand_n10_m10_d5_s123,R_single,TYPE_R,10,10,0.000145,6,warm_start,0.000024,0,0.000023,0,0.000021,0,0.000027,0,True,True,True,True,True
rand_n10_m10_d5_s123,R_single,TYPE_R,10,10,0.000132,6,warm_start,0.000024,0,0.000022,0,0.000023,0,0.000022,0,True,True,True,True,True
rand_n10_m10_d5_s123,R_large,TYPE_R,10,10,0.000132,5,warm_start_dual,0.000181,1,0.000062,1,0.000058,3,0.000045,1,True,True,True,True,True
rand_n10_m10_d5_s123,R_single,TYPE_R,10,10,0.000156,7,warm_start_dual,0.000051,1,0.000073,1,0.000058,3,0.000047,1,True,True,True,True,True
rand_n10_m10_d5_s123,R_large,TYPE_R,10,10,0.000188,6,warm_start,0.000031,0,0.000034,0,0.000028,0,0.000025,0,True,True,True,True,True
rand_n10_m10_d5_s123,C_small,TYPE_C,10,10,0.000158,6,warm_start,0.000024,0,0.000022,0,0.000021,0,0.000032,0,True,True,True,True,True
rand_n10_m10_d5_s123,R_all,TYPE_R,10,10,0.000148,7,warm_start_dual,0.000042,1,0.000063,1,0.000058,3,0.000046,1,True,True,True,True,True
rand_n10_m10_d5_s123,R_all,TYPE_R,10,10,0.000138,7,warm_start_dual,0.000046,1,0.000042,1,0.000141,3,0.000050,1,True,True,True,True,True
rand_n10_m10_d5_s123,C_small,TYPE_C,10,10,0.000141,6,warm_start,0.000027,0,0.000024,0,0.000023,0,0.000022,0,True,True,True,True,True
rand_n10_m10_d5_s123,C_medium,TYPE_C,10,10,0.000131,6,warm_start,0.000025,0,0.000033,0,0.000025,0,0.000025,0,True,True,True,True,True
rand_n10_m10_d5_s123,R_all,TYPE_R,10,10,0.000161,7,warm_start_dual,0.000048,1,0.000043,1,0.000048,3,0.000191,1,True,True,True,True,True
rand_n10_m10_d5_s123,C_medium,TYPE_C,10,10,0.000135,6,warm_start,0.000023,0,0.000028,0,0.000022,0,0.000024,0,True,True,True,True,True
rand_n10_m10_d5_s123,C_medium,TYPE_C,10,10,0.000146,6,warm_start,0.000034,0,0.000056,0,0.000029,0,0.000026,0,True,True,True,True,True
rand_n10_m10_d5_s123,C_large,TYPE_C,10,10,0.000140,6,warm_start,0.000022,0,0.000024,0,0.000023,0,0.000022,0,True,True,True,True,True
rand_n10_m10_d5_s123,C_small,TYPE_C,10,10,0.000511,6,warm_start,0.000076,0,0.000026,0,0.000025,0,0.000086,0,True,True,True,True,True
rand_n10_m10_d5_s123,C_large,TYPE_C,10,10,0.000146,6,warm_start,0.000059,1,0.000066,3,0.000044,1,0.000053,1,True,True,True,True,True
rand_n10_m10_d5_s456,R_small,TYPE_R,10,10,0.000090,6,warm_start,0.000023,0,0.000021,0,0.000024,0,0.000028,0,True,True,True,True,True
rand_n10_m10_d5_s123,C_large,TYPE_C,10,10,0.000152,6,warm_start,0.000025,0,0.000022,0,0.000033,0,0.000026,0,True,True,True,True,True
rand_n10_m10_d5_s456,R_small,TYPE_R,10,10,0.000106,5,warm_start_dual,0.000055,1,0.000053,1,0.000063,2,0.000049,1,True,True,True,True,True
rand_n10_m10_d5_s456,R_small,TYPE_R,10,10,0.000088,5,warm_start_dual,0.000173,1,0.000069,1,0.000049,2,0.000042,1,True,True,True,True,True
rand_n10_m10_d5_s456,R_medium,TYPE_R,10,10,0.000094,6,warm_start,0.000023,0,0.000125,0,0.000034,0,0.000026,0,True,True,True,True,True
rand_n10_m10_d5_s456,R_medium,TYPE_R,10,10,0.000088,6,warm_start_dual,0.000044,1,0.000040,1,0.000068,2,0.000059,1,True,True,True,True,True
rand_n10_m10_d5_s456,R_large,TYPE_R,10,10,0.000106,4,warm_start_dual,0.000050,1,0.000051,1,0.000043,1,0.000041,1,True,True,True,True,True
rand_n10_m10_d5_s456,R_large,TYPE_R,10,10,0.000114,5,warm_start_dual,0.000052,2,0.000045,2,0.000056,4,0.000040,2,True,True,True,True,True
rand_n10_m10_d5_s456,R_large,TYPE_R,10,10,0.000096,5,warm_start_dual,0.000047,2,0.000052,2,0.000051,4,0.000064,2,True,True,True,True,True
rand_n10_m10_d5_s456,R_single,TYPE_R,10,10,0.000082,6,warm_start_dual,0.000041,1,0.000058,1,0.000054,2,0.000045,1,True,True,True,True,True
rand_n10_m10_d5_s456,R_single,TYPE_R,10,10,0.000086,6,warm_start,0.000023,0,0.000024,0,0.000024,0,0.000027,0,True,True,True,True,True
rand_n10_m10_d5_s456,R_single,TYPE_R,10,10,0.000171,6,warm_start,0.000029,0,0.000026,0,0.000025,0,0.000023,0,True,True,True,True,True
rand_n10_m10_d5_s456,R_all,TYPE_R,10,10,0.000080,5,warm_start_dual,0.000059,1,0.000046,1,0.000046,2,0.000040,1,True,True,True,True,True
rand_n10_m10_d5_s456,R_all,TYPE_R,10,10,0.000082,5,warm_start_dual,0.000046,1,0.000062,1,0.000052,2,0.000052,1,True,True,True,True,True
rand_n10_m10_d5_s456,R_medium,TYPE_R,10,10,0.000098,8,warm_start_dual,0.000060,1,0.000048,1,0.000047,2,0.000190,1,True,True,True,True,True
rand_n10_m10_d5_s456,R_all,TYPE_R,10,10,0.000088,5,warm_start_dual,0.000044,1,0.000039,1,0.000164,2,0.000060,1,True,True,True,True,True
rand_n10_m10_d5_s456,C_small,TYPE_C,10,10,0.000076,6,warm_start,0.000024,0,0.000023,0,0.000022,0,0.000020,0,True,True,True,True,True
rand_n10_m10_d5_s456,C_small,TYPE_C,10,10,0.000096,6,warm_start,0.000029,0,0.000026,0,0.000024,0,0.000035,0,True,True,True,True,True
rand_n10_m10_d5_s456,C_small,TYPE_C,10,10,0.000380,5,warm_start,0.000034,0,0.000026,0,0.000023,0,0.000028,0,True,True,True,True,True
rand_n10_m10_d5_s456,C_medium,TYPE_C,10,10,0.000098,5,warm_start,0.000025,0,0.000027,0,0.000027,0,0.000032,0,True,True,True,True,True
rand_n10_m10_d5_s456,C_medium,TYPE_C,10,10,0.000076,6,warm_start,0.000022,0,0.000021,0,0.000023,0,0.000025,0,True,True,True,True,True
rand_n10_m10_d5_s456,C_medium,TYPE_C,10,10,0.000093,5,warm_start,0.000042,1,0.000055,1,0.000037,1,0.000057,1,True,True,True,True,True
rand_n10_m10_d5_s456,C_large,TYPE_C,10,10,0.000089,6,warm_start,0.000043,1,0.000062,2,0.000035,1,0.000033,1,True,True,True,True,True
rand_n10_m10_d5_s456,C_large,TYPE_C,10,10,0.000099,6,warm_start,0.000030,0,0.000025,0,0.000034,0,0.000026,0,True,True,True,True,True
rand_n10_m10_d5_s456,C_large,TYPE_C,10,10,0.000088,5,warm_start,0.000046,2,0.000055,2,0.000042,2,0.000056,2,True,True,True,True,True
rand_n10_m10_d5_s789,R_small,TYPE_R,10,10,0.000147,6,warm_start,0.000035,0,0.000026,0,0.000024,0,0.000022,0,True,True,True,True,True
rand_n10_m10_d5_s789,R_small,TYPE_R,10,10,0.000168,6,warm_start,0.000026,0,0.000022,0,0.000027,0,0.000025,0,True,True,True,True,True
rand_n10_m10_d5_s789,R_medium,TYPE_R,10,10,0.000146,6,warm_start,0.000025,0,0.000036,0,0.000026,0,0.000024,0,True,True,True,True,True
rand_n10_m10_d5_s789,R_small,TYPE_R,10,10,0.000178,6,warm_start,0.000026,0,0.000022,0,0.000024,0,0.000040,0,True,True,True,True,True
rand_n10_m10_d5_s789,R_medium,TYPE_R,10,10,0.000188,6,warm_start,0.000034,0,0.000030,0,0.000031,0,0.000025,0,True,True,True,True,True
rand_n10_m10_d5_s789,R_large,TYPE_R,10,10,0.000146,5,warm_start_dual,0.000045,1,0.000044,1,0.000042,1,0.000058,1,True,True,True,True,True
rand_n10_m10_d5_s789,R_medium,TYPE_R,10,10,0.000157,5,warm_start_dual,0.000059,1,0.000185,1,0.000069,2,0.000046,1,True,True,True,True,True
rand_n10_m10_d5_s789,R_large,TYPE_R,10,10,0.000147,3,warm_start_dual,0.000054,3,0.000068,3,0.000056,4,0.000047,3,True,True,True,True,True
rand_n10_m10_d5_s789,R_large,TYPE_R,10,10,0.000157,4,warm_start_dual,0.000047,2,0.000042,2,0.000066,3,0.000049,2,True,True,True,True,True
rand_n10_m10_d5_s789,R_single,TYPE_R,10,10,0.000154,6,warm_start,0.000025,0,0.000029,0,0.000025,0,0.000023,0,True,True,True,True,True
rand_n10_m10_d5_s789,R_single,TYPE_R,10,10,0.000164,6,warm_start,0.000024,0,0.000024,0,0.000035,0,0.000026,0,True,True,True,True,True
rand_n10_m10_d5_s789,R_single,TYPE_R,10,10,0.000191,6,warm_start,0.000029,0,0.000027,0,0.000024,0,0.000027,0,True,True,True,True,True
rand_n10_m10_d5_s789,C_small,TYPE_C,10,10,0.000142,6,warm_start,0.000023,0,0.000021,0,0.000020,0,0.000024,0,True,True,True,True,True
rand_n10_m10_d5_s789,R_all,TYPE_R,10,10,0.000157,6,warm_start,0.000032,0,0.000029,0,0.000025,0,0.000025,0,True,True,True,True,True
rand_n10_m10_d5_s789,C_small,TYPE_C,10,10,0.000149,6,warm_start,0.000027,0,0.000024,0,0.000022,0,0.000021,0,True,True,True,True,True
rand_n10_m10_d5_s789,C_small,TYPE_C,10,10,0.000169,6,warm_start,0.000026,0,0.000023,0,0.000026,0,0.000023,0,True,True,True,True,True
rand_n10_m10_d5_s789,R_all,TYPE_R,10,10,0.000143,6,warm_start,0.000027,0,0.000109,0,0.000034,0,0.000028,0,True,True,True,True,True
rand_n10_m10_d5_s789,R_all,TYPE_R,10,10,0.000157,6,warm_start,0.000022,0,0.000028,0,0.000024,0,0.000022,0,True,True,True,True,True
rand_n10_m10_d5_s789,C_medium,TYPE_C,10,10,0.000172,6,warm_start,0.000028,0,0.000024,0,0.000032,0,0.000025,0,True,True,True,True,True
rand_n10_m10_d5_s789,C_medium,TYPE_C,10,10,0.000148,6,warm_start,0.000022,0,0.000030,0,0.000022,0,0.000021,0,True,True,True,True,True
rand_n10_m10_d5_s789,C_medium,TYPE_C,10,10,0.000158,6,warm_start,0.000025,0,0.000023,0,0.000031,0,0.000034,0,True,True,True,True,True
rand_n10_m10_d5_s1024,R_small,TYPE_R,10,10,0.000144,7,warm_start,0.000024,0,0.000022,0,0.000026,0,0.000025,0,True,True,True,True,True
rand_n10_m10_d5_s1024,R_small,TYPE_R,10,10,0.000145,5,warm_start,0.000022,0,0.000029,0,0.000025,0,0.000022,0,True,True,True,True,True
rand_n10_m10_d5_s789,C_large,TYPE_C,10,10,0.000174,6,warm_start,0.000027,0,0.000028,0,0.000025,0,0.000029,0,True,True,True,True,True
rand_n10_m10_d5_s789,C_large,TYPE_C,10,10,0.000148,6,warm_start,0.000034,0,0.000027,0,0.000024,0,0.000024,0,True,True,True,True,True
rand_n10_m10_d5_s1024,R_small,TYPE_R,10,10,0.000133,5,warm_start,0.000026,0,0.000035,0,0.000025,0,0.000030,0,True,True,True,True,True
rand_n10_m10_d5_s789,C_large,TYPE_C,10,10,0.000181,6,warm_start,0.000023,0,0.000038,0,0.000027,0,0.000037,0,True,True,True,True,True
rand_n10_m10_d5_s1024,R_medium,TYPE_R,10,10,0.000140,6,warm_start_dual,0.000045,1,0.000040,1,0.000043,1,0.000041,1,True,True,True,True,True
rand_n10_m10_d5_s1024,R_medium,TYPE_R,10,10,0.000143,5,warm_start_dual,0.000047,1,0.000041,1,0.000060,1,0.000054,1,True,True,True,True,True
rand_n10_m10_d5_s1024,R_medium,TYPE_R,10,10,0.000161,5,warm_start,0.000025,0,0.000032,0,0.000035,0,0.000037,0,True,True,True,True,True
rand_n10_m10_d5_s1024,R_large,TYPE_R,10,10,0.000140,7,warm_start_dual,0.000046,1,0.000045,1,0.000041,1,0.000070,1,True,True,True,True,True
rand_n10_m10_d5_s1024,R_single,TYPE_R,10,10,0.000148,5,warm_start,0.000035,0,0.000028,0,0.000027,0,0.000025,0,True,True,True,True,True
rand_n10_m10_d5_s1024,R_large,TYPE_R,10,10,0.000158,9,warm_start_dual,0.000045,1,0.000040,1,0.000064,1,0.000049,1,True,True,True,True,True
rand_n10_m10_d5_s1024,R_single,TYPE_R,10,10,0.000137,6,warm_start_dual,0.000045,1,0.000061,1,0.000046,1,0.000041,1,True,True,True,True,True
rand_n10_m10_d5_s1024,R_all,TYPE_R,10,10,0.000144,5,warm_start,0.000024,0,0.000021,0,0.000039,0,0.000026,0,True,True,True,True,True
rand_n10_m10_d5_s1024,R_all,TYPE_R,10,10,0.000135,5,warm_start,0.000023,0,0.000022,0,0.000022,0,0.000021,0,True,True,True,True,True
rand_n10_m10_d5_s1024,R_single,TYPE_R,10,10,0.000189,7,warm_start_dual,0.000050,1,0.000045,1,0.000046,1,0.000044,1,True,True,True,True,True
rand_n10_m10_d5_s1024,R_large,TYPE_R,10,10,0.000475,5,warm_start_dual,0.000060,1,0.000049,1,0.000046,1,0.000041,1,True,True,True,True,True
rand_n10_m10_d5_s1024,R_all,TYPE_R,10,10,0.000147,5,warm_start,0.000026,0,0.000032,0,0.000028,0,0.000034,0,True,True,True,True,True
rand_n10_m10_d5_s1024,C_small,TYPE_C,10,10,0.000150,7,warm_start,0.000031,0,0.000025,0,0.000024,0,0.000032,0,True,True,True,True,True
rand_n10_m10_d5_s1024,C_small,TYPE_C,10,10,0.000143,5,warm_start,0.000022,0,0.000021,0,0.000028,0,0.000025,0,True,True,True,True,True
rand_n10_m10_d5_s1024,C_medium,TYPE_C,10,10,0.000147,9,warm_start,0.000044,1,0.000065,1,0.000042,1,0.000037,1,True,True,True,True,True
rand_n10_m10_d5_s1024,C_small,TYPE_C,10,10,0.000345,8,warm_start,0.000056,1,0.000064,1,0.000055,1,0.000041,1,True,True,True,True,True
rand_n10_m10_d5_s1024,C_large,TYPE_C,10,10,0.000153,9,warm_start,0.000048,6,0.000075,4,0.000052,6,0.000057,6,True,True,True,True,True
rand_n10_m10_d5_s1024,C_medium,TYPE_C,10,10,0.000152,7,warm_start,0.000057,0,0.000025,0,0.000032,0,0.000026,0,True,True,True,True,True
rand_n10_m10_d5_s1024,C_medium,TYPE_C,10,10,0.000144,6,warm_start,0.000055,1,0.000052,1,0.000039,1,0.000037,1,True,True,True,True,True
rand_n10_m10_d5_s1024,C_large,TYPE_C,10,10,0.000156,6,warm_start,0.000048,1,0.000049,1,0.000036,1,0.000044,1,True,True,True,True,True
rand_n10_m10_d5_s1024,C_large,TYPE_C,10,10,0.000147,9,warm_start,0.000071,1,0.000062,2,0.000041,1,0.000036,1,True,True,True,True,True
rand_n10_m10_d8_s42,R_small,TYPE_R,10,10,0.000136,4,warm_start,0.000022,0,0.000024,0,0.000022,0,0.000022,0,True,True,True,True,True
rand_n10_m10_d8_s42,R_small,TYPE_R,10,10,0.000163,4,warm_start,0.000038,0,0.000034,0,0.000030,0,0.000023,0,True,True,True,True,True
rand_n10_m10_d8_s42,R_small,TYPE_R,10,10,0.000216,4,warm_start,0.000028,0,0.000025,0,0.000035,0,0.000028,0,True,True,True,True,True
rand_n10_m10_d8_s42,R_medium,TYPE_R,10,10,0.000143,4,warm_start,0.000025,0,0.000022,0,0.000031,0,0.000025,0,True,True,True,True,True
rand_n10_m10_d8_s42,R_large,TYPE_R,10,10,0.000172,4,warm_start,0.000026,0,0.000030,0,0.000025,0,0.000024,0,True,True,True,True,True
rand_n10_m10_d8_s42,R_medium,TYPE_R,10,10,0.000150,4,warm_start,0.000026,0,0.000032,0,0.000027,0,0.000030,0,True,True,True,True,True
rand_n10_m10_d8_s42,R_large,TYPE_R,10,10,0.000146,4,warm_start,0.000022,0,0.000021,0,0.000024,0,0.000022,0,True,True,True,True,True
rand_n10_m10_d8_s42,R_large,TYPE_R,10,10,0.000141,4,warm_start,0.000032,0,0.000027,0,0.000024,0,0.000026,0,True,True,True,True,True
rand_n10_m10_d8_s42,R_medium,TYPE_R,10,10,0.000467,4,warm_start,0.000035,0,0.000029,0,0.000028,0,0.000191,0,True,True,True,True,True
rand_n10_m10_d8_s42,R_single,TYPE_R,10,10,0.000137,4,warm_start,0.000023,0,0.000021,0,0.000021,0,0.000020,0,True,True,True,True,True
rand_n10_m10_d8_s42,R_single,TYPE_R,10,10,0.000148,4,warm_start,0.000036,0,0.000029,0,0.000025,0,0.000034,0,True,True,True,True,True
rand_n10_m10_d8_s42,R_all,TYPE_R,10,10,0.000149,4,warm_start,0.000026,0,0.000023,0,0.000022,0,0.000028,0,True,True,True,True,True
rand_n10_m10_d8_s42,R_all,TYPE_R,10,10,0.000172,4,warm_start,0.000026,0,0.000023,0,0.000028,0,0.000032,0,True,True,True,True,True
rand_n10_m10_d8_s42,C_small,TYPE_C,10,10,0.000157,4,warm_start,0.000035,0,0.000027,0,0.000026,0,0.000023,0,True,True,True,True,True
rand_n10_m10_d8_s42,R_all,TYPE_R,10,10,0.000176,4,warm_start,0.000027,0,0.000030,0,0.000024,0,0.000021,0,True,True,True,True,True
rand_n10_m10_d8_s42,C_small,TYPE_C,10,10,0.000150,4,warm_start,0.000023,0,0.000026,0,0.000023,0,0.000022,0,True,True,True,True,True
rand_n10_m10_d8_s42,R_single,TYPE_R,10,10,0.000179,4,warm_start,0.000028,0,0.000026,0,0.000105,0,0.000079,0,True,True,True,True,True
rand_n10_m10_d8_s42,C_medium,TYPE_C,10,10,0.000128,4,warm_start,0.000022,0,0.000022,0,0.000021,0,0.000022,0,True,True,True,True,True
rand_n10_m10_d8_s42,C_small,TYPE_C,10,10,0.000284,4,warm_start,0.000034,0,0.000028,0,0.000073,0,0.000033,0,True,True,True,True,True
rand_n10_m10_d8_s42,C_medium,TYPE_C,10,10,0.000145,4,warm_start,0.000036,0,0.000036,0,0.000026,0,0.000026,0,True,True,True,True,True
rand_n10_m10_d8_s42,C_medium,TYPE_C,10,10,0.000151,4,warm_start,0.000028,0,0.000032,0,0.000028,0,0.000024,0,True,True,True,True,True
rand_n10_m10_d8_s42,C_large,TYPE_C,10,10,0.000163,4,warm_start,0.000044,1,0.000056,1,0.000052,1,0.000046,1,True,True,True,True,True
rand_n10_m10_d8_s42,C_large,TYPE_C,10,10,0.000162,4,warm_start,0.000043,1,0.000058,1,0.000035,1,0.000044,1,True,True,True,True,True
rand_n10_m10_d8_s42,C_large,TYPE_C,10,10,0.000156,4,warm_start,0.000022,0,0.000035,0,0.000026,0,0.000024,0,True,True,True,True,True
rand_n10_m10_d8_s123,R_small,TYPE_R,10,10,0.000090,9,warm_start,0.000028,0,0.000024,0,0.000024,0,0.000022,0,True,True,True,True,True
rand_n10_m10_d8_s123,R_medium,TYPE_R,10,10,0.000099,9,warm_start,0.000025,0,0.000026,0,0.000025,0,0.000028,0,True,True,True,True,True
rand_n10_m10_d8_s123,R_small,TYPE_R,10,10,0.000458,9,warm_start,0.000032,0,0.000032,0,0.000027,0,0.000026,0,True,True,True,True,True
rand_n10_m10_d8_s123,R_small,TYPE_R,10,10,0.000318,10,warm_start,0.000275,0,0.000039,0,0.000028,0,0.000039,0,True,True,True,True,True
rand_n10_m10_d8_s123,R_large,TYPE_R,10,10,0.000101,12,warm_start_dual,0.000069,4,0.000051,4,0.000059,6,0.000046,4,True,True,True,True,True
rand_n10_m10_d8_s123,R_medium,TYPE_R,10,10,0.000109,14,warm_start_dual,0.000048,1,0.000042,1,0.000044,1,0.000039,1,True,True,True,True,True
rand_n10_m10_d8_s123,R_large,TYPE_R,10,10,0.000093,10,warm_start_dual,0.000041,1,0.000056,1,0.000048,1,0.000043,1,True,True,True,True,True
rand_n10_m10_d8_s123,R_single,TYPE_R,10,10,0.000109,9,warm_start,0.000026,0,0.000024,0,0.000023,0,0.000036,0,True,True,True,True,True
rand_n10_m10_d8_s123,R_medium,TYPE_R,10,10,0.000555,11,warm_start_dual,0.000071,1,0.000175,1,0.000053,1,0.000048,1,True,True,True,True,True
rand_n10_m10_d8_s123,R_single,TYPE_R,10,10,0.000085,9,warm_start,0.000023,0,0.000024,0,0.000022,0,0.000030,0,True,True,True,True,True
rand_n10_m10_d8_s123,R_single,TYPE_R,10,10,0.000117,8,warm_start,0.000031,0,0.000026,0,0.000026,0,0.000024,0,True,True,True,True,True
rand_n10_m10_d8_s123,R_large,TYPE_R,10,10,0.000096,7,warm_start_dual,0.000068,3,0.000066,3,0.000070,3,0.000052,3,True,True,True,True,True
rand_n10_m10_d8_s123,R_all,TYPE_R,10,10,0.000106,8,warm_start,0.000026,0,0.000025,0,0.000024,0,0.000043,0,True,True,True,True,True
rand_n10_m10_d8_s123,R_all,TYPE_R,10,10,0.000087,8,warm_start,0.000022,0,0.000022,0,0.000025,0,0.000023,0,True,True,True,True,True
rand_n10_m10_d8_s123,C_small,TYPE_C,10,10,0.000144,9,warm_start,0.000024,0,0.000023,0,0.000022,0,0.000021,0,True,True,True,True,True
rand_n10_m10_d8_s123,C_medium,TYPE_C,10,10,0.000114,9,warm_start,0.000029,0,0.000031,0,0.000029,0,0.000025,0,True,True,True,True,True
rand_n10_m10_d8_s123,C_small,TYPE_C,10,10,0.000102,9,warm_start,0.000025,0,0.000031,0,0.000033,0,0.000028,0,True,True,True,True,True
rand_n10_m10_d8_s123,C_medium,TYPE_C,10,10,0.000097,9,warm_start,0.000026,0,0.000023,0,0.000022,0,0.000028,0,True,True,True,True,True
rand_n10_m10_d8_s123,R_all,TYPE_R,10,10,0.000106,8,warm_start,0.000026,0,0.000086,0,0.000036,0,0.000034,0,True,True,True,True,True
rand_n10_m10_d8_s123,C_small,TYPE_C,10,10,0.000701,9,warm_start,0.000037,0,0.000027,0,0.000025,0,0.000023,0,True,True,True,True,True
rand_n10_m10_d8_s123,C_medium,TYPE_C,10,10,0.000094,9,warm_start,0.000027,0,0.000031,0,0.000031,0,0.000024,0,True,True,True,True,True
rand_n10_m10_d8_s123,C_large,TYPE_C,10,10,0.000090,9,warm_start,0.000022,0,0.000022,0,0.000026,0,0.000022,0,True,True,True,True,True
rand_n10_m10_d8_s123,C_large,TYPE_C,10,10,0.000105,10,warm_start,0.000029,0,0.000025,0,0.000035,0,0.000031,0,True,True,True,True,True
rand_n10_m10_d8_s123,C_large,TYPE_C,10,10,0.000114,14,warm_start,0.000025,0,0.000023,0,0.000057,0,0.000031,0,True,True,True,True,True
rand_n10_m10_d8_s456,R_small,TYPE_R,10,10,0.000104,6,warm_start,0.000028,0,0.000024,0,0.000024,0,0.000022,0,True,True,True,True,True
rand_n10_m10_d8_s456,R_small,TYPE_R,10,10,0.000117,6,warm_start,0.000031,0,0.000101,0,0.000035,0,0.000027,0,True,True,True,True,True
rand_n10_m10_d8_s456,R_small,TYPE_R,10,10,0.000121,5,warm_start,0.000029,0,0.000026,0,0.000024,0,0.000110,0,True,True,True,True,True
rand_n10_m10_d8_s456,R_medium,TYPE_R,10,10,0.000092,5,warm_start_dual,0.000043,1,0.000064,1,0.000055,2,0.000058,1,True,True,True,True,True
rand_n10_m10_d8_s456,R_medium,TYPE_R,10,10,0.000104,6,warm_start,0.000027,0,0.000025,0,0.000050,0,0.000036,0,True,True,True,True,True
rand_n10_m10_d8_s456,R_medium,TYPE_R,10,10,0.000127,6,warm_start,0.000028,0,0.000031,0,0.000035,0,0.000101,0,True,True,True,True,True
rand_n10_m10_d8_s456,R_large,TYPE_R,10,10,0.000101,6,warm_start_dual,0.000060,1,0.000052,1,0.000059,1,0.000053,1,True,True,True,True,True
rand_n10_m10_d8_s456,R_large,TYPE_R,10,10,0.000092,4,warm_start_dual,0.000056,2,0.000047,2,0.000049,3,0.000072,2,True,True,True,True,True
rand_n10_m10_d8_s456,R_large,TYPE_R,10,10,0.000098,4,warm_start_dual,0.000067,2,0.000133,2,0.000057,3,0.000048,2,True,True,True,True,True
rand_n10_m10_d8_s456,R_single,TYPE_R,10,10,0.000085,5,warm_start,0.000025,0,0.000022,0,0.000023,0,0.000026,0,True,True,True,True,True
rand_n10_m10_d8_s456,R_all,TYPE_R,10,10,0.000093,6,warm_start,0.000023,0,0.000028,0,0.000025,0,0.000023,0,True,True,True,True,True
rand_n10_m10_d8_s456,R_all,TYPE_R,10,10,0.000099,6,warm_start,0.000028,0,0.000034,0,0.000027,0,0.000025,0,True,True,True,True,True
rand_n10_m10_d8_s456,R_single,TYPE_R,10,10,0.000093,5,warm_start_dual,0.000042,1,0.000040,1,0.000061,2,0.000050,1,True,True,True,True,True
rand_n10_m10_d8_s456,C_small,TYPE_C,10,10,0.000082,5,warm_start,0.000026,0,0.000023,0,0.000024,0,0.000022,0,True,True,True,True,True
rand_n10_m10_d8_s456,R_all,TYPE_R,10,10,0.000131,6,warm_start,0.000029,0,0.000026,0,0.000030,0,0.000027,0,True,True,True,True,True
rand_n10_m10_d8_s456,C_small,TYPE_C,10,10,0.000120,4,warm_start,0.000031,0,0.000034,0,0.000027,0,0.000030,0,True,True,True,True,True
rand_n10_m10_d8_s456,R_single,TYPE_R,10,10,0.000091,5,warm_start,0.000101,0,0.000072,0,0.000032,0,0.000026,0,True,True,True,True,True
rand_n10_m10_d8_s456,C_small,TYPE_C,10,10,0.000094,6,warm_start,0.000060,1,0.000064,2,0.000049,1,0.000037,1,True,True,True,True,True
rand_n10_m10_d8_s456,C_medium,TYPE_C,10,10,0.000090,4,warm_start,0.000024,0,0.000036,0,0.000034,0,0.000026,0,True,True,True,True,True
rand_n10_m10_d8_s456,C_medium,TYPE_C,10,10,0.000123,5,warm_start,0.000046,2,0.000062,3,0.000038,2,0.000162,2,True,True,True,True,True
rand_n10_m10_d8_s456,C_large,TYPE_C,10,10,0.000128,4,warm_start,0.000045,1,0.000050,1,0.000057,1,0.000043,1,True,True,True,True,True
rand_n10_m10_d8_s789,R_small,TYPE_R,10,10,0.000093,6,warm_start,0.000025,0,0.000023,0,0.000022,0,0.000026,0,True,True,True,True,True
rand_n10_m10_d8_s456,C_medium,TYPE_C,10,10,0.000093,3,warm_start,0.000065,5,0.000075,3,0.000063,5,0.000046,5,True,True,True,True,True
rand_n10_m10_d8_s789,R_small,TYPE_R,10,10,0.000109,7,warm_start_dual,0.000053,1,0.000045,1,0.000053,2,0.000055,1,True,True,True,True,True
rand_n10_m10_d8_s456,C_large,TYPE_C,10,10,0.000113,7,warm_start,0.000049,3,0.000057,3,0.000054,3,0.000042,3,True,True,True,True,True
rand_n10_m10_d8_s456,C_large,TYPE_C,10,10,0.000092,4,warm_start,0.000040,4,0.000070,3,0.000047,4,0.000040,4,True,True,True,True,True
rand_n10_m10_d8_s789,R_medium,TYPE_R,10,10,0.000094,7,warm_start_dual,0.000060,2,0.000059,2,0.000052,2,0.000048,2,True,True,True,True,True
rand_n10_m10_d8_s789,R_small,TYPE_R,10,10,0.000109,6,warm_start,0.000029,0,0.000102,0,0.000037,0,0.000027,0,True,True,True,True,True
rand_n10_m10_d8_s789,R_medium,TYPE_R,10,10,0.000099,6,warm_start_dual,0.000044,1,0.000084,1,0.000052,1,0.000071,1,True,True,True,True,True
rand_n10_m10_d8_s789,R_medium,TYPE_R,10,10,0.000099,6,warm_start_dual,0.000047,1,0.000047,1,0.000076,1,0.000054,1,True,True,True,True,True
rand_n10_m10_d8_s789,R_single,TYPE_R,10,10,0.000088,7,warm_start_dual,0.000041,1,0.000038,1,0.000048,2,0.000045,1,True,True,True,True,True
rand_n10_m10_d8_s789,R_large,TYPE_R,10,10,0.000098,6,warm_start_dual,0.000051,1,0.000064,1,0.000053,3,0.000044,1,True,True,True,True,True
rand_n10_m10_d8_s789,R_single,TYPE_R,10,10,0.000106,6,warm_start,0.000030,0,0.000028,0,0.000025,0,0.000034,0,True,True,True,True,True
rand_n10_m10_d8_s789,R_large,TYPE_R,10,10,0.000106,7,warm_start_dual,0.000048,2,0.000045,2,0.000057,4,0.001087,2,True,True,True,True,True
rand_n10_m10_d8_s789,R_single,TYPE_R,10,10,0.000097,6,warm_start,0.000027,0,0.000024,0,0.000025,0,0.000031,0,True,True,True,True,True
rand_n10_m10_d8_s789,R_all,TYPE_R,10,10,0.000093,6,warm_start_dual,0.000063,1,0.000048,1,0.000044,1,0.000042,1,True,True,True,True,True
rand_n10_m10_d8_s789,R_large,TYPE_R,10,10,0.000111,7,warm_start_dual,0.000052,1,0.000115,1,0.000202,3,0.000075,1,True,True,True,True,True
rand_n10_m10_d8_s789,R_all,TYPE_R,10,10,0.000091,6,warm_start_dual,0.000049,1,0.000061,1,0.000046,1,0.000042,1,True,True,True,True,True
rand_n10_m10_d8_s789,C_small,TYPE_C,10,10,0.000115,6,warm_start,0.000028,0,0.000026,0,0.000038,0,0.000031,0,True,True,True,True,True
rand_n10_m10_d8_s789,C_small,TYPE_C,10,10,0.000093,6,warm_start,0.000027,0,0.000031,0,0.000027,0,0.000024,0,True,True,True,True,True
rand_n10_m10_d8_s789,C_medium,TYPE_C,10,10,0.000141,6,warm_start,0.000029,0,0.000037,0,0.000028,0,0.000026,0,True,True,True,True,True
rand_n10_m10_d8_s789,R_all,TYPE_R,10,10,0.000118,6,warm_start_dual,0.000065,1,0.000061,1,0.000049,1,0.000046,1,True,True,True,True,True
rand_n10_m10_d8_s789,C_small,TYPE_C,10,10,0.000106,6,warm_start,0.000025,0,0.000023,0,0.000023,0,0.000035,0,True,True,True,True,True
rand_n10_m10_d8_s789,C_medium,TYPE_C,10,10,0.000094,6,warm_start,0.000023,0,0.000030,0,0.000026,0,0.000024,0,True,True,True,True,True
rand_n10_m10_d8_s789,C_large,TYPE_C,10,10,0.000084,6,warm_start,0.000030,0,0.000022,0,0.000023,0,0.000022,0,True,True,True,True,True
rand_n10_m10_d8_s789,C_large,TYPE_C,10,10,0.000094,6,warm_start,0.000036,0,0.000030,0,0.000025,0,0.000031,0,True,True,True,True,True
rand_n10_m10_d8_s789,C_medium,TYPE_C,10,10,0.000119,6,warm_start,0.000030,0,0.000026,0,0.000028,0,0.000026,0,True,True,True,True,True
rand_n10_m10_d8_s789,C_large,TYPE_C,10,10,0.000102,6,warm_start,0.000038,0,0.000031,0,0.000152,0,0.000032,0,True,True,True,True,True
rand_n10_m10_d8_s1024,R_small,TYPE_R,10,10,0.000105,9,warm_start,0.000025,0,0.000023,0,0.000030,0,0.000027,0,True,True,True,True,True
rand_n10_m10_d8_s1024,R_medium,TYPE_R,10,10,0.000096,9,warm_start,0.000025,0,0.000024,0,0.000022,0,0.000022,0,True,True,True,True,True
rand_n10_m10_d8_s1024,R_small,TYPE_R,10,10,0.000116,9,warm_start,0.000026,0,0.000023,0,0.000023,0,0.000035,0,True,True,True,True,True
rand_n10_m10_d8_s1024,R_medium,TYPE_R,10,10,0.000190,9,warm_start,0.000030,0,0.000025,0,0.000024,0,0.000022,0,True,True,True,True,True
rand_n10_m10_d8_s1024,R_small,TYPE_R,10,10,0.000116,9,warm_start,0.000024,0,0.000035,0,0.000027,0,0.000024,0,True,True,True,True,True
rand_n10_m10_d8_s1024,R_large,TYPE_R,10,10,0.000104,12,warm_start_dual,0.000069,2,0.000068,2,0.000068,5,0.000052,2,True,True,True,True,True
rand_n10_m10_d8_s1024,R_medium,TYPE_R,10,10,0.000117,9,warm_start,0.000024,0,0.000098,0,0.000037,0,0.000028,0,True,True,True,True,True
rand_n10_m10_d8_s1024,R_large,TYPE_R,10,10,0.000095,9,warm_start_dual,0.000046,1,0.000203,1,0.000064,1,0.000051,1,True,True,True,True,True
rand_n10_m10_d8_s1024,R_single,TYPE_R,10,10,0.000089,9,warm_start,0.000021,0,0.000022,0,0.000022,0,0.000021,0,True,True,True,True,True
rand_n10_m10_d8_s1024,R_large,TYPE_R,10,10,0.000122,8,warm_start_dual,0.000051,1,0.000046,1,0.000050,2,0.000045,1,True,True,True,True,True
rand_n10_m10_d8_s1024,R_single,TYPE_R,10,10,0.000107,9,warm_start,0.000032,0,0.000025,0,0.000024,0,0.000023,0,True,True,True,True,True
rand_n10_m10_d8_s1024,R_all,TYPE_R,10,10,0.000089,9,warm_start,0.000024,0,0.000023,0,0.000024,0,0.000021,0,True,True,True,True,True
rand_n10_m10_d8_s1024,R_all,TYPE_R,10,10,0.000097,9,warm_start,0.000038,0,0.000028,0,0.000028,0,0.000028,0,True,True,True,True,True
rand_n10_m10_d8_s1024,R_single,TYPE_R,10,10,0.000178,9,warm_start,0.000031,0,0.000025,0,0.000028,0,0.000115,0,True,True,True,True,True
rand_n10_m10_d8_s1024,R_all,TYPE_R,10,10,0.000118,9,warm_start,0.000028,0,0.000025,0,0.000030,0,0.000027,0,True,True,True,True,True
rand_n10_m10_d8_s1024,C_small,TYPE_C,10,10,0.000100,9,warm_start,0.000023,0,0.000023,0,0.000028,0,0.000026,0,True,True,True,True,True
rand_n10_m10_d8_s1024,C_small,TYPE_C,10,10,0.000103,9,warm_start,0.000024,0,0.000029,0,0.000031,0,0.000025,0,True,True,True,True,True
rand_n10_m10_d8_s1024,C_medium,TYPE_C,10,10,0.000108,10,warm_start,0.000027,0,0.000053,0,0.000035,0,0.000028,0,True,True,True,True,True
rand_n10_m10_d8_s1024,C_small,TYPE_C,10,10,0.000102,9,warm_start,0.000026,0,0.000036,0,0.000027,0,0.000030,0,True,True,True,True,True
rand_n10_m10_d8_s1024,C_large,TYPE_C,10,10,0.000128,9,warm_start,0.000035,0,0.000040,0,0.000028,0,0.000025,0,True,True,True,True,True
rand_n10_m10_d8_s1024,C_medium,TYPE_C,10,10,0.000322,9,warm_start,0.000036,0,0.000029,0,0.000025,0,0.000032,0,True,True,True,True,True
rand_n10_m10_d8_s1024,C_large,TYPE_C,10,10,0.000096,8,warm_start,0.000024,0,0.000022,0,0.000022,0,0.000026,0,True,True,True,True,True
rand_n10_m10_d8_s1024,C_medium,TYPE_C,10,10,0.000110,8,warm_start,0.000033,0,0.000025,0,0.000025,0,0.000022,0,True,True,True,True,True
rand_n10_m10_d8_s1024,C_large,TYPE_C,10,10,0.000123,12,warm_start,0.000060,1,0.000170,1,0.000057,1,0.000043,1,True,True,True,True,True
rand_n10_m20_d3_s42,R_small,TYPE_R,10,20,0.000176,8,warm_start,0.000025,0,0.000036,0,0.000030,0,0.000036,0,True,True,True,True,True
rand_n10_m20_d3_s42,R_small,TYPE_R,10,20,0.000175,7,warm_start,0.000034,0,0.000042,0,0.000029,0,0.000026,0,True,True,True,True,True
rand_n10_m20_d3_s42,R_small,TYPE_R,10,20,0.000188,8,warm_start,0.000025,0,0.000024,0,0.000037,0,0.000030,0,True,True,True,True,True
rand_n10_m20_d3_s42,R_medium,TYPE_R,10,20,0.000169,7,warm_start_dual,0.000160,3,0.000072,3,0.000061,3,0.000092,3,True,True,True,True,True
rand_n10_m20_d3_s42,R_medium,TYPE_R,10,20,0.000257,7,warm_start_dual,0.000068,1,0.000058,1,0.000048,1,0.000064,1,True,True,True,True,True
rand_n10_m20_d3_s42,R_large,TYPE_R,10,20,0.000378,6,warm_start_dual,0.000058,2,0.000066,2,0.000081,7,0.000066,2,True,True,True,True,True
rand_n10_m20_d3_s42,R_medium,TYPE_R,10,20,0.000167,7,warm_start,0.000038,0,0.000029,0,0.000026,0,0.000024,0,True,True,True,True,True
rand_n10_m20_d3_s42,R_large,TYPE_R,10,20,0.000186,5,warm_start_dual,0.000050,1,0.000044,1,0.000062,3,0.000068,1,True,True,True,True,True
rand_n10_m20_d3_s42,R_large,TYPE_R,10,20,0.000491,9,warm_start_dual,0.000084,4,0.000166,4,0.000088,4,0.000072,4,True,True,True,True,True
rand_n10_m20_d3_s42,R_single,TYPE_R,10,20,0.000187,7,warm_start_dual,0.000055,1,0.000047,1,0.000051,2,0.000049,1,True,True,True,True,True
rand_n10_m20_d3_s42,R_single,TYPE_R,10,20,0.000155,8,warm_start,0.000029,0,0.000025,0,0.000025,0,0.000028,0,True,True,True,True,True
rand_n10_m20_d3_s42,R_single,TYPE_R,10,20,0.000192,7,warm_start,0.000029,0,0.000053,0,0.000034,0,0.000029,0,True,True,True,True,True
rand_n10_m20_d3_s42,R_all,TYPE_R,10,20,0.000167,8,warm_start_dual,0.000052,1,0.000045,1,0.000063,1,0.000066,1,True,True,True,True,True
rand_n10_m20_d3_s42,R_all,TYPE_R,10,20,0.000173,8,warm_start_dual,0.000049,1,0.000071,1,0.000052,1,0.000064,1,True,True,True,True,True
rand_n10_m20_d3_s42,C_small,TYPE_C,10,20,0.000168,8,warm_start,0.000028,0,0.000025,0,0.000035,0,0.000028,0,True,True,True,True,True
rand_n10_m20_d3_s42,C_small,TYPE_C,10,20,0.000158,8,warm_start,0.000022,0,0.000028,0,0.000025,0,0.000023,0,True,True,True,True,True
rand_n10_m20_d3_s42,C_small,TYPE_C,10,20,0.000182,8,warm_start,0.000028,0,0.000024,0,0.000031,0,0.000033,0,True,True,True,True,True
rand_n10_m20_d3_s42,C_medium,TYPE_C,10,20,0.000144,8,warm_start,0.000024,0,0.000022,0,0.000023,0,0.000022,0,True,True,True,True,True
rand_n10_m20_d3_s42,R_all,TYPE_R,10,20,0.000495,8,warm_start_dual,0.000206,1,0.000066,1,0.000069,1,0.000051,1,True,True,True,True,True
rand_n10_m20_d3_s42,C_medium,TYPE_C,10,20,0.000172,8,warm_start,0.000032,0,0.000026,0,0.000024,0,0.000035,0,True,True,True,True,True
rand_n10_m20_d3_s42,C_medium,TYPE_C,10,20,0.000607,8,warm_start,0.000028,0,0.000026,0,0.000035,0,0.000030,0,True,True,True,True,True
rand_n10_m20_d3_s42,C_large,TYPE_C,10,20,0.000152,9,warm_start,0.000024,0,0.000023,0,0.000026,0,0.000024,0,True,True,True,True,True
rand_n10_m20_d3_s42,C_large,TYPE_C,10,20,0.000153,8,warm_start,0.000027,0,0.000024,0,0.000025,0,0.000027,0,True,True,True,True,True
rand_n10_m20_d3_s123,R_small,TYPE_R,10,20,0.000161,7,warm_start,0.000034,0,0.000030,0,0.000023,0,0.000026,0,True,True,True,True,True
rand_n10_m20_d3_s42,C_large,TYPE_C,10,20,0.000191,10,warm_start,0.000041,1,0.000177,1,0.000060,1,0.000047,1,True,True,True,True,True
rand_n10_m20_d3_s123,R_small,TYPE_R,10,20,0.000155,7,warm_start_dual,0.000062,1,0.000053,1,0.000057,2,0.000045,1,True,True,True,True,True
rand_n10_m20_d3_s123,R_medium,TYPE_R,10,20,0.000183,7,warm_start_dual,0.000073,2,0.000054,2,0.000081,5,0.000056,2,True,True,True,True,True
rand_n10_m20_d3_s123,R_small,TYPE_R,10,20,0.000171,7,warm_start,0.000024,0,0.000034,0,0.000028,0,0.000031,0,True,True,True,True,True
rand_n10_m20_d3_s123,R_medium,TYPE_R,10,20,0.000320,7,warm_start_dual,0.000066,2,0.000052,2,0.000071,6,0.000207,2,True,True,True,True,True
rand_n10_m20_d3_s123,R_medium,TYPE_R,10,20,0.000168,7,warm_start_dual,0.000073,2,0.000054,2,0.000058,3,0.000055,2,True,True,True,True,True
rand_n10_m20_d3_s123,R_large,TYPE_R,10,20,0.000275,6,warm_start_dual,0.000076,3,0.000076,3,0.000068,7,0.000055,3,True,True,True,True,True
rand_n10_m20_d3_s123,R_single,TYPE_R,10,20,0.000156,7,warm_start,0.000031,0,0.000036,0,0.000028,0,0.000028,0,True,True,True,True,True
rand_n10_m20_d3_s123,R_large,TYPE_R,10,20,0.000162,7,warm_start_dual,0.000063,2,0.000175,2,0.000070,5,0.000060,2,True,True,True,True,True
rand_n10_m20_d3_s123,R_large,TYPE_R,10,20,0.000386,8,warm_start_dual,0.000074,5,0.000062,5,0.000081,7,0.000064,5,True,True,True,True,True
rand_n10_m20_d3_s123,R_single,TYPE_R,10,20,0.000166,7,warm_start_dual,0.000057,2,0.000076,2,0.000084,6,0.000059,2,True,True,True,True,True
rand_n10_m20_d3_s123,R_single,TYPE_R,10,20,0.000171,7,warm_start,0.000029,0,0.000030,0,0.000025,0,0.000029,0,True,True,True,True,True
rand_n10_m20_d3_s123,R_all,TYPE_R,10,20,0.000176,8,warm_start,0.000029,0,0.000024,0,0.000029,0,0.000032,0,True,True,True,True,True
rand_n10_m20_d3_s123,R_all,TYPE_R,10,20,0.000180,8,warm_start,0.000029,0,0.000026,0,0.000030,0,0.000035,0,True,True,True,True,True
rand_n10_m20_d3_s123,R_all,TYPE_R,10,20,0.000162,8,warm_start,0.000023,0,0.000035,0,0.000026,0,0.000023,0,True,True,True,True,True
rand_n10_m20_d3_s123,C_small,TYPE_C,10,20,0.000145,7,warm_start,0.000025,0,0.000024,0,0.000023,0,0.000025,0,True,True,True,True,True
rand_n10_m20_d3_s123,C_small,TYPE_C,10,20,0.000195,7,warm_start,0.000030,0,0.000027,0,0.000025,0,0.000023,0,True,True,True,True,True
rand_n10_m20_d3_s123,C_medium,TYPE_C,10,20,0.000154,7,warm_start,0.000027,0,0.000025,0,0.000029,0,0.000029,0,True,True,True,True,True
rand_n10_m20_d3_s123,C_medium,TYPE_C,10,20,0.000154,8,warm_start,0.000063,1,0.000060,1,0.000052,1,0.000041,1,True,True,True,True,True
rand_n10_m20_d3_s123,C_small,TYPE_C,10,20,0.000371,7,warm_start,0.000032,0,0.000025,0,0.000025,0,0.000023,0,True,True,True,True,True
rand_n10_m20_d3_s123,C_medium,TYPE_C,10,20,0.000193,7,warm_start,0.000029,0,0.000038,0,0.000033,0,0.000032,0,True,True,True,True,True
rand_n10_m20_d3_s123,C_large,TYPE_C,10,20,0.000188,8,warm_start,0.000059,2,0.000070,3,0.000046,2,0.000212,2,True,True,True,True,True
rand_n10_m20_d3_s123,C_large,TYPE_C,10,20,0.000171,8,warm_start,0.000204,1,0.000075,1,0.000053,1,0.000041,1,True,True,True,True,True
rand_n10_m20_d3_s123,C_large,TYPE_C,10,20,0.000171,7,warm_start,0.000040,1,0.000060,2,0.000070,1,0.000047,1,True,True,True,True,True
rand_n10_m20_d3_s456,R_small,TYPE_R,10,20,0.000156,3,warm_start,0.000031,0,0.000024,0,0.000023,0,0.000022,0,True,True,True,True,True
rand_n10_m20_d3_s456,R_small,TYPE_R,10,20,0.000179,3,warm_start,0.000040,0,0.000028,0,0.000026,0,0.000036,0,True,True,True,True,True
rand_n10_m20_d3_s456,R_medium,TYPE_R,10,20,0.000149,3,warm_start,0.000026,0,0.000026,0,0.000025,0,0.000023,0,True,True,True,True,True
rand_n10_m20_d3_s456,R_medium,TYPE_R,10,20,0.000169,2,warm_start_dual,0.000056,1,0.000063,1,0.000047,1,0.000142,1,True,True,True,True,True
rand_n10_m20_d3_s456,R_small,TYPE_R,10,20,0.000173,3,warm_start,0.000030,0,0.000031,0,0.000024,0,0.000196,0,True,True,True,True,True
rand_n10_m20_d3_s456,R_medium,TYPE_R,10,20,0.000173,3,warm_start,0.000025,0,0.000025,0,0.000024,0,0.000034,0,True,True,True,True,True
rand_n10_m20_d3_s456,R_large,TYPE_R,10,20,0.000153,2,warm_start_dual,0.000059,1,0.000047,1,0.000046,1,0.000042,1,True,True,True,True,True
rand_n10_m20_d3_s456,R_large,TYPE_R,10,20,0.000146,1,warm_start_dual,0.000047,2,0.000056,2,0.000065,2,0.000051,2,True,True,True,True,True
rand_n10_m20_d3_s456,R_large,TYPE_R,10,20,0.000178,2,warm_start_dual,0.000058,1,0.000046,1,0.000050,1,0.000042,1,True,True,True,True,True
rand_n10_m20_d3_s456,R_single,TYPE_R,10,20,0.000153,3,warm_start,0.000025,0,0.000029,0,0.000022,0,0.000027,0,True,True,True,True,True
rand_n10_m20_d3_s456,R_single,TYPE_R,10,20,0.000165,3,warm_start,0.000027,0,0.000024,0,0.000028,0,0.000135,0,True,True,True,True,True
rand_n10_m20_d3_s456,R_all,TYPE_R,10,20,0.000165,3,warm_start,0.000027,0,0.000024,0,0.000028,0,0.000033,0,True,True,True,True,True
rand_n10_m20_d3_s456,R_single,TYPE_R,10,20,0.000156,3,warm_start,0.000026,0,0.000035,0,0.000028,0,0.000030,0,True,True,True,True,True
rand_n10_m20_d3_s456,R_all,TYPE_R,10,20,0.000169,3,warm_start,0.000031,0,0.000024,0,0.000023,0,0.000033,0,True,True,True,True,True
rand_n10_m20_d3_s456,C_small,TYPE_C,10,20,0.000169,3,warm_start,0.000029,0,0.000024,0,0.000023,0,0.000027,0,True,True,True,True,True
rand_n10_m20_d3_s456,C_small,TYPE_C,10,20,0.000146,3,warm_start,0.000028,0,0.000023,0,0.000022,0,0.000022,0,True,True,True,True,True
rand_n10_m20_d3_s456,R_all,TYPE_R,10,20,0.000177,3,warm_start,0.000027,0,0.000029,0,0.000032,0,0.000036,0,True,True,True,True,True
rand_n10_m20_d3_s456,C_small,TYPE_C,10,20,0.000155,3,warm_start,0.000028,0,0.000035,0,0.000030,0,0.000025,0,True,True,True,True,True
rand_n10_m20_d3_s456,C_medium,TYPE_C,10,20,0.000137,3,warm_start,0.000023,0,0.000022,0,0.000026,0,0.000023,0,True,True,True,True,True
rand_n10_m20_d3_s456,C_large,TYPE_C,10,20,0.000139,3,warm_start,0.000026,0,0.000024,0,0.000031,0,0.000026,0,True,True,True,True,True
rand_n10_m20_d3_s456,C_large,TYPE_C,10,20,0.000145,3,warm_start,0.000025,0,0.000023,0,0.000024,0,0.000022,0,True,True,True,True,True
rand_n10_m20_d3_s456,C_medium,TYPE_C,10,20,0.000150,3,warm_start,0.000024,0,0.000085,0,0.000038,0,0.000027,0,True,True,True,True,True
rand_n10_m20_d3_s456,C_medium,TYPE_C,10,20,0.000165,3,warm_start,0.000026,0,0.000107,0,0.000035,0,0.000029,0,True,True,True,True,True
rand_n10_m20_d3_s789,R_small,TYPE_R,10,20,0.000160,5,warm_start,0.000025,0,0.000023,0,0.000028,0,0.000026,0,True,True,True,True,True
rand_n10_m20_d3_s789,R_small,TYPE_R,10,20,0.000202,5,warm_start,0.000029,0,0.000025,0,0.000034,0,0.000036,0,True,True,True,True,True
rand_n10_m20_d3_s456,C_large,TYPE_C,10,20,0.000156,3,warm_start,0.000025,0,0.000026,0,0.000079,0,0.000034,0,True,True,True,True,True
rand_n10_m20_d3_s789,R_medium,TYPE_R,10,20,0.000179,4,warm_start,0.000036,0,0.000034,0,0.000026,0,0.000024,0,True,True,True,True,True
rand_n10_m20_d3_s789,R_medium,TYPE_R,10,20,0.000158,5,warm_start,0.000024,0,0.000029,0,0.000027,0,0.000026,0,True,True,True,True,True
rand_n10_m20_d3_s789,R_medium,TYPE_R,10,20,0.000198,5,warm_start,0.000028,0,0.000031,0,0.000028,0,0.000030,0,True,True,True,True,True
rand_n10_m20_d3_s789,R_small,TYPE_R,10,20,0.000151,5,warm_start,0.000039,0,0.000082,0,0.000082,0,0.000036,0,True,True,True,True,True
rand_n10_m20_d3_s789,R_large,TYPE_R,10,20,0.000166,4,warm_start,0.000030,0,0.000025,0,0.000023,0,0.000023,0,True,True,True,True,True
rand_n10_m20_d3_s789,R_large,TYPE_R,10,20,0.000171,6,warm_start_dual,0.000060,2,0.000047,2,0.000064,3,0.000059,2,True,True,True,True,True
rand_n10_m20_d3_s789,R_single,TYPE_R,10,20,0.000162,5,warm_start,0.000024,0,0.000022,0,0.000026,0,0.000024,0,True,True,True,True,True
rand_n10_m20_d3_s789,R_large,TYPE_R,10,20,0.000190,4,warm_start,0.000081,0,0.000034,0,0.000045,0,0.000032,0,True,True,True,True,True
rand_n10_m20_d3_s789,R_single,TYPE_R,10,20,0.000189,5,warm_start,0.000028,0,0.000025,0,0.000024,0,0.000030,0,True,True,True,True,True
rand_n10_m20_d3_s789,R_single,TYPE_R,10,20,0.000488,5,warm_start,0.000036,0,0.000037,0,0.000033,0,0.000027,0,True,True,True,True,True
rand_n10_m20_d3_s789,C_small,TYPE_C,10,20,0.000168,5,warm_start,0.000028,0,0.000028,0,0.000024,0,0.000034,0,True,True,True,True,True
rand_n10_m20_d3_s789,R_all,TYPE_R,10,20,0.000164,6,warm_start_dual,0.000051,1,0.000064,1,0.000063,2,0.000063,1,True,True,True,True,True
rand_n10_m20_d3_s789,R_all,TYPE_R,10,20,0.000176,6,warm_start_dual,0.000059,1,0.000066,1,0.000064,2,0.000073,1,True,True,True,True,True
rand_n10_m20_d3_s789,C_small,TYPE_C,10,20,0.000168,5,warm_start,0.000035,0,0.000028,0,0.000029,0,0.000031,0,True,True,True,True,True
rand_n10_m20_d3_s789,R_all,TYPE_R,10,20,0.000173,6,warm_start_dual,0.000063,1,0.000059,1,0.000078,2,0.000056,1,True,True,True,True,True
rand_n10_m20_d3_s789,C_medium,TYPE_C,10,20,0.000151,5,warm_start,0.000022,0,0.000025,0,0.000024,0,0.000023,0,True,True,True,True,True
rand_n10_m20_d3_s789,C_medium,TYPE_C,10,20,0.000163,5,warm_start,0.000031,0,0.000036,0,0.000029,0,0.000028,0,True,True,True,True,True
rand_n10_m20_d3_s789,C_small,TYPE_C,10,20,0.000157,5,warm_start,0.000033,0,0.000026,0,0.000025,0,0.000023,0,True,True,True,True,True
rand_n10_m20_d3_s789,C_medium,TYPE_C,10,20,0.000189,5,warm_start,0.000039,0,0.000031,0,0.000029,0,0.000042,0,True,True,True,True,True
rand_n10_m20_d3_s789,C_large,TYPE_C,10,20,0.000160,5,warm_start,0.000026,0,0.000025,0,0.000025,0,0.000022,0,True,True,True,True,True
rand_n10_m20_d3_s1024,R_small,TYPE_R,10,20,0.000169,1,warm_start,0.000030,0,0.000037,0,0.000037,0,0.000041,0,True,True,True,True,True
rand_n10_m20_d3_s1024,R_small,TYPE_R,10,20,0.000164,1,warm_start,0.000028,0,0.000033,0,0.000027,0,0.000034,0,True,True,True,True,True
rand_n10_m20_d3_s789,C_large,TYPE_C,10,20,0.000198,5,warm_start,0.000029,0,0.000025,0,0.000024,0,0.000093,0,True,True,True,True,True
rand_n10_m20_d3_s789,C_large,TYPE_C,10,20,0.000170,5,warm_start,0.000070,0,0.000092,0,0.000034,0,0.000028,0,True,True,True,True,True
rand_n10_m20_d3_s1024,R_medium,TYPE_R,10,20,0.000153,1,warm_start,0.000027,0,0.000024,0,0.000023,0,0.000022,0,True,True,True,True,True
rand_n10_m20_d3_s1024,R_small,TYPE_R,10,20,0.000180,1,warm_start,0.000032,0,0.000025,0,0.000031,0,0.000089,0,True,True,True,True,True
rand_n10_m20_d3_s1024,R_medium,TYPE_R,10,20,0.000159,2,warm_start_dual,0.000063,1,0.000050,1,0.000053,2,0.000043,1,True,True,True,True,True
rand_n10_m20_d3_s1024,R_medium,TYPE_R,10,20,0.000171,2,warm_start,0.000027,0,0.000027,0,0.000036,0,0.000028,0,True,True,True,True,True
rand_n10_m20_d3_s1024,R_large,TYPE_R,10,20,0.000150,2,warm_start_dual,0.000064,2,0.000051,2,0.000067,2,0.000055,2,True,True,True,True,True
rand_n10_m20_d3_s1024,R_large,TYPE_R,10,20,0.000162,2,warm_start_dual,0.000068,1,0.000058,1,0.000049,1,0.000045,1,True,True,True,True,True
rand_n10_m20_d3_s1024,R_single,TYPE_R,10,20,0.000147,1,warm_start,0.000023,0,0.000027,0,0.000025,0,0.000025,0,True,True,True,True,True
rand_n10_m20_d3_s1024,R_large,TYPE_R,10,20,0.000156,0,warm_start,0.000027,0,0.000026,0,0.000026,0,0.000036,0,True,True,True,True,True
rand_n10_m20_d3_s1024,R_single,TYPE_R,10,20,0.000163,1,warm_start,0.000033,0,0.000026,0,0.000035,0,0.000030,0,True,True,True,True,True
rand_n10_m20_d3_s1024,R_all,TYPE_R,10,20,0.000143,1,warm_start,0.000024,0,0.000023,0,0.000022,0,0.000021,0,True,True,True,True,True
rand_n10_m20_d3_s1024,R_single,TYPE_R,10,20,0.000156,1,warm_start,0.000034,0,0.000028,0,0.000028,0,0.000026,0,True,True,True,True,True
rand_n10_m20_d3_s1024,R_all,TYPE_R,10,20,0.000169,1,warm_start,0.000026,0,0.000026,0,0.000023,0,0.000032,0,True,True,True,True,True
rand_n10_m20_d3_s1024,C_small,TYPE_C,10,20,0.000146,1,warm_start,0.000027,0,0.000023,0,0.000028,0,0.000023,0,True,True,True,True,True
rand_n10_m20_d3_s1024,C_small,TYPE_C,10,20,0.000143,1,warm_start,0.000037,0,0.000036,0,0.000025,0,0.000026,0,True,True,True,True,True
rand_n10_m20_d3_s1024,R_all,TYPE_R,10,20,0.000160,1,warm_start,0.000029,0,0.000025,0,0.000036,0,0.000029,0,True,True,True,True,True
rand_n10_m20_d3_s1024,C_medium,TYPE_C,10,20,0.000148,1,warm_start,0.000031,0,0.000024,0,0.000025,0,0.000023,0,True,True,True,True,True
rand_n10_m20_d3_s1024,C_medium,TYPE_C,10,20,0.000146,1,warm_start,0.000026,0,0.000025,0,0.000024,0,0.000042,0,True,True,True,True,True
rand_n10_m20_d3_s1024,C_small,TYPE_C,10,20,0.000434,1,warm_start,0.000031,0,0.000026,0,0.000025,0,0.000029,0,True,True,True,True,True
rand_n10_m20_d3_s1024,C_medium,TYPE_C,10,20,0.000179,1,warm_start,0.000027,0,0.000031,0,0.000034,0,0.000037,0,True,True,True,True,True
rand_n10_m20_d3_s1024,C_large,TYPE_C,10,20,0.000146,1,warm_start,0.000024,0,0.000023,0,0.000024,0,0.000025,0,True,True,True,True,True
rand_n10_m20_d3_s1024,C_large,TYPE_C,10,20,0.000165,2,warm_start,0.000046,1,0.000053,1,0.000049,1,0.000065,1,True,True,True,True,True
rand_n10_m20_d5_s42,R_small,TYPE_R,10,20,0.000201,10,warm_start,0.000028,0,0.000028,0,0.000026,0,0.000038,0,True,True,True,True,True
rand_n10_m20_d3_s1024,C_large,TYPE_C,10,20,0.000147,1,warm_start,0.000034,0,0.000029,0,0.000025,0,0.000024,0,True,True,True,True,True
rand_n10_m20_d5_s42,R_small,TYPE_R,10,20,0.000186,9,warm_start,0.000030,0,0.000040,0,0.000036,0,0.000027,0,True,True,True,True,True
rand_n10_m20_d5_s42,R_small,TYPE_R,10,20,0.000197,9,warm_start_dual,0.000058,1,0.000050,1,0.000066,2,0.000071,1,True,True,True,True,True
rand_n10_m20_d5_s42,R_medium,TYPE_R,10,20,0.000168,8,warm_start_dual,0.000063,1,0.000050,1,0.000056,3,0.000061,1,True,True,True,True,True
rand_n10_m20_d5_s42,R_medium,TYPE_R,10,20,0.000199,9,warm_start,0.000028,0,0.000026,0,0.000033,0,0.000028,0,True,True,True,True,True
rand_n10_m20_d5_s42,R_large,TYPE_R,10,20,0.000230,9,warm_start_dual,0.000064,1,0.000055,1,0.000066,3,0.000054,1,True,True,True,True,True
rand_n10_m20_d5_s42,R_large,TYPE_R,10,20,0.000195,7,warm_start_dual,0.000061,3,0.000068,3,0.000073,8,0.000087,3,True,True,True,True,True
rand_n10_m20_d5_s42,R_medium,TYPE_R,10,20,0.000189,9,warm_start_dual,0.000080,1,0.000056,1,0.000056,2,0.000051,1,True,True,True,True,True
rand_n10_m20_d5_s42,R_single,TYPE_R,10,20,0.000176,10,warm_start,0.000026,0,0.000025,0,0.000025,0,0.000026,0,True,True,True,True,True
rand_n10_m20_d5_s42,R_large,TYPE_R,10,20,0.000224,10,warm_start_dual,0.000070,2,0.000056,2,0.000061,3,0.000067,2,True,True,True,True,True
rand_n10_m20_d5_s42,R_single,TYPE_R,10,20,0.000209,10,warm_start,0.000029,0,0.000026,0,0.000025,0,0.000024,0,True,True,True,True,True
rand_n10_m20_d5_s42,R_all,TYPE_R,10,20,0.000159,9,warm_start,0.000024,0,0.000025,0,0.000036,0,0.000028,0,True,True,True,True,True
rand_n10_m20_d5_s42,R_single,TYPE_R,10,20,0.000199,9,warm_start_dual,0.000054,1,0.000315,1,0.000285,11,0.000078,1,True,True,True,True,True
rand_n10_m20_d5_s42,R_all,TYPE_R,10,20,0.000186,9,warm_start,0.000042,0,0.000031,0,0.000028,0,0.000027,0,True,True,True,True,True
rand_n10_m20_d5_s42,C_small,TYPE_C,10,20,0.000166,10,warm_start,0.000030,0,0.000026,0,0.000024,0,0.000024,0,True,True,True,True,True
rand_n10_m20_d5_s42,C_small,TYPE_C,10,20,0.000217,10,warm_start,0.000033,0,0.000031,0,0.000029,0,0.000081,0,True,True,True,True,True
rand_n10_m20_d5_s42,R_all,TYPE_R,10,20,0.000333,9,warm_start,0.000117,0,0.000085,0,0.000034,0,0.000027,0,True,True,True,True,True
rand_n10_m20_d5_s42,C_medium,TYPE_C,10,20,0.000170,10,warm_start,0.000033,0,0.000033,0,0.000029,0,0.000032,0,True,True,True,True,True
rand_n10_m20_d5_s42,C_small,TYPE_C,10,20,0.000309,10,warm_start,0.000041,0,0.000030,0,0.000031,0,0.000028,0,True,True,True,True,True
rand_n10_m20_d5_s42,C_medium,TYPE_C,10,20,0.000173,10,warm_start,0.000026,0,0.000030,0,0.000024,0,0.000023,0,True,True,True,True,True
rand_n10_m20_d5_s42,C_medium,TYPE_C,10,20,0.000192,7,warm_start,0.000072,2,0.000091,3,0.000076,2,0.000057,2,True,True,True,True,True
rand_n10_m20_d5_s42,C_large,TYPE_C,10,20,0.000200,9,warm_start,0.000065,3,0.000104,5,0.000067,3,0.000055,3,True,True,True,True,True
rand_n10_m20_d5_s42,C_large,TYPE_C,10,20,0.000193,6,warm_start,0.000061,2,0.000096,3,0.000049,2,0.000083,2,True,True,True,True,True
rand_n10_m20_d5_s42,C_large,TYPE_C,10,20,0.000281,7,warm_start,0.000057,1,0.000069,1,0.000074,1,0.000078,1,True,True,True,True,True
rand_n10_m20_d5_s123,R_small,TYPE_R,10,20,0.000131,8,warm_start,0.000027,0,0.000032,0,0.000034,0,0.000029,0,True,True,True,True,True
rand_n10_m20_d5_s123,R_small,TYPE_R,10,20,0.000133,9,warm_start,0.000032,0,0.000028,0,0.000042,0,0.000041,0,True,True,True,True,True
rand_n10_m20_d5_s123,R_small,TYPE_R,10,20,0.000130,9,warm_start,0.000040,0,0.000039,0,0.000030,0,0.000038,0,True,True,True,True,True
rand_n10_m20_d5_s123,R_medium,TYPE_R,10,20,0.000111,7,warm_start_dual,0.000088,4,0.000075,4,0.000077,3,0.000101,4,True,True,True,True,True
rand_n10_m20_d5_s123,R_medium,TYPE_R,10,20,0.000146,11,warm_start_dual,0.000070,3,0.000056,3,0.000063,5,0.000226,3,True,True,True,True,True
rand_n10_m20_d5_s123,R_medium,TYPE_R,10,20,0.000130,9,warm_start_dual,0.000084,3,0.000064,3,0.000061,4,0.000053,3,True,True,True,True,True
rand_n10_m20_d5_s123,R_large,TYPE_R,10,20,0.000138,12,warm_start_dual,0.000066,6,0.000092,6,0.000091,8,0.000071,6,True,True,True,True,True
rand_n10_m20_d5_s123,R_large,TYPE_R,10,20,0.000132,11,warm_start_dual,0.000064,7,0.000060,7,0.000101,7,0.000080,7,True,True,True,True,True
rand_n10_m20_d5_s123,R_single,TYPE_R,10,20,0.000114,9,warm_start_dual,0.000062,3,0.000075,3,0.000065,4,0.000055,3,True,True,True,True,True
rand_n10_m20_d5_s123,R_single,TYPE_R,10,20,0.000120,7,warm_start,0.000031,0,0.000029,0,0.000025,0,0.000034,0,True,True,True,True,True
rand_n10_m20_d5_s123,R_single,TYPE_R,10,20,0.000116,8,warm_start,0.000039,0,0.000030,0,0.000028,0,0.000032,0,True,True,True,True,True
rand_n10_m20_d5_s123,R_large,TYPE_R,10,20,0.000121,7,warm_start_dual,0.000077,5,0.000127,5,0.000076,5,0.000068,5,True,True,True,True,True
rand_n10_m20_d5_s123,R_all,TYPE_R,10,20,0.000113,8,warm_start,0.000025,0,0.000024,0,0.000027,0,0.000031,0,True,True,True,True,True
rand_n10_m20_d5_s123,R_all,TYPE_R,10,20,0.000161,8,warm_start,0.000037,0,0.000034,0,0.000027,0,0.000036,0,True,True,True,True,True
rand_n10_m20_d5_s123,R_all,TYPE_R,10,20,0.000136,8,warm_start,0.000030,0,0.000032,0,0.000032,0,0.000526,0,True,True,True,True,True
rand_n10_m20_d5_s123,C_small,TYPE_C,10,20,0.000114,8,warm_start,0.000027,0,0.000026,0,0.000025,0,0.000028,0,True,True,True,True,True
rand_n10_m20_d5_s123,C_medium,TYPE_C,10,20,0.000109,8,warm_start,0.000025,0,0.000027,0,0.000024,0,0.000027,0,True,True,True,True,True
rand_n10_m20_d5_s123,C_small,TYPE_C,10,20,0.000109,8,warm_start,0.000038,0,0.000038,0,0.000034,0,0.000026,0,True,True,True,True,True
rand_n10_m20_d5_s123,C_medium,TYPE_C,10,20,0.000122,9,warm_start,0.000046,1,0.000067,2,0.000051,1,0.000063,1,True,True,True,True,True
rand_n10_m20_d5_s123,C_small,TYPE_C,10,20,0.000473,8,warm_start,0.000038,0,0.000031,0,0.000028,0,0.000027,0,True,True,True,True,True
rand_n10_m20_d5_s123,C_medium,TYPE_C,10,20,0.000135,6,warm_start,0.000032,0,0.000029,0,0.000049,0,0.000029,0,True,True,True,True,True
rand_n10_m20_d5_s123,C_large,TYPE_C,10,20,0.000136,9,warm_start,0.000054,1,0.000082,2,0.000064,1,0.000057,1,True,True,True,True,True
rand_n10_m20_d5_s123,C_large,TYPE_C,10,20,0.000511,6,warm_start,0.000030,0,0.000030,0,0.000028,0,0.000034,0,True,True,True,True,True
rand_n10_m20_d5_s456,R_small,TYPE_R,10,20,0.000112,6,warm_start,0.000027,0,0.000024,0,0.000024,0,0.000022,0,True,True,True,True,True
rand_n10_m20_d5_s123,C_large,TYPE_C,10,20,0.000137,9,warm_start,0.000059,2,0.000069,3,0.000061,2,0.000045,2,True,True,True,True,True
rand_n10_m20_d5_s456,R_small,TYPE_R,10,20,0.000102,6,warm_start,0.000037,0,0.000031,0,0.000031,0,0.000031,0,True,True,True,True,True
rand_n10_m20_d5_s456,R_small,TYPE_R,10,20,0.000117,7,warm_start,0.000031,0,0.000044,0,0.000030,0,0.000027,0,True,True,True,True,True
rand_n10_m20_d5_s456,R_medium,TYPE_R,10,20,0.000140,7,warm_start_dual,0.000063,1,0.000063,1,0.000053,1,0.000056,1,True,True,True,True,True
rand_n10_m20_d5_s456,R_medium,TYPE_R,10,20,0.000113,7,warm_start,0.000027,0,0.000024,0,0.000033,0,0.000027,0,True,True,True,True,True
rand_n10_m20_d5_s456,R_large,TYPE_R,10,20,0.000118,7,warm_start,0.000029,0,0.000036,0,0.000041,0,0.000030,0,True,True,True,True,True
rand_n10_m20_d5_s456,R_large,TYPE_R,10,20,0.000122,10,warm_start_dual,0.000077,4,0.000068,4,0.000074,9,0.000056,4,True,True,True,True,True
rand_n10_m20_d5_s456,R_medium,TYPE_R,10,20,0.000125,7,warm_start,0.000030,0,0.000027,0,0.000027,0,0.000040,0,True,True,True,True,True
rand_n10_m20_d5_s456,R_single,TYPE_R,10,20,0.000117,6,warm_start,0.000029,0,0.000025,0,0.000032,0,0.000042,0,True,True,True,True,True
rand_n10_m20_d5_s456,R_single,TYPE_R,10,20,0.000132,6,warm_start,0.000036,0,0.000033,0,0.000025,0,0.000040,0,True,True,True,True,True
rand_n10_m20_d5_s456,R_single,TYPE_R,10,20,0.000128,6,warm_start,0.000031,0,0.000031,0,0.000026,0,0.000024,0,True,True,True,True,True
rand_n10_m20_d5_s456,R_all,TYPE_R,10,20,0.000113,6,warm_start,0.000031,0,0.000035,0,0.000029,0,0.000030,0,True,True,True,True,True
rand_n10_m20_d5_s456,R_all,TYPE_R,10,20,0.000111,6,warm_start,0.000038,0,0.000036,0,0.000028,0,0.000028,0,True,True,True,True,True
rand_n10_m20_d5_s456,R_all,TYPE_R,10,20,0.000113,6,warm_start,0.000034,0,0.000028,0,0.000032,0,0.000028,0,True,True,True,True,True
rand_n10_m20_d5_s456,R_large,TYPE_R,10,20,0.000124,5,warm_start_dual,0.000072,1,0.000084,1,0.000071,3,0.000070,1,True,True,True,True,True
rand_n10_m20_d5_s456,C_small,TYPE_C,10,20,0.000101,6,warm_start,0.000032,0,0.000026,0,0.000024,0,0.000026,0,True,True,True,True,True
rand_n10_m20_d5_s456,C_small,TYPE_C,10,20,0.000144,6,warm_start,0.000035,0,0.000028,0,0.000028,0,0.000031,0,True,True,True,True,True
rand_n10_m20_d5_s456,C_small,TYPE_C,10,20,0.000116,6,warm_start,0.000029,0,0.000043,0,0.000031,0,0.000037,0,True,True,True,True,True
rand_n10_m20_d5_s456,C_medium,TYPE_C,10,20,0.000186,6,warm_start,0.000050,0,0.000031,0,0.000026,0,0.000025,0,True,True,True,True,True
rand_n10_m20_d5_s456,C_medium,TYPE_C,10,20,0.000116,6,warm_start,0.000027,0,0.000030,0,0.000050,0,0.000031,0,True,True,True,True,True
rand_n10_m20_d5_s456,C_medium,TYPE_C,10,20,0.000133,6,warm_start,0.000028,0,0.000026,0,0.000025,0,0.000041,0,True,True,True,True,True
rand_n10_m20_d5_s456,C_large,TYPE_C,10,20,0.000153,6,warm_start,0.000038,0,0.000037,0,0.000029,0,0.000027,0,True,True,True,True,True
rand_n10_m20_d5_s789,R_small,TYPE_R,10,20,0.000143,7,warm_start_dual,0.000062,1,0.000052,1,0.000055,2,0.000061,1,True,True,True,True,True
rand_n10_m20_d5_s456,C_large,TYPE_C,10,20,0.000115,6,warm_start,0.000025,0,0.000037,0,0.000030,0,0.000026,0,True,True,True,True,True
rand_n10_m20_d5_s789,R_small,TYPE_R,10,20,0.000126,6,warm_start_dual,0.000062,1,0.000052,1,0.000077,2,0.000172,1,True,True,True,True,True
rand_n10_m20_d5_s456,C_large,TYPE_C,10,20,0.000119,6,warm_start,0.000036,0,0.000029,0,0.000028,0,0.000041,0,True,True,True,True,True
rand_n10_m20_d5_s789,R_small,TYPE_R,10,20,0.000117,8,warm_start_dual,0.000073,1,0.000059,1,0.000066,5,0.000053,1,True,True,True,True,True
rand_n10_m20_d5_s789,R_medium,TYPE_R,10,20,0.000123,7,warm_start_dual,0.000081,1,0.000056,1,0.000067,5,0.000060,1,True,True,True,True,True
rand_n10_m20_d5_s789,R_medium,TYPE_R,10,20,0.000128,10,warm_start_dual,0.000062,3,0.000084,3,0.000076,5,0.000060,3,True,True,True,True,True
rand_n10_m20_d5_s789,R_medium,TYPE_R,10,20,0.000146,8,warm_start_dual,0.000073,3,0.000056,3,0.000072,4,0.000059,3,True,True,True,True,True
rand_n10_m20_d5_s789,R_large,TYPE_R,10,20,0.000835,7,warm_start_dual,0.000074,4,0.000060,4,0.000069,7,0.000071,4,True,True,True,True,True
rand_n10_m20_d5_s789,R_large,TYPE_R,10,20,0.000136,12,warm_start_dual,0.000069,7,0.000065,7,0.000079,10,0.000064,7,True,True,True,True,True
rand_n10_m20_d5_s789,R_large,TYPE_R,10,20,0.000123,8,warm_start_dual,0.000086,6,0.000066,6,0.000099,11,0.000062,6,True,True,True,True,True
rand_n10_m20_d5_s789,R_single,TYPE_R,10,20,0.000126,8,warm_start,0.000026,0,0.000038,0,0.000030,0,0.000027,0,True,True,True,True,True
rand_n10_m20_d5_s789,R_single,TYPE_R,10,20,0.000122,8,warm_start,0.000027,0,0.000027,0,0.000028,0,0.000033,0,True,True,True,True,True
rand_n10_m20_d5_s789,R_all,TYPE_R,10,20,0.000171,7,warm_start,0.000038,0,0.000030,0,0.000028,0,0.000026,0,True,True,True,True,True
rand_n10_m20_d5_s789,R_all,TYPE_R,10,20,0.000133,7,warm_start,0.000030,0,0.000037,0,0.000029,0,0.000032,0,True,True,True,True,True
rand_n10_m20_d5_s789,R_single,TYPE_R,10,20,0.000135,7,warm_start_dual,0.000064,1,0.000055,1,0.000229,5,0.000215,1,True,True,True,True,True
rand_n10_m20_d5_s789,R_all,TYPE_R,10,20,0.000254,7,warm_start,0.000041,0,0.000034,0,0.000029,0,0.000039,0,True,True,True,True,True
rand_n10_m20_d5_s789,C_small,TYPE_C,10,20,0.000133,8,warm_start,0.000117,0,0.000036,0,0.000032,0,0.000028,0,True,True,True,True,True
rand_n10_m20_d5_s789,C_small,TYPE_C,10,20,0.000125,8,warm_start,0.000047,1,0.000067,2,0.000044,1,0.000068,1,True,True,True,True,True
rand_n10_m20_d5_s789,C_medium,TYPE_C,10,20,0.000113,8,warm_start,0.000032,0,0.000030,0,0.000027,0,0.000028,0,True,True,True,True,True
rand_n10_m20_d5_s789,C_medium,TYPE_C,10,20,0.000115,8,warm_start,0.000043,1,0.000083,2,0.000056,1,0.000048,1,True,True,True,True,True
rand_n10_m20_d5_s789,C_large,TYPE_C,10,20,0.000136,9,warm_start,0.000053,1,0.000067,2,0.000043,1,0.000054,1,True,True,True,True,True
rand_n10_m20_d5_s789,C_medium,TYPE_C,10,20,0.000120,8,warm_start,0.000054,2,0.000075,2,0.000069,2,0.000072,2,True,True,True,True,True
rand_n10_m20_d5_s789,C_small,TYPE_C,10,20,0.000154,8,warm_start,0.000078,1,0.000088,2,0.000055,1,0.000051,1,True,True,True,True,True
rand_n10_m20_d5_s789,C_large,TYPE_C,10,20,0.000116,8,warm_start,0.000077,2,0.000087,3,0.000048,2,0.000052,2,True,True,True,True,True
rand_n10_m20_d5_s789,C_large,TYPE_C,10,20,0.000131,8,warm_start,0.000060,2,0.000088,3,0.000072,2,0.000055,2,True,True,True,True,True
rand_n10_m20_d5_s1024,R_small,TYPE_R,10,20,0.000171,7,warm_start,0.000025,0,0.000026,0,0.000029,0,0.000026,0,True,True,True,True,True
rand_n10_m20_d5_s1024,R_small,TYPE_R,10,20,0.000179,8,warm_start_dual,0.000072,1,0.000073,1,0.000056,1,0.000051,1,True,True,True,True,True
rand_n10_m20_d5_s1024,R_small,TYPE_R,10,20,0.000190,7,warm_start,0.000028,0,0.000026,0,0.000026,0,0.000037,0,True,True,True,True,True
rand_n10_m20_d5_s1024,R_medium,TYPE_R,10,20,0.000219,8,warm_start_dual,0.000065,1,0.000053,1,0.000052,1,0.000058,1,True,True,True,True,True
rand_n10_m20_d5_s1024,R_medium,TYPE_R,10,20,0.000190,7,warm_start,0.000029,0,0.000033,0,0.000040,0,0.000041,0,True,True,True,True,True
rand_n10_m20_d5_s1024,R_medium,TYPE_R,10,20,0.000188,8,warm_start_dual,0.000079,1,0.000062,1,0.000053,1,0.000056,1,True,True,True,True,True
rand_n10_m20_d5_s1024,R_large,TYPE_R,10,20,0.000200,9,warm_start_dual,0.000055,1,0.000049,1,0.000059,1,0.000199,1,True,True,True,True,True
rand_n10_m20_d5_s1024,R_large,TYPE_R,10,20,0.000209,8,warm_start_dual,0.000079,1,0.000064,1,0.000055,1,0.000075,1,True,True,True,True,True
rand_n10_m20_d5_s1024,R_single,TYPE_R,10,20,0.000191,7,warm_start,0.000030,0,0.000031,0,0.000031,0,0.000040,0,True,True,True,True,True
rand_n10_m20_d5_s1024,R_single,TYPE_R,10,20,0.000202,7,warm_start,0.000033,0,0.000029,0,0.000114,0,0.000041,0,True,True,True,True,True
rand_n10_m20_d5_s1024,R_large,TYPE_R,10,20,0.000197,10,warm_start_dual,0.000068,1,0.000178,1,0.000091,3,0.000067,1,True,True,True,True,True
rand_n10_m20_d5_s1024,R_all,TYPE_R,10,20,0.000177,7,warm_start,0.000027,0,0.000025,0,0.000024,0,0.000036,0,True,True,True,True,True
rand_n10_m20_d5_s1024,R_all,TYPE_R,10,20,0.000173,7,warm_start,0.000027,0,0.000025,0,0.000027,0,0.000029,0,True,True,True,True,True
rand_n10_m20_d5_s1024,R_single,TYPE_R,10,20,0.000202,7,warm_start,0.000036,0,0.000040,0,0.000069,0,0.000097,0,True,True,True,True,True
rand_n10_m20_d5_s1024,R_all,TYPE_R,10,20,0.000204,7,warm_start,0.000036,0,0.000029,0,0.000027,0,0.000039,0,True,True,True,True,True
rand_n10_m20_d5_s1024,C_small,TYPE_C,10,20,0.000210,7,warm_start,0.000037,0,0.000042,0,0.000030,0,0.000027,0,True,True,True,True,True
rand_n10_m20_d5_s1024,C_small,TYPE_C,10,20,0.000172,7,warm_start,0.000026,0,0.000028,0,0.000029,0,0.000026,0,True,True,True,True,True
rand_n10_m20_d5_s1024,C_medium,TYPE_C,10,20,0.000168,7,warm_start,0.000038,0,0.000030,0,0.000031,0,0.000025,0,True,True,True,True,True
rand_n10_m20_d5_s1024,C_medium,TYPE_C,10,20,0.000199,7,warm_start,0.000035,0,0.000028,0,0.000027,0,0.000025,0,True,True,True,True,True
rand_n10_m20_d5_s1024,C_medium,TYPE_C,10,20,0.000185,7,warm_start,0.000026,0,0.000037,0,0.000045,0,0.000036,0,True,True,True,True,True
rand_n10_m20_d5_s1024,C_large,TYPE_C,10,20,0.000181,9,warm_start,0.000050,2,0.000071,3,0.000044,2,0.000055,2,True,True,True,True,True
rand_n10_m20_d5_s1024,C_small,TYPE_C,10,20,0.000446,7,warm_start,0.000041,0,0.000031,0,0.000028,0,0.000040,0,True,True,True,True,True
rand_n10_m20_d5_s1024,C_large,TYPE_C,10,20,0.000199,7,warm_start,0.000031,0,0.000098,0,0.000038,0,0.000097,0,True,True,True,True,True
rand_n10_m20_d5_s1024,C_large,TYPE_C,10,20,0.000429,7,warm_start,0.000034,0,0.000038,0,0.000030,0,0.000029,0,True,True,True,True,True
rand_n10_m20_d8_s42,R_small,TYPE_R,10,20,0.000152,14,warm_start,0.000032,0,0.000037,0,0.000034,0,0.000038,0,True,True,True,True,True
rand_n10_m20_d8_s42,R_small,TYPE_R,10,20,0.000403,14,warm_start,0.000042,0,0.000031,0,0.000028,0,0.000026,0,True,True,True,True,True
rand_n10_m20_d8_s42,R_medium,TYPE_R,10,20,0.000153,15,warm_start_dual,0.000061,1,0.000056,1,0.000065,5,0.000049,1,True,True,True,True,True
rand_n10_m20_d8_s42,R_small,TYPE_R,10,20,0.000198,13,warm_start,0.000039,0,0.000033,0,0.000034,0,0.000039,0,True,True,True,True,True
rand_n10_m20_d8_s42,R_medium,TYPE_R,10,20,0.000249,14,warm_start,0.000035,0,0.000029,0,0.000027,0,0.000041,0,True,True,True,True,True
rand_n10_m20_d8_s42,R_large,TYPE_R,10,20,0.000230,15,warm_start_dual,0.000064,3,0.000057,3,0.000113,16,0.000065,3,True,True,True,True,True
rand_n10_m20_d8_s42,R_medium,TYPE_R,10,20,0.000150,15,warm_start_dual,0.000205,2,0.000089,2,0.000081,2,0.000066,2,True,True,True,True,True
rand_n10_m20_d8_s42,R_single,TYPE_R,10,20,0.000138,13,warm_start,0.000038,0,0.000030,0,0.000029,0,0.000026,0,True,True,True,True,True
rand_n10_m20_d8_s42,R_large,TYPE_R,10,20,0.000161,11,warm_start_dual,0.000080,3,0.000076,3,0.000093,12,0.000060,3,True,True,True,True,True
rand_n10_m20_d8_s42,R_single,TYPE_R,10,20,0.000145,15,warm_start_dual,0.000064,1,0.000079,1,0.000069,3,0.000067,1,True,True,True,True,True
rand_n10_m20_d8_s42,R_large,TYPE_R,10,20,0.000161,12,warm_start_dual,0.000078,2,0.000057,2,0.000063,2,0.000175,2,True,True,True,True,True
rand_n10_m20_d8_s42,R_all,TYPE_R,10,20,0.000189,13,warm_start,0.000046,0,0.000037,0,0.000036,0,0.000031,0,True,True,True,True,True
rand_n10_m20_d8_s42,R_all,TYPE_R,10,20,0.000144,13,warm_start,0.000039,0,0.000032,0,0.000029,0,0.000033,0,True,True,True,True,True
rand_n10_m20_d8_s42,R_single,TYPE_R,10,20,0.000153,11,warm_start,0.000044,0,0.000045,0,0.000039,0,0.000031,0,True,True,True,True,True
rand_n10_m20_d8_s42,C_small,TYPE_C,10,20,0.000132,13,warm_start,0.000026,0,0.000028,0,0.000026,0,0.000025,0,True,True,True,True,True
rand_n10_m20_d8_s42,C_small,TYPE_C,10,20,0.000140,14,warm_start,0.000035,0,0.000030,0,0.000029,0,0.000027,0,True,True,True,True,True
rand_n10_m20_d8_s42,R_all,TYPE_R,10,20,0.000141,13,warm_start,0.000037,0,0.000108,0,0.000038,0,0.000031,0,True,True,True,True,True
rand_n10_m20_d8_s42,C_medium,TYPE_C,10,20,0.000138,13,warm_start,0.000030,0,0.000027,0,0.000028,0,0.000025,0,True,True,True,True,True
rand_n10_m20_d8_s42,C_small,TYPE_C,10,20,0.000158,13,warm_start,0.000039,0,0.000034,0,0.000040,0,0.000035,0,True,True,True,True,True
rand_n10_m20_d8_s42,C_medium,TYPE_C,10,20,0.000159,12,warm_start,0.000129,0,0.000042,0,0.000049,0,0.000034,0,True,True,True,True,True
rand_n10_m20_d8_s42,C_medium,TYPE_C,10,20,0.000152,13,warm_start,0.000191,1,0.000066,1,0.000070,1,0.000051,1,True,True,True,True,True
rand_n10_m20_d8_s42,C_large,TYPE_C,10,20,0.000160,12,warm_start,0.000029,0,0.000036,0,0.000040,0,0.000032,0,True,True,True,True,True
rand_n10_m20_d8_s42,C_large,TYPE_C,10,20,0.000141,13,warm_start,0.000051,1,0.000061,1,0.000061,1,0.000046,1,True,True,True,True,True
rand_n10_m20_d8_s42,C_large,TYPE_C,10,20,0.000133,11,warm_start,0.000068,1,0.000066,1,0.000053,1,0.000058,1,True,True,True,True,True
rand_n10_m20_d8_s123,R_small,TYPE_R,10,20,0.000157,13,warm_start,0.000028,0,0.000040,0,0.000032,0,0.000032,0,True,True,True,True,True
rand_n10_m20_d8_s123,R_small,TYPE_R,10,20,0.000226,14,warm_start,0.000034,0,0.000041,0,0.000032,0,0.000030,0,True,True,True,True,True
rand_n10_m20_d8_s123,R_small,TYPE_R,10,20,0.000152,12,warm_start_dual,0.000081,1,0.000058,1,0.000203,1,0.000083,1,True,True,True,True,True
rand_n10_m20_d8_s123,R_medium,TYPE_R,10,20,0.000145,11,warm_start_dual,0.000059,3,0.000055,3,0.000091,7,0.000068,3,True,True,True,True,True
rand_n10_m20_d8_s123,R_medium,TYPE_R,10,20,0.000150,14,warm_start_dual,0.000063,2,0.000083,2,0.000065,2,0.000076,2,True,True,True,True,True
rand_n10_m20_d8_s123,R_medium,TYPE_R,10,20,0.000143,12,warm_start_dual,0.000078,2,0.000068,2,0.000069,2,0.000053,2,True,True,True,True,True
rand_n10_m20_d8_s123,R_large,TYPE_R,10,20,0.000143,11,warm_start_dual,0.000068,2,0.000065,2,0.000264,14,0.000088,2,True,True,True,True,True
rand_n10_m20_d8_s123,R_large,TYPE_R,10,20,0.000170,12,warm_start_dual,0.000070,3,0.000069,3,0.000087,6,0.000090,3,True,True,True,True,True
rand_n10_m20_d8_s123,R_large,TYPE_R,10,20,0.000134,12,warm_start_dual,0.000067,3,0.000061,3,0.000073,2,0.000063,3,True,True,True,True,True
rand_n10_m20_d8_s123,R_single,TYPE_R,10,20,0.000147,14,warm_start,0.000030,0,0.000036,0,0.000030,0,0.000037,0,True,True,True,True,True
rand_n10_m20_d8_s123,R_single,TYPE_R,10,20,0.000436,12,warm_start_dual,0.000077,2,0.000061,2,0.000059,2,0.000054,2,True,True,True,True,True
rand_n10_m20_d8_s123,R_all,TYPE_R,10,20,0.000133,10,warm_start_dual,0.000055,2,0.000067,2,0.000090,4,0.000063,2,True,True,True,True,True
rand_n10_m20_d8_s123,R_single,TYPE_R,10,20,0.000149,11,warm_start_dual,0.000203,1,0.000065,1,0.000058,2,0.000052,1,True,True,True,True,True
rand_n10_m20_d8_s123,R_all,TYPE_R,10,20,0.000150,10,warm_start_dual,0.000058,2,0.000055,2,0.000083,4,0.000066,2,True,True,True,True,True
rand_n10_m20_d8_s123,C_small,TYPE_C,10,20,0.000136,12,warm_start,0.000036,0,0.000030,0,0.000028,0,0.000026,0,True,True,True,True,True
rand_n10_m20_d8_s123,C_small,TYPE_C,10,20,0.000129,12,warm_start,0.000030,0,0.000028,0,0.000027,0,0.000025,0,True,True,True,True,True
rand_n10_m20_d8_s123,C_small,TYPE_C,10,20,0.000144,11,warm_start,0.000027,0,0.000040,0,0.000031,0,0.000027,0,True,True,True,True,True
rand_n10_m20_d8_s123,C_medium,TYPE_C,10,20,0.000137,11,warm_start,0.000046,1,0.000067,2,0.000055,1,0.000067,1,True,True,True,True,True
rand_n10_m20_d8_s123,R_all,TYPE_R,10,20,0.000147,10,warm_start_dual,0.000058,2,0.000053,2,0.000060,4,0.000073,2,True,True,True,True,True
rand_n10_m20_d8_s123,C_medium,TYPE_C,10,20,0.000150,10,warm_start,0.000039,0,0.000049,0,0.000032,0,0.000044,0,True,True,True,True,True
rand_n10_m20_d8_s123,C_medium,TYPE_C,10,20,0.000152,10,warm_start,0.000041,0,0.000039,0,0.000041,0,0.000034,0,True,True,True,True,True
rand_n10_m20_d8_s123,C_large,TYPE_C,10,20,0.000139,10,warm_start,0.000031,0,0.000041,0,0.000032,0,0.000031,0,True,True,True,True,True
rand_n10_m20_d8_s123,C_large,TYPE_C,10,20,0.000161,11,warm_start,0.000054,4,0.000072,3,0.000083,4,0.000080,4,True,True,True,True,True
rand_n10_m20_d8_s456,R_small,TYPE_R,10,20,0.000118,10,warm_start,0.000029,0,0.000030,0,0.000026,0,0.000025,0,True,True,True,True,True
rand_n10_m20_d8_s123,C_large,TYPE_C,10,20,0.000148,9,warm_start,0.000057,2,0.000098,2,0.000077,2,0.000072,2,True,True,True,True,True
rand_n10_m20_d8_s456,R_small,TYPE_R,10,20,0.000150,10,warm_start,0.000032,0,0.000041,0,0.000031,0,0.000039,0,True,True,True,True,True
rand_n10_m20_d8_s456,R_small,TYPE_R,10,20,0.000150,9,warm_start,0.000032,0,0.000039,0,0.000046,0,0.000038,0,True,True,True,True,True
rand_n10_m20_d8_s456,R_medium,TYPE_R,10,20,0.000164,12,warm_start_dual,0.000067,2,0.000066,2,0.000105,7,0.000065,2,True,True,True,True,True
rand_n10_m20_d8_s456,R_medium,TYPE_R,10,20,0.000136,9,warm_start_dual,0.000055,1,0.000052,1,0.000083,3,0.000063,1,True,True,True,True,True
rand_n10_m20_d8_s456,R_large,TYPE_R,10,20,0.000153,10,warm_start_dual,0.000082,4,0.000068,4,0.000074,6,0.000083,4,True,True,True,True,True
rand_n10_m20_d8_s456,R_large,TYPE_R,10,20,0.000134,11,warm_start_dual,0.000060,2,0.000090,2,0.000084,6,0.000059,2,True,True,True,True,True
rand_n10_m20_d8_s456,R_large,TYPE_R,10,20,0.000146,7,warm_start_dual,0.000362,3,0.000080,3,0.000109,14,0.000063,3,True,True,True,True,True
rand_n10_m20_d8_s456,R_medium,TYPE_R,10,20,0.000160,12,warm_start,0.000036,0,0.000031,0,0.000111,0,0.000033,0,True,True,True,True,True
rand_n10_m20_d8_s456,R_single,TYPE_R,10,20,0.000137,9,warm_start,0.000044,0,0.000035,0,0.000032,0,0.000040,0,True,True,True,True,True
rand_n10_m20_d8_s456,R_single,TYPE_R,10,20,0.000126,9,warm_start,0.000029,0,0.000026,0,0.000025,0,0.000034,0,True,True,True,True,True
rand_n10_m20_d8_s456,R_single,TYPE_R,10,20,0.000149,9,warm_start,0.000032,0,0.000028,0,0.000027,0,0.000031,0,True,True,True,True,True
rand_n10_m20_d8_s456,R_all,TYPE_R,10,20,0.000145,10,warm_start,0.000034,0,0.000029,0,0.000038,0,0.000162,0,True,True,True,True,True
rand_n10_m20_d8_s456,R_all,TYPE_R,10,20,0.000149,10,warm_start,0.000029,0,0.000035,0,0.000041,0,0.000031,0,True,True,True,True,True
rand_n10_m20_d8_s456,C_small,TYPE_C,10,20,0.000128,9,warm_start,0.000029,0,0.000026,0,0.000026,0,0.000031,0,True,True,True,True,True
rand_n10_m20_d8_s456,C_medium,TYPE_C,10,20,0.000126,9,warm_start,0.000027,0,0.000033,0,0.000029,0,0.000027,0,True,True,True,True,True
rand_n10_m20_d8_s456,R_all,TYPE_R,10,20,0.000162,10,warm_start,0.000034,0,0.000030,0,0.000042,0,0.000108,0,True,True,True,True,True
rand_n10_m20_d8_s456,C_small,TYPE_C,10,20,0.000135,8,warm_start,0.000030,0,0.000039,0,0.000035,0,0.000039,0,True,True,True,True,True
rand_n10_m20_d8_s456,C_medium,TYPE_C,10,20,0.000160,10,warm_start,0.000035,0,0.000034,0,0.000039,0,0.000031,0,True,True,True,True,True
rand_n10_m20_d8_s456,C_medium,TYPE_C,10,20,0.000151,10,warm_start,0.000058,2,0.000085,1,0.000056,2,0.000059,2,True,True,True,True,True
rand_n10_m20_d8_s456,C_small,TYPE_C,10,20,0.000145,9,warm_start,0.000037,0,0.000032,0,0.000027,0,0.000040,0,True,True,True,True,True
rand_n10_m20_d8_s456,C_large,TYPE_C,10,20,0.000137,9,warm_start,0.000036,0,0.000036,0,0.000033,0,0.000042,0,True,True,True,True,True
rand_n10_m20_d8_s456,C_large,TYPE_C,10,20,0.000130,8,warm_start,0.000050,2,0.000090,2,0.000057,2,0.000050,2,True,True,True,True,True
rand_n10_m20_d8_s456,C_large,TYPE_C,10,20,0.000151,9,warm_start,0.000038,0,0.000110,0,0.000094,0,0.000046,0,True,True,True,True,True
rand_n10_m20_d8_s789,R_small,TYPE_R,10,20,0.000141,14,warm_start,0.000029,0,0.000027,0,0.000026,0,0.000033,0,True,True,True,True,True
rand_n10_m20_d8_s789,R_small,TYPE_R,10,20,0.000144,13,warm_start,0.000028,0,0.000027,0,0.000036,0,0.000031,0,True,True,True,True,True
rand_n10_m20_d8_s789,R_medium,TYPE_R,10,20,0.000169,14,warm_start_dual,0.000072,2,0.000060,2,0.000075,5,0.000055,2,True,True,True,True,True
rand_n10_m20_d8_s789,R_medium,TYPE_R,10,20,0.000143,12,warm_start_dual,0.000057,2,0.000087,2,0.000089,4,0.000072,2,True,True,True,True,True
rand_n10_m20_d8_s789,R_medium,TYPE_R,10,20,0.000159,14,warm_start,0.000040,0,0.000034,0,0.000037,0,0.000032,0,True,True,True,True,True
rand_n10_m20_d8_s789,R_small,TYPE_R,10,20,0.000150,14,warm_start,0.000033,0,0.000129,0,0.000043,0,0.000035,0,True,True,True,True,True
rand_n10_m20_d8_s789,R_large,TYPE_R,10,20,0.000151,12,warm_start_dual,0.000103,7,0.000102,7,0.000132,19,0.000081,7,True,True,True,True,True
rand_n10_m20_d8_s789,R_large,TYPE_R,10,20,0.000140,12,warm_start_dual,0.000092,6,0.000077,6,0.000103,13,0.000070,6,True,True,True,True,True
rand_n10_m20_d8_s789,R_large,TYPE_R,10,20,0.000143,9,warm_start_dual,0.000086,5,0.000071,5,0.000091,11,0.000090,5,True,True,True,True,True
rand_n10_m20_d8_s789,R_single,TYPE_R,10,20,0.000162,14,warm_start,0.000031,0,0.000051,0,0.000033,0,0.000030,0,True,True,True,True,True
rand_n10_m20_d8_s789,R_all,TYPE_R,10,20,0.000137,14,warm_start,0.000036,0,0.000029,0,0.000027,0,0.000026,0,True,True,True,True,True
rand_n10_m20_d8_s789,R_single,TYPE_R,10,20,0.000178,14,warm_start,0.000042,0,0.000040,0,0.000029,0,0.000040,0,True,True,True,True,True
rand_n10_m20_d8_s789,R_all,TYPE_R,10,20,0.000144,14,warm_start,0.000095,0,0.000047,0,0.000032,0,0.000037,0,True,True,True,True,True
rand_n10_m20_d8_s789,R_all,TYPE_R,10,20,0.000180,14,warm_start,0.000038,0,0.000072,0,0.000039,0,0.000032,0,True,True,True,True,True
rand_n10_m20_d8_s789,R_single,TYPE_R,10,20,0.000430,11,warm_start_dual,0.000086,2,0.000063,2,0.000089,4,0.000194,2,True,True,True,True,True
rand_n10_m20_d8_s789,C_small,TYPE_C,10,20,0.000160,13,warm_start,0.000034,0,0.000031,0,0.000036,0,0.000041,0,True,True,True,True,True
rand_n10_m20_d8_s789,C_small,TYPE_C,10,20,0.000155,15,warm_start,0.000057,1,0.000073,1,0.000048,1,0.000045,1,True,True,True,True,True
rand_n10_m20_d8_s789,C_small,TYPE_C,10,20,0.000140,14,warm_start,0.000030,0,0.000029,0,0.000028,0,0.000037,0,True,True,True,True,True
rand_n10_m20_d8_s789,C_medium,TYPE_C,10,20,0.000148,12,warm_start,0.000061,1,0.000088,3,0.000049,1,0.000045,1,True,True,True,True,True
rand_n10_m20_d8_s789,C_medium,TYPE_C,10,20,0.000148,14,warm_start,0.000044,1,0.000094,2,0.000054,1,0.000045,1,True,True,True,True,True
rand_n10_m20_d8_s789,C_large,TYPE_C,10,20,0.000137,13,warm_start,0.000057,1,0.000076,2,0.000046,1,0.000047,1,True,True,True,True,True
rand_n10_m20_d8_s789,C_large,TYPE_C,10,20,0.000134,11,warm_start,0.000066,3,0.000087,6,0.000051,3,0.000075,3,True,True,True,True,True
rand_n10_m20_d8_s789,C_medium,TYPE_C,10,20,0.000147,14,warm_start,0.000053,2,0.000071,2,0.000191,2,0.000066,2,True,True,True,True,True
rand_n10_m20_d8_s789,C_large,TYPE_C,10,20,0.000309,14,warm_start,0.000072,3,0.000095,6,0.000058,3,0.000062,3,True,True,True,True,True
rand_n10_m20_d8_s1024,R_small,TYPE_R,10,20,0.000148,11,warm_start,0.000029,0,0.000042,0,0.000034,0,0.000030,0,True,True,True,True,True
rand_n10_m20_d8_s1024,R_small,TYPE_R,10,20,0.000134,11,warm_start_dual,0.000055,1,0.000050,1,0.000060,1,0.000059,1,True,True,True,True,True
rand_n10_m20_d8_s1024,R_small,TYPE_R,10,20,0.000146,10,warm_start,0.000038,0,0.000029,0,0.000029,0,0.000046,0,True,True,True,True,True
rand_n10_m20_d8_s1024,R_medium,TYPE_R,10,20,0.000147,11,warm_start_dual,0.000068,1,0.000132,1,0.000052,1,0.000057,1,True,True,True,True,True
rand_n10_m20_d8_s1024,R_medium,TYPE_R,10,20,0.000144,9,warm_start_dual,0.000059,3,0.000089,3,0.000065,3,0.000061,3,True,True,True,True,True
rand_n10_m20_d8_s1024,R_large,TYPE_R,10,20,0.000123,10,warm_start_dual,0.000063,1,0.000077,1,0.000059,1,0.000064,1,True,True,True,True,True
rand_n10_m20_d8_s1024,R_medium,TYPE_R,10,20,0.000807,11,warm_start,0.000115,0,0.000037,0,0.000035,0,0.000026,0,True,True,True,True,True
rand_n10_m20_d8_s1024,R_large,TYPE_R,10,20,0.000126,8,warm_start_dual,0.000089,5,0.000072,5,0.000076,6,0.000064,5,True,True,True,True,True
rand_n10_m20_d8_s1024,R_large,TYPE_R,10,20,0.000203,13,warm_start_dual,0.000077,1,0.000060,1,0.000064,1,0.000057,1,True,True,True,True,True
rand_n10_m20_d8_s1024,R_single,TYPE_R,10,20,0.000123,10,warm_start,0.000028,0,0.000037,0,0.000029,0,0.000035,0,True,True,True,True,True
rand_n10_m20_d8_s1024,R_single,TYPE_R,10,20,0.000131,11,warm_start_dual,0.000077,1,0.000065,1,0.000056,1,0.000052,1,True,True,True,True,True
rand_n10_m20_d8_s1024,R_single,TYPE_R,10,20,0.000139,9,warm_start_dual,0.000062,3,0.000056,3,0.000090,5,0.000076,3,True,True,True,True,True
rand_n10_m20_d8_s1024,R_all,TYPE_R,10,20,0.000150,9,warm_start_dual,0.000057,1,0.000052,1,0.000059,2,0.000076,1,True,True,True,True,True
rand_n10_m20_d8_s1024,R_all,TYPE_R,10,20,0.000130,9,warm_start_dual,0.000062,1,0.000054,1,0.000058,2,0.000052,1,True,True,True,True,True
rand_n10_m20_d8_s1024,R_all,TYPE_R,10,20,0.000141,9,warm_start_dual,0.000087,1,0.000062,1,0.000063,2,0.000058,1,True,True,True,True,True
rand_n10_m20_d8_s1024,C_small,TYPE_C,10,20,0.000204,10,warm_start,0.000039,0,0.000031,0,0.000034,0,0.000028,0,True,True,True,True,True
rand_n10_m20_d8_s1024,C_small,TYPE_C,10,20,0.000136,10,warm_start,0.000067,1,0.000078,3,0.000055,1,0.000054,1,True,True,True,True,True
rand_n10_m20_d8_s1024,C_medium,TYPE_C,10,20,0.000147,11,warm_start,0.000033,0,0.000028,0,0.000027,0,0.000025,0,True,True,True,True,True
rand_n10_m20_d8_s1024,C_medium,TYPE_C,10,20,0.000144,11,warm_start,0.000059,1,0.000132,3,0.000061,1,0.000046,1,True,True,True,True,True
rand_n10_m20_d8_s1024,C_small,TYPE_C,10,20,0.000139,10,warm_start,0.000029,0,0.000131,0,0.000108,0,0.000040,0,True,True,True,True,True
rand_n10_m20_d8_s1024,C_medium,TYPE_C,10,20,0.000144,12,warm_start,0.000045,2,0.000119,7,0.000064,2,0.000053,2,True,True,True,True,True
rand_n10_m20_d8_s1024,C_large,TYPE_C,10,20,0.000139,10,warm_start,0.000031,0,0.000027,0,0.000039,0,0.000040,0,True,True,True,True,True
rand_n10_m20_d8_s1024,C_large,TYPE_C,10,20,0.000143,11,warm_start,0.000061,4,0.000085,4,0.000074,4,0.000055,4,True,True,True,True,True
rand_n10_m20_d8_s1024,C_large,TYPE_C,10,20,0.000409,10,warm_start,0.000069,1,0.000081,3,0.000047,1,0.000057,1,True,True,True,True,True
rand_n20_m20_d3_s42,R_small,TYPE_R,20,20,0.000217,13,warm_start,0.000031,0,0.000034,0,0.000037,0,0.000035,0,True,True,True,True,True
rand_n20_m20_d3_s42,R_small,TYPE_R,20,20,0.000232,13,warm_start,0.000037,0,0.000143,0,0.000044,0,0.000035,0,True,True,True,True,True
rand_n20_m20_d3_s42,R_medium,TYPE_R,20,20,0.000226,13,warm_start,0.000035,0,0.000043,0,0.000040,0,0.000032,0,True,True,True,True,True
rand_n20_m20_d3_s42,R_medium,TYPE_R,20,20,0.000209,13,warm_start_dual,0.000068,1,0.000081,1,0.000067,2,0.000064,1,True,True,True,True,True
rand_n20_m20_d3_s42,R_medium,TYPE_R,20,20,0.000238,13,warm_start,0.000034,0,0.000031,0,0.000033,0,0.000032,0,True,True,True,True,True
rand_n20_m20_d3_s42,R_large,TYPE_R,20,20,0.000209,11,warm_start_dual,0.000065,4,0.000072,4,0.000093,7,0.000079,4,True,True,True,True,True
rand_n20_m20_d3_s42,R_large,TYPE_R,20,20,0.000227,15,warm_start,0.000040,0,0.000042,0,0.000040,0,0.000039,0,True,True,True,True,True
rand_n20_m20_d3_s42,R_large,TYPE_R,20,20,0.000225,19,warm_start_dual,0.000062,2,0.000073,2,0.000068,3,0.000077,2,True,True,True,True,True
rand_n20_m20_d3_s42,R_single,TYPE_R,20,20,0.000203,13,warm_start,0.000030,0,0.000029,0,0.000028,0,0.000030,0,True,True,True,True,True
rand_n20_m20_d3_s42,R_small,TYPE_R,20,20,0.000342,13,warm_start,0.000118,0,0.000037,0,0.000044,0,0.000119,0,True,True,True,True,True
rand_n20_m20_d3_s42,R_single,TYPE_R,20,20,0.000211,13,warm_start,0.000038,0,0.000032,0,0.000031,0,0.000029,0,True,True,True,True,True
rand_n20_m20_d3_s42,R_single,TYPE_R,20,20,0.000217,13,warm_start,0.000038,0,0.000074,0,0.000044,0,0.000038,0,True,True,True,True,True
rand_n20_m20_d3_s42,R_all,TYPE_R,20,20,0.000203,12,warm_start,0.000029,0,0.000124,0,0.000053,0,0.000029,0,True,True,True,True,True
rand_n20_m20_d3_s42,R_all,TYPE_R,20,20,0.000240,12,warm_start,0.000035,0,0.000030,0,0.000029,0,0.000027,0,True,True,True,True,True
rand_n20_m20_d3_s42,C_small,TYPE_C,20,20,0.000214,13,warm_start,0.000043,0,0.000034,0,0.000031,0,0.000029,0,True,True,True,True,True
rand_n20_m20_d3_s42,C_medium,TYPE_C,20,20,0.000222,14,warm_start,0.000064,1,0.000084,2,0.000052,1,0.000047,1,True,True,True,True,True
rand_n20_m20_d3_s42,C_small,TYPE_C,20,20,0.000226,13,warm_start,0.000033,0,0.000062,0,0.000047,0,0.000050,0,True,True,True,True,True
rand_n20_m20_d3_s42,R_all,TYPE_R,20,20,0.000314,12,warm_start,0.000289,0,0.000169,0,0.000147,0,0.000045,0,True,True,True,True,True
rand_n20_m20_d3_s42,C_small,TYPE_C,20,20,0.000227,13,warm_start,0.000031,0,0.000028,0,0.000049,0,0.000076,0,True,True,True,True,True
rand_n20_m20_d3_s42,C_medium,TYPE_C,20,20,0.000365,12,warm_start,0.000041,0,0.000032,0,0.000030,0,0.000047,0,True,True,True,True,True
rand_n20_m20_d3_s42,C_large,TYPE_C,20,20,0.000224,14,warm_start,0.000049,2,0.000102,4,0.000056,2,0.000057,2,True,True,True,True,True
rand_n20_m20_d3_s42,C_medium,TYPE_C,20,20,0.000230,13,warm_start,0.000084,2,0.000094,2,0.000070,2,0.000054,2,True,True,True,True,True
rand_n20_m20_d3_s42,C_large,TYPE_C,20,20,0.000227,12,warm_start,0.000057,4,0.000068,3,0.000052,4,0.000077,4,True,True,True,True,True
rand_n20_m20_d3_s123,R_small,TYPE_R,20,20,0.000115,7,warm_start,0.000031,0,0.000029,0,0.000030,0,0.000026,0,True,True,True,True,True
rand_n20_m20_d3_s42,C_large,TYPE_C,20,20,0.000237,16,warm_start,0.000063,4,0.000106,4,0.000084,4,0.000059,4,True,True,True,True,True
rand_n20_m20_d3_s123,R_small,TYPE_R,20,20,0.000373,7,warm_start,0.000038,0,0.000034,0,0.000031,0,0.000028,0,True,True,True,True,True
rand_n20_m20_d3_s123,R_medium,TYPE_R,20,20,0.000119,7,warm_start,0.000084,0,0.000037,0,0.000041,0,0.000034,0,True,True,True,True,True
rand_n20_m20_d3_s123,R_small,TYPE_R,20,20,0.000378,7,warm_start,0.000038,0,0.000030,0,0.000028,0,0.000027,0,True,True,True,True,True
rand_n20_m20_d3_s123,R_medium,TYPE_R,20,20,0.000113,8,warm_start,0.000028,0,0.000026,0,0.000025,0,0.000030,0,True,True,True,True,True
rand_n20_m20_d3_s123,R_medium,TYPE_R,20,20,0.000141,6,warm_start_dual,0.000074,1,0.000056,1,0.000067,2,0.000050,1,True,True,True,True,True
rand_n20_m20_d3_s123,R_large,TYPE_R,20,20,0.000119,6,warm_start_dual,0.000054,1,0.000066,1,0.000071,1,0.000081,1,True,True,True,True,True
rand_n20_m20_d3_s123,R_large,TYPE_R,20,20,0.000139,6,warm_start_dual,0.000065,1,0.000053,1,0.000069,2,0.000076,1,True,True,True,True,True
rand_n20_m20_d3_s123,R_large,TYPE_R,20,20,0.000113,6,warm_start_dual,0.000075,2,0.000062,2,0.000068,4,0.000052,2,True,True,True,True,True
rand_n20_m20_d3_s123,R_single,TYPE_R,20,20,0.000135,7,warm_start,0.000034,0,0.000033,0,0.000038,0,0.000036,0,True,True,True,True,True
rand_n20_m20_d3_s123,R_single,TYPE_R,20,20,0.000121,7,warm_start,0.000032,0,0.000027,0,0.000027,0,0.000025,0,True,True,True,True,True
rand_n20_m20_d3_s123,R_all,TYPE_R,20,20,0.000112,7,warm_start,0.000034,0,0.000029,0,0.000033,0,0.000028,0,True,True,True,True,True
rand_n20_m20_d3_s123,R_single,TYPE_R,20,20,0.000129,7,warm_start,0.000038,0,0.000030,0,0.000036,0,0.000032,0,True,True,True,True,True
rand_n20_m20_d3_s123,R_all,TYPE_R,20,20,0.000142,7,warm_start,0.000034,0,0.000029,0,0.000028,0,0.000034,0,True,True,True,True,True
rand_n20_m20_d3_s123,R_all,TYPE_R,20,20,0.000133,7,warm_start,0.000031,0,0.000034,0,0.000173,0,0.000047,0,True,True,True,True,True
rand_n20_m20_d3_s123,C_small,TYPE_C,20,20,0.000123,7,warm_start,0.000031,0,0.000031,0,0.000033,0,0.000027,0,True,True,True,True,True
rand_n20_m20_d3_s123,C_small,TYPE_C,20,20,0.000137,7,warm_start,0.000038,0,0.000037,0,0.000037,0,0.000031,0,True,True,True,True,True
rand_n20_m20_d3_s123,C_small,TYPE_C,20,20,0.000137,7,warm_start,0.000030,0,0.000042,0,0.000041,0,0.000032,0,True,True,True,True,True
rand_n20_m20_d3_s123,C_medium,TYPE_C,20,20,0.000108,7,warm_start,0.000026,0,0.000026,0,0.000025,0,0.000028,0,True,True,True,True,True
rand_n20_m20_d3_s123,C_medium,TYPE_C,20,20,0.000149,7,warm_start,0.000037,0,0.000031,0,0.000036,0,0.000029,0,True,True,True,True,True
rand_n20_m20_d3_s123,C_medium,TYPE_C,20,20,0.000138,7,warm_start,0.000038,0,0.000122,0,0.000041,0,0.000030,0,True,True,True,True,True
rand_n20_m20_d3_s123,C_large,TYPE_C,20,20,0.000129,7,warm_start,0.000026,0,0.000038,0,0.000032,0,0.000028,0,True,True,True,True,True
rand_n20_m20_d3_s123,C_large,TYPE_C,20,20,0.000124,8,warm_start,0.000074,2,0.000074,2,0.000052,2,0.000048,2,True,True,True,True,True
rand_n20_m20_d3_s123,C_large,TYPE_C,20,20,0.000126,7,warm_start,0.000032,0,0.000029,0,0.000039,0,0.000033,0,True,True,True,True,True
rand_n20_m20_d3_s456,R_small,TYPE_R,20,20,0.000168,14,warm_start,0.000042,0,0.000036,0,0.000045,0,0.000035,0,True,True,True,True,True
rand_n20_m20_d3_s456,R_small,TYPE_R,20,20,0.000390,16,warm_start_dual,0.000080,1,0.000063,1,0.000071,3,0.000072,1,True,True,True,True,True
rand_n20_m20_d3_s456,R_small,TYPE_R,20,20,0.000187,14,warm_start,0.000112,0,0.000050,0,0.000034,0,0.000032,0,True,True,True,True,True
rand_n20_m20_d3_s456,R_medium,TYPE_R,20,20,0.000153,13,warm_start_dual,0.000066,1,0.000059,1,0.000101,1,0.000081,1,True,True,True,True,True
rand_n20_m20_d3_s456,R_medium,TYPE_R,20,20,0.000148,12,warm_start_dual,0.000061,1,0.000078,1,0.000119,16,0.000090,1,True,True,True,True,True
rand_n20_m20_d3_s456,R_medium,TYPE_R,20,20,0.000158,16,warm_start_dual,0.000219,1,0.000083,1,0.000067,2,0.000076,1,True,True,True,True,True
rand_n20_m20_d3_s456,R_large,TYPE_R,20,20,0.000433,14,warm_start_dual,0.000084,2,0.000065,2,0.000069,3,0.000057,2,True,True,True,True,True
rand_n20_m20_d3_s456,R_large,TYPE_R,20,20,0.000151,13,warm_start_dual,0.000073,1,0.000081,1,0.000168,1,0.000086,1,True,True,True,True,True
rand_n20_m20_d3_s456,R_large,TYPE_R,20,20,0.000157,16,warm_start_dual,0.000064,1,0.000071,1,0.000073,2,0.000078,1,True,True,True,True,True
rand_n20_m20_d3_s456,R_single,TYPE_R,20,20,0.000165,13,warm_start,0.000035,0,0.000030,0,0.000029,0,0.000052,0,True,True,True,True,True
rand_n20_m20_d3_s456,R_single,TYPE_R,20,20,0.000160,14,warm_start,0.000044,0,0.000053,0,0.000038,0,0.000047,0,True,True,True,True,True
rand_n20_m20_d3_s456,R_single,TYPE_R,20,20,0.000435,14,warm_start,0.000039,0,0.000033,0,0.000030,0,0.000028,0,True,True,True,True,True
rand_n20_m20_d3_s456,R_all,TYPE_R,20,20,0.000158,16,warm_start_dual,0.000057,1,0.000199,1,0.000088,4,0.000064,1,True,True,True,True,True
rand_n20_m20_d3_s456,R_all,TYPE_R,20,20,0.000172,16,warm_start_dual,0.000070,1,0.000058,1,0.000097,4,0.000067,1,True,True,True,True,True
rand_n20_m20_d3_s456,R_all,TYPE_R,20,20,0.000168,16,warm_start_dual,0.000082,1,0.000060,1,0.000212,4,0.000087,1,True,True,True,True,True
rand_n20_m20_d3_s456,C_small,TYPE_C,20,20,0.000155,14,warm_start,0.000033,0,0.000041,0,0.000034,0,0.000042,0,True,True,True,True,True
rand_n20_m20_d3_s456,C_small,TYPE_C,20,20,0.000161,14,warm_start,0.000036,0,0.000032,0,0.000029,0,0.000027,0,True,True,True,True,True
rand_n20_m20_d3_s456,C_small,TYPE_C,20,20,0.000199,16,warm_start,0.000038,0,0.000033,0,0.000041,0,0.000043,0,True,True,True,True,True
rand_n20_m20_d3_s456,C_medium,TYPE_C,20,20,0.000142,14,warm_start,0.000031,0,0.000031,0,0.000045,0,0.000031,0,True,True,True,True,True
rand_n20_m20_d3_s456,C_medium,TYPE_C,20,20,0.000183,15,warm_start,0.000037,0,0.000038,0,0.000033,0,0.000048,0,True,True,True,True,True
rand_n20_m20_d3_s456,C_medium,TYPE_C,20,20,0.000309,19,warm_start,0.000039,0,0.000033,0,0.000037,0,0.000040,0,True,True,True,True,True
rand_n20_m20_d3_s456,C_large,TYPE_C,20,20,0.000158,16,warm_start,0.000075,1,0.000078,3,0.000055,1,0.000046,1,True,True,True,True,True
rand_n20_m20_d3_s456,C_large,TYPE_C,20,20,0.000160,18,warm_start,0.000043,0,0.000040,0,0.000045,0,0.000033,0,True,True,True,True,True
rand_n20_m20_d3_s456,C_large,TYPE_C,20,20,0.000162,19,warm_start,0.000055,2,0.000105,4,0.000070,2,0.000056,2,True,True,True,True,True
rand_n20_m20_d3_s789,R_small,TYPE_R,20,20,0.000233,15,warm_start,0.000034,0,0.000028,0,0.000028,0,0.000035,0,True,True,True,True,True
rand_n20_m20_d3_s789,R_medium,TYPE_R,20,20,0.000224,11,warm_start_dual,0.000069,2,0.000081,2,0.000071,4,0.000059,2,True,True,True,True,True
rand_n20_m20_d3_s789,R_small,TYPE_R,20,20,0.000202,15,warm_start,0.000036,0,0.000043,0,0.000034,0,0.000031,0,True,True,True,True,True
rand_n20_m20_d3_s789,R_small,TYPE_R,20,20,0.000219,11,warm_start,0.000029,0,0.000030,0,0.000122,0,0.000042,0,True,True,True,True,True
rand_n20_m20_d3_s789,R_medium,TYPE_R,20,20,0.000226,12,warm_start_dual,0.000090,1,0.000067,1,0.000067,2,0.000081,1,True,True,True,True,True
rand_n20_m20_d3_s789,R_medium,TYPE_R,20,20,0.000233,16,warm_start,0.000034,0,0.000028,0,0.000039,0,0.000041,0,True,True,True,True,True
rand_n20_m20_d3_s789,R_large,TYPE_R,20,20,0.000222,14,warm_start_dual,0.000089,5,0.000069,5,0.000092,12,0.000104,5,True,True,True,True,True
rand_n20_m20_d3_s789,R_large,TYPE_R,20,20,0.000208,12,warm_start_dual,0.000072,5,0.000086,5,0.000077,5,0.000076,5,True,True,True,True,True
rand_n20_m20_d3_s789,R_large,TYPE_R,20,20,0.000213,13,warm_start_dual,0.000078,5,0.000067,5,0.000097,6,0.000075,5,True,True,True,True,True
rand_n20_m20_d3_s789,R_single,TYPE_R,20,20,0.000201,12,warm_start_dual,0.000055,1,0.000065,1,0.000065,2,0.000055,1,True,True,True,True,True
rand_n20_m20_d3_s789,R_single,TYPE_R,20,20,0.000191,11,warm_start,0.000037,0,0.000027,0,0.000031,0,0.000028,0,True,True,True,True,True
rand_n20_m20_d3_s789,R_all,TYPE_R,20,20,0.000235,13,warm_start_dual,0.000067,1,0.000063,1,0.000067,4,0.000054,1,True,True,True,True,True
rand_n20_m20_d3_s789,R_all,TYPE_R,20,20,0.000238,13,warm_start_dual,0.000070,1,0.000056,1,0.000086,4,0.000086,1,True,True,True,True,True
rand_n20_m20_d3_s789,R_all,TYPE_R,20,20,0.000214,13,warm_start_dual,0.000057,1,0.000065,1,0.000092,4,0.000063,1,True,True,True,True,True
rand_n20_m20_d3_s789,R_single,TYPE_R,20,20,0.000237,12,warm_start,0.000031,0,0.000028,0,0.000028,0,0.000044,0,True,True,True,True,True
rand_n20_m20_d3_s789,C_small,TYPE_C,20,20,0.000236,12,warm_start,0.000061,1,0.000069,2,0.000238,1,0.000065,1,True,True,True,True,True
rand_n20_m20_d3_s789,C_small,TYPE_C,20,20,0.000220,11,warm_start,0.000035,0,0.000033,0,0.000041,0,0.000034,0,True,True,True,True,True
rand_n20_m20_d3_s789,C_small,TYPE_C,20,20,0.000231,12,warm_start,0.000051,1,0.000065,2,0.000048,1,0.000067,1,True,True,True,True,True
rand_n20_m20_d3_s789,C_medium,TYPE_C,20,20,0.000239,12,warm_start,0.000076,2,0.000071,2,0.000072,2,0.000054,2,True,True,True,True,True
rand_n20_m20_d3_s789,C_medium,TYPE_C,20,20,0.000217,12,warm_start,0.000060,2,0.000077,2,0.000081,2,0.000235,2,True,True,True,True,True
rand_n20_m20_d3_s789,C_medium,TYPE_C,20,20,0.000211,12,warm_start,0.000038,0,0.000031,0,0.000040,0,0.000041,0,True,True,True,True,True
rand_n20_m20_d3_s789,C_large,TYPE_C,20,20,0.000229,17,warm_start,0.000062,2,0.000109,6,0.000057,2,0.000067,2,True,True,True,True,True
rand_n20_m20_d3_s789,C_large,TYPE_C,20,20,0.000212,14,warm_start,0.000083,3,0.000090,4,0.000070,3,0.000060,3,True,True,True,True,True
rand_n20_m20_d3_s789,C_large,TYPE_C,20,20,0.000230,14,warm_start,0.000069,1,0.000074,1,0.000180,1,0.000079,1,True,True,True,True,True
rand_n20_m20_d3_s1024,R_small,TYPE_R,20,20,0.000205,14,warm_start,0.000027,0,0.000027,0,0.000032,0,0.000029,0,True,True,True,True,True
rand_n20_m20_d3_s1024,R_small,TYPE_R,20,20,0.000240,14,warm_start_dual,0.000076,2,0.000060,2,0.000068,5,0.000066,2,True,True,True,True,True
rand_n20_m20_d3_s1024,R_small,TYPE_R,20,20,0.000244,14,warm_start,0.000033,0,0.000039,0,0.000116,0,0.000036,0,True,True,True,True,True
rand_n20_m20_d3_s1024,R_medium,TYPE_R,20,20,0.000206,16,warm_start_dual,0.000082,1,0.000065,1,0.000073,2,0.000056,1,True,True,True,True,True
rand_n20_m20_d3_s1024,R_medium,TYPE_R,20,20,0.000205,13,warm_start_dual,0.000088,4,0.000071,4,0.000082,8,0.000066,4,True,True,True,True,True
rand_n20_m20_d3_s1024,R_large,TYPE_R,20,20,0.000194,9,warm_start_dual,0.000085,6,0.000083,6,0.000088,9,0.000084,6,True,True,True,True,True
rand_n20_m20_d3_s1024,R_large,TYPE_R,20,20,0.000214,11,warm_start_dual,0.000095,4,0.000068,4,0.000100,8,0.000070,4,True,True,True,True,True
rand_n20_m20_d3_s1024,R_medium,TYPE_R,20,20,0.000213,11,warm_start_dual,0.000231,3,0.000089,3,0.000084,8,0.000062,3,True,True,True,True,True
rand_n20_m20_d3_s1024,R_single,TYPE_R,20,20,0.000198,12,warm_start_dual,0.000053,2,0.000071,2,0.000065,3,0.000053,2,True,True,True,True,True
rand_n20_m20_d3_s1024,R_single,TYPE_R,20,20,0.000214,14,warm_start,0.000030,0,0.000027,0,0.000033,0,0.000038,0,True,True,True,True,True
rand_n20_m20_d3_s1024,R_all,TYPE_R,20,20,0.000410,13,warm_start_dual,0.000065,1,0.000053,1,0.000060,2,0.000065,1,True,True,True,True,True
rand_n20_m20_d3_s1024,R_single,TYPE_R,20,20,0.000215,14,warm_start,0.000099,0,0.000042,0,0.000035,0,0.000030,0,True,True,True,True,True
rand_n20_m20_d3_s1024,R_large,TYPE_R,20,20,0.000198,9,warm_start_dual,0.000087,9,0.000074,9,0.000270,18,0.000099,9,True,True,True,True,True
rand_n20_m20_d3_s1024,R_all,TYPE_R,20,20,0.000238,13,warm_start_dual,0.000071,1,0.000061,1,0.000086,2,0.000064,1,True,True,True,True,True
rand_n20_m20_d3_s1024,R_all,TYPE_R,20,20,0.000199,13,warm_start_dual,0.000065,1,0.000058,1,0.000059,2,0.000051,1,True,True,True,True,True
rand_n20_m20_d3_s1024,C_small,TYPE_C,20,20,0.000233,14,warm_start,0.000036,0,0.000031,0,0.000032,0,0.000029,0,True,True,True,True,True
rand_n20_m20_d3_s1024,C_small,TYPE_C,20,20,0.000455,13,warm_start,0.000074,2,0.000082,3,0.000056,2,0.000075,2,True,True,True,True,True
rand_n20_m20_d3_s1024,C_small,TYPE_C,20,20,0.000214,14,warm_start,0.000050,1,0.000063,2,0.000044,1,0.000059,1,True,True,True,True,True
rand_n20_m20_d3_s1024,C_medium,TYPE_C,20,20,0.000178,10,warm_start,0.000060,4,0.000077,4,0.000088,4,0.000071,4,True,True,True,True,True
rand_n20_m20_d3_s1024,C_medium,TYPE_C,20,20,0.000233,13,warm_start,0.000077,3,0.000074,4,0.000079,3,0.000057,3,True,True,True,True,True
rand_n20_m20_d3_s1024,C_medium,TYPE_C,20,20,0.000221,12,warm_start,0.000051,3,0.000079,5,0.000070,3,0.000054,3,True,True,True,True,True
rand_n20_m20_d3_s1024,C_large,TYPE_C,20,20,0.000225,8,warm_start,0.000080,8,0.000100,8,0.000076,8,0.000064,8,True,True,True,True,True
rand_n20_m20_d3_s1024,C_large,TYPE_C,20,20,0.000236,11,warm_start,0.000083,4,0.000088,4,0.000063,4,0.000084,4,True,True,True,True,True
rand_n20_m20_d3_s1024,C_large,TYPE_C,20,20,0.000224,10,warm_start,0.000067,5,0.000092,9,0.000054,5,0.000051,5,True,True,True,True,True
rand_n20_m20_d5_s42,R_small,TYPE_R,20,20,0.000170,15,warm_start,0.000042,0,0.000041,0,0.000041,0,0.000033,0,True,True,True,True,True
rand_n20_m20_d5_s42,R_small,TYPE_R,20,20,0.000174,14,warm_start,0.000033,0,0.000036,0,0.000042,0,0.000033,0,True,True,True,True,True
rand_n20_m20_d5_s42,R_small,TYPE_R,20,20,0.000175,18,warm_start_dual,0.000060,1,0.000078,1,0.000078,1,0.000065,1,True,True,True,True,True
rand_n20_m20_d5_s42,R_medium,TYPE_R,20,20,0.000162,12,warm_start_dual,0.000060,1,0.000053,1,0.000089,3,0.000072,1,True,True,True,True,True
rand_n20_m20_d5_s42,R_medium,TYPE_R,20,20,0.000165,14,warm_start,0.000035,0,0.000043,0,0.000038,0,0.000030,0,True,True,True,True,True
rand_n20_m20_d5_s42,R_medium,TYPE_R,20,20,0.000317,13,warm_start_dual,0.000075,1,0.000058,1,0.000077,1,0.000064,1,True,True,True,True,True
rand_n20_m20_d5_s42,R_large,TYPE_R,20,20,0.000183,16,warm_start_dual,0.000059,1,0.000053,1,0.000076,1,0.000068,1,True,True,True,True,True
rand_n20_m20_d5_s42,R_single,TYPE_R,20,20,0.000164,19,warm_start,0.000033,0,0.000029,0,0.000029,0,0.000031,0,True,True,True,True,True
rand_n20_m20_d5_s42,R_large,TYPE_R,20,20,0.000171,11,warm_start_dual,0.000061,2,0.000072,2,0.000107,7,0.000073,2,True,True,True,True,True
rand_n20_m20_d5_s42,R_single,TYPE_R,20,20,0.000168,19,warm_start,0.000040,0,0.000035,0,0.000037,0,0.000028,0,True,True,True,True,True
rand_n20_m20_d5_s42,R_large,TYPE_R,20,20,0.000164,13,warm_start_dual,0.000064,2,0.000059,2,0.000070,5,0.000079,2,True,True,True,True,True
rand_n20_m20_d5_s42,R_all,TYPE_R,20,20,0.000152,13,warm_start_dual,0.000078,1,0.000064,1,0.000074,1,0.000068,1,True,True,True,True,True
rand_n20_m20_d5_s42,R_all,TYPE_R,20,20,0.000166,13,warm_start_dual,0.000058,1,0.000217,1,0.000078,1,0.000073,1,True,True,True,True,True
rand_n20_m20_d5_s42,R_single,TYPE_R,20,20,0.000196,20,warm_start_dual,0.000058,1,0.000229,1,0.000082,1,0.000064,1,True,True,True,True,True
rand_n20_m20_d5_s42,R_all,TYPE_R,20,20,0.000159,13,warm_start_dual,0.000067,1,0.000078,1,0.000070,1,0.000066,1,True,True,True,True,True
rand_n20_m20_d5_s42,C_small,TYPE_C,20,20,0.000189,20,warm_start,0.000039,0,0.000033,0,0.000042,0,0.000038,0,True,True,True,True,True
rand_n20_m20_d5_s42,C_small,TYPE_C,20,20,0.000200,22,warm_start,0.000055,1,0.000079,1,0.000053,1,0.000072,1,True,True,True,True,True
rand_n20_m20_d5_s42,C_small,TYPE_C,20,20,0.000200,19,warm_start,0.000035,0,0.000031,0,0.000035,0,0.000040,0,True,True,True,True,True
rand_n20_m20_d5_s42,C_medium,TYPE_C,20,20,0.000171,12,warm_start,0.000043,0,0.000034,0,0.000038,0,0.000037,0,True,True,True,True,True
rand_n20_m20_d5_s42,C_medium,TYPE_C,20,20,0.000456,17,warm_start,0.000079,1,0.000093,4,0.000055,1,0.000046,1,True,True,True,True,True
rand_n20_m20_d5_s42,C_large,TYPE_C,20,20,0.000159,15,warm_start,0.000047,2,0.000076,2,0.000056,2,0.000055,2,True,True,True,True,True
rand_n20_m20_d5_s42,C_large,TYPE_C,20,20,0.000166,15,warm_start,0.000051,1,0.000081,5,0.000060,1,0.000063,1,True,True,True,True,True
rand_n20_m20_d5_s42,C_medium,TYPE_C,20,20,0.000180,14,warm_start,0.000039,0,0.000032,0,0.000041,0,0.000034,0,True,True,True,True,True
rand_n20_m20_d5_s123,R_small,TYPE_R,20,20,0.000158,7,warm_start,0.000039,0,0.000032,0,0.000030,0,0.000028,0,True,True,True,True,True
rand_n20_m20_d5_s42,C_large,TYPE_C,20,20,0.000170,13,warm_start,0.000184,1,0.000098,4,0.000054,1,0.000071,1,True,True,True,True,True
rand_n20_m20_d5_s123,R_small,TYPE_R,20,20,0.000134,7,warm_start,0.000039,0,0.000037,0,0.000030,0,0.000026,0,True,True,True,True,True
rand_n20_m20_d5_s123,R_small,TYPE_R,20,20,0.000148,6,warm_start,0.000032,0,0.000034,0,0.000031,0,0.000040,0,True,True,True,True,True
rand_n20_m20_d5_s123,R_medium,TYPE_R,20,20,0.000419,7,warm_start,0.000036,0,0.000032,0,0.000035,0,0.000033,0,True,True,True,True,True
rand_n20_m20_d5_s123,R_medium,TYPE_R,20,20,0.000136,8,warm_start,0.000029,0,0.000026,0,0.000025,0,0.000031,0,True,True,True,True,True
rand_n20_m20_d5_s123,R_large,TYPE_R,20,20,0.000126,7,warm_start,0.000026,0,0.000031,0,0.000029,0,0.000030,0,True,True,True,True,True
rand_n20_m20_d5_s123,R_medium,TYPE_R,20,20,0.000138,7,warm_start_dual,0.000063,1,0.000081,1,0.000060,1,0.000058,1,True,True,True,True,True
rand_n20_m20_d5_s123,R_single,TYPE_R,20,20,0.000126,7,warm_start,0.000028,0,0.000030,0,0.000026,0,0.000028,0,True,True,True,True,True
rand_n20_m20_d5_s123,R_single,TYPE_R,20,20,0.000132,7,warm_start,0.000053,0,0.000030,0,0.000027,0,0.000033,0,True,True,True,True,True
rand_n20_m20_d5_s123,R_single,TYPE_R,20,20,0.000141,7,warm_start,0.000032,0,0.000030,0,0.000039,0,0.000033,0,True,True,True,True,True
rand_n20_m20_d5_s123,R_large,TYPE_R,20,20,0.000150,7,warm_start_dual,0.000071,1,0.000056,1,0.000065,1,0.000068,1,True,True,True,True,True
rand_n20_m20_d5_s123,R_large,TYPE_R,20,20,0.000428,7,warm_start_dual,0.000069,1,0.000058,1,0.000072,1,0.000058,1,True,True,True,True,True
rand_n20_m20_d5_s123,R_all,TYPE_R,20,20,0.000123,7,warm_start,0.000038,0,0.000031,0,0.000028,0,0.000029,0,True,True,True,True,True
rand_n20_m20_d5_s123,R_all,TYPE_R,20,20,0.000119,7,warm_start,0.000026,0,0.000025,0,0.000028,0,0.000027,0,True,True,True,True,True
rand_n20_m20_d5_s123,C_small,TYPE_C,20,20,0.000142,8,warm_start,0.000063,1,0.000062,1,0.000068,1,0.000051,1,True,True,True,True,True
rand_n20_m20_d5_s123,R_all,TYPE_R,20,20,0.000137,7,warm_start,0.000040,0,0.000112,0,0.000042,0,0.000035,0,True,True,True,True,True
rand_n20_m20_d5_s123,C_small,TYPE_C,20,20,0.000128,7,warm_start,0.000029,0,0.000032,0,0.000026,0,0.000025,0,True,True,True,True,True
rand_n20_m20_d5_s123,C_small,TYPE_C,20,20,0.000143,7,warm_start,0.000029,0,0.000034,0,0.000041,0,0.000035,0,True,True,True,True,True
rand_n20_m20_d5_s123,C_medium,TYPE_C,20,20,0.000133,6,warm_start,0.000060,1,0.000065,1,0.000047,1,0.000057,1,True,True,True,True,True
rand_n20_m20_d5_s123,C_medium,TYPE_C,20,20,0.000141,8,warm_start,0.000049,1,0.000059,1,0.000061,1,0.000067,1,True,True,True,True,True
rand_n20_m20_d5_s123,C_medium,TYPE_C,20,20,0.000408,8,warm_start,0.000059,1,0.000064,1,0.000068,1,0.000051,1,True,True,True,True,True
rand_n20_m20_d5_s123,C_large,TYPE_C,20,20,0.000140,6,warm_start,0.000049,1,0.000083,1,0.000065,1,0.000052,1,True,True,True,True,True
rand_n20_m20_d5_s123,C_large,TYPE_C,20,20,0.000142,7,warm_start,0.000068,1,0.000070,1,0.000178,1,0.000066,1,True,True,True,True,True
rand_n20_m20_d5_s123,C_large,TYPE_C,20,20,0.000138,7,warm_start,0.000063,1,0.000066,1,0.000052,1,0.000063,1,True,True,True,True,True
rand_n20_m20_d5_s456,R_small,TYPE_R,20,20,0.000173,12,warm_start_dual,0.000075,2,0.000060,2,0.000088,3,0.000073,2,True,True,True,True,True
rand_n20_m20_d5_s456,R_small,TYPE_R,20,20,0.000192,13,warm_start,0.000038,0,0.000038,0,0.000031,0,0.000030,0,True,True,True,True,True
rand_n20_m20_d5_s456,R_small,TYPE_R,20,20,0.000157,13,warm_start,0.000116,0,0.000047,0,0.000037,0,0.000030,0,True,True,True,True,True
rand_n20_m20_d5_s456,R_medium,TYPE_R,20,20,0.000171,16,warm_start_dual,0.000067,3,0.000080,3,0.000085,3,0.000074,3,True,True,True,True,True
rand_n20_m20_d5_s456,R_medium,TYPE_R,20,20,0.000177,15,warm_start_dual,0.000069,2,0.000066,2,0.000092,7,0.000082,2,True,True,True,True,True
rand_n20_m20_d5_s456,R_large,TYPE_R,20,20,0.000176,12,warm_start_dual,0.000075,4,0.000064,4,0.000083,7,0.000062,4,True,True,True,True,True
rand_n20_m20_d5_s456,R_large,TYPE_R,20,20,0.000151,13,warm_start_dual,0.000083,3,0.000065,3,0.000117,17,0.000059,3,True,True,True,True,True
rand_n20_m20_d5_s456,R_medium,TYPE_R,20,20,0.000470,13,warm_start,0.000040,0,0.000033,0,0.000033,0,0.000033,0,True,True,True,True,True
rand_n20_m20_d5_s456,R_large,TYPE_R,20,20,0.000166,13,warm_start_dual,0.000067,2,0.000076,2,0.000089,9,0.000081,2,True,True,True,True,True
rand_n20_m20_d5_s456,R_single,TYPE_R,20,20,0.000154,14,warm_start_dual,0.000060,1,0.000057,1,0.000074,6,0.000071,1,True,True,True,True,True
rand_n20_m20_d5_s456,R_single,TYPE_R,20,20,0.000167,13,warm_start,0.000039,0,0.000031,0,0.000037,0,0.000033,0,True,True,True,True,True
rand_n20_m20_d5_s456,R_all,TYPE_R,20,20,0.000164,10,warm_start_dual,0.000087,1,0.000063,1,0.000057,1,0.000055,1,True,True,True,True,True
rand_n20_m20_d5_s456,R_single,TYPE_R,20,20,0.000147,13,warm_start,0.000123,0,0.000054,0,0.000043,0,0.000032,0,True,True,True,True,True
rand_n20_m20_d5_s456,R_all,TYPE_R,20,20,0.000147,10,warm_start_dual,0.000056,1,0.000079,1,0.000064,1,0.000060,1,True,True,True,True,True
rand_n20_m20_d5_s456,C_small,TYPE_C,20,20,0.000146,13,warm_start,0.000034,0,0.000029,0,0.000028,0,0.000028,0,True,True,True,True,True
rand_n20_m20_d5_s456,R_all,TYPE_R,20,20,0.000163,10,warm_start_dual,0.000065,1,0.000056,1,0.000064,1,0.000063,1,True,True,True,True,True
rand_n20_m20_d5_s456,C_medium,TYPE_C,20,20,0.000158,10,warm_start,0.000054,1,0.000064,1,0.000059,1,0.000067,1,True,True,True,True,True
rand_n20_m20_d5_s456,C_small,TYPE_C,20,20,0.001127,16,warm_start,0.000046,0,0.000038,0,0.000034,0,0.000036,0,True,True,True,True,True
rand_n20_m20_d5_s456,C_medium,TYPE_C,20,20,0.000179,16,warm_start,0.000031,0,0.000036,0,0.000032,0,0.000042,0,True,True,True,True,True
rand_n20_m20_d5_s456,C_small,TYPE_C,20,20,0.000169,13,warm_start,0.000036,0,0.000032,0,0.000030,0,0.000044,0,True,True,True,True,True
rand_n20_m20_d5_s456,C_medium,TYPE_C,20,20,0.000148,12,warm_start,0.000050,2,0.000163,1,0.000068,2,0.000066,2,True,True,True,True,True
rand_n20_m20_d5_s456,C_large,TYPE_C,20,20,0.000173,14,warm_start,0.000058,1,0.000066,1,0.000053,1,0.000046,1,True,True,True,True,True
rand_n20_m20_d5_s456,C_large,TYPE_C,20,20,0.000160,13,warm_start,0.000061,2,0.000080,4,0.000074,2,0.000059,2,True,True,True,True,True
rand_n20_m20_d5_s456,C_large,TYPE_C,20,20,0.000162,16,warm_start,0.000049,3,0.000105,7,0.000060,3,0.000054,3,True,True,True,True,True
rand_n20_m20_d5_s789,R_small,TYPE_R,20,20,0.000207,19,warm_start_dual,0.000076,1,0.000069,1,0.000084,5,0.000192,1,True,True,True,True,True
rand_n20_m20_d5_s789,R_small,TYPE_R,20,20,0.000185,17,warm_start_dual,0.000074,2,0.000062,2,0.000067,2,0.000081,2,True,True,True,True,True
rand_n20_m20_d5_s789,R_small,TYPE_R,20,20,0.000178,18,warm_start_dual,0.000091,2,0.000068,2,0.000067,2,0.000061,2,True,True,True,True,True
rand_n20_m20_d5_s789,R_medium,TYPE_R,20,20,0.000376,21,warm_start_dual,0.000083,4,0.000101,4,0.000119,13,0.000075,4,True,True,True,True,True
rand_n20_m20_d5_s789,R_medium,TYPE_R,20,20,0.000184,13,warm_start_dual,0.000071,3,0.000080,3,0.000261,4,0.000102,3,True,True,True,True,True
rand_n20_m20_d5_s789,R_medium,TYPE_R,20,20,0.000205,13,warm_start_dual,0.000070,3,0.000089,3,0.000106,5,0.000083,3,True,True,True,True,True
rand_n20_m20_d5_s789,R_large,TYPE_R,20,20,0.000193,19,warm_start_dual,0.000106,7,0.000101,7,0.000127,15,0.000112,7,True,True,True,True,True
rand_n20_m20_d5_s789,R_large,TYPE_R,20,20,0.000156,11,warm_start_dual,0.000094,4,0.000233,4,0.000105,5,0.000080,4,True,True,True,True,True
rand_n20_m20_d5_s789,R_large,TYPE_R,20,20,0.000160,12,warm_start_dual,0.000106,6,0.000081,6,0.000105,10,0.000076,6,True,True,True,True,True
rand_n20_m20_d5_s789,R_single,TYPE_R,20,20,0.000181,13,warm_start_dual,0.000070,2,0.000095,2,0.000069,2,0.000094,2,True,True,True,True,True
rand_n20_m20_d5_s789,R_single,TYPE_R,20,20,0.000176,17,warm_start_dual,0.000065,1,0.000059,1,0.000094,4,0.000073,1,True,True,True,True,True
rand_n20_m20_d5_s789,R_all,TYPE_R,20,20,0.000185,16,warm_start_dual,0.000093,3,0.000079,3,0.000076,4,0.000102,3,True,True,True,True,True
rand_n20_m20_d5_s789,R_single,TYPE_R,20,20,0.000483,18,warm_start,0.000041,0,0.000037,0,0.000038,0,0.000050,0,True,True,True,True,True
rand_n20_m20_d5_s789,R_all,TYPE_R,20,20,0.000173,16,warm_start_dual,0.000082,3,0.000070,3,0.000075,4,0.000064,3,True,True,True,True,True
rand_n20_m20_d5_s789,R_all,TYPE_R,20,20,0.000200,16,warm_start_dual,0.000079,3,0.000083,3,0.000076,4,0.000261,3,True,True,True,True,True
rand_n20_m20_d5_s789,C_small,TYPE_C,20,20,0.000190,16,warm_start,0.000036,0,0.000046,0,0.000041,0,0.000044,0,True,True,True,True,True
rand_n20_m20_d5_s789,C_small,TYPE_C,20,20,0.000213,16,warm_start,0.000067,2,0.000073,2,0.000058,2,0.000052,2,True,True,True,True,True
rand_n20_m20_d5_s789,C_small,TYPE_C,20,20,0.000194,19,warm_start,0.000033,0,0.000045,0,0.000037,0,0.000043,0,True,True,True,True,True
rand_n20_m20_d5_s789,C_medium,TYPE_C,20,20,0.000187,18,warm_start,0.000075,1,0.000078,2,0.000053,1,0.000049,1,True,True,True,True,True
rand_n20_m20_d5_s789,C_medium,TYPE_C,20,20,0.000189,14,warm_start,0.000062,3,0.000092,2,0.000065,3,0.000084,3,True,True,True,True,True
rand_n20_m20_d5_s789,C_large,TYPE_C,20,20,0.000199,18,warm_start,0.000074,1,0.000074,1,0.000071,1,0.000063,1,True,True,True,True,True
rand_n20_m20_d5_s789,C_medium,TYPE_C,20,20,0.000192,16,warm_start,0.000072,4,0.000202,1,0.000083,4,0.000078,4,True,True,True,True,True
rand_n20_m20_d5_s789,C_large,TYPE_C,20,20,0.000200,15,warm_start,0.000073,4,0.000101,3,0.000072,4,0.000055,4,True,True,True,True,True
rand_n20_m20_d5_s789,C_large,TYPE_C,20,20,0.000182,18,warm_start,0.000072,4,0.000072,1,0.000063,4,0.000063,4,True,True,True,True,True
rand_n20_m20_d5_s1024,R_small,TYPE_R,20,20,0.000179,17,warm_start_dual,0.000061,1,0.000219,1,0.000086,2,0.000067,1,True,True,True,True,True
rand_n20_m20_d5_s1024,R_small,TYPE_R,20,20,0.000222,18,warm_start,0.000040,0,0.000033,0,0.000049,0,0.000035,0,True,True,True,True,True
rand_n20_m20_d5_s1024,R_small,TYPE_R,20,20,0.000174,19,warm_start,0.000045,0,0.000039,0,0.000045,0,0.000038,0,True,True,True,True,True
rand_n20_m20_d5_s1024,R_medium,TYPE_R,20,20,0.000167,17,warm_start_dual,0.000083,1,0.000064,1,0.000068,2,0.000060,1,True,True,True,True,True
rand_n20_m20_d5_s1024,R_medium,TYPE_R,20,20,0.000173,18,warm_start_dual,0.000086,3,0.000248,3,0.000124,15,0.000074,3,True,True,True,True,True
rand_n20_m20_d5_s1024,R_medium,TYPE_R,20,20,0.000197,18,warm_start,0.000038,0,0.000041,0,0.000034,0,0.000030,0,True,True,True,True,True
rand_n20_m20_d5_s1024,R_large,TYPE_R,20,20,0.000170,14,warm_start_dual,0.000087,6,0.000163,6,0.000108,12,0.000096,6,True,True,True,True,True
rand_n20_m20_d5_s1024,R_large,TYPE_R,20,20,0.000182,16,warm_start_dual,0.000277,2,0.000078,2,0.000090,9,0.000073,2,True,True,True,True,True
rand_n20_m20_d5_s1024,R_single,TYPE_R,20,20,0.000164,18,warm_start,0.000028,0,0.000037,0,0.000037,0,0.000030,0,True,True,True,True,True
rand_n20_m20_d5_s1024,R_large,TYPE_R,20,20,0.000181,18,warm_start_dual,0.000073,3,0.000268,3,0.000103,7,0.000072,3,True,True,True,True,True
rand_n20_m20_d5_s1024,R_single,TYPE_R,20,20,0.000213,21,warm_start,0.000041,0,0.000033,0,0.000031,0,0.000029,0,True,True,True,True,True
rand_n20_m20_d5_s1024,R_single,TYPE_R,20,20,0.000185,18,warm_start,0.000033,0,0.000032,0,0.000037,0,0.000041,0,True,True,True,True,True
rand_n20_m20_d5_s1024,R_all,TYPE_R,20,20,0.000189,20,warm_start,0.000039,0,0.000030,0,0.000029,0,0.000040,0,True,True,True,True,True
rand_n20_m20_d5_s1024,R_all,TYPE_R,20,20,0.000169,20,warm_start,0.000044,0,0.000037,0,0.000032,0,0.000036,0,True,True,True,True,True
rand_n20_m20_d5_s1024,R_all,TYPE_R,20,20,0.000199,20,warm_start,0.000038,0,0.000033,0,0.000049,0,0.000045,0,True,True,True,True,True
rand_n20_m20_d5_s1024,C_small,TYPE_C,20,20,0.000185,19,warm_start,0.000054,1,0.000073,1,0.000070,1,0.000064,1,True,True,True,True,True
rand_n20_m20_d5_s1024,C_small,TYPE_C,20,20,0.000164,18,warm_start,0.000069,1,0.000069,1,0.000051,1,0.000060,1,True,True,True,True,True
rand_n20_m20_d5_s1024,C_medium,TYPE_C,20,20,0.000173,20,warm_start,0.000058,1,0.000087,1,0.000060,1,0.000055,1,True,True,True,True,True
rand_n20_m20_d5_s1024,C_medium,TYPE_C,20,20,0.000185,18,warm_start,0.000070,2,0.000088,4,0.000091,2,0.000056,2,True,True,True,True,True
rand_n20_m20_d5_s1024,C_small,TYPE_C,20,20,0.000194,18,warm_start,0.000032,0,0.000031,0,0.000117,0,0.000046,0,True,True,True,True,True
rand_n20_m20_d5_s1024,C_medium,TYPE_C,20,20,0.000184,19,warm_start,0.000038,0,0.000037,0,0.000041,0,0.000034,0,True,True,True,True,True
rand_n20_m20_d5_s1024,C_large,TYPE_C,20,20,0.000167,17,warm_start,0.000082,4,0.000083,3,0.000063,4,0.000072,4,True,True,True,True,True
rand_n20_m20_d5_s1024,C_large,TYPE_C,20,20,0.000183,18,warm_start,0.000067,3,0.000080,3,0.000086,3,0.000061,3,True,True,True,True,True
rand_n20_m20_d5_s1024,C_large,TYPE_C,20,20,0.000210,21,warm_start,0.000037,0,0.000032,0,0.000031,0,0.000120,0,True,True,True,True,True
rand_n20_m20_d8_s42,R_small,TYPE_R,20,20,0.000198,14,warm_start,0.000048,0,0.000984,0,0.000039,0,0.000035,0,True,True,True,True,True
rand_n20_m20_d8_s42,R_small,TYPE_R,20,20,0.000192,14,warm_start,0.000039,0,0.000051,0,0.000049,0,0.000042,0,True,True,True,True,True
rand_n20_m20_d8_s42,R_medium,TYPE_R,20,20,0.000183,14,warm_start,0.000050,0,0.000042,0,0.000037,0,0.000042,0,True,True,True,True,True
rand_n20_m20_d8_s42,R_small,TYPE_R,20,20,0.000200,16,warm_start_dual,0.000069,1,0.000062,1,0.000088,2,0.000072,1,True,True,True,True,True
rand_n20_m20_d8_s42,R_medium,TYPE_R,20,20,0.000178,13,warm_start_dual,0.000084,1,0.000067,1,0.000073,3,0.000062,1,True,True,True,True,True
rand_n20_m20_d8_s42,R_medium,TYPE_R,20,20,0.000191,13,warm_start_dual,0.000081,2,0.000090,2,0.000096,4,0.000075,2,True,True,True,True,True
rand_n20_m20_d8_s42,R_large,TYPE_R,20,20,0.000198,18,warm_start_dual,0.000069,2,0.000091,2,0.000093,4,0.000073,2,True,True,True,True,True
rand_n20_m20_d8_s42,R_large,TYPE_R,20,20,0.000181,13,warm_start_dual,0.000117,7,0.000090,7,0.000091,4,0.000096,7,True,True,True,True,True
rand_n20_m20_d8_s42,R_large,TYPE_R,20,20,0.000205,18,warm_start_dual,0.000072,3,0.000091,3,0.000492,5,0.000092,3,True,True,True,True,True
rand_n20_m20_d8_s42,R_single,TYPE_R,20,20,0.000178,14,warm_start,0.000040,0,0.000048,0,0.000051,0,0.000045,0,True,True,True,True,True
rand_n20_m20_d8_s42,R_single,TYPE_R,20,20,0.000187,14,warm_start,0.000047,0,0.000040,0,0.000035,0,0.000033,0,True,True,True,True,True
rand_n20_m20_d8_s42,R_single,TYPE_R,20,20,0.000197,15,warm_start_dual,0.000071,1,0.000073,1,0.000095,2,0.000076,1,True,True,True,True,True
rand_n20_m20_d8_s42,R_all,TYPE_R,20,20,0.000202,14,warm_start_dual,0.000080,2,0.000068,2,0.000093,3,0.000091,2,True,True,True,True,True
rand_n20_m20_d8_s42,R_all,TYPE_R,20,20,0.000198,14,warm_start_dual,0.000081,2,0.000070,2,0.000088,3,0.000080,2,True,True,True,True,True
rand_n20_m20_d8_s42,R_all,TYPE_R,20,20,0.000186,14,warm_start_dual,0.000098,2,0.000075,2,0.000078,3,0.000072,2,True,True,True,True,True
rand_n20_m20_d8_s42,C_small,TYPE_C,20,20,0.000244,18,warm_start,0.000044,0,0.000051,0,0.000039,0,0.000035,0,True,True,True,True,True
rand_n20_m20_d8_s42,C_small,TYPE_C,20,20,0.000213,19,warm_start,0.000072,1,0.000094,2,0.000069,1,0.000081,1,True,True,True,True,True
rand_n20_m20_d8_s42,C_small,TYPE_C,20,20,0.000211,18,warm_start,0.000092,1,0.000095,4,0.000058,1,0.000053,1,True,True,True,True,True
rand_n20_m20_d8_s42,C_medium,TYPE_C,20,20,0.000212,14,warm_start,0.000071,2,0.000093,4,0.000061,2,0.000069,2,True,True,True,True,True
rand_n20_m20_d8_s42,C_medium,TYPE_C,20,20,0.000212,17,warm_start,0.000041,0,0.000036,0,0.000035,0,0.000047,0,True,True,True,True,True
rand_n20_m20_d8_s42,C_large,TYPE_C,20,20,0.000194,17,warm_start,0.000054,1,0.000085,4,0.000069,1,0.000094,1,True,True,True,True,True
rand_n20_m20_d8_s42,C_medium,TYPE_C,20,20,0.000190,14,warm_start,0.000071,2,0.000119,5,0.000067,2,0.000058,2,True,True,True,True,True
rand_n20_m20_d8_s42,C_large,TYPE_C,20,20,0.000199,16,warm_start,0.000065,2,0.000113,5,0.000063,2,0.000073,2,True,True,True,True,True
rand_n20_m20_d8_s42,C_large,TYPE_C,20,20,0.000182,12,warm_start,0.000058,3,0.000102,4,0.000063,3,0.000061,3,True,True,True,True,True
rand_n20_m20_d8_s123,R_small,TYPE_R,20,20,0.000187,13,warm_start,0.000039,0,0.000034,0,0.000032,0,0.000047,0,True,True,True,True,True
rand_n20_m20_d8_s123,R_small,TYPE_R,20,20,0.000185,13,warm_start,0.000033,0,0.000039,0,0.000045,0,0.000036,0,True,True,True,True,True
rand_n20_m20_d8_s123,R_medium,TYPE_R,20,20,0.000177,14,warm_start,0.000032,0,0.000031,0,0.000030,0,0.000036,0,True,True,True,True,True
rand_n20_m20_d8_s123,R_small,TYPE_R,20,20,0.000171,13,warm_start,0.000046,0,0.000036,0,0.000033,0,0.000149,0,True,True,True,True,True
rand_n20_m20_d8_s123,R_medium,TYPE_R,20,20,0.000188,10,warm_start,0.000040,0,0.000042,0,0.000043,0,0.000034,0,True,True,True,True,True
rand_n20_m20_d8_s123,R_medium,TYPE_R,20,20,0.000180,16,warm_start,0.000042,0,0.000032,0,0.000030,0,0.000029,0,True,True,True,True,True
rand_n20_m20_d8_s123,R_large,TYPE_R,20,20,0.000177,10,warm_start_dual,0.000072,1,0.000091,1,0.000065,1,0.000060,1,True,True,True,True,True
rand_n20_m20_d8_s123,R_large,TYPE_R,20,20,0.000168,13,warm_start_dual,0.000057,1,0.000067,1,0.000068,2,0.000056,1,True,True,True,True,True
rand_n20_m20_d8_s123,R_large,TYPE_R,20,20,0.000175,12,warm_start,0.000032,0,0.000034,0,0.000039,0,0.000034,0,True,True,True,True,True
rand_n20_m20_d8_s123,R_single,TYPE_R,20,20,0.000178,13,warm_start,0.000033,0,0.000032,0,0.000044,0,0.000041,0,True,True,True,True,True
rand_n20_m20_d8_s123,R_single,TYPE_R,20,20,0.000170,13,warm_start,0.000035,0,0.000031,0,0.000034,0,0.000029,0,True,True,True,True,True
rand_n20_m20_d8_s123,R_single,TYPE_R,20,20,0.000171,13,warm_start,0.000038,0,0.000033,0,0.000032,0,0.000030,0,True,True,True,True,True
rand_n20_m20_d8_s123,R_all,TYPE_R,20,20,0.000170,10,warm_start,0.000038,0,0.000030,0,0.000036,0,0.000033,0,True,True,True,True,True
rand_n20_m20_d8_s123,C_small,TYPE_C,20,20,0.000171,13,warm_start,0.000033,0,0.000030,0,0.000029,0,0.000029,0,True,True,True,True,True
rand_n20_m20_d8_s123,R_all,TYPE_R,20,20,0.000179,10,warm_start,0.000031,0,0.000041,0,0.000037,0,0.000035,0,True,True,True,True,True
rand_n20_m20_d8_s123,C_small,TYPE_C,20,20,0.000179,13,warm_start,0.000039,0,0.000043,0,0.000034,0,0.000030,0,True,True,True,True,True
rand_n20_m20_d8_s123,C_small,TYPE_C,20,20,0.000188,13,warm_start,0.000038,0,0.000034,0,0.000033,0,0.000031,0,True,True,True,True,True
rand_n20_m20_d8_s123,R_all,TYPE_R,20,20,0.000178,10,warm_start,0.000126,0,0.000048,0,0.000040,0,0.000044,0,True,True,True,True,True
rand_n20_m20_d8_s123,C_medium,TYPE_C,20,20,0.000181,14,warm_start,0.000033,0,0.000043,0,0.000040,0,0.000036,0,True,True,True,True,True
rand_n20_m20_d8_s123,C_medium,TYPE_C,20,20,0.000168,13,warm_start,0.000031,0,0.000030,0,0.000028,0,0.000033,0,True,True,True,True,True
rand_n20_m20_d8_s123,C_large,TYPE_C,20,20,0.000186,17,warm_start,0.000072,4,0.000104,8,0.000058,4,0.000054,4,True,True,True,True,True
rand_n20_m20_d8_s123,C_large,TYPE_C,20,20,0.000171,12,warm_start,0.000033,0,0.000031,0,0.000029,0,0.000028,0,True,True,True,True,True
rand_n20_m20_d8_s123,C_medium,TYPE_C,20,20,0.000204,13,warm_start,0.000045,0,0.000036,0,0.000034,0,0.000031,0,True,True,True,True,True
rand_n20_m20_d8_s456,R_small,TYPE_R,20,20,0.000196,15,warm_start,0.000038,0,0.000033,0,0.000032,0,0.000031,0,True,True,True,True,True
rand_n20_m20_d8_s123,C_large,TYPE_C,20,20,0.000189,10,warm_start,0.000039,0,0.000041,0,0.000042,0,0.000174,0,True,True,True,True,True
rand_n20_m20_d8_s456,R_small,TYPE_R,20,20,0.000193,19,warm_start_dual,0.000066,1,0.000077,1,0.000231,3,0.000080,1,True,True,True,True,True
rand_n20_m20_d8_s456,R_medium,TYPE_R,20,20,0.000196,15,warm_start_dual,0.000070,4,0.000080,4,0.000100,3,0.000089,4,True,True,True,True,True
rand_n20_m20_d8_s456,R_small,TYPE_R,20,20,0.000195,15,warm_start,0.000101,0,0.000041,0,0.000036,0,0.000033,0,True,True,True,True,True
rand_n20_m20_d8_s456,R_medium,TYPE_R,20,20,0.000193,16,warm_start,0.000038,0,0.000031,0,0.000046,0,0.000037,0,True,True,True,True,True
rand_n20_m20_d8_s456,R_medium,TYPE_R,20,20,0.000226,17,warm_start_dual,0.000063,1,0.000084,1,0.000073,3,0.000085,1,True,True,True,True,True
rand_n20_m20_d8_s456,R_large,TYPE_R,20,20,0.000180,13,warm_start_dual,0.000099,5,0.000077,5,0.000081,4,0.000069,5,True,True,True,True,True
rand_n20_m20_d8_s456,R_large,TYPE_R,20,20,0.000192,18,warm_start_dual,0.000243,3,0.000088,3,0.000081,5,0.000069,3,True,True,True,True,True
rand_n20_m20_d8_s456,R_large,TYPE_R,20,20,0.000194,17,warm_start_dual,0.000097,5,0.000139,5,0.000129,16,0.000079,5,True,True,True,True,True
rand_n20_m20_d8_s456,R_single,TYPE_R,20,20,0.000215,15,warm_start,0.000040,0,0.000034,0,0.000040,0,0.000035,0,True,True,True,True,True
rand_n20_m20_d8_s456,R_single,TYPE_R,20,20,0.000201,15,warm_start,0.000054,0,0.000037,0,0.000034,0,0.000031,0,True,True,True,True,True
rand_n20_m20_d8_s456,R_single,TYPE_R,20,20,0.000200,17,warm_start_dual,0.000065,1,0.000062,1,0.000075,2,0.000085,1,True,True,True,True,True
rand_n20_m20_d8_s456,R_all,TYPE_R,20,20,0.000198,12,warm_start_dual,0.000083,5,0.000095,5,0.000089,7,0.000072,5,True,True,True,True,True
rand_n20_m20_d8_s456,R_all,TYPE_R,20,20,0.000182,12,warm_start_dual,0.000082,5,0.001013,5,0.000119,7,0.000079,5,True,True,True,True,True
rand_n20_m20_d8_s456,R_all,TYPE_R,20,20,0.000210,12,warm_start_dual,0.000084,5,0.000073,5,0.000095,7,0.000078,5,True,True,True,True,True
rand_n20_m20_d8_s456,C_small,TYPE_C,20,20,0.000166,14,warm_start,0.000035,0,0.000031,0,0.000029,0,0.000029,0,True,True,True,True,True
rand_n20_m20_d8_s456,C_small,TYPE_C,20,20,0.000177,15,warm_start,0.000075,1,0.000107,3,0.000067,1,0.000065,1,True,True,True,True,True
rand_n20_m20_d8_s456,C_small,TYPE_C,20,20,0.000214,14,warm_start,0.000038,0,0.000034,0,0.000032,0,0.000045,0,True,True,True,True,True
rand_n20_m20_d8_s456,C_medium,TYPE_C,20,20,0.000179,12,warm_start,0.000066,5,0.000112,9,0.000066,5,0.000083,5,True,True,True,True,True
rand_n20_m20_d8_s456,C_medium,TYPE_C,20,20,0.000192,14,warm_start,0.000056,1,0.000078,2,0.000058,1,0.000076,1,True,True,True,True,True
rand_n20_m20_d8_s456,C_medium,TYPE_C,20,20,0.000204,16,warm_start,0.000063,1,0.000100,3,0.000058,1,0.000062,1,True,True,True,True,True
rand_n20_m20_d8_s456,C_large,TYPE_C,20,20,0.000180,12,warm_start,0.000074,1,0.000102,3,0.000072,1,0.000059,1,True,True,True,True,True
rand_n20_m20_d8_s456,C_large,TYPE_C,20,20,0.000531,13,warm_start,0.000090,7,0.000114,10,0.000072,7,0.000063,7,True,True,True,True,True
rand_n20_m20_d8_s789,R_small,TYPE_R,20,20,0.000193,12,warm_start,0.000037,0,0.000034,0,0.000032,0,0.000038,0,True,True,True,True,True
rand_n20_m20_d8_s456,C_large,TYPE_C,20,20,0.000205,17,warm_start,0.000100,5,0.000118,8,0.000080,5,0.000280,5,True,True,True,True,True
rand_n20_m20_d8_s789,R_small,TYPE_R,20,20,0.000197,10,warm_start,0.000033,0,0.000041,0,0.000046,0,0.000041,0,True,True,True,True,True
rand_n20_m20_d8_s789,R_medium,TYPE_R,20,20,0.000183,10,warm_start_dual,0.000061,2,0.000085,2,0.000088,7,0.000072,2,True,True,True,True,True
rand_n20_m20_d8_s789,R_small,TYPE_R,20,20,0.000201,10,warm_start,0.000046,0,0.000037,0,0.000035,0,0.000032,0,True,True,True,True,True
rand_n20_m20_d8_s789,R_medium,TYPE_R,20,20,0.000183,10,warm_start,0.000043,0,0.000036,0,0.000033,0,0.000045,0,True,True,True,True,True
rand_n20_m20_d8_s789,R_medium,TYPE_R,20,20,0.000215,13,warm_start,0.000041,0,0.000036,0,0.000039,0,0.000034,0,True,True,True,True,True
rand_n20_m20_d8_s789,R_large,TYPE_R,20,20,0.000177,9,warm_start_dual,0.000087,5,0.000069,5,0.000137,14,0.000089,5,True,True,True,True,True
rand_n20_m20_d8_s789,R_single,TYPE_R,20,20,0.000168,10,warm_start,0.000032,0,0.000030,0,0.000034,0,0.000034,0,True,True,True,True,True
rand_n20_m20_d8_s789,R_large,TYPE_R,20,20,0.000170,11,warm_start_dual,0.000083,5,0.000094,5,0.000097,11,0.000070,5,True,True,True,True,True
rand_n20_m20_d8_s789,R_single,TYPE_R,20,20,0.000184,10,warm_start_dual,0.000077,2,0.000075,2,0.000094,4,0.000095,2,True,True,True,True,True
rand_n20_m20_d8_s789,R_large,TYPE_R,20,20,0.000186,10,warm_start,0.000118,0,0.000044,0,0.000037,0,0.000151,0,True,True,True,True,True
rand_n20_m20_d8_s789,R_all,TYPE_R,20,20,0.000184,11,warm_start_dual,0.000077,1,0.000060,1,0.000068,3,0.000058,1,True,True,True,True,True
rand_n20_m20_d8_s789,R_all,TYPE_R,20,20,0.000181,11,warm_start_dual,0.000066,1,0.000071,1,0.000074,3,0.000086,1,True,True,True,True,True
rand_n20_m20_d8_s789,R_single,TYPE_R,20,20,0.000172,10,warm_start,0.000124,0,0.000043,0,0.000036,0,0.000041,0,True,True,True,True,True
rand_n20_m20_d8_s789,R_all,TYPE_R,20,20,0.000207,11,warm_start_dual,0.000072,1,0.000076,1,0.000083,3,0.000144,1,True,True,True,True,True
rand_n20_m20_d8_s789,C_small,TYPE_C,20,20,0.000179,11,warm_start,0.000045,0,0.000038,0,0.000041,0,0.000038,0,True,True,True,True,True
rand_n20_m20_d8_s789,C_small,TYPE_C,20,20,0.000165,12,warm_start,0.000034,0,0.000030,0,0.000030,0,0.000040,0,True,True,True,True,True
rand_n20_m20_d8_s789,C_medium,TYPE_C,20,20,0.000173,9,warm_start,0.000038,0,0.000034,0,0.000044,0,0.000037,0,True,True,True,True,True
rand_n20_m20_d8_s789,C_small,TYPE_C,20,20,0.000167,10,warm_start,0.000054,0,0.000038,0,0.000035,0,0.000032,0,True,True,True,True,True
rand_n20_m20_d8_s789,C_medium,TYPE_C,20,20,0.000178,9,warm_start,0.000030,0,0.000035,0,0.000034,0,0.000032,0,True,True,True,True,True
rand_n20_m20_d8_s789,C_medium,TYPE_C,20,20,0.000181,11,warm_start,0.000037,0,0.000033,0,0.000037,0,0.000033,0,True,True,True,True,True
rand_n20_m20_d8_s789,C_large,TYPE_C,20,20,0.000202,15,warm_start,0.000070,3,0.000073,2,0.000054,3,0.000052,3,True,True,True,True,True
rand_n20_m20_d8_s789,C_large,TYPE_C,20,20,0.000196,15,warm_start,0.000073,1,0.000088,3,0.000058,1,0.000073,1,True,True,True,True,True
rand_n20_m20_d8_s1024,R_small,TYPE_R,20,20,0.000159,10,warm_start,0.000033,0,0.000033,0,0.000037,0,0.000039,0,True,True,True,True,True
rand_n20_m20_d8_s1024,R_small,TYPE_R,20,20,0.000188,15,warm_start,0.000032,0,0.000041,0,0.000037,0,0.000033,0,True,True,True,True,True
rand_n20_m20_d8_s1024,R_medium,TYPE_R,20,20,0.000164,10,warm_start,0.000036,0,0.000032,0,0.000030,0,0.000030,0,True,True,True,True,True
rand_n20_m20_d8_s789,C_large,TYPE_C,20,20,0.000186,12,warm_start,0.000043,0,0.000152,0,0.000046,0,0.000037,0,True,True,True,True,True
rand_n20_m20_d8_s1024,R_medium,TYPE_R,20,20,0.000197,14,warm_start_dual,0.000082,1,0.000092,1,0.000075,3,0.000064,1,True,True,True,True,True
rand_n20_m20_d8_s1024,R_small,TYPE_R,20,20,0.000192,10,warm_start,0.000083,0,0.000048,0,0.000039,0,0.000041,0,True,True,True,True,True
rand_n20_m20_d8_s1024,R_large,TYPE_R,20,20,0.000181,13,warm_start_dual,0.000079,3,0.000067,3,0.000080,6,0.000089,3,True,True,True,True,True
rand_n20_m20_d8_s1024,R_large,TYPE_R,20,20,0.000192,13,warm_start_dual,0.000086,6,0.000075,6,0.000146,9,0.000092,6,True,True,True,True,True
rand_n20_m20_d8_s1024,R_large,TYPE_R,20,20,0.000303,14,warm_start_dual,0.000092,6,0.000077,6,0.000085,6,0.000075,6,True,True,True,True,True
rand_n20_m20_d8_s1024,R_medium,TYPE_R,20,20,0.000646,12,warm_start,0.000047,0,0.000042,0,0.000037,0,0.000135,0,True,True,True,True,True
rand_n20_m20_d8_s1024,R_single,TYPE_R,20,20,0.000155,10,warm_start,0.000030,0,0.000033,0,0.000031,0,0.000030,0,True,True,True,True,True
rand_n20_m20_d8_s1024,R_all,TYPE_R,20,20,0.000168,10,warm_start,0.000046,0,0.000039,0,0.000035,0,0.000041,0,True,True,True,True,True
rand_n20_m20_d8_s1024,R_all,TYPE_R,20,20,0.000168,10,warm_start,0.000037,0,0.000033,0,0.000031,0,0.000032,0,True,True,True,True,True
rand_n20_m20_d8_s1024,R_single,TYPE_R,20,20,0.000188,10,warm_start,0.000041,0,0.000033,0,0.000032,0,0.000133,0,True,True,True,True,True
rand_n20_m20_d8_s1024,R_single,TYPE_R,20,20,0.000196,10,warm_start,0.000040,0,0.000115,0,0.000042,0,0.000035,0,True,True,True,True,True
rand_n20_m20_d8_s1024,C_small,TYPE_C,20,20,0.000196,10,warm_start,0.000041,0,0.000040,0,0.000035,0,0.000040,0,True,True,True,True,True
rand_n20_m20_d8_s1024,C_small,TYPE_C,20,20,0.000165,10,warm_start,0.000031,0,0.000029,0,0.000038,0,0.000034,0,True,True,True,True,True
rand_n20_m20_d8_s1024,C_small,TYPE_C,20,20,0.000186,10,warm_start,0.000042,0,0.000035,0,0.000033,0,0.000049,0,True,True,True,True,True
rand_n20_m20_d8_s1024,R_all,TYPE_R,20,20,0.000191,10,warm_start,0.000039,0,0.000042,0,0.000036,0,0.000130,0,True,True,True,True,True
rand_n20_m20_d8_s1024,C_medium,TYPE_C,20,20,0.000192,11,warm_start,0.000066,1,0.000076,1,0.000063,1,0.000052,1,True,True,True,True,True
rand_n20_m20_d8_s1024,C_large,TYPE_C,20,20,0.000169,11,warm_start,0.000062,3,0.000124,7,0.000075,3,0.000060,3,True,True,True,True,True
rand_n20_m20_d8_s1024,C_medium,TYPE_C,20,20,0.000182,11,warm_start,0.000061,1,0.000080,1,0.000059,1,0.000079,1,True,True,True,True,True
rand_n20_m20_d8_s1024,C_large,TYPE_C,20,20,0.000172,12,warm_start,0.000106,5,0.000128,5,0.000227,5,0.000075,5,True,True,True,True,True
rand_n20_m20_d8_s1024,C_medium,TYPE_C,20,20,0.000198,12,warm_start,0.000066,2,0.000075,3,0.000072,2,0.000237,2,True,True,True,True,True
rand_n20_m20_d8_s1024,C_large,TYPE_C,20,20,0.000180,10,warm_start,0.000066,2,0.000099,2,0.000074,2,0.000056,2,True,True,True,True,True
rand_n20_m40_d3_s42,R_small,TYPE_R,20,40,0.000286,16,warm_start,0.000035,0,0.000045,0,0.000036,0,0.000039,0,True,True,True,True,True
rand_n20_m40_d3_s42,R_small,TYPE_R,20,40,0.000309,18,warm_start,0.000040,0,0.000035,0,0.000055,0,0.000043,0,True,True,True,True,True
rand_n20_m40_d3_s42,R_small,TYPE_R,20,40,0.000295,18,warm_start,0.000045,0,0.000040,0,0.000036,0,0.000034,0,True,True,True,True,True
rand_n20_m40_d3_s42,R_large,TYPE_R,20,40,0.000218,19,warm_start_dual,0.000082,2,0.000096,2,0.000160,16,0.000087,2,True,True,True,True,True
rand_n20_m40_d3_s42,R_medium,TYPE_R,20,40,0.000308,19,warm_start_dual,0.000098,4,0.000086,4,0.000093,6,0.000122,4,True,True,True,True,True
rand_n20_m40_d3_s42,R_medium,TYPE_R,20,40,0.000303,18,warm_start_dual,0.000127,6,0.000097,6,0.000118,11,0.000091,6,True,True,True,True,True
rand_n20_m40_d3_s42,R_medium,TYPE_R,20,40,0.000222,18,warm_start_dual,0.000366,1,0.000110,1,0.000108,7,0.000089,1,True,True,True,True,True
rand_n20_m40_d3_s42,R_large,TYPE_R,20,40,0.000297,19,warm_start_dual,0.000097,6,0.000125,6,0.000139,14,0.000098,6,True,True,True,True,True
rand_n20_m40_d3_s42,R_large,TYPE_R,20,40,0.000289,18,warm_start_dual,0.000111,9,0.000140,9,0.000151,18,0.000116,9,True,True,True,True,True
rand_n20_m40_d3_s42,R_single,TYPE_R,20,40,0.000292,16,warm_start,0.000044,0,0.000037,0,0.000038,0,0.000033,0,True,True,True,True,True
rand_n20_m40_d3_s42,R_single,TYPE_R,20,40,0.000313,17,warm_start,0.000039,0,0.000043,0,0.000050,0,0.000043,0,True,True,True,True,True
rand_n20_m40_d3_s42,R_single,TYPE_R,20,40,0.000292,17,warm_start_dual,0.000098,3,0.000125,3,0.000101,6,0.000086,3,True,True,True,True,True
rand_n20_m40_d3_s42,R_all,TYPE_R,20,40,0.000298,14,warm_start_dual,0.000088,1,0.000074,1,0.000280,2,0.000104,1,True,True,True,True,True
rand_n20_m40_d3_s42,R_all,TYPE_R,20,40,0.000292,14,warm_start_dual,0.000083,1,0.000074,1,0.000079,2,0.000107,1,True,True,True,True,True
rand_n20_m40_d3_s42,R_all,TYPE_R,20,40,0.000317,14,warm_start_dual,0.000091,1,0.000076,1,0.000111,2,0.000086,1,True,True,True,True,True
rand_n20_m40_d3_s42,C_small,TYPE_C,20,40,0.000296,18,warm_start,0.000036,0,0.000043,0,0.000037,0,0.000036,0,True,True,True,True,True
rand_n20_m40_d3_s42,C_small,TYPE_C,20,40,0.000291,16,warm_start,0.000038,0,0.000050,0,0.000044,0,0.000037,0,True,True,True,True,True
rand_n20_m40_d3_s42,C_small,TYPE_C,20,40,0.000309,17,warm_start,0.000183,0,0.000056,0,0.000041,0,0.000037,0,True,True,True,True,True
rand_n20_m40_d3_s42,C_medium,TYPE_C,20,40,0.000297,17,warm_start,0.000050,0,0.000046,0,0.000039,0,0.000038,0,True,True,True,True,True
rand_n20_m40_d3_s42,C_medium,TYPE_C,20,40,0.000303,18,warm_start,0.000041,0,0.000062,0,0.000047,0,0.000045,0,True,True,True,True,True
rand_n20_m40_d3_s42,C_medium,TYPE_C,20,40,0.000310,21,warm_start,0.000069,1,0.000097,2,0.000092,1,0.000071,1,True,True,True,True,True
rand_n20_m40_d3_s42,C_large,TYPE_C,20,40,0.000303,17,warm_start,0.000069,1,0.000082,1,0.000073,1,0.000062,1,True,True,True,True,True
rand_n20_m40_d3_s42,C_large,TYPE_C,20,40,0.000298,18,warm_start,0.000245,4,0.000147,9,0.000074,4,0.000064,4,True,True,True,True,True
rand_n20_m40_d3_s42,C_large,TYPE_C,20,40,0.000305,17,warm_start,0.000040,0,0.000035,0,0.000036,0,0.000051,0,True,True,True,True,True
rand_n20_m40_d3_s123,R_small,TYPE_R,20,40,0.000209,15,warm_start_dual,0.000089,1,0.000078,1,0.000085,5,0.000071,1,True,True,True,True,True
rand_n20_m40_d3_s123,R_small,TYPE_R,20,40,0.000209,16,warm_start,0.000041,0,0.000036,0,0.000048,0,0.000050,0,True,True,True,True,True
rand_n20_m40_d3_s123,R_small,TYPE_R,20,40,0.000232,17,warm_start_dual,0.000104,2,0.000095,2,0.000085,3,0.000077,2,True,True,True,True,True
rand_n20_m40_d3_s123,R_medium,TYPE_R,20,40,0.000329,18,warm_start_dual,0.000093,2,0.000081,2,0.000103,4,0.000105,2,True,True,True,True,True
rand_n20_m40_d3_s123,R_medium,TYPE_R,20,40,0.000242,19,warm_start_dual,0.000095,2,0.000080,2,0.000101,8,0.000092,2,True,True,True,True,True
rand_n20_m40_d3_s123,R_medium,TYPE_R,20,40,0.000247,21,warm_start_dual,0.000120,6,0.000100,6,0.000098,7,0.000089,6,True,True,True,True,True
rand_n20_m40_d3_s123,R_large,TYPE_R,20,40,0.000218,20,warm_start_dual,0.000112,4,0.000111,4,0.000128,12,0.000084,4,True,True,True,True,True
rand_n20_m40_d3_s123,R_single,TYPE_R,20,40,0.000207,16,warm_start,0.000037,0,0.000046,0,0.000040,0,0.000043,0,True,True,True,True,True
rand_n20_m40_d3_s123,R_single,TYPE_R,20,40,0.000205,16,warm_start,0.000040,0,0.000037,0,0.000035,0,0.000035,0,True,True,True,True,True
rand_n20_m40_d3_s123,R_large,TYPE_R,20,40,0.000219,19,warm_start_dual,0.000101,8,0.000095,8,0.000136,9,0.000114,8,True,True,True,True,True
rand_n20_m40_d3_s123,R_large,TYPE_R,20,40,0.000326,17,warm_start_dual,0.000108,5,0.000360,5,0.000154,14,0.000099,5,True,True,True,True,True
rand_n20_m40_d3_s123,R_single,TYPE_R,20,40,0.000219,16,warm_start,0.000044,0,0.000038,0,0.000047,0,0.000039,0,True,True,True,True,True
rand_n20_m40_d3_s123,R_all,TYPE_R,20,40,0.000302,12,warm_start_dual,0.000091,2,0.000115,2,0.000113,7,0.000084,2,True,True,True,True,True
rand_n20_m40_d3_s123,R_all,TYPE_R,20,40,0.000283,12,warm_start_dual,0.000088,2,0.000287,2,0.000125,7,0.000088,2,True,True,True,True,True
rand_n20_m40_d3_s123,C_small,TYPE_C,20,40,0.000222,15,warm_start,0.000042,0,0.000037,0,0.000035,0,0.000051,0,True,True,True,True,True
rand_n20_m40_d3_s123,C_small,TYPE_C,20,40,0.000229,16,warm_start,0.000046,0,0.000037,0,0.000037,0,0.000039,0,True,True,True,True,True
rand_n20_m40_d3_s123,C_small,TYPE_C,20,40,0.000215,15,warm_start,0.000055,0,0.000043,0,0.000049,0,0.000041,0,True,True,True,True,True
rand_n20_m40_d3_s123,C_medium,TYPE_C,20,40,0.000214,17,warm_start,0.000048,0,0.000049,0,0.000041,0,0.000043,0,True,True,True,True,True
rand_n20_m40_d3_s123,C_medium,TYPE_C,20,40,0.000206,15,warm_start,0.000038,0,0.000034,0,0.000033,0,0.000040,0,True,True,True,True,True
rand_n20_m40_d3_s123,R_all,TYPE_R,20,40,0.000320,12,warm_start_dual,0.000103,2,0.000085,2,0.000101,7,0.000279,2,True,True,True,True,True
rand_n20_m40_d3_s123,C_medium,TYPE_C,20,40,0.000211,17,warm_start,0.000157,0,0.000050,0,0.000043,0,0.000037,0,True,True,True,True,True
rand_n20_m40_d3_s123,C_large,TYPE_C,20,40,0.000230,18,warm_start,0.000036,0,0.000048,0,0.000054,0,0.000041,0,True,True,True,True,True
rand_n20_m40_d3_s123,C_large,TYPE_C,20,40,0.000206,15,warm_start,0.000044,0,0.000040,0,0.000036,0,0.000036,0,True,True,True,True,True
rand_n20_m40_d3_s123,C_large,TYPE_C,20,40,0.000216,16,warm_start,0.000075,4,0.000115,6,0.000097,4,0.000074,4,True,True,True,True,True
rand_n20_m40_d3_s456,R_small,TYPE_R,20,40,0.000306,23,warm_start_dual,0.000090,1,0.000081,1,0.000093,1,0.000089,1,True,True,True,True,True
rand_n20_m40_d3_s456,R_small,TYPE_R,20,40,0.000331,23,warm_start_dual,0.000095,1,0.000106,1,0.000078,1,0.000078,1,True,True,True,True,True
rand_n20_m40_d3_s456,R_medium,TYPE_R,20,40,0.000344,20,warm_start_dual,0.000134,11,0.000123,11,0.000121,10,0.000115,11,True,True,True,True,True
rand_n20_m40_d3_s456,R_small,TYPE_R,20,40,0.000330,22,warm_start_dual,0.000097,1,0.000079,1,0.000091,6,0.000107,1,True,True,True,True,True
rand_n20_m40_d3_s456,R_medium,TYPE_R,20,40,0.000316,21,warm_start_dual,0.000088,2,0.000080,2,0.000121,7,0.000121,2,True,True,True,True,True
rand_n20_m40_d3_s456,R_medium,TYPE_R,20,40,0.000332,23,warm_start_dual,0.000116,1,0.000092,1,0.000089,3,0.000108,1,True,True,True,True,True
rand_n20_m40_d3_s456,R_large,TYPE_R,20,40,0.000307,21,warm_start_dual,0.000095,3,0.000115,3,0.000119,9,0.000089,3,True,True,True,True,True
rand_n20_m40_d3_s456,R_large,TYPE_R,20,40,0.000889,26,warm_start_dual,0.000145,12,0.000119,12,0.000153,17,0.000175,12,True,True,True,True,True
rand_n20_m40_d3_s456,R_single,TYPE_R,20,40,0.000329,23,warm_start,0.000047,0,0.000040,0,0.000042,0,0.000037,0,True,True,True,True,True
rand_n20_m40_d3_s456,R_single,TYPE_R,20,40,0.000321,23,warm_start,0.000045,0,0.000053,0,0.000047,0,0.000040,0,True,True,True,True,True
rand_n20_m40_d3_s456,R_large,TYPE_R,20,40,0.000330,25,warm_start_dual,0.000099,5,0.000264,5,0.000120,5,0.000102,5,True,True,True,True,True
rand_n20_m40_d3_s456,R_single,TYPE_R,20,40,0.000314,24,warm_start_dual,0.000110,1,0.000083,1,0.000073,1,0.000090,1,True,True,True,True,True
rand_n20_m40_d3_s456,R_all,TYPE_R,20,40,0.000325,21,warm_start,0.000049,0,0.000040,0,0.000039,0,0.000036,0,True,True,True,True,True
rand_n20_m40_d3_s456,R_all,TYPE_R,20,40,0.000314,21,warm_start,0.000051,0,0.000042,0,0.000052,0,0.000054,0,True,True,True,True,True
rand_n20_m40_d3_s456,R_all,TYPE_R,20,40,0.000321,21,warm_start,0.000037,0,0.000059,0,0.000041,0,0.000039,0,True,True,True,True,True
rand_n20_m40_d3_s456,C_small,TYPE_C,20,40,0.000318,23,warm_start,0.000051,0,0.000043,0,0.000045,0,0.000036,0,True,True,True,True,True
rand_n20_m40_d3_s456,C_small,TYPE_C,20,40,0.000332,23,warm_start,0.000155,0,0.000052,0,0.000042,0,0.000041,0,True,True,True,True,True
rand_n20_m40_d3_s456,C_medium,TYPE_C,20,40,0.000312,21,warm_start,0.000052,0,0.000059,0,0.000042,0,0.000037,0,True,True,True,True,True
rand_n20_m40_d3_s456,C_small,TYPE_C,20,40,0.000341,22,warm_start,0.000049,0,0.000041,0,0.000055,0,0.000053,0,True,True,True,True,True
rand_n20_m40_d3_s456,C_medium,TYPE_C,20,40,0.000354,23,warm_start,0.000079,2,0.000110,3,0.000078,2,0.000082,2,True,True,True,True,True
rand_n20_m40_d3_s456,C_medium,TYPE_C,20,40,0.000301,21,warm_start,0.000091,1,0.000123,5,0.000065,1,0.000084,1,True,True,True,True,True
rand_n20_m40_d3_s456,C_large,TYPE_C,20,40,0.000362,22,warm_start,0.000091,1,0.000113,2,0.000084,1,0.000088,1,True,True,True,True,True
rand_n20_m40_d3_s456,C_large,TYPE_C,20,40,0.000314,21,warm_start,0.000070,1,0.000146,5,0.000068,1,0.000089,1,True,True,True,True,True
rand_n20_m40_d3_s456,C_large,TYPE_C,20,40,0.000313,22,warm_start,0.000228,2,0.000138,4,0.000069,2,0.000062,2,True,True,True,True,True
rand_n20_m40_d3_s789,R_small,TYPE_R,20,40,0.000327,20,warm_start_dual,0.000097,2,0.000081,2,0.000086,4,0.000090,2,True,True,True,True,True
rand_n20_m40_d3_s789,R_small,TYPE_R,20,40,0.000313,17,warm_start,0.000044,0,0.000038,0,0.000041,0,0.000145,0,True,True,True,True,True
rand_n20_m40_d3_s789,R_small,TYPE_R,20,40,0.000316,17,warm_start,0.000042,0,0.000039,0,0.000035,0,0.000036,0,True,True,True,True,True
rand_n20_m40_d3_s789,R_medium,TYPE_R,20,40,0.000277,16,warm_start_dual,0.000107,1,0.000087,1,0.000093,3,0.000081,1,True,True,True,True,True
rand_n20_m40_d3_s789,R_medium,TYPE_R,20,40,0.000325,21,warm_start_dual,0.000088,1,0.000078,1,0.000097,7,0.000113,1,True,True,True,True,True
rand_n20_m40_d3_s789,R_medium,TYPE_R,20,40,0.000304,16,warm_start_dual,0.000102,7,0.000112,7,0.000148,11,0.000109,7,True,True,True,True,True
rand_n20_m40_d3_s789,R_single,TYPE_R,20,40,0.000308,21,warm_start_dual,0.000099,3,0.000097,3,0.000135,10,0.000092,3,True,True,True,True,True
rand_n20_m40_d3_s789,R_large,TYPE_R,20,40,0.000294,18,warm_start_dual,0.000289,2,0.000105,2,0.000127,11,0.000088,2,True,True,True,True,True
rand_n20_m40_d3_s789,R_large,TYPE_R,20,40,0.000321,18,warm_start_dual,0.000139,8,0.000108,8,0.000195,25,0.000105,8,True,True,True,True,True
rand_n20_m40_d3_s789,R_large,TYPE_R,20,40,0.000331,20,warm_start_dual,0.000111,6,0.000104,6,0.000382,14,0.000111,6,True,True,True,True,True
rand_n20_m40_d3_s789,R_single,TYPE_R,20,40,0.000271,17,warm_start,0.000036,0,0.000034,0,0.000044,0,0.000041,0,True,True,True,True,True
rand_n20_m40_d3_s789,R_single,TYPE_R,20,40,0.000301,17,warm_start,0.000037,0,0.000035,0,0.000035,0,0.000047,0,True,True,True,True,True
rand_n20_m40_d3_s789,R_all,TYPE_R,20,40,0.000339,19,warm_start_dual,0.000091,1,0.000078,1,0.000080,3,0.000076,1,True,True,True,True,True
rand_n20_m40_d3_s789,R_all,TYPE_R,20,40,0.000302,19,warm_start_dual,0.000088,1,0.000078,1,0.000077,3,0.000102,1,True,True,True,True,True
rand_n20_m40_d3_s789,R_all,TYPE_R,20,40,0.000333,19,warm_start_dual,0.000310,1,0.000088,1,0.000084,3,0.000081,1,True,True,True,True,True
rand_n20_m40_d3_s789,C_small,TYPE_C,20,40,0.000294,17,warm_start,0.000038,0,0.000035,0,0.000040,0,0.000049,0,True,True,True,True,True
rand_n20_m40_d3_s789,C_small,TYPE_C,20,40,0.000280,17,warm_start,0.000036,0,0.000033,0,0.000034,0,0.000038,0,True,True,True,True,True
rand_n20_m40_d3_s789,C_small,TYPE_C,20,40,0.000286,17,warm_start,0.000050,0,0.000040,0,0.000037,0,0.000035,0,True,True,True,True,True
rand_n20_m40_d3_s789,C_medium,TYPE_C,20,40,0.000274,17,warm_start,0.000034,0,0.000037,0,0.000039,0,0.000033,0,True,True,True,True,True
rand_n20_m40_d3_s789,C_medium,TYPE_C,20,40,0.000334,16,warm_start,0.000119,1,0.000141,5,0.000065,1,0.000058,1,True,True,True,True,True
rand_n20_m40_d3_s789,C_large,TYPE_C,20,40,0.000280,17,warm_start,0.000069,3,0.000147,6,0.000078,3,0.000081,3,True,True,True,True,True
rand_n20_m40_d3_s789,C_medium,TYPE_C,20,40,0.000283,17,warm_start,0.000038,0,0.000047,0,0.000042,0,0.000037,0,True,True,True,True,True
rand_n20_m40_d3_s789,C_large,TYPE_C,20,40,0.000279,20,warm_start,0.000092,1,0.000121,2,0.000067,1,0.000059,1,True,True,True,True,True
rand_n20_m40_d3_s1024,R_small,TYPE_R,20,40,0.000216,19,warm_start,0.000035,0,0.000034,0,0.000044,0,0.000039,0,True,True,True,True,True
rand_n20_m40_d3_s1024,R_small,TYPE_R,20,40,0.000220,20,warm_start,0.000035,0,0.000044,0,0.000039,0,0.000036,0,True,True,True,True,True
rand_n20_m40_d3_s1024,R_medium,TYPE_R,20,40,0.000230,22,warm_start_dual,0.000116,1,0.000084,1,0.000087,3,0.000076,1,True,True,True,True,True
rand_n20_m40_d3_s1024,R_small,TYPE_R,20,40,0.000217,19,warm_start,0.000038,0,0.000049,0,0.000040,0,0.000046,0,True,True,True,True,True
rand_n20_m40_d3_s789,C_large,TYPE_C,20,40,0.000339,18,warm_start,0.000238,4,0.000142,6,0.000075,4,0.000070,4,True,True,True,True,True
rand_n20_m40_d3_s1024,R_medium,TYPE_R,20,40,0.000239,18,warm_start_dual,0.000096,1,0.000107,1,0.000085,2,0.000079,1,True,True,True,True,True
rand_n20_m40_d3_s1024,R_large,TYPE_R,20,40,0.000241,27,warm_start_dual,0.000092,5,0.000122,5,0.000117,7,0.000097,5,True,True,True,True,True
rand_n20_m40_d3_s1024,R_medium,TYPE_R,20,40,0.000237,24,warm_start_dual,0.000179,2,0.000102,2,0.000108,3,0.000090,2,True,True,True,True,True
rand_n20_m40_d3_s1024,R_large,TYPE_R,20,40,0.000223,24,warm_start_dual,0.000110,2,0.000106,2,0.000075,1,0.000096,2,True,True,True,True,True
rand_n20_m40_d3_s1024,R_single,TYPE_R,20,40,0.000228,22,warm_start_dual,0.000137,3,0.000098,3,0.000093,4,0.000096,3,True,True,True,True,True
rand_n20_m40_d3_s1024,R_single,TYPE_R,20,40,0.000227,20,warm_start_dual,0.000082,1,0.000100,1,0.000132,2,0.000090,1,True,True,True,True,True
rand_n20_m40_d3_s1024,R_large,TYPE_R,20,40,0.000664,24,warm_start_dual,0.000134,9,0.000114,9,0.000155,13,0.000116,9,True,True,True,True,True
rand_n20_m40_d3_s1024,R_single,TYPE_R,20,40,0.000247,19,warm_start,0.000040,0,0.000041,0,0.000046,0,0.000052,0,True,True,True,True,True
rand_n20_m40_d3_s1024,R_all,TYPE_R,20,40,0.000230,22,warm_start_dual,0.000091,1,0.000105,1,0.000078,1,0.000080,1,True,True,True,True,True
rand_n20_m40_d3_s1024,C_small,TYPE_C,20,40,0.000239,24,warm_start,0.000039,0,0.000044,0,0.000044,0,0.000039,0,True,True,True,True,True
rand_n20_m40_d3_s1024,R_all,TYPE_R,20,40,0.000233,22,warm_start_dual,0.000119,1,0.000093,1,0.000074,1,0.000103,1,True,True,True,True,True
rand_n20_m40_d3_s1024,R_all,TYPE_R,20,40,0.000235,22,warm_start_dual,0.000108,1,0.000089,1,0.000081,1,0.000076,1,True,True,True,True,True
rand_n20_m40_d3_s1024,C_small,TYPE_C,20,40,0.000228,18,warm_start,0.000044,0,0.000042,0,0.000044,0,0.000041,0,True,True,True,True,True
rand_n20_m40_d3_s1024,C_medium,TYPE_C,20,40,0.000248,23,warm_start,0.000072,1,0.000129,4,0.000073,1,0.000081,1,True,True,True,True,True
rand_n20_m40_d3_s1024,C_medium,TYPE_C,20,40,0.000212,19,warm_start,0.000079,2,0.000112,5,0.000067,2,0.000059,2,True,True,True,True,True
rand_n20_m40_d3_s1024,C_medium,TYPE_C,20,40,0.000214,16,warm_start,0.000072,3,0.000124,4,0.000094,3,0.000092,3,True,True,True,True,True
rand_n20_m40_d3_s1024,C_large,TYPE_C,20,40,0.000216,18,warm_start,0.000070,4,0.000124,9,0.000101,4,0.000083,4,True,True,True,True,True
rand_n20_m40_d3_s1024,C_small,TYPE_C,20,40,0.000234,22,warm_start,0.000070,1,0.000105,4,0.000059,1,0.000080,1,True,True,True,True,True
rand_n20_m40_d3_s1024,C_large,TYPE_C,20,40,0.000217,20,warm_start,0.000096,5,0.000120,6,0.000103,5,0.000089,5,True,True,True,True,True
rand_n20_m40_d5_s42,R_small,TYPE_R,20,40,0.000236,15,warm_start_dual,0.000119,1,0.000086,1,0.000083,1,0.000112,1,True,True,True,True,True
rand_n20_m40_d3_s1024,C_large,TYPE_C,20,40,0.001552,22,warm_start,0.000106,4,0.000134,7,0.000076,4,0.000086,4,True,True,True,True,True
rand_n20_m40_d5_s42,R_small,TYPE_R,20,40,0.000244,19,warm_start_dual,0.000089,1,0.000093,1,0.000079,1,0.000113,1,True,True,True,True,True
rand_n20_m40_d5_s42,R_small,TYPE_R,20,40,0.000251,17,warm_start,0.000041,0,0.000038,0,0.000056,0,0.000044,0,True,True,True,True,True
rand_n20_m40_d5_s42,R_medium,TYPE_R,20,40,0.000232,16,warm_start_dual,0.000093,1,0.000110,1,0.000082,1,0.000082,1,True,True,True,True,True
rand_n20_m40_d5_s42,R_medium,TYPE_R,20,40,0.000263,20,warm_start_dual,0.000101,2,0.000084,2,0.000075,1,0.000107,2,True,True,True,True,True
rand_n20_m40_d5_s42,R_medium,TYPE_R,20,40,0.000209,11,warm_start_dual,0.000114,5,0.000103,5,0.000124,7,0.000098,5,True,True,True,True,True
rand_n20_m40_d5_s42,R_large,TYPE_R,20,40,0.000241,18,warm_start_dual,0.000108,9,0.000126,9,0.000189,21,0.000121,9,True,True,True,True,True
rand_n20_m40_d5_s42,R_large,TYPE_R,20,40,0.000213,14,warm_start_dual,0.000097,5,0.000092,5,0.000196,20,0.000104,5,True,True,True,True,True
rand_n20_m40_d5_s42,R_single,TYPE_R,20,40,0.000215,14,warm_start,0.000044,0,0.000039,0,0.000039,0,0.000035,0,True,True,True,True,True
rand_n20_m40_d5_s42,R_large,TYPE_R,20,40,0.000222,12,warm_start_dual,0.000102,5,0.000093,5,0.000123,8,0.000126,5,True,True,True,True,True
rand_n20_m40_d5_s42,R_single,TYPE_R,20,40,0.000238,17,warm_start,0.000045,0,0.000057,0,0.000144,0,0.000054,0,True,True,True,True,True
rand_n20_m40_d5_s42,R_all,TYPE_R,20,40,0.000227,14,warm_start_dual,0.000105,1,0.000084,1,0.000095,2,0.000099,1,True,True,True,True,True
rand_n20_m40_d5_s42,R_all,TYPE_R,20,40,0.000225,14,warm_start_dual,0.000102,1,0.000083,1,0.000114,2,0.000086,1,True,True,True,True,True
rand_n20_m40_d5_s42,C_small,TYPE_C,20,40,0.000252,17,warm_start,0.000085,2,0.000121,6,0.000103,2,0.000072,2,True,True,True,True,True
rand_n20_m40_d5_s42,R_single,TYPE_R,20,40,0.000251,17,warm_start,0.000046,0,0.000046,0,0.000040,0,0.000053,0,True,True,True,True,True
rand_n20_m40_d5_s42,R_all,TYPE_R,20,40,0.000226,14,warm_start_dual,0.000082,1,0.000081,1,0.000106,2,0.000096,1,True,True,True,True,True
rand_n20_m40_d5_s42,C_small,TYPE_C,20,40,0.000251,17,warm_start,0.000069,1,0.000109,1,0.000068,1,0.000065,1,True,True,True,True,True
rand_n20_m40_d5_s42,C_small,TYPE_C,20,40,0.000227,16,warm_start,0.000086,1,0.000118,3,0.000087,1,0.000067,1,True,True,True,True,True
rand_n20_m40_d5_s42,C_medium,TYPE_C,20,40,0.000222,16,warm_start,0.000093,3,0.000116,4,0.000071,3,0.000083,3,True,True,True,True,True
rand_n20_m40_d5_s42,C_medium,TYPE_C,20,40,0.000217,15,warm_start,0.000096,3,0.000127,4,0.000081,3,0.000073,3,True,True,True,True,True
rand_n20_m40_d5_s42,C_large,TYPE_C,20,40,0.000231,14,warm_start,0.000090,4,0.000116,5,0.000096,4,0.000078,4,True,True,True,True,True
rand_n20_m40_d5_s42,C_large,TYPE_C,20,40,0.000245,14,warm_start,0.000114,12,0.000152,9,0.000133,12,0.000124,12,True,True,True,True,True
rand_n20_m40_d5_s42,C_large,TYPE_C,20,40,0.000251,18,warm_start,0.000080,4,0.000124,8,0.000073,4,0.000098,4,True,True,True,True,True
rand_n20_m40_d5_s42,C_medium,TYPE_C,20,40,0.000253,17,warm_start,0.000085,1,0.000131,4,0.000094,1,0.000254,1,True,True,True,True,True
rand_n20_m40_d5_s123,R_small,TYPE_R,20,40,0.000505,23,warm_start_dual,0.000101,2,0.000086,2,0.000106,9,0.000110,2,True,True,True,True,True
rand_n20_m40_d5_s123,R_small,TYPE_R,20,40,0.000261,24,warm_start_dual,0.000111,2,0.000088,2,0.000086,3,0.000080,2,True,True,True,True,True
rand_n20_m40_d5_s123,R_small,TYPE_R,20,40,0.000260,23,warm_start_dual,0.000083,2,0.000115,2,0.000091,3,0.000089,2,True,True,True,True,True
rand_n20_m40_d5_s123,R_medium,TYPE_R,20,40,0.000267,19,warm_start_dual,0.000108,4,0.000127,4,0.000150,15,0.000101,4,True,True,True,True,True
rand_n20_m40_d5_s123,R_medium,TYPE_R,20,40,0.000258,23,warm_start_dual,0.000110,2,0.000088,2,0.000119,3,0.000099,2,True,True,True,True,True
rand_n20_m40_d5_s123,R_medium,TYPE_R,20,40,0.000251,23,warm_start_dual,0.000112,2,0.000096,2,0.000102,4,0.000083,2,True,True,True,True,True
rand_n20_m40_d5_s123,R_large,TYPE_R,20,40,0.000237,18,warm_start_dual,0.000119,5,0.000116,5,0.000187,19,0.000105,5,True,True,True,True,True
rand_n20_m40_d5_s123,R_large,TYPE_R,20,40,0.000243,19,warm_start_dual,0.000111,10,0.000116,10,0.000125,5,0.000118,10,True,True,True,True,True
rand_n20_m40_d5_s123,R_single,TYPE_R,20,40,0.000253,22,warm_start,0.000040,0,0.000039,0,0.000054,0,0.000051,0,True,True,True,True,True
rand_n20_m40_d5_s123,R_single,TYPE_R,20,40,0.000255,22,warm_start_dual,0.000105,2,0.000087,2,0.000087,3,0.000095,2,True,True,True,True,True
rand_n20_m40_d5_s123,R_single,TYPE_R,20,40,0.000279,23,warm_start_dual,0.000096,2,0.000083,2,0.000085,3,0.000076,2,True,True,True,True,True
rand_n20_m40_d5_s123,R_all,TYPE_R,20,40,0.000257,19,warm_start_dual,0.000107,4,0.000115,4,0.000093,4,0.000090,4,True,True,True,True,True
rand_n20_m40_d5_s123,R_large,TYPE_R,20,40,0.000252,20,warm_start_dual,0.000092,3,0.000114,3,0.000338,11,0.000115,3,True,True,True,True,True
rand_n20_m40_d5_s123,R_all,TYPE_R,20,40,0.000353,19,warm_start_dual,0.000111,4,0.000103,4,0.000107,4,0.000105,4,True,True,True,True,True
rand_n20_m40_d5_s123,R_all,TYPE_R,20,40,0.000260,19,warm_start_dual,0.000105,4,0.000090,4,0.000092,4,0.000129,4,True,True,True,True,True
rand_n20_m40_d5_s123,C_small,TYPE_C,20,40,0.000265,19,warm_start,0.000053,0,0.000054,0,0.000051,0,0.000040,0,True,True,True,True,True
rand_n20_m40_d5_s123,C_small,TYPE_C,20,40,0.000263,21,warm_start,0.000052,0,0.000047,0,0.000041,0,0.000042,0,True,True,True,True,True
rand_n20_m40_d5_s123,C_small,TYPE_C,20,40,0.000246,21,warm_start,0.000062,1,0.000124,2,0.000073,1,0.000062,1,True,True,True,True,True
rand_n20_m40_d5_s123,C_medium,TYPE_C,20,40,0.000269,25,warm_start,0.000070,2,0.000111,5,0.000094,2,0.000073,2,True,True,True,True,True
rand_n20_m40_d5_s123,C_medium,TYPE_C,20,40,0.000257,21,warm_start,0.000044,0,0.000039,0,0.000052,0,0.000055,0,True,True,True,True,True
rand_n20_m40_d5_s123,C_medium,TYPE_C,20,40,0.000303,20,warm_start,0.000074,1,0.000104,2,0.000099,1,0.000253,1,True,True,True,True,True
rand_n20_m40_d5_s123,C_large,TYPE_C,20,40,0.000274,25,warm_start,0.000093,2,0.000118,2,0.000074,2,0.000090,2,True,True,True,True,True
rand_n20_m40_d5_s123,C_large,TYPE_C,20,40,0.000238,17,warm_start,0.000261,5,0.000160,9,0.000087,5,0.000076,5,True,True,True,True,True
rand_n20_m40_d5_s123,C_large,TYPE_C,20,40,0.000270,27,warm_start,0.000070,2,0.000110,4,0.000084,2,0.000070,2,True,True,True,True,True
rand_n20_m40_d5_s456,R_small,TYPE_R,20,40,0.000306,28,warm_start_dual,0.000105,1,0.000088,1,0.000074,1,0.000277,1,True,True,True,True,True
rand_n20_m40_d5_s456,R_small,TYPE_R,20,40,0.000328,35,warm_start_dual,0.000115,2,0.000104,2,0.000107,5,0.000090,2,True,True,True,True,True
rand_n20_m40_d5_s456,R_small,TYPE_R,20,40,0.000342,37,warm_start_dual,0.000123,2,0.000099,2,0.000086,2,0.000093,2,True,True,True,True,True
rand_n20_m40_d5_s456,R_medium,TYPE_R,20,40,0.000285,28,warm_start_dual,0.000121,4,0.000130,4,0.000122,3,0.000112,4,True,True,True,True,True
rand_n20_m40_d5_s456,R_medium,TYPE_R,20,40,0.000320,31,warm_start_dual,0.000121,7,0.000109,7,0.000171,17,0.000155,7,True,True,True,True,True
rand_n20_m40_d5_s456,R_medium,TYPE_R,20,40,0.000307,29,warm_start_dual,0.000117,5,0.000134,5,0.000159,16,0.000136,5,True,True,True,True,True
rand_n20_m40_d5_s456,R_large,TYPE_R,20,40,0.000302,28,warm_start_dual,0.000145,11,0.000131,11,0.000245,23,0.000153,11,True,True,True,True,True
rand_n20_m40_d5_s456,R_large,TYPE_R,20,40,0.000279,23,warm_start_dual,0.000143,12,0.000125,12,0.000144,12,0.000127,12,True,True,True,True,True
rand_n20_m40_d5_s456,R_large,TYPE_R,20,40,0.000309,32,warm_start_dual,0.000131,11,0.000145,11,0.000220,22,0.000139,11,True,True,True,True,True
rand_n20_m40_d5_s456,R_single,TYPE_R,20,40,0.000310,32,warm_start_dual,0.000095,1,0.000089,1,0.000080,1,0.000109,1,True,True,True,True,True
rand_n20_m40_d5_s456,R_all,TYPE_R,20,40,0.000266,23,warm_start,0.000048,0,0.000062,0,0.000049,0,0.000043,0,True,True,True,True,True
rand_n20_m40_d5_s456,R_single,TYPE_R,20,40,0.000303,32,warm_start,0.000043,0,0.000038,0,0.000052,0,0.000043,0,True,True,True,True,True
rand_n20_m40_d5_s456,R_single,TYPE_R,20,40,0.000323,32,warm_start,0.000050,0,0.000042,0,0.000042,0,0.000037,0,True,True,True,True,True
rand_n20_m40_d5_s456,R_all,TYPE_R,20,40,0.000270,23,warm_start,0.000048,0,0.000049,0,0.000160,0,0.000059,0,True,True,True,True,True
rand_n20_m40_d5_s456,R_all,TYPE_R,20,40,0.000268,23,warm_start,0.000050,0,0.000042,0,0.000051,0,0.000043,0,True,True,True,True,True
rand_n20_m40_d5_s456,C_small,TYPE_C,20,40,0.000262,21,warm_start,0.000058,0,0.000046,0,0.000050,0,0.000050,0,True,True,True,True,True
rand_n20_m40_d5_s456,C_small,TYPE_C,20,40,0.000278,27,warm_start,0.000045,0,0.000040,0,0.000038,0,0.000037,0,True,True,True,True,True
rand_n20_m40_d5_s456,C_medium,TYPE_C,20,40,0.000274,22,warm_start,0.000078,2,0.000149,4,0.000085,2,0.000077,2,True,True,True,True,True
rand_n20_m40_d5_s456,C_small,TYPE_C,20,40,0.000309,25,warm_start,0.000049,0,0.000042,0,0.000057,0,0.000155,0,True,True,True,True,True
rand_n20_m40_d5_s456,C_large,TYPE_C,20,40,0.000272,25,warm_start,0.000086,3,0.000126,6,0.000072,3,0.000068,3,True,True,True,True,True
rand_n20_m40_d5_s456,C_medium,TYPE_C,20,40,0.000274,26,warm_start,0.000042,0,0.000055,0,0.000048,0,0.000043,0,True,True,True,True,True
rand_n20_m40_d5_s456,C_medium,TYPE_C,20,40,0.000286,26,warm_start,0.000075,1,0.000098,1,0.000068,1,0.000092,1,True,True,True,True,True
rand_n20_m40_d5_s456,C_large,TYPE_C,20,40,0.000297,26,warm_start,0.000107,3,0.000139,5,0.000076,3,0.000071,3,True,True,True,True,True
rand_n20_m40_d5_s456,C_large,TYPE_C,20,40,0.000268,23,warm_start,0.000101,3,0.000153,6,0.000081,3,0.000071,3,True,True,True,True,True
rand_n20_m40_d5_s789,R_small,TYPE_R,20,40,0.000272,20,warm_start_dual,0.000111,3,0.000128,3,0.000121,4,0.000097,3,True,True,True,True,True
rand_n20_m40_d5_s789,R_small,TYPE_R,20,40,0.000263,21,warm_start_dual,0.000122,1,0.000109,1,0.000092,2,0.000116,1,True,True,True,True,True
rand_n20_m40_d5_s789,R_small,TYPE_R,20,40,0.000275,22,warm_start,0.000050,0,0.000043,0,0.000040,0,0.000038,0,True,True,True,True,True
rand_n20_m40_d5_s789,R_medium,TYPE_R,20,40,0.000259,20,warm_start_dual,0.000127,4,0.000113,4,0.000112,6,0.000097,4,True,True,True,True,True
rand_n20_m40_d5_s789,R_large,TYPE_R,20,40,0.000282,25,warm_start_dual,0.000116,6,0.000105,6,0.000188,17,0.000139,6,True,True,True,True,True
rand_n20_m40_d5_s789,R_medium,TYPE_R,20,40,0.000255,19,warm_start_dual,0.000108,3,0.000313,3,0.000144,9,0.000102,3,True,True,True,True,True
rand_n20_m40_d5_s789,R_single,TYPE_R,20,40,0.000259,22,warm_start,0.000048,0,0.000042,0,0.000048,0,0.000042,0,True,True,True,True,True
rand_n20_m40_d5_s789,R_medium,TYPE_R,20,40,0.000284,24,warm_start_dual,0.000119,2,0.000099,2,0.000135,6,0.000320,2,True,True,True,True,True
rand_n20_m40_d5_s789,R_single,TYPE_R,20,40,0.000254,21,warm_start_dual,0.000089,1,0.000104,1,0.000089,2,0.000090,1,True,True,True,True,True
rand_n20_m40_d5_s789,R_large,TYPE_R,20,40,0.000299,27,warm_start_dual,0.000153,11,0.000125,11,0.000183,16,0.000139,11,True,True,True,True,True
rand_n20_m40_d5_s789,R_large,TYPE_R,20,40,0.000297,28,warm_start_dual,0.000131,7,0.000118,7,0.000519,30,0.000150,7,True,True,True,True,True
rand_n20_m40_d5_s789,R_single,TYPE_R,20,40,0.000285,22,warm_start,0.000052,0,0.000047,0,0.000042,0,0.000053,0,True,True,True,True,True
rand_n20_m40_d5_s789,R_all,TYPE_R,20,40,0.000262,20,warm_start_dual,0.000106,1,0.000118,1,0.000121,7,0.000093,1,True,True,True,True,True
rand_n20_m40_d5_s789,R_all,TYPE_R,20,40,0.000245,20,warm_start_dual,0.000125,1,0.000116,1,0.000126,7,0.000090,1,True,True,True,True,True
rand_n20_m40_d5_s789,C_small,TYPE_C,20,40,0.000277,25,warm_start,0.000071,1,0.000125,2,0.000082,1,0.000066,1,True,True,True,True,True
rand_n20_m40_d5_s789,R_all,TYPE_R,20,40,0.000250,20,warm_start_dual,0.000099,1,0.000107,1,0.000473,7,0.000110,1,True,True,True,True,True
rand_n20_m40_d5_s789,C_small,TYPE_C,20,40,0.000270,23,warm_start,0.000058,0,0.000043,0,0.000040,0,0.000038,0,True,True,True,True,True
rand_n20_m40_d5_s789,C_medium,TYPE_C,20,40,0.000285,22,warm_start,0.000097,5,0.000152,6,0.000086,5,0.000074,5,True,True,True,True,True
rand_n20_m40_d5_s789,C_small,TYPE_C,20,40,0.000243,17,warm_start,0.000089,2,0.000127,5,0.000074,2,0.000088,2,True,True,True,True,True
rand_n20_m40_d5_s789,C_medium,TYPE_C,20,40,0.000284,22,warm_start,0.000104,6,0.000142,5,0.000089,6,0.000114,6,True,True,True,True,True
rand_n20_m40_d5_s789,C_medium,TYPE_C,20,40,0.000294,22,warm_start,0.000101,2,0.000120,4,0.000086,2,0.000089,2,True,True,True,True,True
rand_n20_m40_d5_s789,C_large,TYPE_C,20,40,0.000307,28,warm_start,0.000117,10,0.000150,10,0.000099,10,0.000113,10,True,True,True,True,True
rand_n20_m40_d5_s789,C_large,TYPE_C,20,40,0.000275,22,warm_start,0.000110,7,0.000138,7,0.000091,7,0.000083,7,True,True,True,True,True
rand_n20_m40_d5_s1024,R_small,TYPE_R,20,40,0.000265,17,warm_start_dual,0.000106,1,0.000106,1,0.000107,6,0.000086,1,True,True,True,True,True
rand_n20_m40_d5_s1024,R_small,TYPE_R,20,40,0.000247,17,warm_start,0.000042,0,0.000041,0,0.000054,0,0.000044,0,True,True,True,True,True
rand_n20_m40_d5_s1024,R_small,TYPE_R,20,40,0.000257,16,warm_start_dual,0.000083,1,0.000072,1,0.000078,1,0.000082,1,True,True,True,True,True
rand_n20_m40_d5_s789,C_large,TYPE_C,20,40,0.000279,24,warm_start,0.000104,3,0.000117,4,0.000087,3,0.000072,3,True,True,True,True,True
rand_n20_m40_d5_s1024,R_medium,TYPE_R,20,40,0.000262,22,warm_start_dual,0.000115,5,0.000130,5,0.000143,13,0.000131,5,True,True,True,True,True
rand_n20_m40_d5_s1024,R_medium,TYPE_R,20,40,0.000247,18,warm_start_dual,0.001310,1,0.000117,1,0.000092,2,0.000089,1,True,True,True,True,True
rand_n20_m40_d5_s1024,R_large,TYPE_R,20,40,0.000315,24,warm_start_dual,0.000171,14,0.000133,14,0.000168,14,0.000145,14,True,True,True,True,True
rand_n20_m40_d5_s1024,R_medium,TYPE_R,20,40,0.000276,18,warm_start_dual,0.000115,2,0.000108,2,0.000129,7,0.000350,2,True,True,True,True,True
rand_n20_m40_d5_s1024,R_single,TYPE_R,20,40,0.000256,17,warm_start,0.000060,0,0.000051,0,0.000046,0,0.000042,0,True,True,True,True,True
rand_n20_m40_d5_s1024,R_large,TYPE_R,20,40,0.000295,28,warm_start_dual,0.000137,10,0.000154,10,0.000148,13,0.000125,10,True,True,True,True,True
rand_n20_m40_d5_s1024,R_single,TYPE_R,20,40,0.000262,21,warm_start_dual,0.000098,3,0.000126,3,0.000134,11,0.000099,3,True,True,True,True,True
rand_n20_m40_d5_s1024,R_large,TYPE_R,20,40,0.000278,24,warm_start_dual,0.000114,4,0.000099,4,0.000390,16,0.000128,4,True,True,True,True,True
rand_n20_m40_d5_s1024,R_single,TYPE_R,20,40,0.000275,20,warm_start,0.000051,0,0.000047,0,0.000051,0,0.000058,0,True,True,True,True,True
rand_n20_m40_d5_s1024,R_all,TYPE_R,20,40,0.000251,19,warm_start_dual,0.000091,1,0.000088,1,0.000146,9,0.000106,1,True,True,True,True,True
rand_n20_m40_d5_s1024,R_all,TYPE_R,20,40,0.000239,19,warm_start_dual,0.000104,1,0.000118,1,0.000151,9,0.000102,1,True,True,True,True,True
rand_n20_m40_d5_s1024,R_all,TYPE_R,20,40,0.000240,19,warm_start_dual,0.000105,1,0.000091,1,0.000137,9,0.000097,1,True,True,True,True,True
rand_n20_m40_d5_s1024,C_small,TYPE_C,20,40,0.000248,17,warm_start,0.000042,0,0.000039,0,0.000047,0,0.000041,0,True,True,True,True,True
rand_n20_m40_d5_s1024,C_small,TYPE_C,20,40,0.000251,17,warm_start,0.000040,0,0.000056,0,0.000046,0,0.000047,0,True,True,True,True,True
rand_n20_m40_d5_s1024,C_medium,TYPE_C,20,40,0.000250,20,warm_start,0.000056,0,0.000042,0,0.000040,0,0.000038,0,True,True,True,True,True
rand_n20_m40_d5_s1024,C_small,TYPE_C,20,40,0.000281,23,warm_start,0.000051,0,0.000046,0,0.000042,0,0.000047,0,True,True,True,True,True
rand_n20_m40_d5_s1024,C_medium,TYPE_C,20,40,0.000272,20,warm_start,0.000050,0,0.000044,0,0.000043,0,0.000042,0,True,True,True,True,True
rand_n20_m40_d5_s1024,C_large,TYPE_C,20,40,0.000253,20,warm_start,0.000072,1,0.000147,2,0.000082,1,0.000096,1,True,True,True,True,True
rand_n20_m40_d5_s1024,C_medium,TYPE_C,20,40,0.000264,19,warm_start,0.000078,1,0.000124,2,0.000254,1,0.000090,1,True,True,True,True,True
rand_n20_m40_d5_s1024,C_large,TYPE_C,20,40,0.000254,21,warm_start,0.000098,2,0.000146,4,0.000086,2,0.000089,2,True,True,True,True,True
rand_n20_m40_d5_s1024,C_large,TYPE_C,20,40,0.000236,17,warm_start,0.000226,3,0.000139,2,0.000081,3,0.000073,3,True,True,True,True,True
rand_n20_m40_d8_s42,R_small,TYPE_R,20,40,0.000274,18,warm_start_dual,0.000127,2,0.000109,2,0.000112,4,0.000093,2,True,True,True,True,True
rand_n20_m40_d8_s42,R_small,TYPE_R,20,40,0.000315,22,warm_start,0.000046,0,0.000046,0,0.000061,0,0.000049,0,True,True,True,True,True
rand_n20_m40_d8_s42,R_medium,TYPE_R,20,40,0.000276,19,warm_start_dual,0.000107,3,0.000099,3,0.000112,5,0.000118,3,True,True,True,True,True
rand_n20_m40_d8_s42,R_small,TYPE_R,20,40,0.000281,18,warm_start_dual,0.000107,1,0.000122,1,0.000122,2,0.000103,1,True,True,True,True,True
rand_n20_m40_d8_s42,R_medium,TYPE_R,20,40,0.000284,20,warm_start_dual,0.000125,2,0.000107,2,0.000138,12,0.000096,2,True,True,True,True,True
rand_n20_m40_d8_s42,R_large,TYPE_R,20,40,0.000310,20,warm_start_dual,0.000134,5,0.000142,5,0.000128,6,0.000116,5,True,True,True,True,True
rand_n20_m40_d8_s42,R_large,TYPE_R,20,40,0.000326,26,warm_start_dual,0.000118,3,0.000103,3,0.000128,4,0.000119,3,True,True,True,True,True
rand_n20_m40_d8_s42,R_medium,TYPE_R,20,40,0.000865,22,warm_start_dual,0.000134,4,0.000114,4,0.000152,3,0.000141,4,True,True,True,True,True
rand_n20_m40_d8_s42,R_large,TYPE_R,20,40,0.000310,22,warm_start_dual,0.000123,7,0.000139,7,0.000198,22,0.000134,7,True,True,True,True,True
rand_n20_m40_d8_s42,R_single,TYPE_R,20,40,0.000309,19,warm_start,0.000056,0,0.000047,0,0.000044,0,0.000041,0,True,True,True,True,True
rand_n20_m40_d8_s42,R_single,TYPE_R,20,40,0.000294,23,warm_start_dual,0.000112,3,0.000101,3,0.000100,4,0.000095,3,True,True,True,True,True
rand_n20_m40_d8_s42,R_all,TYPE_R,20,40,0.000277,18,warm_start_dual,0.000100,2,0.000106,2,0.000149,8,0.000105,2,True,True,True,True,True
rand_n20_m40_d8_s42,C_small,TYPE_C,20,40,0.000300,22,warm_start,0.000091,2,0.000120,3,0.000079,2,0.000106,2,True,True,True,True,True
rand_n20_m40_d8_s42,R_single,TYPE_R,20,40,0.000291,19,warm_start,0.000044,0,0.000058,0,0.000151,0,0.000065,0,True,True,True,True,True
rand_n20_m40_d8_s42,R_all,TYPE_R,20,40,0.000273,18,warm_start_dual,0.000099,2,0.000111,2,0.000145,8,0.000120,2,True,True,True,True,True
rand_n20_m40_d8_s42,C_small,TYPE_C,20,40,0.000298,19,warm_start,0.000050,0,0.000044,0,0.000054,0,0.000046,0,True,True,True,True,True
rand_n20_m40_d8_s42,C_small,TYPE_C,20,40,0.000303,22,warm_start,0.000049,0,0.000050,0,0.000045,0,0.000058,0,True,True,True,True,True
rand_n20_m40_d8_s42,R_all,TYPE_R,20,40,0.000304,18,warm_start_dual,0.000112,2,0.000102,2,0.000122,8,0.000093,2,True,True,True,True,True
rand_n20_m40_d8_s42,C_medium,TYPE_C,20,40,0.000294,21,warm_start,0.000114,6,0.000122,4,0.000095,6,0.000115,6,True,True,True,True,True
rand_n20_m40_d8_s42,C_medium,TYPE_C,20,40,0.000287,21,warm_start,0.000270,2,0.000148,3,0.000089,2,0.000073,2,True,True,True,True,True
rand_n20_m40_d8_s42,C_medium,TYPE_C,20,40,0.000296,21,warm_start,0.000110,1,0.000126,2,0.000077,1,0.000071,1,True,True,True,True,True
rand_n20_m40_d8_s42,C_large,TYPE_C,20,40,0.000291,20,warm_start,0.000091,4,0.000152,3,0.000093,4,0.000098,4,True,True,True,True,True
rand_n20_m40_d8_s42,C_large,TYPE_C,20,40,0.000308,24,warm_start,0.000116,6,0.000123,4,0.000108,6,0.000089,6,True,True,True,True,True
rand_n20_m40_d8_s123,R_small,TYPE_R,20,40,0.000291,18,warm_start_dual,0.000095,2,0.000107,2,0.000102,4,0.000112,2,True,True,True,True,True
rand_n20_m40_d8_s123,R_small,TYPE_R,20,40,0.000290,17,warm_start,0.000047,0,0.000046,0,0.000040,0,0.000060,0,True,True,True,True,True
rand_n20_m40_d8_s123,R_small,TYPE_R,20,40,0.000278,19,warm_start_dual,0.000109,4,0.000116,4,0.000117,7,0.000136,4,True,True,True,True,True
rand_n20_m40_d8_s42,C_large,TYPE_C,20,40,0.000295,22,warm_start,0.000101,9,0.000159,7,0.000112,9,0.000099,9,True,True,True,True,True
rand_n20_m40_d8_s123,R_medium,TYPE_R,20,40,0.000480,17,warm_start_dual,0.000135,5,0.000109,5,0.000198,20,0.000111,5,True,True,True,True,True
rand_n20_m40_d8_s123,R_medium,TYPE_R,20,40,0.000275,19,warm_start,0.000056,0,0.000047,0,0.000044,0,0.000050,0,True,True,True,True,True
rand_n20_m40_d8_s123,R_medium,TYPE_R,20,40,0.000284,17,warm_start_dual,0.000121,4,0.000102,4,0.000164,11,0.000107,4,True,True,True,True,True
rand_n20_m40_d8_s123,R_large,TYPE_R,20,40,0.000284,19,warm_start_dual,0.000144,10,0.000125,10,0.000317,34,0.000156,10,True,True,True,True,True
rand_n20_m40_d8_s123,R_single,TYPE_R,20,40,0.000269,17,warm_start,0.000055,0,0.000053,0,0.000044,0,0.000051,0,True,True,True,True,True
rand_n20_m40_d8_s123,R_single,TYPE_R,20,40,0.000267,18,warm_start,0.000050,0,0.000045,0,0.000041,0,0.000043,0,True,True,True,True,True
rand_n20_m40_d8_s123,R_large,TYPE_R,20,40,0.000297,16,warm_start_dual,0.000121,6,0.000106,6,0.000248,30,0.000123,6,True,True,True,True,True
rand_n20_m40_d8_s123,R_large,TYPE_R,20,40,0.000268,17,warm_start_dual,0.000100,4,0.000123,4,0.000121,8,0.000101,4,True,True,True,True,True
rand_n20_m40_d8_s123,R_single,TYPE_R,20,40,0.000302,17,warm_start,0.000055,0,0.000051,0,0.000044,0,0.000044,0,True,True,True,True,True
rand_n20_m40_d8_s123,R_all,TYPE_R,20,40,0.000285,16,warm_start_dual,0.000104,2,0.000118,2,0.000125,7,0.000099,2,True,True,True,True,True
rand_n20_m40_d8_s123,R_all,TYPE_R,20,40,0.000275,16,warm_start_dual,0.000089,2,0.000312,2,0.000132,7,0.000104,2,True,True,True,True,True
rand_n20_m40_d8_s123,R_all,TYPE_R,20,40,0.000257,16,warm_start_dual,0.000124,2,0.000100,2,0.000111,7,0.000105,2,True,True,True,True,True
rand_n20_m40_d8_s123,C_small,TYPE_C,20,40,0.000287,18,warm_start,0.000094,1,0.000119,3,0.000069,1,0.000064,1,True,True,True,True,True
rand_n20_m40_d8_s123,C_small,TYPE_C,20,40,0.000318,21,warm_start,0.000082,2,0.000123,4,0.000078,2,0.000068,2,True,True,True,True,True
rand_n20_m40_d8_s123,C_small,TYPE_C,20,40,0.000323,24,warm_start,0.000075,3,0.000155,7,0.000091,3,0.000084,3,True,True,True,True,True
rand_n20_m40_d8_s123,C_medium,TYPE_C,20,40,0.000267,14,warm_start,0.000099,8,0.000130,7,0.000111,8,0.000120,8,True,True,True,True,True
rand_n20_m40_d8_s123,C_medium,TYPE_C,20,40,0.000288,20,warm_start,0.000110,6,0.000154,8,0.000088,6,0.000108,6,True,True,True,True,True
rand_n20_m40_d8_s123,C_medium,TYPE_C,20,40,0.000271,18,warm_start,0.000118,6,0.000135,6,0.000095,6,0.000122,6,True,True,True,True,True
rand_n20_m40_d8_s123,C_large,TYPE_C,20,40,0.000280,15,warm_start,0.000117,12,0.000153,8,0.000168,12,0.000129,12,True,True,True,True,True
rand_n20_m40_d8_s456,R_small,TYPE_R,20,40,0.000331,27,warm_start_dual,0.000116,3,0.000104,3,0.000097,3,0.000137,3,True,True,True,True,True
rand_n20_m40_d8_s123,C_large,TYPE_C,20,40,0.000352,10,warm_start,0.000155,10,0.001420,11,0.000137,10,0.000184,10,True,True,True,True,True
rand_n20_m40_d8_s456,R_small,TYPE_R,20,40,0.000377,28,warm_start_dual,0.000135,5,0.000125,5,0.000117,3,0.000121,5,True,True,True,True,True
rand_n20_m40_d8_s123,C_large,TYPE_C,20,40,0.000408,16,warm_start,0.000130,6,0.000162,10,0.000144,6,0.000106,6,True,True,True,True,True
rand_n20_m40_d8_s456,R_small,TYPE_R,20,40,0.000300,23,warm_start_dual,0.000118,1,0.000102,1,0.000091,1,0.000094,1,True,True,True,True,True
rand_n20_m40_d8_s456,R_medium,TYPE_R,20,40,0.000320,25,warm_start_dual,0.000136,8,0.000133,8,0.000173,14,0.000137,8,True,True,True,True,True
rand_n20_m40_d8_s456,R_medium,TYPE_R,20,40,0.000331,25,warm_start_dual,0.000169,8,0.000267,8,0.000165,13,0.000137,8,True,True,True,True,True
rand_n20_m40_d8_s456,R_large,TYPE_R,20,40,0.000402,27,warm_start_dual,0.000159,11,0.000174,11,0.000246,29,0.000142,11,True,True,True,True,True
rand_n20_m40_d8_s456,R_medium,TYPE_R,20,40,0.000346,29,warm_start_dual,0.000156,9,0.000134,9,0.000153,14,0.000420,9,True,True,True,True,True
rand_n20_m40_d8_s456,R_large,TYPE_R,20,40,0.000340,28,warm_start_dual,0.000148,10,0.000174,10,0.000214,23,0.000177,10,True,True,True,True,True
rand_n20_m40_d8_s456,R_single,TYPE_R,20,40,0.000332,26,warm_start_dual,0.000132,5,0.000124,5,0.000123,6,0.000129,5,True,True,True,True,True
rand_n20_m40_d8_s456,R_single,TYPE_R,20,40,0.000342,27,warm_start,0.000055,0,0.000049,0,0.000172,0,0.000078,0,True,True,True,True,True
rand_n20_m40_d8_s456,R_all,TYPE_R,20,40,0.000311,23,warm_start_dual,0.000132,3,0.000135,3,0.000131,9,0.000110,3,True,True,True,True,True
rand_n20_m40_d8_s456,R_single,TYPE_R,20,40,0.000321,25,warm_start,0.000064,0,0.000062,0,0.000051,0,0.000047,0,True,True,True,True,True
rand_n20_m40_d8_s456,R_large,TYPE_R,20,40,0.001014,20,warm_start_dual,0.000214,14,0.000155,14,0.000207,23,0.000180,14,True,True,True,True,True
rand_n20_m40_d8_s456,R_all,TYPE_R,20,40,0.000332,23,warm_start_dual,0.000137,3,0.000126,3,0.000132,9,0.000111,3,True,True,True,True,True
rand_n20_m40_d8_s456,R_all,TYPE_R,20,40,0.000351,23,warm_start_dual,0.000137,3,0.000114,3,0.000142,9,0.000113,3,True,True,True,True,True
rand_n20_m40_d8_s456,C_small,TYPE_C,20,40,0.000291,21,warm_start,0.000185,1,0.000125,2,0.000106,1,0.000092,1,True,True,True,True,True
rand_n20_m40_d8_s456,C_small,TYPE_C,20,40,0.000312,26,warm_start,0.000086,1,0.000119,2,0.000076,1,0.000076,1,True,True,True,True,True
rand_n20_m40_d8_s456,C_small,TYPE_C,20,40,0.000341,30,warm_start,0.000107,1,0.000122,2,0.000076,1,0.000071,1,True,True,True,True,True
rand_n20_m40_d8_s456,C_large,TYPE_C,20,40,0.000324,21,warm_start,0.000097,2,0.000118,2,0.000082,2,0.000077,2,True,True,True,True,True
rand_n20_m40_d8_s456,C_medium,TYPE_C,20,40,0.000318,25,warm_start,0.000339,2,0.000140,2,0.000152,2,0.000109,2,True,True,True,True,True
rand_n20_m40_d8_s456,C_medium,TYPE_C,20,40,0.000305,23,warm_start,0.000082,2,0.000109,2,0.000075,2,0.000106,2,True,True,True,True,True
rand_n20_m40_d8_s456,C_medium,TYPE_C,20,40,0.000332,26,warm_start,0.000093,1,0.000137,2,0.000366,1,0.000104,1,True,True,True,True,True
rand_n20_m40_d8_s456,C_large,TYPE_C,20,40,0.000306,21,warm_start,0.000106,2,0.000127,2,0.000115,2,0.000107,2,True,True,True,True,True
rand_n20_m40_d8_s456,C_large,TYPE_C,20,40,0.000348,29,warm_start,0.000097,2,0.000146,2,0.000113,2,0.000098,2,True,True,True,True,True
rand_n20_m40_d8_s789,R_small,TYPE_R,20,40,0.000294,22,warm_start_dual,0.000125,2,0.000108,2,0.000115,4,0.000124,2,True,True,True,True,True
rand_n20_m40_d8_s789,R_small,TYPE_R,20,40,0.000304,21,warm_start_dual,0.000111,1,0.000099,1,0.000099,3,0.000109,1,True,True,True,True,True
rand_n20_m40_d8_s789,R_small,TYPE_R,20,40,0.000830,21,warm_start,0.000063,0,0.000049,0,0.000045,0,0.000042,0,True,True,True,True,True
rand_n20_m40_d8_s789,R_medium,TYPE_R,20,40,0.000305,24,warm_start_dual,0.000102,3,0.000129,3,0.000173,15,0.000124,3,True,True,True,True,True
rand_n20_m40_d8_s789,R_medium,TYPE_R,20,40,0.000320,25,warm_start_dual,0.000113,3,0.000100,3,0.000138,6,0.000127,3,True,True,True,True,True
rand_n20_m40_d8_s789,R_medium,TYPE_R,20,40,0.000297,22,warm_start_dual,0.000122,2,0.000134,2,0.000160,14,0.000097,2,True,True,True,True,True
rand_n20_m40_d8_s789,R_large,TYPE_R,20,40,0.000324,24,warm_start_dual,0.000132,9,0.000123,9,0.000211,26,0.000162,9,True,True,True,True,True
rand_n20_m40_d8_s789,R_large,TYPE_R,20,40,0.000346,28,warm_start_dual,0.000146,10,0.000128,10,0.000193,20,0.000381,10,True,True,True,True,True
rand_n20_m40_d8_s789,R_single,TYPE_R,20,40,0.000316,21,warm_start,0.000184,0,0.000052,0,0.000046,0,0.000044,0,True,True,True,True,True
rand_n20_m40_d8_s789,R_large,TYPE_R,20,40,0.000901,29,warm_start_dual,0.000151,7,0.000125,7,0.000217,24,0.000117,7,True,True,True,True,True
rand_n20_m40_d8_s789,R_single,TYPE_R,20,40,0.000289,21,warm_start,0.000052,0,0.000045,0,0.000050,0,0.000047,0,True,True,True,True,True
rand_n20_m40_d8_s789,R_single,TYPE_R,20,40,0.000285,21,warm_start,0.000046,0,0.000044,0,0.000043,0,0.000052,0,True,True,True,True,True
rand_n20_m40_d8_s789,R_all,TYPE_R,20,40,0.000339,26,warm_start,0.000054,0,0.000057,0,0.000049,0,0.000047,0,True,True,True,True,True
rand_n20_m40_d8_s789,R_all,TYPE_R,20,40,0.000317,26,warm_start,0.000054,0,0.000047,0,0.000044,0,0.000056,0,True,True,True,True,True
rand_n20_m40_d8_s789,C_small,TYPE_C,20,40,0.000325,19,warm_start,0.000059,0,0.000053,0,0.000056,0,0.000051,0,True,True,True,True,True
rand_n20_m40_d8_s789,R_all,TYPE_R,20,40,0.000312,26,warm_start,0.000053,0,0.000046,0,0.000044,0,0.000061,0,True,True,True,True,True
rand_n20_m40_d8_s789,C_small,TYPE_C,20,40,0.000291,23,warm_start,0.000051,0,0.000043,0,0.000041,0,0.000053,0,True,True,True,True,True
rand_n20_m40_d8_s789,C_medium,TYPE_C,20,40,0.000295,22,warm_start,0.000045,0,0.000048,0,0.000048,0,0.000043,0,True,True,True,True,True
rand_n20_m40_d8_s789,C_small,TYPE_C,20,40,0.000298,23,warm_start,0.000062,0,0.000050,0,0.000048,0,0.000044,0,True,True,True,True,True
rand_n20_m40_d8_s789,C_medium,TYPE_C,20,40,0.000347,28,warm_start,0.000054,0,0.000057,0,0.000051,0,0.000044,0,True,True,True,True,True
rand_n20_m40_d8_s789,C_medium,TYPE_C,20,40,0.000310,23,warm_start,0.000076,2,0.000161,5,0.000109,2,0.000086,2,True,True,True,True,True
rand_n20_m40_d8_s789,C_large,TYPE_C,20,40,0.000307,25,warm_start,0.000088,4,0.000149,4,0.000088,4,0.000102,4,True,True,True,True,True
rand_n20_m40_d8_s1024,R_small,TYPE_R,20,40,0.000343,24,warm_start_dual,0.000124,3,0.000133,3,0.000115,3,0.000144,3,True,True,True,True,True
rand_n20_m40_d8_s789,C_large,TYPE_C,20,40,0.000289,20,warm_start,0.000259,2,0.000137,2,0.000086,2,0.000075,2,True,True,True,True,True
rand_n20_m40_d8_s789,C_large,TYPE_C,20,40,0.000303,23,warm_start,0.000110,5,0.000172,11,0.000089,5,0.000081,5,True,True,True,True,True
rand_n20_m40_d8_s1024,R_small,TYPE_R,20,40,0.000333,25,warm_start,0.000064,0,0.000053,0,0.000061,0,0.000062,0,True,True,True,True,True
rand_n20_m40_d8_s1024,R_small,TYPE_R,20,40,0.000311,23,warm_start_dual,0.000146,2,0.000119,2,0.000106,3,0.000128,2,True,True,True,True,True
rand_n20_m40_d8_s1024,R_medium,TYPE_R,20,40,0.000340,29,warm_start_dual,0.000130,2,0.000433,2,0.000145,6,0.000117,2,True,True,True,True,True
rand_n20_m40_d8_s1024,R_medium,TYPE_R,20,40,0.000315,24,warm_start_dual,0.000160,5,0.000128,5,0.000111,3,0.000120,5,True,True,True,True,True
rand_n20_m40_d8_s1024,R_large,TYPE_R,20,40,0.000356,31,warm_start_dual,0.000161,9,0.000151,9,0.000163,13,0.000169,9,True,True,True,True,True
rand_n20_m40_d8_s1024,R_single,TYPE_R,20,40,0.000303,22,warm_start_dual,0.000124,1,0.000140,1,0.000131,7,0.000104,1,True,True,True,True,True
rand_n20_m40_d8_s1024,R_large,TYPE_R,20,40,0.000306,22,warm_start_dual,0.000131,7,0.000121,7,0.000198,13,0.000146,7,True,True,True,True,True
rand_n20_m40_d8_s1024,R_large,TYPE_R,20,40,0.000329,25,warm_start_dual,0.000166,8,0.000167,8,0.000231,25,0.000136,8,True,True,True,True,True
rand_n20_m40_d8_s1024,R_medium,TYPE_R,20,40,0.000324,23,warm_start_dual,0.000398,2,0.000133,2,0.000130,6,0.000134,2,True,True,True,True,True
rand_n20_m40_d8_s1024,R_single,TYPE_R,20,40,0.000313,22,warm_start_dual,0.000147,4,0.000138,4,0.000140,9,0.000115,4,True,True,True,True,True
rand_n20_m40_d8_s1024,R_single,TYPE_R,20,40,0.000316,23,warm_start,0.000071,0,0.000059,0,0.000063,0,0.000053,0,True,True,True,True,True
rand_n20_m40_d8_s1024,R_all,TYPE_R,20,40,0.000315,25,warm_start,0.000069,0,0.000054,0,0.000050,0,0.000062,0,True,True,True,True,True
rand_n20_m40_d8_s1024,R_all,TYPE_R,20,40,0.000322,25,warm_start,0.000059,0,0.000054,0,0.000199,0,0.000069,0,True,True,True,True,True
rand_n20_m40_d8_s1024,C_small,TYPE_C,20,40,0.000326,27,warm_start,0.000053,0,0.000046,0,0.000055,0,0.000050,0,True,True,True,True,True
rand_n20_m40_d8_s1024,C_small,TYPE_C,20,40,0.000332,27,warm_start,0.000049,0,0.000064,0,0.000066,0,0.000057,0,True,True,True,True,True
rand_n20_m40_d8_s1024,R_all,TYPE_R,20,40,0.000328,25,warm_start,0.000070,0,0.000053,0,0.000207,0,0.000077,0,True,True,True,True,True
rand_n20_m40_d8_s1024,C_small,TYPE_C,20,40,0.000361,27,warm_start,0.000062,0,0.000060,0,0.000049,0,0.000059,0,True,True,True,True,True
rand_n20_m40_d8_s1024,C_medium,TYPE_C,20,40,0.000338,29,warm_start,0.000104,1,0.000169,4,0.000090,1,0.000078,1,True,True,True,True,True
rand_n20_m40_d8_s1024,C_medium,TYPE_C,20,40,0.000351,27,warm_start,0.000094,1,0.000169,6,0.000086,1,0.000271,1,True,True,True,True,True
rand_n20_m40_d8_s1024,C_large,TYPE_C,20,40,0.000311,21,warm_start,0.000090,4,0.000198,12,0.000114,4,0.000102,4,True,True,True,True,True
rand_n20_m40_d8_s1024,C_medium,TYPE_C,20,40,0.000344,28,warm_start,0.000095,1,0.000147,1,0.000101,1,0.000081,1,True,True,True,True,True
rand_n20_m40_d8_s1024,C_large,TYPE_C,20,40,0.000329,28,warm_start,0.000116,4,0.000154,5,0.000126,4,0.000108,4,True,True,True,True,True
rand_n20_m40_d8_s1024,C_large,TYPE_C,20,40,0.000343,27,warm_start,0.000107,2,0.000176,5,0.000095,2,0.000083,2,True,True,True,True,True
rand_n50_m50_d3_s42,R_small,TYPE_R,50,50,0.000554,49,warm_start_dual,0.000148,3,0.000133,3,0.000206,12,0.000150,3,True,True,True,True,True
rand_n50_m50_d3_s42,R_small,TYPE_R,50,50,0.000538,45,warm_start_dual,0.000150,1,0.000152,1,0.000162,9,0.000126,1,True,True,True,True,True
rand_n50_m50_d3_s42,R_medium,TYPE_R,50,50,0.000494,39,warm_start_dual,0.000176,9,0.000162,9,0.000274,28,0.000192,9,True,True,True,True,True
rand_n50_m50_d3_s42,R_small,TYPE_R,50,50,0.000560,46,warm_start_dual,0.000144,2,0.000156,2,0.000513,9,0.000179,2,True,True,True,True,True
rand_n50_m50_d3_s42,R_large,TYPE_R,50,50,0.000494,40,warm_start_dual,0.000226,12,0.000217,12,0.000493,59,0.000190,12,True,True,True,True,True
rand_n50_m50_d3_s42,R_medium,TYPE_R,50,50,0.000480,40,warm_start_dual,0.000171,4,0.000148,4,0.000303,30,0.000144,4,True,True,True,True,True
rand_n50_m50_d3_s42,R_large,TYPE_R,50,50,0.001134,45,warm_start_dual,0.000214,10,0.000178,10,0.000471,53,0.000182,10,True,True,True,True,True
rand_n50_m50_d3_s42,R_large,TYPE_R,50,50,0.000463,35,warm_start_dual,0.000191,7,0.000173,7,0.000408,47,0.000177,7,True,True,True,True,True
rand_n50_m50_d3_s42,R_medium,TYPE_R,50,50,0.000524,39,warm_start_dual,0.000169,6,0.000451,6,0.000481,51,0.000441,6,True,True,True,True,True
rand_n50_m50_d3_s42,R_single,TYPE_R,50,50,0.000497,40,warm_start_dual,0.000146,2,0.000184,2,0.000157,8,0.000143,2,True,True,True,True,True
rand_n50_m50_d3_s42,R_single,TYPE_R,50,50,0.000525,43,warm_start_dual,0.000181,4,0.000152,4,0.000206,11,0.000153,4,True,True,True,True,True
rand_n50_m50_d3_s42,R_single,TYPE_R,50,50,0.000741,48,warm_start_dual,0.000177,3,0.000142,3,0.000279,31,0.000147,3,True,True,True,True,True
rand_n50_m50_d3_s42,R_all,TYPE_R,50,50,0.000519,40,warm_start_dual,0.000155,4,0.000143,4,0.000200,13,0.000161,4,True,True,True,True,True
rand_n50_m50_d3_s42,R_all,TYPE_R,50,50,0.000497,40,warm_start_dual,0.000152,4,0.000193,4,0.000200,13,0.000175,4,True,True,True,True,True
rand_n50_m50_d3_s42,R_all,TYPE_R,50,50,0.000501,40,warm_start_dual,0.000155,4,0.000141,4,0.000175,13,0.000425,4,True,True,True,True,True
rand_n50_m50_d3_s42,C_small,TYPE_C,50,50,0.000539,44,warm_start,0.000124,2,0.000183,7,0.000104,2,0.000138,2,True,True,True,True,True
rand_n50_m50_d3_s42,C_small,TYPE_C,50,50,0.000528,42,warm_start,0.000143,3,0.000197,7,0.000127,3,0.000109,3,True,True,True,True,True
rand_n50_m50_d3_s42,C_small,TYPE_C,50,50,0.000533,47,warm_start,0.000101,1,0.000192,2,0.000118,1,0.000098,1,True,True,True,True,True
rand_n50_m50_d3_s42,C_medium,TYPE_C,50,50,0.000538,43,warm_start,0.000164,7,0.000255,19,0.000124,7,0.000116,7,True,True,True,True,True
rand_n50_m50_d3_s42,C_medium,TYPE_C,50,50,0.000503,41,warm_start,0.000124,4,0.000243,13,0.000122,4,0.000141,4,True,True,True,True,True
rand_n50_m50_d3_s42,C_medium,TYPE_C,50,50,0.000618,55,warm_start,0.000165,7,0.000247,17,0.000135,7,0.000123,7,True,True,True,True,True
rand_n50_m50_d3_s42,C_large,TYPE_C,50,50,0.000557,44,warm_start,0.000171,15,0.000234,13,0.000173,15,0.000192,15,True,True,True,True,True
rand_n50_m50_d3_s42,C_large,TYPE_C,50,50,0.000531,46,warm_start,0.000194,20,0.000297,22,0.000216,20,0.000204,20,True,True,True,True,True
rand_n50_m50_d3_s42,C_large,TYPE_C,50,50,0.001262,42,warm_start,0.000201,16,0.000814,44,0.000198,16,0.000174,16,True,True,True,True,True
rand_n50_m50_d3_s123,R_small,TYPE_R,50,50,0.001349,42,warm_start_dual,0.000191,2,0.000156,2,0.000175,9,0.000143,2,True,True,True,True,True
rand_n50_m50_d3_s123,R_small,TYPE_R,50,50,0.000531,44,warm_start_dual,0.000163,1,0.000145,1,0.000211,8,0.000142,1,True,True,True,True,True
rand_n50_m50_d3_s123,R_small,TYPE_R,50,50,0.001336,41,warm_start_dual,0.000195,3,0.000173,3,0.000164,6,0.000457,3,True,True,True,True,True
rand_n50_m50_d3_s123,R_medium,TYPE_R,50,50,0.000543,45,warm_start_dual,0.000162,3,0.000148,3,0.000217,10,0.000169,3,True,True,True,True,True
rand_n50_m50_d3_s123,R_medium,TYPE_R,50,50,0.000549,45,warm_start_dual,0.000215,6,0.000184,6,0.000245,21,0.000207,6,True,True,True,True,True
rand_n50_m50_d3_s123,R_medium,TYPE_R,50,50,0.000535,44,warm_start_dual,0.000196,5,0.000170,5,0.000302,31,0.000162,5,True,True,True,True,True
rand_n50_m50_d3_s123,R_large,TYPE_R,50,50,0.000509,43,warm_start_dual,0.000237,16,0.000260,16,0.000437,48,0.000251,16,True,True,True,True,True
rand_n50_m50_d3_s123,R_large,TYPE_R,50,50,0.000554,48,warm_start_dual,0.000238,14,0.000217,14,0.000605,68,0.000219,14,True,True,True,True,True
rand_n50_m50_d3_s123,R_single,TYPE_R,50,50,0.000463,38,warm_start_dual,0.000167,1,0.000267,1,0.000225,12,0.000186,1,True,True,True,True,True
rand_n50_m50_d3_s123,R_large,TYPE_R,50,50,0.000552,47,warm_start_dual,0.000252,20,0.000623,20,0.000425,45,0.000306,20,True,True,True,True,True
rand_n50_m50_d3_s123,R_single,TYPE_R,50,50,0.001239,43,warm_start,0.000090,0,0.000078,0,0.000074,0,0.000086,0,True,True,True,True,True
rand_n50_m50_d3_s123,R_single,TYPE_R,50,50,0.000539,48,warm_start_dual,0.000179,1,0.000394,1,0.000168,2,0.000152,1,True,True,True,True,True
rand_n50_m50_d3_s123,R_all,TYPE_R,50,50,0.000508,41,warm_start_dual,0.000182,2,0.000176,2,0.000191,7,0.000175,2,True,True,True,True,True
rand_n50_m50_d3_s123,R_all,TYPE_R,50,50,0.000492,41,warm_start_dual,0.000171,2,0.000151,2,0.000163,7,0.000186,2,True,True,True,True,True
rand_n50_m50_d3_s123,R_all,TYPE_R,50,50,0.000492,41,warm_start_dual,0.000171,2,0.000169,2,0.000186,7,0.000157,2,True,True,True,True,True
rand_n50_m50_d3_s123,C_small,TYPE_C,50,50,0.000523,41,warm_start,0.000134,3,0.000189,5,0.000115,3,0.000111,3,True,True,True,True,True
rand_n50_m50_d3_s123,C_small,TYPE_C,50,50,0.000529,46,warm_start,0.000119,1,0.000188,3,0.000115,1,0.000107,1,True,True,True,True,True
rand_n50_m50_d3_s123,C_medium,TYPE_C,50,50,0.000523,43,warm_start,0.000148,7,0.000217,10,0.000159,7,0.000145,7,True,True,True,True,True
rand_n50_m50_d3_s123,C_medium,TYPE_C,50,50,0.000531,47,warm_start,0.000143,2,0.000194,3,0.000129,2,0.000131,2,True,True,True,True,True
rand_n50_m50_d3_s123,C_small,TYPE_C,50,50,0.000535,47,warm_start,0.000134,1,0.000428,1,0.000143,1,0.000118,1,True,True,True,True,True
rand_n50_m50_d3_s123,C_medium,TYPE_C,50,50,0.000488,37,warm_start,0.000152,3,0.000217,9,0.000123,3,0.000142,3,True,True,True,True,True
rand_n50_m50_d3_s123,C_large,TYPE_C,50,50,0.000536,41,warm_start,0.000198,13,0.000258,12,0.000167,13,0.000169,13,True,True,True,True,True
rand_n50_m50_d3_s123,C_large,TYPE_C,50,50,0.000522,47,warm_start,0.000157,9,0.000211,8,0.000167,9,0.000172,9,True,True,True,True,True
rand_n50_m50_d3_s456,R_small,TYPE_R,50,50,0.000459,32,warm_start_dual,0.000165,1,0.000128,1,0.000124,3,0.000121,1,True,True,True,True,True
rand_n50_m50_d3_s123,C_large,TYPE_C,50,50,0.000958,47,warm_start,0.000221,20,0.000345,27,0.000218,20,0.000219,20,True,True,True,True,True
rand_n50_m50_d3_s456,R_small,TYPE_R,50,50,0.000435,32,warm_start,0.000080,0,0.000069,0,0.000212,0,0.000073,0,True,True,True,True,True
rand_n50_m50_d3_s456,R_small,TYPE_R,50,50,0.000419,29,warm_start_dual,0.000171,1,0.000152,1,0.000133,3,0.000128,1,True,True,True,True,True
rand_n50_m50_d3_s456,R_medium,TYPE_R,50,50,0.000419,25,warm_start_dual,0.000140,1,0.000152,1,0.000135,3,0.000165,1,True,True,True,True,True
rand_n50_m50_d3_s456,R_medium,TYPE_R,50,50,0.000431,31,warm_start_dual,0.000146,4,0.000139,4,0.000238,21,0.000154,4,True,True,True,True,True
rand_n50_m50_d3_s456,R_medium,TYPE_R,50,50,0.000572,35,warm_start_dual,0.000151,3,0.000135,3,0.000221,15,0.000155,3,True,True,True,True,True
rand_n50_m50_d3_s456,R_large,TYPE_R,50,50,0.000556,48,warm_start_dual,0.000177,7,0.000183,7,0.000243,21,0.000162,7,True,True,True,True,True
rand_n50_m50_d3_s456,R_large,TYPE_R,50,50,0.000449,36,warm_start_dual,0.000203,12,0.000185,12,0.000345,37,0.000203,12,True,True,True,True,True
rand_n50_m50_d3_s456,R_large,TYPE_R,50,50,0.000468,37,warm_start_dual,0.000204,16,0.000224,16,0.000442,50,0.000201,16,True,True,True,True,True
rand_n50_m50_d3_s456,R_single,TYPE_R,50,50,0.000437,31,warm_start,0.000069,0,0.000063,0,0.000058,0,0.000073,0,True,True,True,True,True
rand_n50_m50_d3_s456,R_single,TYPE_R,50,50,0.000470,33,warm_start,0.000074,0,0.000065,0,0.000078,0,0.000071,0,True,True,True,True,True
rand_n50_m50_d3_s456,R_all,TYPE_R,50,50,0.000428,30,warm_start_dual,0.000167,3,0.000156,3,0.000165,6,0.000146,3,True,True,True,True,True
rand_n50_m50_d3_s456,R_single,TYPE_R,50,50,0.000480,31,warm_start,0.000079,0,0.000064,0,0.000063,0,0.000061,0,True,True,True,True,True
rand_n50_m50_d3_s456,R_all,TYPE_R,50,50,0.000423,30,warm_start_dual,0.000175,3,0.000170,3,0.000160,6,0.000159,3,True,True,True,True,True
rand_n50_m50_d3_s456,R_all,TYPE_R,50,50,0.000433,30,warm_start_dual,0.000147,3,0.000154,3,0.000148,6,0.000326,3,True,True,True,True,True
rand_n50_m50_d3_s456,C_small,TYPE_C,50,50,0.000533,38,warm_start,0.000130,2,0.000173,4,0.000109,2,0.000119,2,True,True,True,True,True
rand_n50_m50_d3_s456,C_small,TYPE_C,50,50,0.000413,31,warm_start,0.000218,0,0.000076,0,0.000067,0,0.000076,0,True,True,True,True,True
rand_n50_m50_d3_s456,C_medium,TYPE_C,50,50,0.000441,31,warm_start,0.000132,7,0.000203,7,0.000130,7,0.000122,7,True,True,True,True,True
rand_n50_m50_d3_s456,C_medium,TYPE_C,50,50,0.000440,34,warm_start,0.000103,1,0.000133,1,0.000120,1,0.000118,1,True,True,True,True,True
rand_n50_m50_d3_s456,C_medium,TYPE_C,50,50,0.000442,26,warm_start,0.000077,0,0.000065,0,0.000064,0,0.000075,0,True,True,True,True,True
rand_n50_m50_d3_s456,C_small,TYPE_C,50,50,0.000458,29,warm_start,0.000205,0,0.000083,0,0.000067,0,0.000073,0,True,True,True,True,True
rand_n50_m50_d3_s456,C_large,TYPE_C,50,50,0.000496,39,warm_start,0.000177,13,0.000254,18,0.000179,13,0.000408,13,True,True,True,True,True
rand_n50_m50_d3_s456,C_large,TYPE_C,50,50,0.000477,37,warm_start,0.000130,7,0.000190,4,0.000141,7,0.000140,7,True,True,True,True,True
rand_n50_m50_d3_s456,C_large,TYPE_C,50,50,0.000521,44,warm_start,0.000135,3,0.000207,9,0.000110,3,0.000110,3,True,True,True,True,True
rand_n50_m50_d3_s789,R_small,TYPE_R,50,50,0.000458,29,warm_start_dual,0.000140,1,0.000125,1,0.000145,2,0.000128,1,True,True,True,True,True
rand_n50_m50_d3_s789,R_small,TYPE_R,50,50,0.000521,36,warm_start_dual,0.000150,1,0.000145,1,0.000152,6,0.000133,1,True,True,True,True,True
rand_n50_m50_d3_s789,R_small,TYPE_R,50,50,0.000453,29,warm_start,0.000076,0,0.000070,0,0.000062,0,0.000054,0,True,True,True,True,True
rand_n50_m50_d3_s789,R_medium,TYPE_R,50,50,0.000449,32,warm_start_dual,0.000138,4,0.000127,4,0.000162,6,0.000152,4,True,True,True,True,True
rand_n50_m50_d3_s789,R_medium,TYPE_R,50,50,0.000472,39,warm_start_dual,0.000136,4,0.000160,4,0.000148,7,0.000144,4,True,True,True,True,True
rand_n50_m50_d3_s789,R_medium,TYPE_R,50,50,0.000458,34,warm_start_dual,0.000152,3,0.000135,3,0.000188,17,0.000367,3,True,True,True,True,True
rand_n50_m50_d3_s789,R_large,TYPE_R,50,50,0.000400,24,warm_start_dual,0.000186,12,0.000169,12,0.000337,38,0.000186,12,True,True,True,True,True
rand_n50_m50_d3_s789,R_single,TYPE_R,50,50,0.000435,29,warm_start,0.000076,0,0.000066,0,0.000059,0,0.000075,0,True,True,True,True,True
rand_n50_m50_d3_s789,R_large,TYPE_R,50,50,0.000448,32,warm_start_dual,0.000175,7,0.000153,7,0.000209,20,0.000181,7,True,True,True,True,True
rand_n50_m50_d3_s789,R_large,TYPE_R,50,50,0.000452,29,warm_start_dual,0.000180,10,0.000163,10,0.000191,13,0.000157,10,True,True,True,True,True
rand_n50_m50_d3_s789,R_single,TYPE_R,50,50,0.001097,30,warm_start_dual,0.000145,1,0.000126,1,0.000146,5,0.000121,1,True,True,True,True,True
rand_n50_m50_d3_s789,R_single,TYPE_R,50,50,0.000426,29,warm_start,0.000076,0,0.000064,0,0.000064,0,0.000073,0,True,True,True,True,True
rand_n50_m50_d3_s789,R_all,TYPE_R,50,50,0.000455,36,warm_start_dual,0.000155,3,0.000133,3,0.000185,16,0.000123,3,True,True,True,True,True
rand_n50_m50_d3_s789,R_all,TYPE_R,50,50,0.000462,36,warm_start_dual,0.000162,3,0.000152,3,0.000197,16,0.000130,3,True,True,True,True,True
rand_n50_m50_d3_s789,R_all,TYPE_R,50,50,0.000815,36,warm_start_dual,0.000148,3,0.000143,3,0.000231,16,0.000137,3,True,True,True,True,True
rand_n50_m50_d3_s789,C_small,TYPE_C,50,50,0.000467,38,warm_start,0.000124,4,0.000172,6,0.000136,4,0.000111,4,True,True,True,True,True
rand_n50_m50_d3_s789,C_medium,TYPE_C,50,50,0.000468,38,warm_start,0.000127,5,0.000236,14,0.000120,5,0.000106,5,True,True,True,True,True
rand_n50_m50_d3_s789,C_small,TYPE_C,50,50,0.001191,35,warm_start,0.000113,1,0.000171,4,0.000110,1,0.000095,1,True,True,True,True,True
rand_n50_m50_d3_s789,C_small,TYPE_C,50,50,0.000461,34,warm_start,0.000116,5,0.000153,6,0.000135,5,0.000130,5,True,True,True,True,True
rand_n50_m50_d3_s789,C_medium,TYPE_C,50,50,0.000412,26,warm_start,0.000133,7,0.000224,12,0.000149,7,0.000139,7,True,True,True,True,True
rand_n50_m50_d3_s789,C_medium,TYPE_C,50,50,0.000429,30,warm_start,0.000150,9,0.000210,12,0.000374,9,0.000146,9,True,True,True,True,True
rand_n50_m50_d3_s789,C_large,TYPE_C,50,50,0.000420,30,warm_start,0.000199,19,0.000237,15,0.000173,19,0.000197,19,True,True,True,True,True
rand_n50_m50_d3_s789,C_large,TYPE_C,50,50,0.000455,38,warm_start,0.000180,14,0.000252,17,0.000155,14,0.000148,14,True,True,True,True,True
rand_n50_m50_d3_s789,C_large,TYPE_C,50,50,0.000416,29,warm_start,0.000188,20,0.000275,25,0.000182,20,0.000194,20,True,True,True,True,True
rand_n50_m50_d3_s1024,R_small,TYPE_R,50,50,0.000514,46,warm_start_dual,0.000160,1,0.000161,1,0.000143,4,0.000161,1,True,True,True,True,True
rand_n50_m50_d3_s1024,R_small,TYPE_R,50,50,0.001274,48,warm_start_dual,0.000163,1,0.000160,1,0.000157,3,0.000160,1,True,True,True,True,True
rand_n50_m50_d3_s1024,R_small,TYPE_R,50,50,0.000609,53,warm_start_dual,0.000167,1,0.000146,1,0.000131,2,0.000152,1,True,True,True,True,True
rand_n50_m50_d3_s1024,R_medium,TYPE_R,50,50,0.001407,45,warm_start_dual,0.000212,6,0.000187,6,0.000214,11,0.000164,6,True,True,True,True,True
rand_n50_m50_d3_s1024,R_medium,TYPE_R,50,50,0.000492,43,warm_start_dual,0.000194,9,0.000187,9,0.000230,18,0.000200,9,True,True,True,True,True
rand_n50_m50_d3_s1024,R_medium,TYPE_R,50,50,0.000494,40,warm_start_dual,0.000169,2,0.000139,2,0.000167,5,0.000156,2,True,True,True,True,True
rand_n50_m50_d3_s1024,R_large,TYPE_R,50,50,0.000471,38,warm_start_dual,0.000203,11,0.000211,11,0.000381,40,0.000209,11,True,True,True,True,True
rand_n50_m50_d3_s1024,R_large,TYPE_R,50,50,0.000504,42,warm_start_dual,0.000163,4,0.000151,4,0.000224,19,0.000198,4,True,True,True,True,True
rand_n50_m50_d3_s1024,R_large,TYPE_R,50,50,0.000473,41,warm_start_dual,0.000222,15,0.000207,15,0.000354,38,0.000219,15,True,True,True,True,True
rand_n50_m50_d3_s1024,R_single,TYPE_R,50,50,0.000501,44,warm_start_dual,0.000158,1,0.000138,1,0.000133,3,0.000129,1,True,True,True,True,True
rand_n50_m50_d3_s1024,R_single,TYPE_R,50,50,0.000537,49,warm_start,0.000077,0,0.000067,0,0.000088,0,0.000075,0,True,True,True,True,True
rand_n50_m50_d3_s1024,R_single,TYPE_R,50,50,0.000520,47,warm_start_dual,0.000146,1,0.000153,1,0.000401,5,0.000165,1,True,True,True,True,True
rand_n50_m50_d3_s1024,R_all,TYPE_R,50,50,0.000534,49,warm_start_dual,0.000408,2,0.000168,2,0.000166,7,0.000626,2,True,True,True,True,True
rand_n50_m50_d3_s1024,R_all,TYPE_R,50,50,0.000529,49,warm_start_dual,0.000155,2,0.000171,2,0.000182,7,0.000167,2,True,True,True,True,True
rand_n50_m50_d3_s1024,C_small,TYPE_C,50,50,0.000501,43,warm_start,0.000074,0,0.000086,0,0.000065,0,0.000082,0,True,True,True,True,True
rand_n50_m50_d3_s1024,C_small,TYPE_C,50,50,0.000513,46,warm_start,0.000072,0,0.000069,0,0.000075,0,0.000072,0,True,True,True,True,True
rand_n50_m50_d3_s1024,R_all,TYPE_R,50,50,0.000541,49,warm_start_dual,0.000155,2,0.000142,2,0.000156,7,0.000136,2,True,True,True,True,True
rand_n50_m50_d3_s1024,C_small,TYPE_C,50,50,0.000525,46,warm_start,0.000078,0,0.000070,0,0.000083,0,0.000075,0,True,True,True,True,True
rand_n50_m50_d3_s1024,C_medium,TYPE_C,50,50,0.000548,50,warm_start,0.000119,1,0.000196,3,0.000108,1,0.000104,1,True,True,True,True,True
rand_n50_m50_d3_s1024,C_medium,TYPE_C,50,50,0.000454,35,warm_start,0.000130,2,0.000202,9,0.000106,2,0.000100,2,True,True,True,True,True
rand_n50_m50_d3_s1024,C_medium,TYPE_C,50,50,0.000511,45,warm_start,0.000336,2,0.000172,3,0.000136,2,0.000140,2,True,True,True,True,True
rand_n50_m50_d3_s1024,C_large,TYPE_C,50,50,0.000486,41,warm_start,0.000133,6,0.000300,27,0.000119,6,0.000169,6,True,True,True,True,True
rand_n50_m50_d3_s1024,C_large,TYPE_C,50,50,0.000480,40,warm_start,0.000147,7,0.002154,21,0.000159,7,0.000143,7,True,True,True,True,True
rand_n50_m50_d5_s42,R_small,TYPE_R,50,50,0.000638,46,warm_start_dual,0.000179,1,0.000175,1,0.000140,1,0.000207,1,True,True,True,True,True
rand_n50_m50_d5_s42,R_small,TYPE_R,50,50,0.000611,42,warm_start_dual,0.000187,4,0.000170,4,0.000225,10,0.000180,4,True,True,True,True,True
rand_n50_m50_d3_s1024,C_large,TYPE_C,50,50,0.000519,44,warm_start,0.000161,9,0.000203,12,0.000138,9,0.000140,9,True,True,True,True,True
rand_n50_m50_d5_s42,R_small,TYPE_R,50,50,0.000757,56,warm_start_dual,0.000167,2,0.000163,2,0.000165,3,0.000195,2,True,True,True,True,True
rand_n50_m50_d5_s42,R_medium,TYPE_R,50,50,0.000658,46,warm_start_dual,0.000217,7,0.000195,7,0.000444,48,0.000225,7,True,True,True,True,True
rand_n50_m50_d5_s42,R_medium,TYPE_R,50,50,0.000638,45,warm_start_dual,0.000195,6,0.000213,6,0.000281,22,0.000181,6,True,True,True,True,True
rand_n50_m50_d5_s42,R_medium,TYPE_R,50,50,0.001860,52,warm_start_dual,0.000212,5,0.000181,5,0.000600,16,0.000195,5,True,True,True,True,True
rand_n50_m50_d5_s42,R_large,TYPE_R,50,50,0.000595,36,warm_start_dual,0.000232,14,0.000588,14,0.000576,56,0.000256,14,True,True,True,True,True
rand_n50_m50_d5_s42,R_single,TYPE_R,50,50,0.000610,42,warm_start,0.000090,0,0.000084,0,0.000102,0,0.000081,0,True,True,True,True,True
rand_n50_m50_d5_s42,R_single,TYPE_R,50,50,0.000615,41,warm_start_dual,0.000206,6,0.000181,6,0.000286,26,0.000178,6,True,True,True,True,True
rand_n50_m50_d5_s42,R_large,TYPE_R,50,50,0.000647,47,warm_start_dual,0.000225,7,0.000199,7,0.000250,15,0.000194,7,True,True,True,True,True
rand_n50_m50_d5_s42,R_large,TYPE_R,50,50,0.000561,37,warm_start_dual,0.000229,14,0.000220,14,0.000432,41,0.000259,14,True,True,True,True,True
rand_n50_m50_d5_s42,R_single,TYPE_R,50,50,0.000625,42,warm_start,0.000090,0,0.000092,0,0.000100,0,0.000082,0,True,True,True,True,True
rand_n50_m50_d5_s42,R_all,TYPE_R,50,50,0.000621,41,warm_start_dual,0.000179,3,0.000182,3,0.000453,3,0.000205,3,True,True,True,True,True
rand_n50_m50_d5_s42,R_all,TYPE_R,50,50,0.000625,41,warm_start_dual,0.000189,3,0.000163,3,0.000149,3,0.000156,3,True,True,True,True,True
rand_n50_m50_d5_s42,R_all,TYPE_R,50,50,0.000647,41,warm_start_dual,0.000181,3,0.000166,3,0.000155,3,0.000493,3,True,True,True,True,True
rand_n50_m50_d5_s42,C_small,TYPE_C,50,50,0.000575,37,warm_start,0.000156,2,0.000208,5,0.000124,2,0.000121,2,True,True,True,True,True
rand_n50_m50_d5_s42,C_small,TYPE_C,50,50,0.000575,36,warm_start,0.000082,0,0.000093,0,0.000084,0,0.000076,0,True,True,True,True,True
rand_n50_m50_d5_s42,C_medium,TYPE_C,50,50,0.000621,45,warm_start,0.000148,4,0.000228,9,0.000159,4,0.000400,4,True,True,True,True,True
rand_n50_m50_d5_s42,C_medium,TYPE_C,50,50,0.000647,45,warm_start,0.000180,12,0.000682,15,0.000229,12,0.000190,12,True,True,True,True,True
rand_n50_m50_d5_s42,C_small,TYPE_C,50,50,0.000670,47,warm_start,0.000153,1,0.000186,2,0.000371,1,0.000159,1,True,True,True,True,True
rand_n50_m50_d5_s42,C_medium,TYPE_C,50,50,0.001042,43,warm_start,0.000150,4,0.000236,10,0.000134,4,0.000165,4,True,True,True,True,True
rand_n50_m50_d5_s42,C_large,TYPE_C,50,50,0.000748,56,warm_start,0.000233,23,0.000323,21,0.000259,23,0.000235,23,True,True,True,True,True
rand_n50_m50_d5_s42,C_large,TYPE_C,50,50,0.000630,45,warm_start,0.000181,12,0.000392,33,0.000193,12,0.000206,12,True,True,True,True,True
rand_n50_m50_d5_s123,R_small,TYPE_R,50,50,0.000663,47,warm_start,0.000100,0,0.000097,0,0.000084,0,0.000081,0,True,True,True,True,True
rand_n50_m50_d5_s42,C_large,TYPE_C,50,50,0.000633,40,warm_start,0.000253,24,0.000367,29,0.000231,24,0.000265,24,True,True,True,True,True
rand_n50_m50_d5_s123,R_small,TYPE_R,50,50,0.000665,46,warm_start_dual,0.000181,2,0.000192,2,0.000184,7,0.000166,2,True,True,True,True,True
rand_n50_m50_d5_s123,R_small,TYPE_R,50,50,0.000713,50,warm_start_dual,0.000163,1,0.000174,1,0.000182,2,0.000168,1,True,True,True,True,True
rand_n50_m50_d5_s123,R_medium,TYPE_R,50,50,0.000635,46,warm_start,0.000089,0,0.000102,0,0.000095,0,0.000091,0,True,True,True,True,True
rand_n50_m50_d5_s123,R_medium,TYPE_R,50,50,0.000609,42,warm_start_dual,0.000186,5,0.000208,5,0.000260,22,0.000216,5,True,True,True,True,True
rand_n50_m50_d5_s123,R_medium,TYPE_R,50,50,0.000605,43,warm_start_dual,0.000213,6,0.000194,6,0.000207,11,0.000183,6,True,True,True,True,True
rand_n50_m50_d5_s123,R_large,TYPE_R,50,50,0.000583,37,warm_start_dual,0.000170,1,0.000184,1,0.000155,2,0.000158,1,True,True,True,True,True
rand_n50_m50_d5_s123,R_large,TYPE_R,50,50,0.000646,45,warm_start_dual,0.000230,11,0.000229,11,0.000411,40,0.000236,11,True,True,True,True,True
rand_n50_m50_d5_s123,R_single,TYPE_R,50,50,0.000643,47,warm_start,0.000098,0,0.000081,0,0.000083,0,0.000078,0,True,True,True,True,True
rand_n50_m50_d5_s123,R_large,TYPE_R,50,50,0.000616,41,warm_start_dual,0.000629,17,0.000291,17,0.000488,49,0.000677,17,True,True,True,True,True
rand_n50_m50_d5_s123,R_single,TYPE_R,50,50,0.000636,46,warm_start,0.000251,0,0.000101,0,0.000087,0,0.000097,0,True,True,True,True,True
rand_n50_m50_d5_s123,R_all,TYPE_R,50,50,0.000607,41,warm_start_dual,0.000174,2,0.000189,2,0.000208,6,0.000190,2,True,True,True,True,True
rand_n50_m50_d5_s123,R_single,TYPE_R,50,50,0.000637,47,warm_start_dual,0.000188,2,0.000172,2,0.000528,5,0.000216,2,True,True,True,True,True
rand_n50_m50_d5_s123,R_all,TYPE_R,50,50,0.000607,41,warm_start_dual,0.000190,2,0.000176,2,0.000426,6,0.000209,2,True,True,True,True,True
rand_n50_m50_d5_s123,R_all,TYPE_R,50,50,0.000618,41,warm_start_dual,0.000184,2,0.000172,2,0.000175,6,0.000177,2,True,True,True,True,True
rand_n50_m50_d5_s123,C_small,TYPE_C,50,50,0.000589,41,warm_start,0.000146,1,0.000201,3,0.000161,1,0.000130,1,True,True,True,True,True
rand_n50_m50_d5_s123,C_small,TYPE_C,50,50,0.000603,41,warm_start,0.000100,0,0.000087,0,0.000086,0,0.000087,0,True,True,True,True,True
rand_n50_m50_d5_s123,C_medium,TYPE_C,50,50,0.000657,46,warm_start,0.000163,7,0.000236,10,0.000170,7,0.000182,7,True,True,True,True,True
rand_n50_m50_d5_s123,C_medium,TYPE_C,50,50,0.000638,44,warm_start,0.000169,5,0.000227,6,0.000142,5,0.000158,5,True,True,True,True,True
rand_n50_m50_d5_s123,C_small,TYPE_C,50,50,0.000643,47,warm_start,0.000141,1,0.000237,3,0.000130,1,0.000153,1,True,True,True,True,True
rand_n50_m50_d5_s123,C_medium,TYPE_C,50,50,0.000594,43,warm_start,0.000163,4,0.000254,12,0.000135,4,0.000133,4,True,True,True,True,True
rand_n50_m50_d5_s123,C_large,TYPE_C,50,50,0.000735,53,warm_start,0.000227,18,0.000376,25,0.000238,18,0.000208,18,True,True,True,True,True
rand_n50_m50_d5_s123,C_large,TYPE_C,50,50,0.000802,63,warm_start,0.000179,11,0.000252,10,0.000211,11,0.000182,11,True,True,True,True,True
rand_n50_m50_d5_s123,C_large,TYPE_C,50,50,0.000696,51,warm_start,0.000231,18,0.000278,16,0.000229,18,0.000235,18,True,True,True,True,True
rand_n50_m50_d5_s456,R_small,TYPE_R,50,50,0.000631,45,warm_start_dual,0.000207,2,0.000186,2,0.000223,5,0.000203,2,True,True,True,True,True
rand_n50_m50_d5_s456,R_small,TYPE_R,50,50,0.000712,50,warm_start_dual,0.000192,2,0.000175,2,0.000186,5,0.000204,2,True,True,True,True,True
rand_n50_m50_d5_s456,R_small,TYPE_R,50,50,0.000602,41,warm_start_dual,0.000204,1,0.000194,1,0.000169,2,0.000164,1,True,True,True,True,True
rand_n50_m50_d5_s456,R_medium,TYPE_R,50,50,0.000654,48,warm_start_dual,0.000227,10,0.000242,10,0.000461,44,0.000248,10,True,True,True,True,True
rand_n50_m50_d5_s456,R_medium,TYPE_R,50,50,0.000692,49,warm_start_dual,0.000213,6,0.000202,6,0.000252,16,0.000238,6,True,True,True,True,True
rand_n50_m50_d5_s456,R_medium,TYPE_R,50,50,0.000590,40,warm_start_dual,0.000193,2,0.000177,2,0.000341,26,0.000178,2,True,True,True,True,True
rand_n50_m50_d5_s456,R_large,TYPE_R,50,50,0.000593,40,warm_start_dual,0.000312,18,0.000291,18,0.000406,37,0.000279,18,True,True,True,True,True
rand_n50_m50_d5_s456,R_large,TYPE_R,50,50,0.000745,51,warm_start_dual,0.000317,22,0.000304,22,0.000794,77,0.000325,22,True,True,True,True,True
rand_n50_m50_d5_s456,R_large,TYPE_R,50,50,0.000637,44,warm_start_dual,0.000301,14,0.000286,14,0.000640,63,0.000279,14,True,True,True,True,True
rand_n50_m50_d5_s456,R_single,TYPE_R,50,50,0.000601,40,warm_start_dual,0.000182,2,0.000169,2,0.000181,5,0.000184,2,True,True,True,True,True
rand_n50_m50_d5_s456,R_single,TYPE_R,50,50,0.000638,43,warm_start,0.000104,0,0.000095,0,0.000088,0,0.000108,0,True,True,True,True,True
rand_n50_m50_d5_s456,R_single,TYPE_R,50,50,0.001882,43,warm_start,0.000113,0,0.000092,0,0.000106,0,0.000191,0,True,True,True,True,True
rand_n50_m50_d5_s456,R_all,TYPE_R,50,50,0.000635,43,warm_start_dual,0.000634,5,0.000220,5,0.000254,18,0.000191,5,True,True,True,True,True
rand_n50_m50_d5_s456,R_all,TYPE_R,50,50,0.000659,43,warm_start_dual,0.000521,5,0.000211,5,0.000277,18,0.000227,5,True,True,True,True,True
rand_n50_m50_d5_s456,R_all,TYPE_R,50,50,0.000652,43,warm_start_dual,0.000209,5,0.000218,5,0.000277,18,0.000622,5,True,True,True,True,True
rand_n50_m50_d5_s456,C_small,TYPE_C,50,50,0.000641,36,warm_start,0.000152,2,0.000211,4,0.000161,2,0.000142,2,True,True,True,True,True
rand_n50_m50_d5_s456,C_small,TYPE_C,50,50,0.000648,46,warm_start,0.000177,3,0.000209,3,0.000133,3,0.000175,3,True,True,True,True,True
rand_n50_m50_d5_s456,C_small,TYPE_C,50,50,0.000679,47,warm_start,0.000167,2,0.000222,4,0.000142,2,0.000170,2,True,True,True,True,True
rand_n50_m50_d5_s456,C_medium,TYPE_C,50,50,0.000624,41,warm_start,0.000208,14,0.000322,18,0.000530,14,0.000230,14,True,True,True,True,True
rand_n50_m50_d5_s456,C_medium,TYPE_C,50,50,0.000642,46,warm_start,0.000150,3,0.000251,11,0.000382,3,0.000177,3,True,True,True,True,True
rand_n50_m50_d5_s456,C_medium,TYPE_C,50,50,0.000650,41,warm_start,0.000184,6,0.000250,10,0.000151,6,0.000192,6,True,True,True,True,True
rand_n50_m50_d5_s456,C_large,TYPE_C,50,50,0.000620,41,warm_start,0.000239,19,0.000320,20,0.000225,19,0.000219,19,True,True,True,True,True
rand_n50_m50_d5_s456,C_large,TYPE_C,50,50,0.000648,46,warm_start,0.000189,11,0.000319,15,0.000189,11,0.000179,11,True,True,True,True,True
rand_n50_m50_d5_s789,R_small,TYPE_R,50,50,0.000610,45,warm_start,0.000076,0,0.000069,0,0.001854,0,0.000078,0,True,True,True,True,True
rand_n50_m50_d5_s789,R_small,TYPE_R,50,50,0.000588,40,warm_start,0.000078,0,0.000079,0,0.000074,0,0.000071,0,True,True,True,True,True
rand_n50_m50_d5_s456,C_large,TYPE_C,50,50,0.000616,41,warm_start,0.000228,15,0.000760,16,0.000226,15,0.000209,15,True,True,True,True,True
rand_n50_m50_d5_s789,R_small,TYPE_R,50,50,0.000576,36,warm_start_dual,0.000155,2,0.000146,2,0.000177,3,0.000156,2,True,True,True,True,True
rand_n50_m50_d5_s789,R_medium,TYPE_R,50,50,0.000577,40,warm_start_dual,0.000198,8,0.000178,8,0.000227,13,0.000215,8,True,True,True,True,True
rand_n50_m50_d5_s789,R_medium,TYPE_R,50,50,0.000698,52,warm_start_dual,0.000156,1,0.000167,1,0.000144,2,0.000147,1,True,True,True,True,True
rand_n50_m50_d5_s789,R_medium,TYPE_R,50,50,0.000573,40,warm_start_dual,0.000153,3,0.000429,3,0.000655,20,0.000176,3,True,True,True,True,True
rand_n50_m50_d5_s789,R_large,TYPE_R,50,50,0.000575,33,warm_start_dual,0.000250,14,0.000235,14,0.000507,52,0.000231,14,True,True,True,True,True
rand_n50_m50_d5_s789,R_large,TYPE_R,50,50,0.000638,45,warm_start_dual,0.000195,9,0.000186,9,0.000192,12,0.000180,9,True,True,True,True,True
rand_n50_m50_d5_s789,R_large,TYPE_R,50,50,0.000601,42,warm_start_dual,0.000225,12,0.000206,12,0.000289,20,0.000200,12,True,True,True,True,True
rand_n50_m50_d5_s789,R_single,TYPE_R,50,50,0.000631,47,warm_start,0.000072,0,0.000100,0,0.000087,0,0.000076,0,True,True,True,True,True
rand_n50_m50_d5_s789,R_single,TYPE_R,50,50,0.000635,46,warm_start_dual,0.000153,2,0.000181,2,0.000153,3,0.000150,2,True,True,True,True,True
rand_n50_m50_d5_s789,R_single,TYPE_R,50,50,0.000615,47,warm_start,0.000097,0,0.000078,0,0.000073,0,0.000080,0,True,True,True,True,True
rand_n50_m50_d5_s789,R_all,TYPE_R,50,50,0.000537,35,warm_start_dual,0.000166,4,0.000173,4,0.000197,12,0.000161,4,True,True,True,True,True
rand_n50_m50_d5_s789,R_all,TYPE_R,50,50,0.000563,35,warm_start_dual,0.000196,4,0.000186,4,0.000231,12,0.000167,4,True,True,True,True,True
rand_n50_m50_d5_s789,C_small,TYPE_C,50,50,0.000638,42,warm_start,0.000087,0,0.000070,0,0.000082,0,0.000091,0,True,True,True,True,True
rand_n50_m50_d5_s789,R_all,TYPE_R,50,50,0.000542,35,warm_start_dual,0.000163,4,0.000173,4,0.000196,12,0.000155,4,True,True,True,True,True
rand_n50_m50_d5_s789,C_small,TYPE_C,50,50,0.000578,38,warm_start,0.000080,0,0.000073,0,0.000071,0,0.000082,0,True,True,True,True,True
rand_n50_m50_d5_s789,C_medium,TYPE_C,50,50,0.000711,43,warm_start,0.000134,3,0.000220,6,0.000123,3,0.000116,3,True,True,True,True,True
rand_n50_m50_d5_s789,C_medium,TYPE_C,50,50,0.000649,47,warm_start,0.000144,4,0.000554,10,0.000147,4,0.000127,4,True,True,True,True,True
rand_n50_m50_d5_s789,C_small,TYPE_C,50,50,0.000596,41,warm_start,0.000123,1,0.000566,5,0.000148,1,0.000114,1,True,True,True,True,True
rand_n50_m50_d5_s789,C_medium,TYPE_C,50,50,0.000568,33,warm_start,0.000155,6,0.000204,6,0.000144,6,0.000148,6,True,True,True,True,True
rand_n50_m50_d5_s789,C_large,TYPE_C,50,50,0.001684,40,warm_start,0.000176,11,0.000688,13,0.000179,11,0.000175,11,True,True,True,True,True
rand_n50_m50_d5_s789,C_large,TYPE_C,50,50,0.000621,48,warm_start,0.000222,15,0.000244,13,0.000178,15,0.000169,15,True,True,True,True,True
rand_n50_m50_d5_s789,C_large,TYPE_C,50,50,0.000607,43,warm_start,0.000202,17,0.000301,22,0.000210,17,0.000187,17,True,True,True,True,True
rand_n50_m50_d5_s1024,R_small,TYPE_R,50,50,0.000548,34,warm_start,0.000080,0,0.000075,0,0.000088,0,0.000077,0,True,True,True,True,True
rand_n50_m50_d5_s1024,R_small,TYPE_R,50,50,0.000589,38,warm_start_dual,0.000172,1,0.000168,1,0.000423,2,0.000170,1,True,True,True,True,True
rand_n50_m50_d5_s1024,R_small,TYPE_R,50,50,0.000553,36,warm_start_dual,0.000158,1,0.000150,1,0.000140,2,0.000166,1,True,True,True,True,True
rand_n50_m50_d5_s1024,R_medium,TYPE_R,50,50,0.000573,36,warm_start_dual,0.000181,2,0.000165,2,0.000272,21,0.000153,2,True,True,True,True,True
rand_n50_m50_d5_s1024,R_medium,TYPE_R,50,50,0.000592,38,warm_start_dual,0.000167,2,0.000172,2,0.000233,16,0.000448,2,True,True,True,True,True
rand_n50_m50_d5_s1024,R_medium,TYPE_R,50,50,0.000559,36,warm_start_dual,0.000325,3,0.000190,3,0.000169,6,0.000163,3,True,True,True,True,True
rand_n50_m50_d5_s1024,R_large,TYPE_R,50,50,0.000613,43,warm_start_dual,0.000235,12,0.000563,12,0.000429,42,0.000227,12,True,True,True,True,True
rand_n50_m50_d5_s1024,R_large,TYPE_R,50,50,0.000605,41,warm_start_dual,0.000210,9,0.000191,9,0.000323,30,0.000217,9,True,True,True,True,True
rand_n50_m50_d5_s1024,R_large,TYPE_R,50,50,0.000564,37,warm_start_dual,0.000232,7,0.000200,7,0.000332,30,0.000201,7,True,True,True,True,True
rand_n50_m50_d5_s1024,R_single,TYPE_R,50,50,0.000551,33,warm_start,0.000090,0,0.000094,0,0.000083,0,0.000075,0,True,True,True,True,True
rand_n50_m50_d5_s1024,R_single,TYPE_R,50,50,0.000558,33,warm_start,0.000080,0,0.000096,0,0.000081,0,0.000075,0,True,True,True,True,True
rand_n50_m50_d5_s1024,R_all,TYPE_R,50,50,0.000614,38,warm_start_dual,0.000181,2,0.000163,2,0.000206,11,0.000173,2,True,True,True,True,True
rand_n50_m50_d5_s1024,R_single,TYPE_R,50,50,0.000538,33,warm_start_dual,0.000175,3,0.000176,3,0.000207,9,0.000197,3,True,True,True,True,True
rand_n50_m50_d5_s1024,R_all,TYPE_R,50,50,0.000582,38,warm_start_dual,0.000170,2,0.000155,2,0.000196,11,0.000171,2,True,True,True,True,True
rand_n50_m50_d5_s1024,R_all,TYPE_R,50,50,0.000586,38,warm_start_dual,0.000173,2,0.000160,2,0.000197,11,0.000185,2,True,True,True,True,True
rand_n50_m50_d5_s1024,C_small,TYPE_C,50,50,0.000545,34,warm_start,0.000081,0,0.000087,0,0.000094,0,0.000094,0,True,True,True,True,True
rand_n50_m50_d5_s1024,C_small,TYPE_C,50,50,0.000574,38,warm_start,0.000084,0,0.000077,0,0.000088,0,0.000079,0,True,True,True,True,True
rand_n50_m50_d5_s1024,C_small,TYPE_C,50,50,0.000568,36,warm_start,0.000087,0,0.000095,0,0.000090,0,0.000093,0,True,True,True,True,True
rand_n50_m50_d5_s1024,C_medium,TYPE_C,50,50,0.000583,38,warm_start,0.000088,0,0.000079,0,0.000074,0,0.000075,0,True,True,True,True,True
rand_n50_m50_d5_s1024,C_medium,TYPE_C,50,50,0.000613,38,warm_start,0.000143,4,0.000257,11,0.000138,4,0.000171,4,True,True,True,True,True
rand_n50_m50_d5_s1024,C_large,TYPE_C,50,50,0.000546,32,warm_start,0.000162,7,0.000239,8,0.000173,7,0.000157,7,True,True,True,True,True
rand_n50_m50_d5_s1024,C_medium,TYPE_C,50,50,0.000568,36,warm_start,0.000157,3,0.000250,9,0.000145,3,0.000130,3,True,True,True,True,True
rand_n50_m50_d5_s1024,C_large,TYPE_C,50,50,0.000600,36,warm_start,0.000210,18,0.000266,12,0.000209,18,0.000214,18,True,True,True,True,True
rand_n50_m50_d5_s1024,C_large,TYPE_C,50,50,0.000648,43,warm_start,0.000176,10,0.000228,9,0.000156,10,0.000176,10,True,True,True,True,True
rand_n50_m50_d8_s42,R_small,TYPE_R,50,50,0.000776,44,warm_start,0.000112,0,0.000102,0,0.000094,0,0.000087,0,True,True,True,True,True
rand_n50_m50_d8_s42,R_medium,TYPE_R,50,50,0.000783,44,warm_start_dual,0.000227,5,0.000201,5,0.000313,23,0.000232,5,True,True,True,True,True
rand_n50_m50_d8_s42,R_small,TYPE_R,50,50,0.000716,38,warm_start_dual,0.000504,1,0.000197,1,0.000183,2,0.000194,1,True,True,True,True,True
rand_n50_m50_d8_s42,R_small,TYPE_R,50,50,0.000735,38,warm_start,0.000101,0,0.000109,0,0.000099,0,0.000093,0,True,True,True,True,True
rand_n50_m50_d8_s42,R_medium,TYPE_R,50,50,0.000889,51,warm_start_dual,0.000187,1,0.000178,1,0.000237,13,0.000174,1,True,True,True,True,True
rand_n50_m50_d8_s42,R_medium,TYPE_R,50,50,0.000736,34,warm_start_dual,0.000212,4,0.000216,4,0.000231,12,0.000188,4,True,True,True,True,True
rand_n50_m50_d8_s42,R_large,TYPE_R,50,50,0.000777,43,warm_start_dual,0.000255,10,0.000253,10,0.000673,63,0.000266,10,True,True,True,True,True
rand_n50_m50_d8_s42,R_large,TYPE_R,50,50,0.000719,35,warm_start_dual,0.000205,1,0.000174,1,0.000315,24,0.000175,1,True,True,True,True,True
rand_n50_m50_d8_s42,R_large,TYPE_R,50,50,0.000709,35,warm_start_dual,0.000249,9,0.000234,9,0.000610,50,0.000592,9,True,True,True,True,True
rand_n50_m50_d8_s42,R_single,TYPE_R,50,50,0.000774,42,warm_start,0.000106,0,0.000108,0,0.000100,0,0.000089,0,True,True,True,True,True
rand_n50_m50_d8_s42,R_single,TYPE_R,50,50,0.000748,41,warm_start_dual,0.000200,2,0.000183,2,0.000216,9,0.000172,2,True,True,True,True,True
rand_n50_m50_d8_s42,R_single,TYPE_R,50,50,0.000718,39,warm_start_dual,0.000181,2,0.000254,2,0.000175,2,0.000177,2,True,True,True,True,True
rand_n50_m50_d8_s42,R_all,TYPE_R,50,50,0.000704,38,warm_start_dual,0.000183,2,0.000174,2,0.000201,3,0.000187,2,True,True,True,True,True
rand_n50_m50_d8_s42,C_small,TYPE_C,50,50,0.000758,41,warm_start,0.000101,0,0.000106,0,0.000093,0,0.000085,0,True,True,True,True,True
rand_n50_m50_d8_s42,R_all,TYPE_R,50,50,0.000708,38,warm_start_dual,0.000185,2,0.000174,2,0.000170,3,0.000201,2,True,True,True,True,True
rand_n50_m50_d8_s42,R_all,TYPE_R,50,50,0.002330,38,warm_start_dual,0.000211,2,0.000189,2,0.000179,3,0.000197,2,True,True,True,True,True
rand_n50_m50_d8_s42,C_small,TYPE_C,50,50,0.000710,37,warm_start,0.000102,0,0.000101,0,0.000123,0,0.000093,0,True,True,True,True,True
rand_n50_m50_d8_s42,C_small,TYPE_C,50,50,0.000771,45,warm_start,0.000162,3,0.000209,4,0.000167,3,0.000167,3,True,True,True,True,True
rand_n50_m50_d8_s42,C_medium,TYPE_C,50,50,0.000698,32,warm_start,0.000106,0,0.000104,0,0.000094,0,0.000102,0,True,True,True,True,True
rand_n50_m50_d8_s42,C_medium,TYPE_C,50,50,0.000703,37,warm_start,0.000108,0,0.000107,0,0.000095,0,0.000089,0,True,True,True,True,True
rand_n50_m50_d8_s42,C_large,TYPE_C,50,50,0.000796,40,warm_start,0.000227,14,0.000278,9,0.000239,14,0.000216,14,True,True,True,True,True
rand_n50_m50_d8_s42,C_medium,TYPE_C,50,50,0.000808,46,warm_start,0.000182,5,0.000240,8,0.000179,5,0.000174,5,True,True,True,True,True
rand_n50_m50_d8_s42,C_large,TYPE_C,50,50,0.000680,33,warm_start,0.000192,6,0.000236,7,0.000175,6,0.000183,6,True,True,True,True,True
rand_n50_m50_d8_s123,R_small,TYPE_R,50,50,0.000909,55,warm_start_dual,0.000227,1,0.000231,1,0.000237,7,0.000233,1,True,True,True,True,True
rand_n50_m50_d8_s123,R_small,TYPE_R,50,50,0.000888,52,warm_start,0.000124,0,0.000114,0,0.000115,0,0.000104,0,True,True,True,True,True
rand_n50_m50_d8_s42,C_large,TYPE_C,50,50,0.002012,45,warm_start,0.000252,16,0.000342,21,0.000227,16,0.000237,16,True,True,True,True,True
rand_n50_m50_d8_s123,R_small,TYPE_R,50,50,0.000938,55,warm_start_dual,0.000209,1,0.000213,1,0.000252,7,0.000206,1,True,True,True,True,True
rand_n50_m50_d8_s123,R_medium,TYPE_R,50,50,0.000891,51,warm_start_dual,0.000218,3,0.000208,3,0.000926,30,0.000250,3,True,True,True,True,True
rand_n50_m50_d8_s123,R_medium,TYPE_R,50,50,0.000775,45,warm_start_dual,0.000235,4,0.000217,4,0.000251,11,0.000234,4,True,True,True,True,True
rand_n50_m50_d8_s123,R_medium,TYPE_R,50,50,0.000911,53,warm_start_dual,0.000254,8,0.000271,8,0.000331,20,0.000246,8,True,True,True,True,True
rand_n50_m50_d8_s123,R_large,TYPE_R,50,50,0.000866,50,warm_start_dual,0.000276,9,0.000256,9,0.000570,51,0.000295,9,True,True,True,True,True
rand_n50_m50_d8_s123,R_large,TYPE_R,50,50,0.000899,53,warm_start_dual,0.000279,14,0.000305,14,0.001262,38,0.000306,14,True,True,True,True,True
rand_n50_m50_d8_s123,R_large,TYPE_R,50,50,0.000958,61,warm_start_dual,0.000319,17,0.000352,17,0.000845,71,0.000338,17,True,True,True,True,True
rand_n50_m50_d8_s123,R_single,TYPE_R,50,50,0.000905,56,warm_start_dual,0.000211,1,0.000196,1,0.000216,6,0.000192,1,True,True,True,True,True
rand_n50_m50_d8_s123,R_single,TYPE_R,50,50,0.000935,56,warm_start_dual,0.000252,4,0.000237,4,0.000259,12,0.000238,4,True,True,True,True,True
rand_n50_m50_d8_s123,R_single,TYPE_R,50,50,0.000996,66,warm_start_dual,0.000251,7,0.000238,7,0.000428,35,0.000269,7,True,True,True,True,True
rand_n50_m50_d8_s123,R_all,TYPE_R,50,50,0.000905,52,warm_start_dual,0.000229,4,0.000232,4,0.000284,8,0.000248,4,True,True,True,True,True
rand_n50_m50_d8_s123,C_small,TYPE_C,50,50,0.000990,66,warm_start,0.000176,1,0.000269,4,0.000164,1,0.000151,1,True,True,True,True,True
rand_n50_m50_d8_s123,C_small,TYPE_C,50,50,0.000939,56,warm_start,0.000115,0,0.000128,0,0.000117,0,0.000110,0,True,True,True,True,True
rand_n50_m50_d8_s123,C_small,TYPE_C,50,50,0.000913,52,warm_start,0.000129,0,0.000131,0,0.000132,0,0.000111,0,True,True,True,True,True
rand_n50_m50_d8_s123,R_all,TYPE_R,50,50,0.000921,52,warm_start_dual,0.000225,4,0.000582,4,0.000266,8,0.000235,4,True,True,True,True,True
rand_n50_m50_d8_s123,R_all,TYPE_R,50,50,0.000933,52,warm_start_dual,0.000249,4,0.000320,4,0.000604,8,0.000243,4,True,True,True,True,True
rand_n50_m50_d8_s123,C_medium,TYPE_C,50,50,0.000910,57,warm_start,0.000237,11,0.000316,13,0.000222,11,0.000214,11,True,True,True,True,True
rand_n50_m50_d8_s123,C_medium,TYPE_C,50,50,0.000974,67,warm_start,0.000200,7,0.000307,7,0.000195,7,0.000202,7,True,True,True,True,True
rand_n50_m50_d8_s123,C_large,TYPE_C,50,50,0.000903,50,warm_start,0.000374,33,0.000413,25,0.000387,33,0.000392,33,True,True,True,True,True
rand_n50_m50_d8_s123,C_medium,TYPE_C,50,50,0.000907,56,warm_start,0.000179,3,0.000355,11,0.000176,3,0.000163,3,True,True,True,True,True
rand_n50_m50_d8_s123,C_large,TYPE_C,50,50,0.000947,53,warm_start,0.000224,11,0.000479,33,0.000232,11,0.000246,11,True,True,True,True,True
rand_n50_m50_d8_s123,C_large,TYPE_C,50,50,0.000810,48,warm_start,0.000285,22,0.000352,17,0.000286,22,0.000279,22,True,True,True,True,True
rand_n50_m50_d8_s456,R_small,TYPE_R,50,50,0.000799,48,warm_start,0.000129,0,0.000115,0,0.000121,0,0.000123,0,True,True,True,True,True
rand_n50_m50_d8_s456,R_small,TYPE_R,50,50,0.000902,53,warm_start_dual,0.000226,1,0.000208,1,0.000208,5,0.000201,1,True,True,True,True,True
rand_n50_m50_d8_s456,R_small,TYPE_R,50,50,0.000890,54,warm_start,0.000135,0,0.000133,0,0.000116,0,0.000113,0,True,True,True,True,True
rand_n50_m50_d8_s456,R_medium,TYPE_R,50,50,0.000791,44,warm_start_dual,0.000223,2,0.000260,2,0.000247,9,0.000213,2,True,True,True,True,True
rand_n50_m50_d8_s456,R_medium,TYPE_R,50,50,0.000883,53,warm_start_dual,0.000234,1,0.000235,1,0.000213,4,0.000218,1,True,True,True,True,True
rand_n50_m50_d8_s456,R_large,TYPE_R,50,50,0.000782,47,warm_start_dual,0.000255,7,0.000277,7,0.000279,12,0.000271,7,True,True,True,True,True
rand_n50_m50_d8_s456,R_medium,TYPE_R,50,50,0.000798,46,warm_start_dual,0.000221,3,0.000214,3,0.000305,13,0.000229,3,True,True,True,True,True
rand_n50_m50_d8_s456,R_large,TYPE_R,50,50,0.000883,51,warm_start_dual,0.000296,10,0.000271,10,0.000460,37,0.000274,10,True,True,True,True,True
rand_n50_m50_d8_s456,R_single,TYPE_R,50,50,0.000918,53,warm_start,0.000135,0,0.000121,0,0.000116,0,0.000129,0,True,True,True,True,True
rand_n50_m50_d8_s456,R_single,TYPE_R,50,50,0.000899,52,warm_start,0.000127,0,0.000133,0,0.000132,0,0.000119,0,True,True,True,True,True
rand_n50_m50_d8_s456,R_large,TYPE_R,50,50,0.000889,54,warm_start_dual,0.000288,12,0.000297,12,0.000617,50,0.000288,12,True,True,True,True,True
rand_n50_m50_d8_s456,R_single,TYPE_R,50,50,0.001796,53,warm_start,0.000133,0,0.000314,0,0.000124,0,0.000115,0,True,True,True,True,True
rand_n50_m50_d8_s456,R_all,TYPE_R,50,50,0.000791,46,warm_start_dual,0.000251,3,0.000234,3,0.000239,7,0.000217,3,True,True,True,True,True
rand_n50_m50_d8_s456,R_all,TYPE_R,50,50,0.000790,46,warm_start_dual,0.000230,3,0.000215,3,0.000237,7,0.000236,3,True,True,True,True,True
rand_n50_m50_d8_s456,R_all,TYPE_R,50,50,0.000800,46,warm_start_dual,0.000240,3,0.000229,3,0.000231,7,0.000280,3,True,True,True,True,True
rand_n50_m50_d8_s456,C_small,TYPE_C,50,50,0.000765,44,warm_start,0.000228,5,0.000262,6,0.000184,5,0.000192,5,True,True,True,True,True
rand_n50_m50_d8_s456,C_small,TYPE_C,50,50,0.000808,44,warm_start,0.000185,3,0.000260,4,0.000186,3,0.000173,3,True,True,True,True,True
rand_n50_m50_d8_s456,C_small,TYPE_C,50,50,0.000855,50,warm_start,0.000183,2,0.000277,3,0.000181,2,0.000168,2,True,True,True,True,True
rand_n50_m50_d8_s456,C_large,TYPE_C,50,50,0.000957,67,warm_start,0.000364,30,0.000412,22,0.000346,30,0.000350,30,True,True,True,True,True
rand_n50_m50_d8_s456,C_medium,TYPE_C,50,50,0.000775,42,warm_start,0.000237,13,0.000321,9,0.000255,13,0.000240,13,True,True,True,True,True
rand_n50_m50_d8_s456,C_medium,TYPE_C,50,50,0.002344,52,warm_start,0.000219,6,0.000282,9,0.000219,6,0.000194,6,True,True,True,True,True
rand_n50_m50_d8_s456,C_medium,TYPE_C,50,50,0.000896,51,warm_start,0.000203,7,0.000294,7,0.000198,7,0.000211,7,True,True,True,True,True
rand_n50_m50_d8_s456,C_large,TYPE_C,50,50,0.000908,56,warm_start,0.000239,12,0.000303,11,0.000253,12,0.000244,12,True,True,True,True,True
rand_n50_m50_d8_s456,C_large,TYPE_C,50,50,0.000850,49,warm_start,0.000257,14,0.000364,16,0.000245,14,0.000534,14,True,True,True,True,True
rand_n50_m50_d8_s789,R_small,TYPE_R,50,50,0.000723,35,warm_start_dual,0.000213,5,0.000512,5,0.000226,8,0.000200,5,True,True,True,True,True
rand_n50_m50_d8_s789,R_small,TYPE_R,50,50,0.000698,34,warm_start,0.000100,0,0.000107,0,0.000088,0,0.000105,0,True,True,True,True,True
rand_n50_m50_d8_s789,R_small,TYPE_R,50,50,0.000718,37,warm_start_dual,0.000190,1,0.000177,1,0.000169,3,0.000169,1,True,True,True,True,True
rand_n50_m50_d8_s789,R_large,TYPE_R,50,50,0.000689,31,warm_start_dual,0.000265,8,0.000243,8,0.000441,40,0.000231,8,True,True,True,True,True
rand_n50_m50_d8_s789,R_medium,TYPE_R,50,50,0.000787,48,warm_start_dual,0.000204,5,0.000193,5,0.000239,10,0.000399,5,True,True,True,True,True
rand_n50_m50_d8_s789,R_medium,TYPE_R,50,50,0.000689,32,warm_start_dual,0.000206,3,0.000217,3,0.000209,9,0.000527,3,True,True,True,True,True
rand_n50_m50_d8_s789,R_medium,TYPE_R,50,50,0.000749,39,warm_start_dual,0.000197,3,0.000208,3,0.000255,13,0.000566,3,True,True,True,True,True
rand_n50_m50_d8_s789,R_large,TYPE_R,50,50,0.000744,41,warm_start_dual,0.000244,10,0.000229,10,0.000331,23,0.000238,10,True,True,True,True,True
rand_n50_m50_d8_s789,R_large,TYPE_R,50,50,0.000701,35,warm_start_dual,0.000233,9,0.000617,9,0.000265,13,0.000231,9,True,True,True,True,True
rand_n50_m50_d8_s789,R_single,TYPE_R,50,50,0.000692,32,warm_start,0.000091,0,0.000093,0,0.000096,0,0.000103,0,True,True,True,True,True
rand_n50_m50_d8_s789,R_single,TYPE_R,50,50,0.001785,39,warm_start_dual,0.000214,5,0.000218,5,0.000256,13,0.000246,5,True,True,True,True,True
rand_n50_m50_d8_s789,R_single,TYPE_R,50,50,0.000807,46,warm_start_dual,0.000215,6,0.000213,6,0.000245,14,0.000232,6,True,True,True,True,True
rand_n50_m50_d8_s789,R_all,TYPE_R,50,50,0.000727,40,warm_start_dual,0.000233,6,0.000203,6,0.000242,11,0.000231,6,True,True,True,True,True
rand_n50_m50_d8_s789,R_all,TYPE_R,50,50,0.000756,40,warm_start_dual,0.000239,6,0.000208,6,0.000252,11,0.000218,6,True,True,True,True,True
rand_n50_m50_d8_s789,R_all,TYPE_R,50,50,0.000726,40,warm_start_dual,0.000212,6,0.000220,6,0.000258,11,0.000221,6,True,True,True,True,True
rand_n50_m50_d8_s789,C_small,TYPE_C,50,50,0.000695,33,warm_start,0.000154,2,0.000524,2,0.000157,2,0.000141,2,True,True,True,True,True
rand_n50_m50_d8_s789,C_small,TYPE_C,50,50,0.000704,34,warm_start,0.000157,1,0.000224,2,0.000154,1,0.000171,1,True,True,True,True,True
rand_n50_m50_d8_s789,C_medium,TYPE_C,50,50,0.000717,37,warm_start,0.000174,3,0.000299,4,0.000162,3,0.000149,3,True,True,True,True,True
rand_n50_m50_d8_s789,C_medium,TYPE_C,50,50,0.000819,45,warm_start,0.000152,3,0.000274,10,0.000150,3,0.000176,3,True,True,True,True,True
rand_n50_m50_d8_s789,C_small,TYPE_C,50,50,0.000818,49,warm_start,0.000178,3,0.000222,4,0.000144,3,0.000141,3,True,True,True,True,True
rand_n50_m50_d8_s789,C_medium,TYPE_C,50,50,0.000778,42,warm_start,0.000185,6,0.000275,13,0.000183,6,0.000192,6,True,True,True,True,True
rand_n50_m50_d8_s789,C_large,TYPE_C,50,50,0.000728,38,warm_start,0.000228,15,0.000287,6,0.000210,15,0.000231,15,True,True,True,True,True
rand_n50_m50_d8_s789,C_large,TYPE_C,50,50,0.000758,44,warm_start,0.000190,9,0.000305,15,0.000181,9,0.000175,9,True,True,True,True,True
rand_n50_m50_d8_s789,C_large,TYPE_C,50,50,0.000873,51,warm_start,0.000240,17,0.000359,19,0.000247,17,0.000237,17,True,True,True,True,True
rand_n50_m50_d8_s1024,R_small,TYPE_R,50,50,0.000705,36,warm_start_dual,0.000180,2,0.000184,2,0.000202,5,0.000175,2,True,True,True,True,True
rand_n50_m50_d8_s1024,R_small,TYPE_R,50,50,0.000684,34,warm_start_dual,0.000199,2,0.000174,2,0.000626,14,0.000192,2,True,True,True,True,True
rand_n50_m50_d8_s1024,R_medium,TYPE_R,50,50,0.000733,41,warm_start_dual,0.000189,2,0.000171,2,0.000271,18,0.000199,2,True,True,True,True,True
rand_n50_m50_d8_s1024,R_medium,TYPE_R,50,50,0.000796,48,warm_start_dual,0.000191,3,0.000173,3,0.000261,12,0.000180,3,True,True,True,True,True
rand_n50_m50_d8_s1024,R_small,TYPE_R,50,50,0.002454,46,warm_start_dual,0.000220,3,0.000193,3,0.000227,10,0.000194,3,True,True,True,True,True
rand_n50_m50_d8_s1024,R_medium,TYPE_R,50,50,0.000771,44,warm_start_dual,0.000230,10,0.000239,10,0.000250,12,0.000228,10,True,True,True,True,True
rand_n50_m50_d8_s1024,R_large,TYPE_R,50,50,0.000729,38,warm_start_dual,0.000233,8,0.000215,8,0.000251,14,0.000213,8,True,True,True,True,True
rand_n50_m50_d8_s1024,R_large,TYPE_R,50,50,0.000726,30,warm_start_dual,0.000214,6,0.000222,6,0.000624,60,0.000216,6,True,True,True,True,True
rand_n50_m50_d8_s1024,R_single,TYPE_R,50,50,0.000772,46,warm_start,0.000097,0,0.000100,0,0.000123,0,0.000090,0,True,True,True,True,True
rand_n50_m50_d8_s1024,R_large,TYPE_R,50,50,0.000740,41,warm_start_dual,0.000206,7,0.000195,7,0.000361,30,0.000227,7,True,True,True,True,True
rand_n50_m50_d8_s1024,R_all,TYPE_R,50,50,0.000777,45,warm_start_dual,0.000194,4,0.000216,4,0.000322,23,0.000186,4,True,True,True,True,True
rand_n50_m50_d8_s1024,R_single,TYPE_R,50,50,0.000777,45,warm_start_dual,0.000191,4,0.000179,4,0.000219,8,0.000190,4,True,True,True,True,True
rand_n50_m50_d8_s1024,R_single,TYPE_R,50,50,0.000782,46,warm_start,0.000089,0,0.000095,0,0.000528,0,0.000100,0,True,True,True,True,True
rand_n50_m50_d8_s1024,R_all,TYPE_R,50,50,0.000765,45,warm_start_dual,0.000525,4,0.000206,4,0.000314,23,0.000211,4,True,True,True,True,True
rand_n50_m50_d8_s1024,R_all,TYPE_R,50,50,0.000783,45,warm_start_dual,0.000279,4,0.000196,4,0.000316,23,0.000212,4,True,True,True,True,True
rand_n50_m50_d8_s1024,C_small,TYPE_C,50,50,0.000807,48,warm_start,0.000148,2,0.000195,4,0.000147,2,0.000128,2,True,True,True,True,True
rand_n50_m50_d8_s1024,C_small,TYPE_C,50,50,0.000779,46,warm_start,0.000147,2,0.000212,4,0.000147,2,0.000128,2,True,True,True,True,True
rand_n50_m50_d8_s1024,C_small,TYPE_C,50,50,0.000693,36,warm_start,0.000107,0,0.000092,0,0.000100,0,0.000093,0,True,True,True,True,True
rand_n50_m50_d8_s1024,C_medium,TYPE_C,50,50,0.000736,41,warm_start,0.000189,8,0.000264,8,0.000177,8,0.000166,8,True,True,True,True,True
rand_n50_m50_d8_s1024,C_medium,TYPE_C,50,50,0.000736,39,warm_start,0.000162,5,0.000214,4,0.000164,5,0.000157,5,True,True,True,True,True
rand_n50_m50_d8_s1024,C_medium,TYPE_C,50,50,0.000734,40,warm_start,0.000168,6,0.000218,6,0.000174,6,0.000191,6,True,True,True,True,True
rand_n50_m50_d8_s1024,C_large,TYPE_C,50,50,0.000698,32,warm_start,0.000205,13,0.000217,7,0.000187,13,0.000209,13,True,True,True,True,True
rand_n50_m50_d8_s1024,C_large,TYPE_C,50,50,0.001154,50,warm_start,0.000235,16,0.000320,19,0.000226,16,0.000231,16,True,True,True,True,True
rand_n50_m50_d8_s1024,C_large,TYPE_C,50,50,0.000785,46,warm_start,0.000317,32,0.000309,19,0.000311,32,0.000619,32,True,True,True,True,True
rand_n50_m100_d3_s42,R_small,TYPE_R,50,100,0.001254,76,warm_start_dual,0.000398,5,0.000414,5,0.000353,5,0.000398,5,True,True,True,True,True
rand_n50_m100_d3_s42,R_small,TYPE_R,50,100,0.001135,74,warm_start_dual,0.000411,7,0.000858,7,0.000443,17,0.000425,7,True,True,True,True,True
rand_n50_m100_d3_s42,R_medium,TYPE_R,50,100,0.001143,75,warm_start_dual,0.000545,21,0.000563,21,0.001040,63,0.000566,21,True,True,True,True,True
rand_n50_m100_d3_s42,R_small,TYPE_R,50,100,0.001692,80,warm_start_dual,0.000422,7,0.000432,7,0.000481,24,0.000420,7,True,True,True,True,True
rand_n50_m100_d3_s42,R_medium,TYPE_R,50,100,0.001215,81,warm_start_dual,0.000634,13,0.000483,13,0.000706,44,0.000464,13,True,True,True,True,True
rand_n50_m100_d3_s42,R_large,TYPE_R,50,100,0.001232,70,warm_start_dual,0.000762,34,0.000717,34,0.001154,72,0.000988,34,True,True,True,True,True
rand_n50_m100_d3_s42,R_large,TYPE_R,50,100,0.001448,92,warm_start_dual,0.000974,50,0.002209,50,0.001692,112,0.001014,50,True,True,True,True,True
rand_n50_m100_d3_s42,R_medium,TYPE_R,50,100,0.001289,90,warm_start_dual,0.000510,16,0.000735,16,0.001912,51,0.000527,16,True,True,True,True,True
rand_n50_m100_d3_s42,R_large,TYPE_R,50,100,0.001305,79,warm_start_dual,0.000666,31,0.000737,31,0.001562,89,0.000832,31,True,True,True,True,True
rand_n50_m100_d3_s42,R_single,TYPE_R,50,100,0.001180,79,warm_start,0.000195,0,0.000238,0,0.000194,0,0.000195,0,True,True,True,True,True
rand_n50_m100_d3_s42,R_single,TYPE_R,50,100,0.001170,76,warm_start_dual,0.000384,2,0.000369,2,0.000317,5,0.000355,2,True,True,True,True,True
rand_n50_m100_d3_s42,R_all,TYPE_R,50,100,0.001099,71,warm_start_dual,0.000415,7,0.000399,7,0.000396,10,0.000410,7,True,True,True,True,True
rand_n50_m100_d3_s42,R_single,TYPE_R,50,100,0.001154,76,warm_start_dual,0.000393,5,0.000491,5,0.000414,15,0.000391,5,True,True,True,True,True
rand_n50_m100_d3_s42,R_all,TYPE_R,50,100,0.001127,71,warm_start_dual,0.000431,7,0.000410,7,0.000361,10,0.000426,7,True,True,True,True,True
rand_n50_m100_d3_s42,R_all,TYPE_R,50,100,0.002654,71,warm_start_dual,0.000432,7,0.000586,7,0.000430,10,0.000498,7,True,True,True,True,True
rand_n50_m100_d3_s42,C_small,TYPE_C,50,100,0.001179,75,warm_start,0.000181,0,0.000190,0,0.000194,0,0.000179,0,True,True,True,True,True
rand_n50_m100_d3_s42,C_small,TYPE_C,50,100,0.001129,71,warm_start,0.000288,1,0.000411,2,0.000651,1,0.000276,1,True,True,True,True,True
rand_n50_m100_d3_s42,C_small,TYPE_C,50,100,0.001149,70,warm_start,0.000197,0,0.000193,0,0.000189,0,0.000183,0,True,True,True,True,True
rand_n50_m100_d3_s42,C_medium,TYPE_C,50,100,0.001249,73,warm_start,0.000279,1,0.000394,2,0.000266,1,0.000289,1,True,True,True,True,True
rand_n50_m100_d3_s42,C_medium,TYPE_C,50,100,0.001185,74,warm_start,0.000297,7,0.000561,10,0.001237,7,0.000313,7,True,True,True,True,True
rand_n50_m100_d3_s42,C_large,TYPE_C,50,100,0.001319,78,warm_start,0.000379,12,0.000648,24,0.000328,12,0.000318,12,True,True,True,True,True
rand_n50_m100_d3_s42,C_medium,TYPE_C,50,100,0.001262,84,warm_start,0.000196,0,0.000433,0,0.000193,0,0.000487,0,True,True,True,True,True
rand_n50_m100_d3_s42,C_large,TYPE_C,50,100,0.001174,77,warm_start,0.000338,10,0.000578,19,0.000333,10,0.000390,10,True,True,True,True,True
rand_n50_m100_d3_s42,C_large,TYPE_C,50,100,0.001138,74,warm_start,0.000283,2,0.000412,3,0.000273,2,0.000259,2,True,True,True,True,True
rand_n50_m100_d3_s123,R_small,TYPE_R,50,100,0.001255,83,warm_start_dual,0.000409,1,0.000401,1,0.000482,19,0.000434,1,True,True,True,True,True
rand_n50_m100_d3_s123,R_small,TYPE_R,50,100,0.001353,83,warm_start_dual,0.000528,4,0.000477,4,0.001135,14,0.000443,4,True,True,True,True,True
rand_n50_m100_d3_s123,R_large,TYPE_R,50,100,0.000000,102,scratch,0.000000,102,0.000000,33,0.000000,72,0.000000,33,False,False,False,False,False
rand_n50_m100_d3_s123,R_small,TYPE_R,50,100,0.002305,74,warm_start_dual,0.000428,3,0.000425,3,0.000373,7,0.000435,3,True,True,True,True,True
rand_n50_m100_d3_s123,R_medium,TYPE_R,50,100,0.001372,85,warm_start_dual,0.000494,11,0.000490,11,0.000817,47,0.000589,11,True,True,True,True,True
rand_n50_m100_d3_s123,R_medium,TYPE_R,50,100,0.001444,91,warm_start_dual,0.000572,11,0.000560,11,0.000811,41,0.000587,11,True,True,True,True,True
rand_n50_m100_d3_s123,R_medium,TYPE_R,50,100,0.001309,82,warm_start_dual,0.000602,19,0.000555,19,0.000912,58,0.001523,19,True,True,True,True,True
rand_n50_m100_d3_s123,R_large,TYPE_R,50,100,0.001364,91,warm_start_dual,0.000942,49,0.000930,49,0.001954,128,0.001006,49,True,True,True,True,True
rand_n50_m100_d3_s123,R_large,TYPE_R,50,100,0.001423,96,warm_start_dual,0.000769,33,0.000758,33,0.005210,117,0.000754,33,True,True,True,True,True
rand_n50_m100_d3_s123,R_single,TYPE_R,50,100,0.001645,81,warm_start_dual,0.000533,11,0.000500,11,0.000728,41,0.000518,11,True,True,True,True,True
rand_n50_m100_d3_s123,R_single,TYPE_R,50,100,0.001368,90,warm_start_dual,0.000453,4,0.000427,4,0.000388,8,0.000414,4,True,True,True,True,True
rand_n50_m100_d3_s123,R_single,TYPE_R,50,100,0.001212,80,warm_start,0.000214,0,0.000224,0,0.000215,0,0.000201,0,True,True,True,True,True
rand_n50_m100_d3_s123,R_all,TYPE_R,50,100,0.001374,81,warm_start_dual,0.000490,4,0.000446,4,0.000446,15,0.000437,4,True,True,True,True,True
rand_n50_m100_d3_s123,R_all,TYPE_R,50,100,0.001255,81,warm_start_dual,0.000432,4,0.000459,4,0.000437,15,0.000504,4,True,True,True,True,True
rand_n50_m100_d3_s123,R_all,TYPE_R,50,100,0.001264,81,warm_start_dual,0.001036,4,0.000453,4,0.000457,15,0.000426,4,True,True,True,True,True
rand_n50_m100_d3_s123,C_small,TYPE_C,50,100,0.001379,84,warm_start,0.000656,1,0.000476,3,0.000275,1,0.000267,1,True,True,True,True,True
rand_n50_m100_d3_s123,C_small,TYPE_C,50,100,0.001229,79,warm_start,0.000284,1,0.000521,8,0.000287,1,0.000275,1,True,True,True,True,True
rand_n50_m100_d3_s123,C_small,TYPE_C,50,100,0.001332,86,warm_start,0.000285,1,0.000540,7,0.000276,1,0.000262,1,True,True,True,True,True
rand_n50_m100_d3_s123,C_medium,TYPE_C,50,100,0.001237,82,warm_start,0.000289,2,0.000491,7,0.000297,2,0.000276,2,True,True,True,True,True
rand_n50_m100_d3_s123,C_medium,TYPE_C,50,100,0.001365,86,warm_start,0.000304,3,0.000571,13,0.000294,3,0.000309,3,True,True,True,True,True
rand_n50_m100_d3_s123,C_medium,TYPE_C,50,100,0.001455,90,warm_start,0.000313,2,0.001003,15,0.000293,2,0.000300,2,True,True,True,True,True
rand_n50_m100_d3_s123,C_large,TYPE_C,50,100,0.001398,96,warm_start,0.000335,7,0.000641,20,0.000334,7,0.000319,7,True,True,True,True,True
rand_n50_m100_d3_s456,R_small,TYPE_R,50,100,0.000975,62,warm_start_dual,0.000291,2,0.000289,2,0.000274,7,0.000281,2,True,True,True,True,True
rand_n50_m100_d3_s123,C_large,TYPE_C,50,100,0.001278,72,warm_start,0.000318,6,0.000702,19,0.000363,6,0.000310,6,True,True,True,True,True
rand_n50_m100_d3_s456,R_small,TYPE_R,50,100,0.000988,66,warm_start_dual,0.000303,4,0.000308,4,0.000318,10,0.000281,4,True,True,True,True,True
rand_n50_m100_d3_s123,C_large,TYPE_C,50,100,0.001313,90,warm_start,0.000329,8,0.000628,22,0.000359,8,0.000330,8,True,True,True,True,True
rand_n50_m100_d3_s456,R_medium,TYPE_R,50,100,0.001074,65,warm_start_dual,0.000331,7,0.000346,7,0.000645,41,0.000332,7,True,True,True,True,True
rand_n50_m100_d3_s456,R_small,TYPE_R,50,100,0.001027,68,warm_start_dual,0.000336,1,0.000289,1,0.000295,8,0.000291,1,True,True,True,True,True
rand_n50_m100_d3_s456,R_medium,TYPE_R,50,100,0.001014,71,warm_start_dual,0.000315,6,0.000312,6,0.000500,32,0.000329,6,True,True,True,True,True
rand_n50_m100_d3_s456,R_medium,TYPE_R,50,100,0.001093,64,warm_start_dual,0.000421,13,0.000402,13,0.000589,41,0.000367,13,True,True,True,True,True
rand_n50_m100_d3_s456,R_large,TYPE_R,50,100,0.001008,67,warm_start_dual,0.000412,19,0.000429,19,0.001043,81,0.000408,19,True,True,True,True,True
rand_n50_m100_d3_s456,R_large,TYPE_R,50,100,0.001060,70,warm_start_dual,0.000430,19,0.000403,19,0.001252,92,0.000462,19,True,True,True,True,True
rand_n50_m100_d3_s456,R_single,TYPE_R,50,100,0.001169,79,warm_start_dual,0.000343,4,0.000284,4,0.000392,19,0.000303,4,True,True,True,True,True
rand_n50_m100_d3_s456,R_large,TYPE_R,50,100,0.001489,72,warm_start_dual,0.000525,21,0.000446,21,0.001300,94,0.000455,21,True,True,True,True,True
rand_n50_m100_d3_s456,R_single,TYPE_R,50,100,0.001037,72,warm_start,0.000128,0,0.000119,0,0.000115,0,0.000133,0,True,True,True,True,True
rand_n50_m100_d3_s456,R_single,TYPE_R,50,100,0.001034,72,warm_start,0.000132,0,0.000121,0,0.000136,0,0.000132,0,True,True,True,True,True
rand_n50_m100_d3_s456,R_all,TYPE_R,50,100,0.001083,68,warm_start_dual,0.000311,4,0.000327,4,0.000478,33,0.000342,4,True,True,True,True,True
rand_n50_m100_d3_s456,C_small,TYPE_C,50,100,0.001153,75,warm_start,0.000232,4,0.000349,6,0.000195,4,0.000232,4,True,True,True,True,True
rand_n50_m100_d3_s456,R_all,TYPE_R,50,100,0.001013,68,warm_start_dual,0.000296,4,0.000295,4,0.000548,33,0.000330,4,True,True,True,True,True
rand_n50_m100_d3_s456,R_all,TYPE_R,50,100,0.001026,68,warm_start_dual,0.000315,4,0.000356,4,0.000506,33,0.000726,4,True,True,True,True,True
rand_n50_m100_d3_s456,C_small,TYPE_C,50,100,0.001139,73,warm_start,0.000200,1,0.000355,5,0.000179,1,0.000181,1,True,True,True,True,True
rand_n50_m100_d3_s456,C_small,TYPE_C,50,100,0.001080,77,warm_start,0.000223,4,0.000382,11,0.000196,4,0.000189,4,True,True,True,True,True
rand_n50_m100_d3_s456,C_medium,TYPE_C,50,100,0.001023,70,warm_start,0.000225,7,0.000363,7,0.000242,7,0.000249,7,True,True,True,True,True
rand_n50_m100_d3_s456,C_medium,TYPE_C,50,100,0.001129,71,warm_start,0.000228,6,0.000366,9,0.000241,6,0.000251,6,True,True,True,True,True
rand_n50_m100_d3_s456,C_large,TYPE_C,50,100,0.001087,77,warm_start,0.000249,10,0.000499,20,0.000234,10,0.000255,10,True,True,True,True,True
rand_n50_m100_d3_s456,C_medium,TYPE_C,50,100,0.001118,68,warm_start,0.000286,8,0.000929,13,0.000280,8,0.000240,8,True,True,True,True,True
rand_n50_m100_d3_s456,C_large,TYPE_C,50,100,0.001064,68,warm_start,0.000294,15,0.000508,25,0.000333,15,0.000275,15,True,True,True,True,True
rand_n50_m100_d3_s789,R_small,TYPE_R,50,100,0.001367,83,warm_start_dual,0.000388,3,0.000382,3,0.000429,9,0.000462,3,True,True,True,True,True
rand_n50_m100_d3_s456,C_large,TYPE_C,50,100,0.000950,61,warm_start,0.000299,15,0.000540,29,0.000274,15,0.000287,15,True,True,True,True,True
rand_n50_m100_d3_s789,R_small,TYPE_R,50,100,0.001313,85,warm_start_dual,0.000372,1,0.000372,1,0.000308,3,0.000436,1,True,True,True,True,True
rand_n50_m100_d3_s789,R_large,TYPE_R,50,100,0.000000,97,scratch,0.000000,97,0.000000,46,0.000000,79,0.000000,46,False,False,False,False,False
rand_n50_m100_d3_s789,R_medium,TYPE_R,50,100,0.001440,89,warm_start_dual,0.000533,9,0.000500,9,0.000717,46,0.000694,9,True,True,True,True,True
rand_n50_m100_d3_s789,R_small,TYPE_R,50,100,0.001277,84,warm_start,0.000207,0,0.000203,0,0.000223,0,0.000182,0,True,True,True,True,True
rand_n50_m100_d3_s789,R_medium,TYPE_R,50,100,0.001297,92,warm_start_dual,0.000400,5,0.000411,5,0.000526,19,0.000397,5,True,True,True,True,True
rand_n50_m100_d3_s789,R_medium,TYPE_R,50,100,0.001117,71,warm_start_dual,0.000467,11,0.000449,11,0.000559,30,0.000467,11,True,True,True,True,True
rand_n50_m100_d3_s789,R_single,TYPE_R,50,100,0.001203,82,warm_start,0.000203,0,0.000467,0,0.000209,0,0.000191,0,True,True,True,True,True
rand_n50_m100_d3_s789,R_large,TYPE_R,50,100,0.001309,89,warm_start_dual,0.000622,28,0.000639,28,0.001424,78,0.000645,28,True,True,True,True,True
rand_n50_m100_d3_s789,R_large,TYPE_R,50,100,0.001275,83,warm_start_dual,0.000586,22,0.000651,22,0.000893,52,0.000624,22,True,True,True,True,True
rand_n50_m100_d3_s789,R_single,TYPE_R,50,100,0.001163,79,warm_start_dual,0.000401,4,0.000425,4,0.000339,5,0.000410,4,True,True,True,True,True
rand_n50_m100_d3_s789,R_single,TYPE_R,50,100,0.001184,78,warm_start_dual,0.000391,1,0.000365,1,0.000275,1,0.000383,1,True,True,True,True,True
rand_n50_m100_d3_s789,R_all,TYPE_R,50,100,0.001210,81,warm_start_dual,0.000380,1,0.000366,1,0.000297,3,0.000362,1,True,True,True,True,True
rand_n50_m100_d3_s789,R_all,TYPE_R,50,100,0.003069,81,warm_start_dual,0.000387,1,0.000368,1,0.000300,3,0.000355,1,True,True,True,True,True
rand_n50_m100_d3_s789,R_all,TYPE_R,50,100,0.001697,81,warm_start_dual,0.000391,1,0.000385,1,0.000307,3,0.000366,1,True,True,True,True,True
rand_n50_m100_d3_s789,C_small,TYPE_C,50,100,0.001322,96,warm_start,0.000193,0,0.000184,0,0.000223,0,0.000198,0,True,True,True,True,True
rand_n50_m100_d3_s789,C_small,TYPE_C,50,100,0.001324,90,warm_start,0.000207,0,0.000186,0,0.000182,0,0.000213,0,True,True,True,True,True
rand_n50_m100_d3_s789,C_small,TYPE_C,50,100,0.002461,80,warm_start,0.000274,2,0.000418,4,0.000257,2,0.000251,2,True,True,True,True,True
rand_n50_m100_d3_s789,C_medium,TYPE_C,50,100,0.001319,88,warm_start,0.000309,4,0.000706,6,0.000292,4,0.000336,4,True,True,True,True,True
rand_n50_m100_d3_s789,C_medium,TYPE_C,50,100,0.001239,87,warm_start,0.000265,3,0.000505,9,0.000313,3,0.000294,3,True,True,True,True,True
rand_n50_m100_d3_s789,C_medium,TYPE_C,50,100,0.001273,89,warm_start,0.000368,11,0.000598,14,0.000344,11,0.000322,11,True,True,True,True,True
rand_n50_m100_d3_s789,C_large,TYPE_C,50,100,0.001304,81,warm_start,0.000316,8,0.000513,8,0.000291,8,0.000309,8,True,True,True,True,True
rand_n50_m100_d3_s1024,R_small,TYPE_R,50,100,0.001299,79,warm_start_dual,0.000381,3,0.000416,3,0.000334,8,0.000355,3,True,True,True,True,True
rand_n50_m100_d3_s789,C_large,TYPE_C,50,100,0.001173,78,warm_start,0.000379,17,0.000670,25,0.000371,17,0.000383,17,True,True,True,True,True
rand_n50_m100_d3_s789,C_large,TYPE_C,50,100,0.001134,68,warm_start,0.000323,8,0.000778,17,0.000332,8,0.000308,8,True,True,True,True,True
rand_n50_m100_d3_s1024,R_large,TYPE_R,50,100,0.000000,88,scratch,0.000000,88,0.000000,46,0.000000,52,0.000000,46,False,False,False,False,False
rand_n50_m100_d3_s1024,R_small,TYPE_R,50,100,0.001268,83,warm_start_dual,0.000892,4,0.000398,4,0.000529,27,0.000397,4,True,True,True,True,True
rand_n50_m100_d3_s1024,R_small,TYPE_R,50,100,0.001325,93,warm_start_dual,0.000406,3,0.000414,3,0.000371,8,0.000379,3,True,True,True,True,True
rand_n50_m100_d3_s1024,R_medium,TYPE_R,50,100,0.001315,79,warm_start_dual,0.000545,14,0.000452,14,0.000658,41,0.000448,14,True,True,True,True,True
rand_n50_m100_d3_s1024,R_medium,TYPE_R,50,100,0.001261,85,warm_start_dual,0.000442,13,0.001046,13,0.000743,49,0.000441,13,True,True,True,True,True
rand_n50_m100_d3_s1024,R_medium,TYPE_R,50,100,0.001231,81,warm_start_dual,0.000461,12,0.000500,12,0.000817,48,0.000481,12,True,True,True,True,True
rand_n50_m100_d3_s1024,R_large,TYPE_R,50,100,0.001448,94,warm_start_dual,0.000580,25,0.000596,25,0.001304,77,0.000586,25,True,True,True,True,True
rand_n50_m100_d3_s1024,R_single,TYPE_R,50,100,0.001396,95,warm_start,0.000178,0,0.000169,0,0.000194,0,0.000209,0,True,True,True,True,True
rand_n50_m100_d3_s1024,R_large,TYPE_R,50,100,0.001274,86,warm_start_dual,0.000688,33,0.000697,33,0.001629,114,0.000673,33,True,True,True,True,True
rand_n50_m100_d3_s1024,R_single,TYPE_R,50,100,0.001251,84,warm_start,0.000418,0,0.000202,0,0.000187,0,0.000173,0,True,True,True,True,True
rand_n50_m100_d3_s1024,R_single,TYPE_R,50,100,0.001343,79,warm_start_dual,0.000417,5,0.000373,5,0.000504,24,0.000382,5,True,True,True,True,True
rand_n50_m100_d3_s1024,R_all,TYPE_R,50,100,0.001275,84,warm_start_dual,0.000359,2,0.000349,2,0.000949,15,0.000419,2,True,True,True,True,True
rand_n50_m100_d3_s1024,R_all,TYPE_R,50,100,0.001299,84,warm_start_dual,0.000433,2,0.000373,2,0.000425,15,0.000508,2,True,True,True,True,True
rand_n50_m100_d3_s1024,R_all,TYPE_R,50,100,0.001245,84,warm_start_dual,0.000370,2,0.000364,2,0.000427,15,0.000380,2,True,True,True,True,True
rand_n50_m100_d3_s1024,C_small,TYPE_C,50,100,0.001252,81,warm_start,0.000285,5,0.000552,15,0.000303,5,0.000291,5,True,True,True,True,True
rand_n50_m100_d3_s1024,C_small,TYPE_C,50,100,0.001208,78,warm_start,0.000262,4,0.000489,12,0.000279,4,0.000272,4,True,True,True,True,True
rand_n50_m100_d3_s1024,C_small,TYPE_C,50,100,0.001270,87,warm_start,0.000276,6,0.000498,13,0.000315,6,0.000277,6,True,True,True,True,True
rand_n50_m100_d3_s1024,C_medium,TYPE_C,50,100,0.001275,86,warm_start,0.000328,9,0.000571,20,0.000296,9,0.000289,9,True,True,True,True,True
rand_n50_m100_d3_s1024,C_medium,TYPE_C,50,100,0.001222,75,warm_start,0.000368,11,0.000630,27,0.000365,11,0.000335,11,True,True,True,True,True
rand_n50_m100_d3_s1024,C_large,TYPE_C,50,100,0.001262,86,warm_start,0.000380,19,0.000674,30,0.000391,19,0.000596,19,True,True,True,True,True
rand_n50_m100_d3_s1024,C_medium,TYPE_C,50,100,0.001279,86,warm_start,0.000321,11,0.000636,22,0.000325,11,0.000768,11,True,True,True,True,True
rand_n50_m100_d3_s1024,C_large,TYPE_C,50,100,0.002255,87,warm_start,0.000423,16,0.000680,24,0.000395,16,0.000365,16,True,True,True,True,True
rand_n50_m100_d3_s1024,C_large,TYPE_C,50,100,0.001283,81,warm_start,0.000343,14,0.000678,31,0.000329,14,0.000325,14,True,True,True,True,True
rand_n50_m100_d5_s42,R_small,TYPE_R,50,100,0.001467,81,warm_start_dual,0.000403,1,0.000406,1,0.000359,3,0.000432,1,True,True,True,True,True
rand_n50_m100_d5_s42,R_small,TYPE_R,50,100,0.001349,70,warm_start_dual,0.000415,2,0.000417,2,0.000359,4,0.000395,2,True,True,True,True,True
rand_n50_m100_d5_s42,R_medium,TYPE_R,50,100,0.001513,74,warm_start_dual,0.000515,14,0.000592,14,0.000835,43,0.000550,14,True,True,True,True,True
rand_n50_m100_d5_s42,R_small,TYPE_R,50,100,0.001473,81,warm_start_dual,0.000406,1,0.000971,1,0.000364,4,0.000384,1,True,True,True,True,True
rand_n50_m100_d5_s42,R_medium,TYPE_R,50,100,0.001416,74,warm_start_dual,0.000452,6,0.001041,6,0.000475,14,0.000439,6,True,True,True,True,True
rand_n50_m100_d5_s42,R_large,TYPE_R,50,100,0.001543,84,warm_start_dual,0.000795,39,0.000805,39,0.001528,87,0.001020,39,True,True,True,True,True
rand_n50_m100_d5_s42,R_large,TYPE_R,50,100,0.001553,79,warm_start_dual,0.000507,12,0.000494,12,0.001150,66,0.000518,12,True,True,True,True,True
rand_n50_m100_d5_s42,R_medium,TYPE_R,50,100,0.001369,71,warm_start_dual,0.000527,6,0.000453,6,0.000576,26,0.000430,6,True,True,True,True,True
rand_n50_m100_d5_s42,R_large,TYPE_R,50,100,0.001757,93,warm_start_dual,0.000767,31,0.001713,31,0.001602,89,0.000727,31,True,True,True,True,True
rand_n50_m100_d5_s42,R_single,TYPE_R,50,100,0.001466,82,warm_start_dual,0.000450,2,0.000448,2,0.000339,5,0.000389,2,True,True,True,True,True
rand_n50_m100_d5_s42,R_single,TYPE_R,50,100,0.001380,77,warm_start_dual,0.000391,1,0.000398,1,0.000320,2,0.000381,1,True,True,True,True,True
rand_n50_m100_d5_s42,R_single,TYPE_R,50,100,0.001475,81,warm_start,0.000204,0,0.000196,0,0.000212,0,0.000202,0,True,True,True,True,True
rand_n50_m100_d5_s42,R_all,TYPE_R,50,100,0.001441,70,warm_start_dual,0.001018,4,0.000445,4,0.000489,19,0.000429,4,True,True,True,True,True
rand_n50_m100_d5_s42,R_all,TYPE_R,50,100,0.001418,70,warm_start_dual,0.000496,4,0.001003,4,0.000493,19,0.000433,4,True,True,True,True,True
rand_n50_m100_d5_s42,C_small,TYPE_C,50,100,0.001395,64,warm_start,0.000211,0,0.000211,0,0.000213,0,0.000216,0,True,True,True,True,True
rand_n50_m100_d5_s42,R_all,TYPE_R,50,100,0.001372,70,warm_start_dual,0.001070,4,0.000455,4,0.000474,19,0.000414,4,True,True,True,True,True
rand_n50_m100_d5_s42,C_small,TYPE_C,50,100,0.003675,78,warm_start,0.000210,0,0.000211,0,0.000200,0,0.000191,0,True,True,True,True,True
rand_n50_m100_d5_s42,C_small,TYPE_C,50,100,0.001373,71,warm_start,0.000283,1,0.000400,1,0.000281,1,0.000274,1,True,True,True,True,True
rand_n50_m100_d5_s42,C_medium,TYPE_C,50,100,0.001284,63,warm_start,0.000320,5,0.000457,3,0.000308,5,0.000322,5,True,True,True,True,True
rand_n50_m100_d5_s42,C_medium,TYPE_C,50,100,0.001731,64,warm_start,0.000300,1,0.000449,2,0.000267,1,0.000263,1,True,True,True,True,True
rand_n50_m100_d5_s42,C_medium,TYPE_C,50,100,0.001413,75,warm_start,0.000316,5,0.000542,10,0.000305,5,0.000296,5,True,True,True,True,True
rand_n50_m100_d5_s42,C_large,TYPE_C,50,100,0.001458,69,warm_start,0.000359,11,0.000521,9,0.000340,11,0.000333,11,True,True,True,True,True
rand_n50_m100_d5_s42,C_large,TYPE_C,50,100,0.001330,62,warm_start,0.000366,10,0.000522,8,0.000349,10,0.000334,10,True,True,True,True,True
rand_n50_m100_d5_s42,C_large,TYPE_C,50,100,0.001541,86,warm_start,0.000359,11,0.000624,20,0.000346,11,0.000364,11,True,True,True,True,True
rand_n50_m100_d5_s123,R_small,TYPE_R,50,100,0.001513,75,warm_start_dual,0.000485,1,0.000484,1,0.000554,13,0.000464,1,True,True,True,True,True
rand_n50_m100_d5_s123,R_small,TYPE_R,50,100,0.001470,74,warm_start_dual,0.000528,4,0.000504,4,0.000488,12,0.000498,4,True,True,True,True,True
rand_n50_m100_d5_s123,R_small,TYPE_R,50,100,0.001679,94,warm_start_dual,0.000585,9,0.000557,9,0.000526,16,0.000536,9,True,True,True,True,True
rand_n50_m100_d5_s123,R_medium,TYPE_R,50,100,0.001535,83,warm_start_dual,0.000724,22,0.000770,22,0.001289,76,0.000707,22,True,True,True,True,True
rand_n50_m100_d5_s123,R_medium,TYPE_R,50,100,0.001754,92,warm_start_dual,0.000626,11,0.000558,11,0.000895,47,0.000567,11,True,True,True,True,True
rand_n50_m100_d5_s123,R_medium,TYPE_R,50,100,0.001865,95,warm_start_dual,0.001581,9,0.000570,9,0.000786,40,0.001747,9,True,True,True,True,True
rand_n50_m100_d5_s123,R_large,TYPE_R,50,100,0.000000,90,scratch,0.000000,90,0.000000,44,0.000000,79,0.000000,44,False,False,False,False,False
rand_n50_m100_d5_s123,R_large,TYPE_R,50,100,0.001973,104,warm_start_dual,0.000903,37,0.000917,37,0.001679,86,0.001011,37,True,True,True,True,True
rand_n50_m100_d5_s123,R_large,TYPE_R,50,100,0.002023,101,warm_start_dual,0.001076,43,0.000973,43,0.001166,59,0.000972,43,True,True,True,True,True
rand_n50_m100_d5_s123,R_single,TYPE_R,50,100,0.002387,66,warm_start_dual,0.000567,3,0.000519,3,0.000403,4,0.000503,3,True,True,True,True,True
rand_n50_m100_d5_s123,R_single,TYPE_R,50,100,0.001628,84,warm_start,0.000257,0,0.000267,0,0.000255,0,0.000262,0,True,True,True,True,True
rand_n50_m100_d5_s123,R_single,TYPE_R,50,100,0.001579,84,warm_start,0.000276,0,0.000260,0,0.000248,0,0.000247,0,True,True,True,True,True
rand_n50_m100_d5_s123,R_all,TYPE_R,50,100,0.001485,79,warm_start_dual,0.000505,4,0.000529,4,0.000486,12,0.000503,4,True,True,True,True,True
rand_n50_m100_d5_s123,C_small,TYPE_C,50,100,0.001449,80,warm_start,0.000269,0,0.000258,0,0.000251,0,0.000268,0,True,True,True,True,True
rand_n50_m100_d5_s123,R_all,TYPE_R,50,100,0.001573,79,warm_start_dual,0.000509,4,0.000493,4,0.000504,12,0.000536,4,True,True,True,True,True
rand_n50_m100_d5_s123,R_all,TYPE_R,50,100,0.001505,79,warm_start_dual,0.000527,4,0.000551,4,0.000508,12,0.001041,4,True,True,True,True,True
rand_n50_m100_d5_s123,C_small,TYPE_C,50,100,0.001514,79,warm_start,0.000265,0,0.000262,0,0.000261,0,0.000255,0,True,True,True,True,True
rand_n50_m100_d5_s123,C_small,TYPE_C,50,100,0.001630,75,warm_start,0.000291,0,0.000259,0,0.000251,0,0.000253,0,True,True,True,True,True
rand_n50_m100_d5_s123,C_medium,TYPE_C,50,100,0.001685,92,warm_start,0.000365,3,0.000640,12,0.000372,3,0.000345,3,True,True,True,True,True
rand_n50_m100_d5_s123,C_medium,TYPE_C,50,100,0.003934,83,warm_start,0.000381,4,0.000571,5,0.000352,4,0.000357,4,True,True,True,True,True
rand_n50_m100_d5_s123,C_large,TYPE_C,50,100,0.001692,89,warm_start,0.000404,8,0.000770,23,0.000385,8,0.000376,8,True,True,True,True,True
rand_n50_m100_d5_s123,C_medium,TYPE_C,50,100,0.001485,77,warm_start,0.001149,3,0.000639,10,0.000855,3,0.000375,3,True,True,True,True,True
rand_n50_m100_d5_s456,R_small,TYPE_R,50,100,0.001450,80,warm_start_dual,0.000400,2,0.000389,2,0.000403,9,0.000462,2,True,True,True,True,True
rand_n50_m100_d5_s123,C_large,TYPE_C,50,100,0.001517,75,warm_start,0.001103,9,0.000797,24,0.000396,9,0.000390,9,True,True,True,True,True
rand_n50_m100_d5_s456,R_small,TYPE_R,50,100,0.001401,67,warm_start_dual,0.000389,1,0.000401,1,0.000356,5,0.000382,1,True,True,True,True,True
rand_n50_m100_d5_s123,C_large,TYPE_C,50,100,0.001572,86,warm_start,0.000467,16,0.000868,29,0.000470,16,0.000448,16,True,True,True,True,True
rand_n50_m100_d5_s456,R_small,TYPE_R,50,100,0.001289,64,warm_start_dual,0.000441,5,0.000481,5,0.000473,13,0.000428,5,True,True,True,True,True
rand_n50_m100_d5_s456,R_large,TYPE_R,50,100,0.000000,92,scratch,0.000000,92,0.000000,45,0.000000,77,0.000000,45,False,False,False,False,False
rand_n50_m100_d5_s456,R_medium,TYPE_R,50,100,0.001608,79,warm_start_dual,0.000481,8,0.000486,8,0.000882,53,0.000471,8,True,True,True,True,True
rand_n50_m100_d5_s456,R_medium,TYPE_R,50,100,0.001477,75,warm_start_dual,0.000498,11,0.000479,11,0.000668,33,0.000488,11,True,True,True,True,True
rand_n50_m100_d5_s456,R_medium,TYPE_R,50,100,0.001394,72,warm_start_dual,0.001261,16,0.001290,16,0.000850,50,0.000560,16,True,True,True,True,True
rand_n50_m100_d5_s456,R_large,TYPE_R,50,100,0.001493,85,warm_start_dual,0.000676,29,0.000668,29,0.001432,87,0.000663,29,True,True,True,True,True
rand_n50_m100_d5_s456,R_large,TYPE_R,50,100,0.001275,63,warm_start_dual,0.000622,24,0.001716,24,0.002197,133,0.000634,24,True,True,True,True,True
rand_n50_m100_d5_s456,R_single,TYPE_R,50,100,0.001369,71,warm_start,0.000202,0,0.000191,0,0.000212,0,0.000197,0,True,True,True,True,True
rand_n50_m100_d5_s456,R_single,TYPE_R,50,100,0.001366,71,warm_start,0.000224,0,0.000196,0,0.000203,0,0.000208,0,True,True,True,True,True
rand_n50_m100_d5_s456,R_single,TYPE_R,50,100,0.001418,78,warm_start_dual,0.000480,9,0.000512,9,0.000500,19,0.000461,9,True,True,True,True,True
rand_n50_m100_d5_s456,R_all,TYPE_R,50,100,0.001387,74,warm_start_dual,0.000436,4,0.000420,4,0.000588,26,0.000436,4,True,True,True,True,True
rand_n50_m100_d5_s456,R_all,TYPE_R,50,100,0.001477,74,warm_start_dual,0.000436,4,0.000429,4,0.000581,26,0.000495,4,True,True,True,True,True
rand_n50_m100_d5_s456,R_all,TYPE_R,50,100,0.001368,74,warm_start_dual,0.000410,4,0.001002,4,0.000598,26,0.000415,4,True,True,True,True,True
rand_n50_m100_d5_s456,C_small,TYPE_C,50,100,0.005641,82,warm_start,0.000305,1,0.000455,3,0.000283,1,0.000285,1,True,True,True,True,True
rand_n50_m100_d5_s456,C_small,TYPE_C,50,100,0.001459,81,warm_start,0.000275,1,0.000469,4,0.000262,1,0.000261,1,True,True,True,True,True
rand_n50_m100_d5_s456,C_small,TYPE_C,50,100,0.001293,61,warm_start,0.000316,3,0.000481,3,0.000283,3,0.000275,3,True,True,True,True,True
rand_n50_m100_d5_s456,C_medium,TYPE_C,50,100,0.001376,70,warm_start,0.000327,5,0.000574,14,0.000362,5,0.000303,5,True,True,True,True,True
rand_n50_m100_d5_s456,C_medium,TYPE_C,50,100,0.001463,73,warm_start,0.000389,10,0.000609,16,0.000344,10,0.000407,10,True,True,True,True,True
rand_n50_m100_d5_s456,C_medium,TYPE_C,50,100,0.001350,70,warm_start,0.000297,3,0.000578,8,0.000289,3,0.000309,3,True,True,True,True,True
rand_n50_m100_d5_s456,C_large,TYPE_C,50,100,0.001471,90,warm_start,0.000367,12,0.000676,21,0.000363,12,0.000354,12,True,True,True,True,True
rand_n50_m100_d5_s456,C_large,TYPE_C,50,100,0.001566,74,warm_start,0.000360,11,0.000675,21,0.000351,11,0.000341,11,True,True,True,True,True
rand_n50_m100_d5_s456,C_large,TYPE_C,50,100,0.001421,76,warm_start,0.000378,10,0.000721,26,0.000364,10,0.000351,10,True,True,True,True,True
rand_n50_m100_d5_s789,R_small,TYPE_R,50,100,0.001803,81,warm_start_dual,0.000490,8,0.000468,8,0.000489,17,0.000559,8,True,True,True,True,True
rand_n50_m100_d5_s789,R_small,TYPE_R,50,100,0.001655,77,warm_start_dual,0.000486,8,0.000469,8,0.000623,27,0.000490,8,True,True,True,True,True
rand_n50_m100_d5_s789,R_large,TYPE_R,50,100,0.000000,101,scratch,0.000000,101,0.000000,39,0.000000,87,0.000000,39,False,False,False,False,False
rand_n50_m100_d5_s789,R_small,TYPE_R,50,100,0.001545,85,warm_start_dual,0.000560,5,0.000519,5,0.000468,13,0.000519,5,True,True,True,True,True
rand_n50_m100_d5_s789,R_medium,TYPE_R,50,100,0.001439,75,warm_start_dual,0.000680,26,0.000656,26,0.001255,79,0.000738,26,True,True,True,True,True
rand_n50_m100_d5_s789,R_medium,TYPE_R,50,100,0.001735,94,warm_start_dual,0.000626,22,0.000629,22,0.000759,38,0.000683,22,True,True,True,True,True
rand_n50_m100_d5_s789,R_medium,TYPE_R,50,100,0.003583,79,warm_start_dual,0.000580,18,0.000579,18,0.001216,54,0.000593,18,True,True,True,True,True
rand_n50_m100_d5_s789,R_large,TYPE_R,50,100,0.002111,100,warm_start_dual,0.001230,52,0.001218,52,0.001805,96,0.001215,52,True,True,True,True,True
rand_n50_m100_d5_s789,R_large,TYPE_R,50,100,0.001552,79,warm_start_dual,0.000952,41,0.000847,41,0.001782,103,0.000866,41,True,True,True,True,True
rand_n50_m100_d5_s789,R_single,TYPE_R,50,100,0.001476,81,warm_start_dual,0.000548,15,0.000542,15,0.000882,53,0.000567,15,True,True,True,True,True
rand_n50_m100_d5_s789,R_single,TYPE_R,50,100,0.001535,77,warm_start_dual,0.000518,7,0.000463,7,0.000346,4,0.000481,7,True,True,True,True,True
rand_n50_m100_d5_s789,R_all,TYPE_R,50,100,0.001477,82,warm_start_dual,0.001021,2,0.000442,2,0.000390,7,0.000411,2,True,True,True,True,True
rand_n50_m100_d5_s789,R_single,TYPE_R,50,100,0.001851,82,warm_start_dual,0.000483,8,0.000491,8,0.000518,18,0.000486,8,True,True,True,True,True
rand_n50_m100_d5_s789,R_all,TYPE_R,50,100,0.001647,82,warm_start_dual,0.000434,2,0.000557,2,0.000430,7,0.000453,2,True,True,True,True,True
rand_n50_m100_d5_s789,R_all,TYPE_R,50,100,0.001639,82,warm_start_dual,0.000426,2,0.000449,2,0.000591,7,0.000520,2,True,True,True,True,True
rand_n50_m100_d5_s789,C_small,TYPE_C,50,100,0.001741,76,warm_start,0.000311,1,0.000494,3,0.000293,1,0.000876,1,True,True,True,True,True
rand_n50_m100_d5_s789,C_small,TYPE_C,50,100,0.001576,81,warm_start,0.000308,1,0.000474,3,0.000288,1,0.000303,1,True,True,True,True,True
rand_n50_m100_d5_s789,C_small,TYPE_C,50,100,0.001456,81,warm_start,0.000310,3,0.000494,5,0.000292,3,0.000288,3,True,True,True,True,True
rand_n50_m100_d5_s789,C_medium,TYPE_C,50,100,0.001497,81,warm_start,0.000330,2,0.000489,3,0.000306,2,0.000297,2,True,True,True,True,True
rand_n50_m100_d5_s789,C_medium,TYPE_C,50,100,0.001517,79,warm_start,0.000326,5,0.000555,3,0.000336,5,0.000313,5,True,True,True,True,True
rand_n50_m100_d5_s789,C_large,TYPE_C,50,100,0.001712,92,warm_start,0.000386,8,0.000630,16,0.000353,8,0.000408,8,True,True,True,True,True
rand_n50_m100_d5_s789,C_medium,TYPE_C,50,100,0.001440,78,warm_start,0.000331,5,0.000713,24,0.000319,5,0.000337,5,True,True,True,True,True
rand_n50_m100_d5_s789,C_large,TYPE_C,50,100,0.003839,78,warm_start,0.000998,16,0.000876,28,0.000413,16,0.000403,16,True,True,True,True,True
rand_n50_m100_d5_s789,C_large,TYPE_C,50,100,0.001414,70,warm_start,0.000377,10,0.000729,28,0.000364,10,0.000360,10,True,True,True,True,True
rand_n50_m100_d5_s1024,R_small,TYPE_R,50,100,0.001542,80,warm_start_dual,0.000509,7,0.001018,7,0.000571,14,0.000510,7,True,True,True,True,True
rand_n50_m100_d5_s1024,R_small,TYPE_R,50,100,0.001556,87,warm_start_dual,0.000453,1,0.000433,1,0.000344,1,0.000495,1,True,True,True,True,True
rand_n50_m100_d5_s1024,R_large,TYPE_R,50,100,0.000000,82,scratch,0.000000,82,0.000000,35,0.000000,75,0.000000,35,False,False,False,False,False
rand_n50_m100_d5_s1024,R_small,TYPE_R,50,100,0.001570,90,warm_start_dual,0.000449,1,0.000450,1,0.000399,5,0.000463,1,True,True,True,True,True
rand_n50_m100_d5_s1024,R_medium,TYPE_R,50,100,0.001523,79,warm_start_dual,0.000629,19,0.000618,19,0.001292,78,0.000616,19,True,True,True,True,True
rand_n50_m100_d5_s1024,R_medium,TYPE_R,50,100,0.001469,81,warm_start_dual,0.000566,11,0.000543,11,0.000743,34,0.000535,11,True,True,True,True,True
rand_n50_m100_d5_s1024,R_medium,TYPE_R,50,100,0.001459,82,warm_start_dual,0.000592,15,0.000601,15,0.001348,84,0.000604,15,True,True,True,True,True
rand_n50_m100_d5_s1024,R_large,TYPE_R,50,100,0.001415,78,warm_start_dual,0.000588,15,0.000633,15,0.001307,69,0.000602,15,True,True,True,True,True
rand_n50_m100_d5_s1024,R_large,TYPE_R,50,100,0.001459,80,warm_start_dual,0.000935,40,0.000916,40,0.001829,108,0.000971,40,True,True,True,True,True
rand_n50_m100_d5_s1024,R_single,TYPE_R,50,100,0.001405,74,warm_start,0.000244,0,0.000230,0,0.000223,0,0.000244,0,True,True,True,True,True
rand_n50_m100_d5_s1024,R_single,TYPE_R,50,100,0.005414,74,warm_start,0.000239,0,0.000233,0,0.000243,0,0.000241,0,True,True,True,True,True
rand_n50_m100_d5_s1024,R_single,TYPE_R,50,100,0.001458,72,warm_start_dual,0.000471,3,0.000488,3,0.000434,7,0.000454,3,True,True,True,True,True
rand_n50_m100_d5_s1024,R_all,TYPE_R,50,100,0.001520,78,warm_start_dual,0.000451,2,0.000459,2,0.000380,3,0.001024,2,True,True,True,True,True
rand_n50_m100_d5_s1024,R_all,TYPE_R,50,100,0.001629,78,warm_start_dual,0.000473,2,0.000459,2,0.000424,3,0.000493,2,True,True,True,True,True
rand_n50_m100_d5_s1024,C_small,TYPE_C,50,100,0.001564,84,warm_start,0.000335,1,0.000515,2,0.000317,1,0.000307,1,True,True,True,True,True
rand_n50_m100_d5_s1024,R_all,TYPE_R,50,100,0.001510,78,warm_start_dual,0.000882,2,0.000556,2,0.000407,3,0.000499,2,True,True,True,True,True
rand_n50_m100_d5_s1024,C_small,TYPE_C,50,100,0.001677,95,warm_start,0.000316,1,0.000515,4,0.000337,1,0.000322,1,True,True,True,True,True
rand_n50_m100_d5_s1024,C_small,TYPE_C,50,100,0.001554,87,warm_start,0.000310,2,0.000576,8,0.000312,2,0.000364,2,True,True,True,True,True
rand_n50_m100_d5_s1024,C_medium,TYPE_C,50,100,0.001511,85,warm_start,0.000370,6,0.000558,8,0.000352,6,0.000343,6,True,True,True,True,True
rand_n50_m100_d5_s1024,C_medium,TYPE_C,50,100,0.001681,87,warm_start,0.000334,2,0.000619,7,0.000330,2,0.000330,2,True,True,True,True,True
rand_n50_m100_d5_s1024,C_medium,TYPE_C,50,100,0.001482,77,warm_start,0.000343,4,0.000598,9,0.000343,4,0.000525,4,True,True,True,True,True
rand_n50_m100_d5_s1024,C_large,TYPE_C,50,100,0.001562,84,warm_start,0.000333,4,0.000710,23,0.000324,4,0.000340,4,True,True,True,True,True
rand_n50_m100_d5_s1024,C_large,TYPE_C,50,100,0.001507,82,warm_start,0.000428,14,0.000856,34,0.000466,14,0.000446,14,True,True,True,True,True
rand_n50_m100_d5_s1024,C_large,TYPE_C,50,100,0.003900,92,warm_start,0.000386,8,0.000759,22,0.000374,8,0.000355,8,True,True,True,True,True
rand_n50_m100_d8_s42,R_small,TYPE_R,50,100,0.002019,93,warm_start_dual,0.000550,5,0.000566,5,0.000506,11,0.000547,5,True,True,True,True,True
rand_n50_m100_d8_s42,R_large,TYPE_R,50,100,0.000000,100,scratch,0.000000,100,0.000000,37,0.000000,104,0.000000,37,False,False,False,False,False
rand_n50_m100_d8_s42,R_small,TYPE_R,50,100,0.001911,78,warm_start_dual,0.000553,3,0.000549,3,0.000747,18,0.000542,3,True,True,True,True,True
rand_n50_m100_d8_s42,R_medium,TYPE_R,50,100,0.001883,75,warm_start_dual,0.000746,16,0.000692,16,0.000978,47,0.000736,16,True,True,True,True,True
rand_n50_m100_d8_s42,R_small,TYPE_R,50,100,0.001927,83,warm_start_dual,0.000550,4,0.000608,4,0.000547,11,0.000570,4,True,True,True,True,True
rand_n50_m100_d8_s42,R_medium,TYPE_R,50,100,0.001942,88,warm_start_dual,0.000718,18,0.000699,18,0.000905,41,0.000718,18,True,True,True,True,True
rand_n50_m100_d8_s42,R_medium,TYPE_R,50,100,0.002009,86,warm_start_dual,0.000661,14,0.000640,14,0.000960,46,0.000668,14,True,True,True,True,True
rand_n50_m100_d8_s42,R_large,TYPE_R,50,100,0.001954,85,warm_start_dual,0.000859,29,0.002115,29,0.001375,70,0.000856,29,True,True,True,True,True
rand_n50_m100_d8_s42,R_large,TYPE_R,50,100,0.001867,82,warm_start_dual,0.000964,35,0.000937,35,0.002400,125,0.001094,35,True,True,True,True,True
rand_n50_m100_d8_s42,R_single,TYPE_R,50,100,0.002029,85,warm_start,0.000289,0,0.000315,0,0.000307,0,0.000257,0,True,True,True,True,True
rand_n50_m100_d8_s42,R_single,TYPE_R,50,100,0.002067,93,warm_start_dual,0.000531,3,0.000543,3,0.000634,19,0.000535,3,True,True,True,True,True
rand_n50_m100_d8_s42,R_all,TYPE_R,50,100,0.001818,78,warm_start_dual,0.000548,5,0.000535,5,0.000543,13,0.000547,5,True,True,True,True,True
rand_n50_m100_d8_s42,R_single,TYPE_R,50,100,0.001844,79,warm_start_dual,0.000568,6,0.000576,6,0.000795,17,0.000576,6,True,True,True,True,True
rand_n50_m100_d8_s42,R_all,TYPE_R,50,100,0.003774,78,warm_start_dual,0.000561,5,0.000575,5,0.000543,13,0.000616,5,True,True,True,True,True
rand_n50_m100_d8_s42,R_all,TYPE_R,50,100,0.001874,78,warm_start_dual,0.000584,5,0.000550,5,0.002454,13,0.000562,5,True,True,True,True,True
rand_n50_m100_d8_s42,C_small,TYPE_C,50,100,0.001950,81,warm_start,0.000293,0,0.000283,0,0.000279,0,0.000276,0,True,True,True,True,True
rand_n50_m100_d8_s42,C_small,TYPE_C,50,100,0.001905,82,warm_start,0.000294,0,0.000275,0,0.000289,0,0.000275,0,True,True,True,True,True
rand_n50_m100_d8_s42,C_small,TYPE_C,50,100,0.003882,107,warm_start,0.000283,0,0.000272,0,0.000290,0,0.000293,0,True,True,True,True,True
rand_n50_m100_d8_s42,C_medium,TYPE_C,50,100,0.001907,79,warm_start,0.000387,4,0.000675,11,0.000385,4,0.000453,4,True,True,True,True,True
rand_n50_m100_d8_s42,C_medium,TYPE_C,50,100,0.002072,80,warm_start,0.000454,10,0.000736,11,0.001460,10,0.000472,10,True,True,True,True,True
rand_n50_m100_d8_s42,C_large,TYPE_C,50,100,0.002061,93,warm_start,0.000463,13,0.000851,21,0.000478,13,0.000468,13,True,True,True,True,True
rand_n50_m100_d8_s42,C_medium,TYPE_C,50,100,0.001933,78,warm_start,0.000475,5,0.000756,6,0.000408,5,0.000463,5,True,True,True,True,True
rand_n50_m100_d8_s42,C_large,TYPE_C,50,100,0.002064,86,warm_start,0.000495,15,0.000826,22,0.001954,15,0.000485,15,True,True,True,True,True
rand_n50_m100_d8_s123,R_small,TYPE_R,50,100,0.001991,87,warm_start_dual,0.001315,4,0.000563,4,0.000490,8,0.000533,4,True,True,True,True,True
rand_n50_m100_d8_s42,C_large,TYPE_C,50,100,0.004007,92,warm_start,0.000568,16,0.000718,14,0.000569,16,0.000521,16,True,True,True,True,True
rand_n50_m100_d8_s123,R_small,TYPE_R,50,100,0.002054,86,warm_start_dual,0.000533,2,0.000529,2,0.000536,12,0.000519,2,True,True,True,True,True
rand_n50_m100_d8_s123,R_small,TYPE_R,50,100,0.002127,92,warm_start_dual,0.000543,2,0.000518,2,0.000591,15,0.001227,2,True,True,True,True,True
rand_n50_m100_d8_s123,R_medium,TYPE_R,50,100,0.002032,88,warm_start_dual,0.000646,11,0.000737,11,0.000921,42,0.000614,11,True,True,True,True,True
rand_n50_m100_d8_s123,R_large,TYPE_R,50,100,0.000000,73,scratch,0.000000,73,0.000000,29,0.000000,52,0.000000,29,False,False,False,False,False
rand_n50_m100_d8_s123,R_medium,TYPE_R,50,100,0.001981,90,warm_start_dual,0.000770,21,0.000764,21,0.000957,41,0.000732,21,True,True,True,True,True
rand_n50_m100_d8_s123,R_large,TYPE_R,50,100,0.002411,102,warm_start_dual,0.000817,25,0.000808,25,0.002069,87,0.000830,25,True,True,True,True,True
rand_n50_m100_d8_s123,R_medium,TYPE_R,50,100,0.002078,89,warm_start_dual,0.000695,14,0.000725,14,0.001712,74,0.000665,14,True,True,True,True,True
rand_n50_m100_d8_s123,R_large,TYPE_R,50,100,0.001902,76,warm_start_dual,0.000889,31,0.000886,31,0.001777,88,0.000996,31,True,True,True,True,True
rand_n50_m100_d8_s123,R_single,TYPE_R,50,100,0.002070,93,warm_start_dual,0.000595,4,0.000570,4,0.000597,14,0.000552,4,True,True,True,True,True
rand_n50_m100_d8_s123,R_single,TYPE_R,50,100,0.001909,80,warm_start_dual,0.000555,2,0.000542,2,0.000491,7,0.000513,2,True,True,True,True,True
rand_n50_m100_d8_s123,R_single,TYPE_R,50,100,0.001863,79,warm_start,0.000278,0,0.000312,0,0.000264,0,0.000259,0,True,True,True,True,True
rand_n50_m100_d8_s123,R_all,TYPE_R,50,100,0.001969,86,warm_start_dual,0.000554,2,0.000587,2,0.000551,12,0.000516,2,True,True,True,True,True
rand_n50_m100_d8_s123,R_all,TYPE_R,50,100,0.001954,86,warm_start_dual,0.000526,2,0.000509,2,0.000543,12,0.000529,2,True,True,True,True,True
rand_n50_m100_d8_s123,C_small,TYPE_C,50,100,0.001932,83,warm_start,0.000384,3,0.000692,4,0.000372,3,0.000360,3,True,True,True,True,True
rand_n50_m100_d8_s123,R_all,TYPE_R,50,100,0.001997,86,warm_start_dual,0.000572,2,0.000522,2,0.000606,12,0.000533,2,True,True,True,True,True
rand_n50_m100_d8_s123,C_small,TYPE_C,50,100,0.001945,83,warm_start,0.000378,2,0.000663,6,0.000374,2,0.000378,2,True,True,True,True,True
rand_n50_m100_d8_s123,C_small,TYPE_C,50,100,0.001951,75,warm_start,0.000697,0,0.000290,0,0.000280,0,0.000293,0,True,True,True,True,True
rand_n50_m100_d8_s123,C_medium,TYPE_C,50,100,0.001995,88,warm_start,0.000458,7,0.000697,8,0.000461,7,0.000494,7,True,True,True,True,True
rand_n50_m100_d8_s123,C_medium,TYPE_C,50,100,0.001903,85,warm_start,0.000440,7,0.000596,4,0.000400,7,0.000396,7,True,True,True,True,True
rand_n50_m100_d8_s123,C_medium,TYPE_C,50,100,0.003734,72,warm_start,0.000392,3,0.000739,13,0.000377,3,0.000918,3,True,True,True,True,True
rand_n50_m100_d8_s123,C_large,TYPE_C,50,100,0.001992,75,warm_start,0.000469,11,0.000796,19,0.000452,11,0.000436,11,True,True,True,True,True
rand_n50_m100_d8_s456,R_small,TYPE_R,50,100,0.001990,84,warm_start_dual,0.000618,6,0.000576,6,0.000658,23,0.000583,6,True,True,True,True,True
rand_n50_m100_d8_s123,C_large,TYPE_C,50,100,0.001897,81,warm_start,0.000438,7,0.000807,19,0.000452,7,0.000456,7,True,True,True,True,True
rand_n50_m100_d8_s123,C_large,TYPE_C,50,100,0.001835,77,warm_start,0.000508,15,0.000895,26,0.000504,15,0.000515,15,True,True,True,True,True
rand_n50_m100_d8_s456,R_small,TYPE_R,50,100,0.001946,85,warm_start_dual,0.000574,5,0.000650,5,0.000584,16,0.000817,5,True,True,True,True,True
rand_n50_m100_d8_s456,R_small,TYPE_R,50,100,0.002840,96,warm_start_dual,0.000557,2,0.000535,2,0.000611,18,0.000579,2,True,True,True,True,True
rand_n50_m100_d8_s456,R_medium,TYPE_R,50,100,0.002339,102,warm_start_dual,0.000780,22,0.001931,22,0.001274,68,0.000880,22,True,True,True,True,True
rand_n50_m100_d8_s456,R_medium,TYPE_R,50,100,0.003137,80,warm_start_dual,0.000694,14,0.000679,14,0.000995,48,0.000693,14,True,True,True,True,True
rand_n50_m100_d8_s456,R_medium,TYPE_R,50,100,0.002162,86,warm_start_dual,0.000754,20,0.000769,20,0.001186,58,0.000755,20,True,True,True,True,True
rand_n50_m100_d8_s456,R_large,TYPE_R,50,100,0.002298,77,warm_start_dual,0.001282,51,0.001492,51,0.002433,95,0.001252,51,True,True,True,True,True
rand_n50_m100_d8_s456,R_large,TYPE_R,50,100,0.002188,101,warm_start_dual,0.000965,32,0.000928,32,0.001738,87,0.000914,32,True,True,True,True,True
rand_n50_m100_d8_s456,R_large,TYPE_R,50,100,0.001971,90,warm_start_dual,0.001116,45,0.001146,45,0.002488,126,0.001114,45,True,True,True,True,True
rand_n50_m100_d8_s456,R_single,TYPE_R,50,100,0.001910,78,warm_start_dual,0.000581,5,0.000645,5,0.000914,41,0.000576,5,True,True,True,True,True
rand_n50_m100_d8_s456,R_single,TYPE_R,50,100,0.002233,83,warm_start,0.000314,0,0.000328,0,0.000281,0,0.000293,0,True,True,True,True,True
rand_n50_m100_d8_s456,R_all,TYPE_R,50,100,0.002087,95,warm_start_dual,0.000566,1,0.000526,1,0.000465,3,0.000541,1,True,True,True,True,True
rand_n50_m100_d8_s456,R_single,TYPE_R,50,100,0.001911,81,warm_start,0.000294,0,0.000713,0,0.000315,0,0.000303,0,True,True,True,True,True
rand_n50_m100_d8_s456,R_all,TYPE_R,50,100,0.002183,95,warm_start_dual,0.000525,1,0.000623,1,0.000532,3,0.000585,1,True,True,True,True,True
rand_n50_m100_d8_s456,R_all,TYPE_R,50,100,0.002082,95,warm_start_dual,0.000542,1,0.000531,1,0.000485,3,0.000799,1,True,True,True,True,True
rand_n50_m100_d8_s456,C_small,TYPE_C,50,100,0.002100,91,warm_start,0.000398,1,0.000604,2,0.000372,1,0.000366,1,True,True,True,True,True
rand_n50_m100_d8_s456,C_small,TYPE_C,50,100,0.001913,80,warm_start,0.000386,1,0.000627,4,0.000356,1,0.000375,1,True,True,True,True,True
rand_n50_m100_d8_s456,C_medium,TYPE_C,50,100,0.001989,83,warm_start,0.000565,11,0.000912,24,0.000505,11,0.000480,11,True,True,True,True,True
rand_n50_m100_d8_s456,C_small,TYPE_C,50,100,0.002146,86,warm_start,0.000425,3,0.000788,9,0.000464,3,0.000409,3,True,True,True,True,True
rand_n50_m100_d8_s456,C_large,TYPE_C,50,100,0.003937,80,warm_start,0.000618,24,0.001042,33,0.000605,24,0.000591,24,True,True,True,True,True
rand_n50_m100_d8_s456,C_medium,TYPE_C,50,100,0.001790,73,warm_start,0.000453,7,0.000827,20,0.000442,7,0.000434,7,True,True,True,True,True
rand_n50_m100_d8_s456,C_medium,TYPE_C,50,100,0.002220,96,warm_start,0.000432,5,0.000762,12,0.000464,5,0.000604,5,True,True,True,True,True
rand_n50_m100_d8_s456,C_large,TYPE_C,50,100,0.001956,80,warm_start,0.000533,8,0.000903,23,0.000451,8,0.000455,8,True,True,True,True,True
rand_n50_m100_d8_s456,C_large,TYPE_C,50,100,0.001922,85,warm_start,0.000517,12,0.000857,21,0.000489,12,0.000504,12,True,True,True,True,True
rand_n50_m100_d8_s789,R_small,TYPE_R,50,100,0.001901,80,warm_start_dual,0.000695,5,0.000628,5,0.000675,13,0.000625,5,True,True,True,True,True
rand_n50_m100_d8_s789,R_small,TYPE_R,50,100,0.002360,100,warm_start_dual,0.000606,4,0.000602,4,0.000650,14,0.000611,4,True,True,True,True,True
rand_n50_m100_d8_s789,R_large,TYPE_R,50,100,0.000000,103,scratch,0.000000,103,0.000000,47,0.000000,88,0.000000,47,False,False,False,False,False
rand_n50_m100_d8_s789,R_small,TYPE_R,50,100,0.002182,95,warm_start_dual,0.001541,6,0.000634,6,0.000556,9,0.000617,6,True,True,True,True,True
rand_n50_m100_d8_s789,R_medium,TYPE_R,50,100,0.002406,101,warm_start_dual,0.000805,18,0.000784,18,0.001276,66,0.000764,18,True,True,True,True,True
rand_n50_m100_d8_s789,R_medium,TYPE_R,50,100,0.002057,93,warm_start_dual,0.000766,16,0.000752,16,0.001367,66,0.000734,16,True,True,True,True,True
rand_n50_m100_d8_s789,R_large,TYPE_R,50,100,0.002423,109,warm_start_dual,0.001233,47,0.001233,47,0.001867,91,0.001248,47,True,True,True,True,True
rand_n50_m100_d8_s789,R_medium,TYPE_R,50,100,0.002137,99,warm_start_dual,0.000725,13,0.002571,13,0.001050,47,0.000804,13,True,True,True,True,True
rand_n50_m100_d8_s789,R_large,TYPE_R,50,100,0.002284,95,warm_start_dual,0.001143,42,0.001157,42,0.001742,87,0.001116,42,True,True,True,True,True
rand_n50_m100_d8_s789,R_single,TYPE_R,50,100,0.001955,84,warm_start_dual,0.000675,10,0.000661,10,0.000811,36,0.000704,10,True,True,True,True,True
rand_n50_m100_d8_s789,R_single,TYPE_R,50,100,0.002083,85,warm_start,0.000328,0,0.000337,0,0.000336,0,0.000329,0,True,True,True,True,True
rand_n50_m100_d8_s789,R_single,TYPE_R,50,100,0.001946,85,warm_start_dual,0.000587,3,0.000571,3,0.000903,15,0.000600,3,True,True,True,True,True
rand_n50_m100_d8_s789,R_all,TYPE_R,50,100,0.002048,87,warm_start_dual,0.000579,1,0.000648,1,0.000513,4,0.000582,1,True,True,True,True,True
rand_n50_m100_d8_s789,R_all,TYPE_R,50,100,0.001982,87,warm_start_dual,0.000583,1,0.000564,1,0.000484,4,0.000560,1,True,True,True,True,True
rand_n50_m100_d8_s789,R_all,TYPE_R,50,100,0.001963,87,warm_start_dual,0.000577,1,0.001330,1,0.000500,4,0.000574,1,True,True,True,True,True
rand_n50_m100_d8_s789,C_small,TYPE_C,50,100,0.002128,90,warm_start,0.000430,4,0.000677,5,0.000414,4,0.000450,4,True,True,True,True,True
rand_n50_m100_d8_s789,C_small,TYPE_C,50,100,0.002080,93,warm_start,0.000416,3,0.000657,5,0.000439,3,0.000432,3,True,True,True,True,True
rand_n50_m100_d8_s789,C_small,TYPE_C,50,100,0.002108,93,warm_start,0.000323,0,0.000335,0,0.000324,0,0.000311,0,True,True,True,True,True
rand_n50_m100_d8_s789,C_medium,TYPE_C,50,100,0.002093,96,warm_start,0.000473,7,0.001655,11,0.000483,7,0.000472,7,True,True,True,True,True
rand_n50_m100_d8_s789,C_medium,TYPE_C,50,100,0.002487,113,warm_start,0.000475,6,0.000778,12,0.000446,6,0.000434,6,True,True,True,True,True
rand_n50_m100_d8_s789,C_medium,TYPE_C,50,100,0.002192,94,warm_start,0.000335,0,0.000319,0,0.000340,0,0.000327,0,True,True,True,True,True
rand_n50_m100_d8_s789,C_large,TYPE_C,50,100,0.002084,93,warm_start,0.000497,10,0.000850,18,0.000498,10,0.000490,10,True,True,True,True,True
rand_n50_m100_d8_s789,C_large,TYPE_C,50,100,0.002088,93,warm_start,0.000511,14,0.000948,27,0.000576,14,0.000520,14,True,True,True,True,True
rand_n50_m100_d8_s1024,R_small,TYPE_R,50,100,0.001893,88,warm_start_dual,0.000476,2,0.000466,2,0.000421,4,0.000484,2,True,True,True,True,True
rand_n50_m100_d8_s789,C_large,TYPE_C,50,100,0.002014,87,warm_start,0.000446,5,0.000711,8,0.000512,5,0.000457,5,True,True,True,True,True
rand_n50_m100_d8_s1024,R_small,TYPE_R,50,100,0.002433,88,warm_start_dual,0.000628,8,0.001565,8,0.000745,30,0.000573,8,True,True,True,True,True
rand_n50_m100_d8_s1024,R_small,TYPE_R,50,100,0.001984,91,warm_start_dual,0.000504,3,0.000486,3,0.000571,15,0.000617,3,True,True,True,True,True
rand_n50_m100_d8_s1024,R_medium,TYPE_R,50,100,0.001945,93,warm_start_dual,0.000803,25,0.000756,25,0.001491,85,0.000765,25,True,True,True,True,True
rand_n50_m100_d8_s1024,R_medium,TYPE_R,50,100,0.001736,70,warm_start_dual,0.000568,8,0.000585,8,0.000826,32,0.000581,8,True,True,True,True,True
rand_n50_m100_d8_s1024,R_medium,TYPE_R,50,100,0.001796,82,warm_start_dual,0.000594,10,0.000571,10,0.001177,61,0.000551,10,True,True,True,True,True
rand_n50_m100_d8_s1024,R_large,TYPE_R,50,100,0.002251,102,warm_start_dual,0.001216,55,0.001203,55,0.002500,122,0.001226,55,True,True,True,True,True
rand_n50_m100_d8_s1024,R_large,TYPE_R,50,100,0.001766,75,warm_start_dual,0.000752,20,0.000697,20,0.002155,109,0.000688,20,True,True,True,True,True
rand_n50_m100_d8_s1024,R_single,TYPE_R,50,100,0.002267,101,warm_start,0.000253,0,0.000244,0,0.000238,0,0.000248,0,True,True,True,True,True
rand_n50_m100_d8_s1024,R_large,TYPE_R,50,100,0.001910,80,warm_start_dual,0.002650,23,0.000736,23,0.002013,103,0.000751,23,True,True,True,True,True
rand_n50_m100_d8_s1024,R_single,TYPE_R,50,100,0.002101,98,warm_start_dual,0.000533,6,0.000525,6,0.000577,16,0.000526,6,True,True,True,True,True
rand_n50_m100_d8_s1024,R_single,TYPE_R,50,100,0.001933,93,warm_start,0.000259,0,0.000260,0,0.000245,0,0.000261,0,True,True,True,True,True
rand_n50_m100_d8_s1024,R_all,TYPE_R,50,100,0.001777,73,warm_start_dual,0.000504,3,0.000492,3,0.000494,11,0.001266,3,True,True,True,True,True
rand_n50_m100_d8_s1024,R_all,TYPE_R,50,100,0.001735,73,warm_start_dual,0.001157,3,0.000490,3,0.000505,11,0.000478,3,True,True,True,True,True
rand_n50_m100_d8_s1024,R_all,TYPE_R,50,100,0.001718,73,warm_start_dual,0.000503,3,0.000488,3,0.000485,11,0.000479,3,True,True,True,True,True
rand_n50_m100_d8_s1024,C_medium,TYPE_C,50,100,0.001785,75,warm_start,0.000378,4,0.000630,8,0.000392,4,0.000365,4,True,True,True,True,True
rand_n50_m100_d8_s1024,C_small,TYPE_C,50,100,0.001917,91,warm_start,0.000359,3,0.000602,9,0.000336,3,0.000358,3,True,True,True,True,True
rand_n50_m100_d8_s1024,C_small,TYPE_C,50,100,0.005571,85,warm_start,0.000357,1,0.000568,4,0.001049,1,0.000386,1,True,True,True,True,True
rand_n50_m100_d8_s1024,C_small,TYPE_C,50,100,0.001867,85,warm_start,0.000258,0,0.000272,0,0.000269,0,0.000255,0,True,True,True,True,True
rand_n50_m100_d8_s1024,C_medium,TYPE_C,50,100,0.001755,79,warm_start,0.000438,11,0.000785,20,0.000439,11,0.000427,11,True,True,True,True,True
rand_n50_m100_d8_s1024,C_medium,TYPE_C,50,100,0.001980,84,warm_start,0.000412,9,0.000684,13,0.000411,9,0.000420,9,True,True,True,True,True
rand_n50_m100_d8_s1024,C_large,TYPE_C,50,100,0.001949,89,warm_start,0.000459,13,0.000782,23,0.000477,13,0.000423,13,True,True,True,True,True
rand_n50_m100_d8_s1024,C_large,TYPE_C,50,100,0.001799,82,warm_start,0.000501,16,0.000964,37,0.000480,16,0.000546,16,True,True,True,True,True
rand_n50_m100_d8_s1024,C_large,TYPE_C,50,100,0.001802,79,warm_start,0.000455,14,0.000808,24,0.000487,14,0.000489,14,True,True,True,True,True
