base_instance,type,magnitude,seed,epsilon,oguz_bound,should_reoptimize,skip_source,oracle_decision,rel_value_change
rand_n100_m100_d3_s1024,C,0.005,42,0.01,0.000000,False,sensitivity_range,True,2.242437e-04
rand_n100_m100_d3_s1024,C,0.005,42,0.05,0.000000,False,sensitivity_range,True,2.242437e-04
rand_n100_m100_d3_s1024,C,0.005,123,0.01,0.000000,False,sensitivity_range,False,7.796770e-05
rand_n100_m100_d3_s1024,C,0.005,123,0.05,0.000000,False,sensitivity_range,False,7.796770e-05
rand_n100_m100_d3_s1024,C,0.005,456,0.01,0.000000,False,sensitivity_range,True,4.724820e-04
rand_n100_m100_d3_s1024,C,0.005,456,0.05,0.000000,False,sensitivity_range,True,4.724820e-04
rand_n100_m100_d3_s1024,C,0.01,42,0.01,0.005129,False,sensitivity_range,True,4.484874e-04
rand_n100_m100_d3_s1024,C,0.01,42,0.05,0.005129,False,sensitivity_range,True,4.484874e-04
rand_n100_m100_d3_s1024,C,0.01,123,0.01,0.005164,False,screening,True,1.571746e-04
rand_n100_m100_d3_s1024,C,0.01,123,0.05,0.005164,False,screening,True,1.571746e-04
rand_n100_m100_d3_s1024,C,0.01,456,0.01,0.005248,False,screening,True,9.449639e-04
rand_n100_m100_d3_s1024,C,0.01,456,0.05,0.005248,False,screening,True,9.449639e-04
rand_n100_m100_d3_s1024,C,0.02,42,0.01,0.024475,True,,True,8.969862e-04
rand_n100_m100_d3_s1024,C,0.02,42,0.05,0.024475,False,screening,True,8.969862e-04
rand_n100_m100_d3_s1024,C,0.02,123,0.01,0.024543,True,,True,3.176138e-04
rand_n100_m100_d3_s1024,C,0.02,123,0.05,0.024543,False,screening,True,3.176138e-04
rand_n100_m100_d3_s1024,C,0.02,456,0.01,0.024708,True,,True,1.879280e-03
rand_n100_m100_d3_s1024,C,0.02,456,0.05,0.024708,False,screening,True,1.879280e-03
rand_n100_m100_d3_s1024,R,0.005,42,0.01,,False,sensitivity_range,True,2.101445e-04
rand_n100_m100_d3_s1024,R,0.005,42,0.05,,False,sensitivity_range,True,2.101445e-04
rand_n100_m100_d3_s1024,R,0.005,123,0.01,,False,sensitivity_range,False,1.739730e-05
rand_n100_m100_d3_s1024,R,0.005,123,0.05,,False,sensitivity_range,False,1.739730e-05
rand_n100_m100_d3_s1024,R,0.005,456,0.01,,False,sensitivity_range,True,1.753142e-04
rand_n100_m100_d3_s1024,R,0.005,456,0.05,,False,sensitivity_range,True,1.753142e-04
rand_n100_m100_d3_s1024,R,0.01,42,0.01,,False,sensitivity_range,True,4.202889e-04
rand_n100_m100_d3_s1024,R,0.01,42,0.05,,False,sensitivity_range,True,4.202889e-04
rand_n100_m100_d3_s1024,R,0.01,123,0.01,,False,sensitivity_range,False,3.479459e-05
rand_n100_m100_d3_s1024,R,0.01,123,0.05,,False,sensitivity_range,False,3.479459e-05
rand_n100_m100_d3_s1024,R,0.01,456,0.01,,False,sensitivity_range,True,3.506285e-04
rand_n100_m100_d3_s1024,R,0.01,456,0.05,,False,sensitivity_range,True,3.506285e-04
rand_n100_m100_d3_s1024,R,0.02,42,0.01,,True,,True,8.692699e-04
rand_n100_m100_d3_s1024,R,0.02,42,0.05,,True,,True,8.692699e-04
rand_n100_m100_d3_s1024,R,0.02,123,0.01,,True,,False,7.804928e-05
rand_n100_m100_d3_s1024,R,0.02,123,0.05,,True,,False,7.804928e-05
rand_n100_m100_d3_s1024,R,0.02,456,0.01,,True,,True,7.025002e-04
rand_n100_m100_d3_s1024,R,0.02,456,0.05,,True,,True,7.025002e-04
rand_n100_m100_d3_s123,C,0.005,42,0.01,0.000000,False,sensitivity_range,True,4.444654e-04
rand_n100_m100_d3_s123,C,0.005,42,0.05,0.000000,False,sensitivity_range,True,4.444654e-04
rand_n100_m100_d3_s123,C,0.005,123,0.01,0.000000,False,sensitivity_range,True,5.646877e-04
rand_n100_m100_d3_s123,C,0.005,123,0.05,0.000000,False,sensitivity_range,True,5.646877e-04
rand_n100_m100_d3_s123,C,0.005,456,0.01,0.000000,False,sensitivity_range,True,2.409914e-04
rand_n100_m100_d3_s123,C,0.005,456,0.05,0.000000,False,sensitivity_range,True,2.409914e-04
rand_n100_m100_d3_s123,C,0.01,42,0.01,0.000000,False,sensitivity_range,True,8.889309e-04
rand_n100_m100_d3_s123,C,0.01,42,0.05,0.000000,False,sensitivity_range,True,8.889309e-04
rand_n100_m100_d3_s123,C,0.01,123,0.01,0.000000,False,sensitivity_range,True,1.129375e-03
rand_n100_m100_d3_s123,C,0.01,123,0.05,0.000000,False,sensitivity_range,True,1.129375e-03
rand_n100_m100_d3_s123,C,0.01,456,0.01,0.000000,False,sensitivity_range,True,4.819828e-04
rand_n100_m100_d3_s123,C,0.01,456,0.05,0.000000,False,sensitivity_range,True,4.819828e-04
rand_n100_m100_d3_s123,C,0.02,42,0.01,0.002505,False,sensitivity_range,True,1.777362e-03
rand_n100_m100_d3_s123,C,0.02,42,0.05,0.002505,False,sensitivity_range,True,1.777362e-03
rand_n100_m100_d3_s123,C,0.02,123,0.01,0.002574,False,sensitivity_range,True,2.258751e-03
rand_n100_m100_d3_s123,C,0.02,123,0.05,0.002574,False,sensitivity_range,True,2.258751e-03
rand_n100_m100_d3_s123,C,0.02,456,0.01,0.002740,False,sensitivity_range,True,9.629948e-04
rand_n100_m100_d3_s123,C,0.02,456,0.05,0.002740,False,sensitivity_range,True,9.629948e-04
rand_n100_m100_d3_s123,R,0.005,42,0.01,,True,,True,3.953625e-04
rand_n100_m100_d3_s123,R,0.005,42,0.05,,True,,True,3.953625e-04
rand_n100_m100_d3_s123,R,0.005,123,0.01,,True,,True,1.235090e-04
rand_n100_m100_d3_s123,R,0.005,123,0.05,,True,,True,1.235090e-04
rand_n100_m100_d3_s123,R,0.005,456,0.01,,True,,False,2.015200e-05
rand_n100_m100_d3_s123,R,0.005,456,0.05,,True,,False,2.015200e-05
rand_n100_m100_d3_s123,R,0.01,42,0.01,,True,,True,7.813488e-04
rand_n100_m100_d3_s123,R,0.01,42,0.05,,True,,True,7.813488e-04
rand_n100_m100_d3_s123,R,0.01,123,0.01,,True,,True,2.700208e-04
rand_n100_m100_d3_s123,R,0.01,123,0.05,,True,,True,2.700208e-04
rand_n100_m100_d3_s123,R,0.01,456,0.01,,True,,False,5.901949e-05
rand_n100_m100_d3_s123,R,0.01,456,0.05,,True,,False,5.901949e-05
rand_n100_m100_d3_s123,R,0.02,42,0.01,,True,,True,1.540232e-03
rand_n100_m100_d3_s123,R,0.02,42,0.05,,True,,True,1.540232e-03
rand_n100_m100_d3_s123,R,0.02,123,0.01,,True,,True,5.656234e-04
rand_n100_m100_d3_s123,R,0.02,123,0.05,,True,,True,5.656234e-04
rand_n100_m100_d3_s123,R,0.02,456,0.01,,True,,True,1.837546e-04
rand_n100_m100_d3_s123,R,0.02,456,0.05,,True,,True,1.837546e-04
rand_n100_m100_d3_s42,C,0.005,42,0.01,0.000000,False,sensitivity_range,True,8.849237e-04
rand_n100_m100_d3_s42,C,0.005,42,0.05,0.000000,False,sensitivity_range,True,8.849237e-04
rand_n100_m100_d3_s42,C,0.005,123,0.01,0.000000,False,sensitivity_range,True,7.057269e-04
rand_n100_m100_d3_s42,C,0.005,123,0.05,0.000000,False,sensitivity_range,True,7.057269e-04
rand_n100_m100_d3_s42,C,0.005,456,0.01,0.000000,False,sensitivity_range,True,6.650249e-04
rand_n100_m100_d3_s42,C,0.005,456,0.05,0.000000,False,sensitivity_range,True,6.650249e-04
rand_n100_m100_d3_s42,C,0.01,42,0.01,0.000643,False,sensitivity_range,True,1.769847e-03
rand_n100_m100_d3_s42,C,0.01,42,0.05,0.000643,False,sensitivity_range,True,1.769847e-03
rand_n100_m100_d3_s42,C,0.01,123,0.01,0.000678,False,sensitivity_range,True,1.411454e-03
rand_n100_m100_d3_s42,C,0.01,123,0.05,0.000678,False,sensitivity_range,True,1.411454e-03
rand_n100_m100_d3_s42,C,0.01,456,0.01,0.000762,False,sensitivity_range,True,1.328034e-03
rand_n100_m100_d3_s42,C,0.01,456,0.05,0.000762,False,sensitivity_range,True,1.328034e-03
rand_n100_m100_d3_s42,C,0.02,42,0.01,0.020032,True,,True,3.539695e-03
rand_n100_m100_d3_s42,C,0.02,42,0.05,0.020032,False,screening,True,3.539695e-03
rand_n100_m100_d3_s42,C,0.02,123,0.01,0.020101,True,,True,2.822908e-03
rand_n100_m100_d3_s42,C,0.02,123,0.05,0.020101,False,screening,True,2.822908e-03
rand_n100_m100_d3_s42,C,0.02,456,0.01,0.020266,True,,True,2.642850e-03
rand_n100_m100_d3_s42,C,0.02,456,0.05,0.020266,False,screening,True,2.642850e-03
rand_n100_m100_d3_s42,R,0.005,42,0.01,,False,sensitivity_range,True,3.715565e-04
rand_n100_m100_d3_s42,R,0.005,42,0.05,,False,sensitivity_range,True,3.715565e-04
rand_n100_m100_d3_s42,R,0.005,123,0.01,,True,,True,4.470526e-04
rand_n100_m100_d3_s42,R,0.005,123,0.05,,True,,True,4.470526e-04
rand_n100_m100_d3_s42,R,0.005,456,0.01,,False,sensitivity_range,False,2.634970e-05
rand_n100_m100_d3_s42,R,0.005,456,0.05,,False,sensitivity_range,False,2.634970e-05
rand_n100_m100_d3_s42,R,0.01,42,0.01,,True,,True,7.501205e-04
rand_n100_m100_d3_s42,R,0.01,42,0.05,,True,,True,7.501205e-04
rand_n100_m100_d3_s42,R,0.01,123,0.01,,True,,True,8.882821e-04
rand_n100_m100_d3_s42,R,0.01,123,0.05,,True,,True,8.882821e-04
rand_n100_m100_d3_s42,R,0.01,456,0.01,,True,,False,5.034206e-05
rand_n100_m100_d3_s42,R,0.01,456,0.05,,True,,False,5.034206e-05
rand_n100_m100_d3_s42,R,0.02,42,0.01,,True,,True,1.512456e-03
rand_n100_m100_d3_s42,R,0.02,42,0.05,,True,,True,1.512456e-03
rand_n100_m100_d3_s42,R,0.02,123,0.01,,True,,True,1.770741e-03
rand_n100_m100_d3_s42,R,0.02,123,0.05,,True,,True,1.770741e-03
rand_n100_m100_d3_s42,R,0.02,456,0.01,,True,,False,9.568696e-05
rand_n100_m100_d3_s42,R,0.02,456,0.05,,True,,False,9.568696e-05
rand_n100_m100_d3_s456,C,0.005,42,0.01,0.005956,False,sensitivity_range,True,3.737880e-04
rand_n100_m100_d3_s456,C,0.005,42,0.05,0.005956,False,sensitivity_range,True,3.737880e-04
rand_n100_m100_d3_s456,C,0.005,123,0.01,0.005973,False,screening,False,7.396839e-05
rand_n100_m100_d3_s456,C,0.005,123,0.05,0.005973,False,screening,False,7.396839e-05
rand_n100_m100_d3_s456,C,0.005,456,0.01,0.006015,False,sensitivity_range,True,1.072583e-03
rand_n100_m100_d3_s456,C,0.005,456,0.05,0.006015,False,sensitivity_range,True,1.072583e-03
rand_n100_m100_d3_s456,C,0.01,42,0.01,0.015719,True,,True,7.475759e-04
rand_n100_m100_d3_s456,C,0.01,42,0.05,0.015719,False,screening,True,7.475759e-04
rand_n100_m100_d3_s456,C,0.01,123,0.01,0.015754,True,,True,1.474277e-04
rand_n100_m100_d3_s456,C,0.01,123,0.05,0.015754,False,screening,True,1.474277e-04
rand_n100_m100_d3_s456,C,0.01,456,0.01,0.015837,True,,True,2.156230e-03
rand_n100_m100_d3_s456,C,0.01,456,0.05,0.015837,False,screening,True,2.156230e-03
rand_n100_m100_d3_s456,C,0.02,42,0.01,0.034962,True,,True,1.493657e-03
rand_n100_m100_d3_s456,C,0.02,42,0.05,0.034962,False,screening,True,1.493657e-03
rand_n100_m100_d3_s456,C,0.02,123,0.01,0.035030,True,,True,2.667806e-04
rand_n100_m100_d3_s456,C,0.02,123,0.05,0.035030,False,screening,True,2.667806e-04
rand_n100_m100_d3_s456,C,0.02,456,0.01,0.035194,True,,True,4.334504e-03
rand_n100_m100_d3_s456,C,0.02,456,0.05,0.035194,False,screening,True,4.334504e-03
rand_n100_m100_d3_s456,R,0.005,42,0.01,,False,sensitivity_range,True,2.662911e-04
rand_n100_m100_d3_s456,R,0.005,42,0.05,,False,sensitivity_range,True,2.662911e-04
rand_n100_m100_d3_s456,R,0.005,123,0.01,,False,sensitivity_range,False,2.914427e-05
rand_n100_m100_d3_s456,R,0.005,123,0.05,,False,sensitivity_range,False,2.914427e-05
rand_n100_m100_d3_s456,R,0.005,456,0.01,,False,sensitivity_range,True,2.091116e-04
rand_n100_m100_d3_s456,R,0.005,456,0.05,,False,sensitivity_range,True,2.091116e-04
rand_n100_m100_d3_s456,R,0.01,42,0.01,,False,sensitivity_range,True,5.311144e-04
rand_n100_m100_d3_s456,R,0.01,42,0.05,,False,sensitivity_range,True,5.311144e-04
rand_n100_m100_d3_s456,R,0.01,123,0.01,,True,,False,5.828855e-05
rand_n100_m100_d3_s456,R,0.01,123,0.05,,True,,False,5.828855e-05
rand_n100_m100_d3_s456,R,0.01,456,0.01,,True,,True,4.182232e-04
rand_n100_m100_d3_s456,R,0.01,456,0.05,,True,,True,4.182232e-04
rand_n100_m100_d3_s456,R,0.02,42,0.01,,True,,True,1.057969e-03
rand_n100_m100_d3_s456,R,0.02,42,0.05,,True,,True,1.057969e-03
rand_n100_m100_d3_s456,R,0.02,123,0.01,,True,,True,1.165771e-04
rand_n100_m100_d3_s456,R,0.02,123,0.05,,True,,True,1.165771e-04
rand_n100_m100_d3_s456,R,0.02,456,0.01,,True,,True,8.364465e-04
rand_n100_m100_d3_s456,R,0.02,456,0.05,,True,,True,8.364465e-04
rand_n100_m100_d3_s789,C,0.005,42,0.01,0.000000,False,sensitivity_range,True,2.993486e-04
rand_n100_m100_d3_s789,C,0.005,42,0.05,0.000000,False,sensitivity_range,True,2.993486e-04
rand_n100_m100_d3_s789,C,0.005,123,0.01,0.000000,False,sensitivity_range,True,1.846931e-04
rand_n100_m100_d3_s789,C,0.005,123,0.05,0.000000,False,sensitivity_range,True,1.846931e-04
rand_n100_m100_d3_s789,C,0.005,456,0.01,0.000000,False,sensitivity_range,False,7.871280e-05
rand_n100_m100_d3_s789,C,0.005,456,0.05,0.000000,False,sensitivity_range,False,7.871280e-05
rand_n100_m100_d3_s789,C,0.01,42,0.01,0.000000,False,sensitivity_range,True,5.986972e-04
rand_n100_m100_d3_s789,C,0.01,42,0.05,0.000000,False,sensitivity_range,True,5.986972e-04
rand_n100_m100_d3_s789,C,0.01,123,0.01,0.000000,False,sensitivity_range,True,3.693863e-04
rand_n100_m100_d3_s789,C,0.01,123,0.05,0.000000,False,sensitivity_range,True,3.693863e-04
rand_n100_m100_d3_s789,C,0.01,456,0.01,0.000000,False,sensitivity_range,True,1.574256e-04
rand_n100_m100_d3_s789,C,0.01,456,0.05,0.000000,False,sensitivity_range,True,1.574256e-04
rand_n100_m100_d3_s789,C,0.02,42,0.01,0.012838,False,sensitivity_range,True,1.197394e-03
rand_n100_m100_d3_s789,C,0.02,42,0.05,0.012838,False,sensitivity_range,True,1.197394e-03
rand_n100_m100_d3_s789,C,0.02,123,0.01,0.012907,False,sensitivity_range,True,7.387725e-04
rand_n100_m100_d3_s789,C,0.02,123,0.05,0.012907,False,sensitivity_range,True,7.387725e-04
rand_n100_m100_d3_s789,C,0.02,456,0.01,0.013073,False,sensitivity_range,True,3.148512e-04
rand_n100_m100_d3_s789,C,0.02,456,0.05,0.013073,False,sensitivity_range,True,3.148512e-04
rand_n100_m100_d3_s789,R,0.005,42,0.01,,True,,True,5.853980e-04
rand_n100_m100_d3_s789,R,0.005,42,0.05,,True,,True,5.853980e-04
rand_n100_m100_d3_s789,R,0.005,123,0.01,,True,,False,6.320316e-05
rand_n100_m100_d3_s789,R,0.005,123,0.05,,True,,False,6.320316e-05
rand_n100_m100_d3_s789,R,0.005,456,0.01,,True,,True,2.818669e-04
rand_n100_m100_d3_s789,R,0.005,456,0.05,,True,,True,2.818669e-04
rand_n100_m100_d3_s789,R,0.01,42,0.01,,True,,True,1.170796e-03
rand_n100_m100_d3_s789,R,0.01,42,0.05,,True,,True,1.170796e-03
rand_n100_m100_d3_s789,R,0.01,123,0.01,,True,,True,1.303507e-04
rand_n100_m100_d3_s789,R,0.01,123,0.05,,True,,True,1.303507e-04
rand_n100_m100_d3_s789,R,0.01,456,0.01,,True,,True,5.558980e-04
rand_n100_m100_d3_s789,R,0.01,456,0.05,,True,,True,5.558980e-04
rand_n100_m100_d3_s789,R,0.02,42,0.01,,True,,True,2.341592e-03
rand_n100_m100_d3_s789,R,0.02,42,0.05,,True,,True,2.341592e-03
rand_n100_m100_d3_s789,R,0.02,123,0.01,,True,,True,2.655847e-04
rand_n100_m100_d3_s789,R,0.02,123,0.05,,True,,True,2.655847e-04
rand_n100_m100_d3_s789,R,0.02,456,0.01,,True,,True,1.066649e-03
rand_n100_m100_d3_s789,R,0.02,456,0.05,,True,,True,1.066649e-03
rand_n100_m100_d5_s1024,C,0.005,42,0.01,0.000384,False,sensitivity_range,False,4.202587e-05
rand_n100_m100_d5_s1024,C,0.005,42,0.05,0.000384,False,sensitivity_range,False,4.202587e-05
rand_n100_m100_d5_s1024,C,0.005,123,0.01,0.000401,False,sensitivity_range,True,1.378539e-04
rand_n100_m100_d5_s1024,C,0.005,123,0.05,0.000401,False,sensitivity_range,True,1.378539e-04
rand_n100_m100_d5_s1024,C,0.005,456,0.01,0.000444,False,sensitivity_range,True,2.933530e-04
rand_n100_m100_d5_s1024,C,0.005,456,0.05,0.000444,False,sensitivity_range,True,2.933530e-04
rand_n100_m100_d5_s1024,C,0.01,42,0.01,0.010174,False,sensitivity_range,False,8.589959e-05
rand_n100_m100_d5_s1024,C,0.01,42,0.05,0.010174,False,sensitivity_range,False,8.589959e-05
rand_n100_m100_d5_s1024,C,0.01,123,0.01,0.010209,False,sensitivity_range,True,2.757078e-04
rand_n100_m100_d5_s1024,C,0.01,123,0.05,0.010209,False,sensitivity_range,True,2.757078e-04
rand_n100_m100_d5_s1024,C,0.01,456,0.01,0.010293,False,sensitivity_range,True,5.867060e-04
rand_n100_m100_d5_s1024,C,0.01,456,0.05,0.010293,False,sensitivity_range,True,5.867060e-04
rand_n100_m100_d5_s1024,C,0.02,42,0.01,0.029471,True,,True,1.761959e-04
rand_n100_m100_d5_s1024,C,0.02,42,0.05,0.029471,False,screening,True,1.761959e-04
rand_n100_m100_d5_s1024,C,0.02,123,0.01,0.029539,False,sensitivity_range,True,5.514157e-04
rand_n100_m100_d5_s1024,C,0.02,123,0.05,0.029539,False,sensitivity_range,True,5.514157e-04
rand_n100_m100_d5_s1024,C,0.02,456,0.01,0.029704,True,,True,1.173412e-03
rand_n100_m100_d5_s1024,C,0.02,456,0.05,0.029704,False,screening,True,1.173412e-03
rand_n100_m100_d5_s1024,R,0.005,42,0.01,,True,,True,5.880898e-04
rand_n100_m100_d5_s1024,R,0.005,42,0.05,,True,,True,5.880898e-04
rand_n100_m100_d5_s1024,R,0.005,123,0.01,,False,sensitivity_range,True,2.740340e-04
rand_n100_m100_d5_s1024,R,0.005,123,0.05,,False,sensitivity_range,True,2.740340e-04
rand_n100_m100_d5_s1024,R,0.005,456,0.01,,False,sensitivity_range,True,3.297743e-04
rand_n100_m100_d5_s1024,R,0.005,456,0.05,,False,sensitivity_range,True,3.297743e-04
rand_n100_m100_d5_s1024,R,0.01,42,0.01,,True,,True,1.183966e-03
rand_n100_m100_d5_s1024,R,0.01,42,0.05,,True,,True,1.183966e-03
rand_n100_m100_d5_s1024,R,0.01,123,0.01,,True,,True,5.480680e-04
rand_n100_m100_d5_s1024,R,0.01,123,0.05,,True,,True,5.480680e-04
rand_n100_m100_d5_s1024,R,0.01,456,0.01,,True,,True,6.681777e-04
rand_n100_m100_d5_s1024,R,0.01,456,0.05,,True,,True,6.681777e-04
rand_n100_m100_d5_s1024,R,0.02,42,0.01,,True,,True,2.386064e-03
rand_n100_m100_d5_s1024,R,0.02,42,0.05,,True,,True,2.386064e-03
rand_n100_m100_d5_s1024,R,0.02,123,0.01,,True,,True,1.096136e-03
rand_n100_m100_d5_s1024,R,0.02,123,0.05,,True,,True,1.096136e-03
rand_n100_m100_d5_s1024,R,0.02,456,0.01,,True,,True,1.357158e-03
rand_n100_m100_d5_s1024,R,0.02,456,0.05,,True,,True,1.357158e-03
rand_n100_m100_d5_s123,C,0.005,42,0.01,0.000000,False,sensitivity_range,True,6.206803e-04
rand_n100_m100_d5_s123,C,0.005,42,0.05,0.000000,False,sensitivity_range,True,6.206803e-04
rand_n100_m100_d5_s123,C,0.005,123,0.01,0.000000,False,sensitivity_range,True,5.841270e-04
rand_n100_m100_d5_s123,C,0.005,123,0.05,0.000000,False,sensitivity_range,True,5.841270e-04
rand_n100_m100_d5_s123,C,0.005,456,0.01,0.000000,False,sensitivity_range,False,1.698857e-05
rand_n100_m100_d5_s123,C,0.005,456,0.05,0.000000,False,sensitivity_range,False,1.698857e-05
rand_n100_m100_d5_s123,C,0.01,42,0.01,0.000000,False,sensitivity_range,True,1.241361e-03
rand_n100_m100_d5_s123,C,0.01,42,0.05,0.000000,False,sensitivity_range,True,1.241361e-03
rand_n100_m100_d5_s123,C,0.01,123,0.01,0.000000,False,sensitivity_range,True,1.168254e-03
rand_n100_m100_d5_s123,C,0.01,123,0.05,0.000000,False,sensitivity_range,True,1.168254e-03
rand_n100_m100_d5_s123,C,0.01,456,0.01,0.000000,False,sensitivity_range,False,3.397713e-05
rand_n100_m100_d5_s123,C,0.01,456,0.05,0.000000,False,sensitivity_range,False,3.397713e-05
rand_n100_m100_d5_s123,C,0.02,42,0.01,0.000000,False,sensitivity_range,True,2.482721e-03
rand_n100_m100_d5_s123,C,0.02,42,0.05,0.000000,False,sensitivity_range,True,2.482721e-03
rand_n100_m100_d5_s123,C,0.02,123,0.01,0.000000,False,sensitivity_range,True,2.336508e-03
rand_n100_m100_d5_s123,C,0.02,123,0.05,0.000000,False,sensitivity_range,True,2.336508e-03
rand_n100_m100_d5_s123,C,0.02,456,0.01,0.000000,False,sensitivity_range,False,6.689108e-05
rand_n100_m100_d5_s123,C,0.02,456,0.05,0.000000,False,sensitivity_range,False,6.689108e-05
rand_n100_m100_d5_s123,R,0.005,42,0.01,,True,,False,8.001943e-05
rand_n100_m100_d5_s123,R,0.005,42,0.05,,True,,False,8.001943e-05
rand_n100_m100_d5_s123,R,0.005,123,0.01,,False,sensitivity_range,True,1.641488e-04
rand_n100_m100_d5_s123,R,0.005,123,0.05,,False,sensitivity_range,True,1.641488e-04
rand_n100_m100_d5_s123,R,0.005,456,0.01,,True,,False,5.679525e-05
rand_n100_m100_d5_s123,R,0.005,456,0.05,,True,,False,5.679525e-05
rand_n100_m100_d5_s123,R,0.01,42,0.01,,True,,True,1.600389e-04
rand_n100_m100_d5_s123,R,0.01,42,0.05,,True,,True,1.600389e-04
rand_n100_m100_d5_s123,R,0.01,123,0.01,,True,,True,3.282976e-04
rand_n100_m100_d5_s123,R,0.01,123,0.05,,True,,True,3.282976e-04
rand_n100_m100_d5_s123,R,0.01,456,0.01,,True,,True,1.135905e-04
rand_n100_m100_d5_s123,R,0.01,456,0.05,,True,,True,1.135905e-04
rand_n100_m100_d5_s123,R,0.02,42,0.01,,True,,True,3.285469e-04
rand_n100_m100_d5_s123,R,0.02,42,0.05,,True,,True,3.285469e-04
rand_n100_m100_d5_s123,R,0.02,123,0.01,,True,,True,6.632897e-04
rand_n100_m100_d5_s123,R,0.02,123,0.05,,True,,True,6.632897e-04
rand_n100_m100_d5_s123,R,0.02,456,0.01,,True,,True,2.254230e-04
rand_n100_m100_d5_s123,R,0.02,456,0.05,,True,,True,2.254230e-04
rand_n100_m100_d5_s42,C,0.005,42,0.01,0.000000,False,sensitivity_range,True,1.156460e-03
rand_n100_m100_d5_s42,C,0.005,42,0.05,0.000000,False,sensitivity_range,True,1.156460e-03
rand_n100_m100_d5_s42,C,0.005,123,0.01,0.000000,False,sensitivity_range,True,4.665038e-04
rand_n100_m100_d5_s42,C,0.005,123,0.05,0.000000,False,sensitivity_range,True,4.665038e-04
rand_n100_m100_d5_s42,C,0.005,456,0.01,0.000000,False,sensitivity_range,True,6.401546e-04
rand_n100_m100_d5_s42,C,0.005,456,0.05,0.000000,False,sensitivity_range,True,6.401546e-04
rand_n100_m100_d5_s42,C,0.01,42,0.01,0.000000,False,sensitivity_range,True,2.312920e-03
rand_n100_m100_d5_s42,C,0.01,42,0.05,0.000000,False,sensitivity_range,True,2.312920e-03
rand_n100_m100_d5_s42,C,0.01,123,0.01,0.000000,False,sensitivity_range,True,9.330077e-04
rand_n100_m100_d5_s42,C,0.01,123,0.05,0.000000,False,sensitivity_range,True,9.330077e-04
rand_n100_m100_d5_s42,C,0.01,456,0.01,0.000000,False,sensitivity_range,True,1.280309e-03
rand_n100_m100_d5_s42,C,0.01,456,0.05,0.000000,False,sensitivity_range,True,1.280309e-03
rand_n100_m100_d5_s42,C,0.02,42,0.01,0.004142,False,sensitivity_range,True,4.625839e-03
rand_n100_m100_d5_s42,C,0.02,42,0.05,0.004142,False,sensitivity_range,True,4.625839e-03
rand_n100_m100_d5_s42,C,0.02,123,0.01,0.004211,False,sensitivity_range,True,1.866015e-03
rand_n100_m100_d5_s42,C,0.02,123,0.05,0.004211,False,sensitivity_range,True,1.866015e-03
rand_n100_m100_d5_s42,C,0.02,456,0.01,0.004378,False,sensitivity_range,True,2.560613e-03
rand_n100_m100_d5_s42,C,0.02,456,0.05,0.004378,False,sensitivity_range,True,2.560613e-03
rand_n100_m100_d5_s42,R,0.005,42,0.01,,True,,True,2.327520e-04
rand_n100_m100_d5_s42,R,0.005,42,0.05,,True,,True,2.327520e-04
rand_n100_m100_d5_s42,R,0.005,123,0.01,,True,,True,1.853410e-04
rand_n100_m100_d5_s42,R,0.005,123,0.05,,True,,True,1.853410e-04
rand_n100_m100_d5_s42,R,0.005,456,0.01,,True,,True,3.299092e-04
rand_n100_m100_d5_s42,R,0.005,456,0.05,,True,,True,3.299092e-04
rand_n100_m100_d5_s42,R,0.01,42,0.01,,True,,True,4.798052e-04
rand_n100_m100_d5_s42,R,0.01,42,0.05,,True,,True,4.798052e-04
rand_n100_m100_d5_s42,R,0.01,123,0.01,,True,,True,3.596662e-04
rand_n100_m100_d5_s42,R,0.01,123,0.05,,True,,True,3.596662e-04
rand_n100_m100_d5_s42,R,0.01,456,0.01,,True,,True,6.696649e-04
rand_n100_m100_d5_s42,R,0.01,456,0.05,,True,,True,6.696649e-04
rand_n100_m100_d5_s42,R,0.02,42,0.01,,True,,True,1.066090e-03
rand_n100_m100_d5_s42,R,0.02,42,0.05,,True,,True,1.066090e-03
rand_n100_m100_d5_s42,R,0.02,123,0.01,,True,,True,6.694037e-04
rand_n100_m100_d5_s42,R,0.02,123,0.05,,True,,True,6.694037e-04
rand_n100_m100_d5_s42,R,0.02,456,0.01,,True,,True,1.381681e-03
rand_n100_m100_d5_s42,R,0.02,456,0.05,,True,,True,1.381681e-03
rand_n100_m100_d5_s456,C,0.005,42,0.01,0.004137,False,screening,True,7.191335e-04
rand_n100_m100_d5_s456,C,0.005,42,0.05,0.004137,False,screening,True,7.191335e-04
rand_n100_m100_d5_s456,C,0.005,123,0.01,0.004154,False,screening,False,2.063055e-06
rand_n100_m100_d5_s456,C,0.005,123,0.05,0.004154,False,screening,False,2.063055e-06
rand_n100_m100_d5_s456,C,0.005,456,0.01,0.004197,False,sensitivity_range,True,8.326705e-04
rand_n100_m100_d5_s456,C,0.005,456,0.05,0.004197,False,sensitivity_range,True,8.326705e-04
rand_n100_m100_d5_s456,C,0.01,42,0.01,0.013909,True,,True,1.438267e-03
rand_n100_m100_d5_s456,C,0.01,42,0.05,0.013909,False,screening,True,1.438267e-03
rand_n100_m100_d5_s456,C,0.01,123,0.01,0.013944,True,,False,2.865769e-06
rand_n100_m100_d5_s456,C,0.01,123,0.05,0.013944,False,screening,False,2.865769e-06
rand_n100_m100_d5_s456,C,0.01,456,0.01,0.014028,False,sensitivity_range,True,1.666044e-03
rand_n100_m100_d5_s456,C,0.01,456,0.05,0.014028,False,sensitivity_range,True,1.666044e-03
rand_n100_m100_d5_s456,C,0.02,42,0.01,0.033170,True,,True,2.863625e-03
rand_n100_m100_d5_s456,C,0.02,42,0.05,0.033170,False,screening,True,2.863625e-03
rand_n100_m100_d5_s456,C,0.02,123,0.01,0.033238,True,,False,1.272342e-05
rand_n100_m100_d5_s456,C,0.02,123,0.05,0.033238,False,screening,False,1.272342e-05
rand_n100_m100_d5_s456,C,0.02,456,0.01,0.033402,True,,True,3.368408e-03
rand_n100_m100_d5_s456,C,0.02,456,0.05,0.033402,False,screening,True,3.368408e-03
rand_n100_m100_d5_s456,R,0.005,42,0.01,,False,sensitivity_range,True,1.245255e-04
rand_n100_m100_d5_s456,R,0.005,42,0.05,,False,sensitivity_range,True,1.245255e-04
rand_n100_m100_d5_s456,R,0.005,123,0.01,,False,sensitivity_range,True,2.413423e-04
rand_n100_m100_d5_s456,R,0.005,123,0.05,,False,sensitivity_range,True,2.413423e-04
rand_n100_m100_d5_s456,R,0.005,456,0.01,,False,sensitivity_range,True,3.134555e-04
rand_n100_m100_d5_s456,R,0.005,456,0.05,,False,sensitivity_range,True,3.134555e-04
rand_n100_m100_d5_s456,R,0.01,42,0.01,,True,,True,2.385926e-04
rand_n100_m100_d5_s456,R,0.01,42,0.05,,True,,True,2.385926e-04
rand_n100_m100_d5_s456,R,0.01,123,0.01,,False,sensitivity_range,True,4.826846e-04
rand_n100_m100_d5_s456,R,0.01,123,0.05,,False,sensitivity_range,True,4.826846e-04
rand_n100_m100_d5_s456,R,0.01,456,0.01,,True,,True,6.202753e-04
rand_n100_m100_d5_s456,R,0.01,456,0.05,,True,,True,6.202753e-04
rand_n100_m100_d5_s456,R,0.02,42,0.01,,True,,True,4.120409e-04
rand_n100_m100_d5_s456,R,0.02,42,0.05,,True,,True,4.120409e-04
rand_n100_m100_d5_s456,R,0.02,123,0.01,,True,,True,9.653691e-04
rand_n100_m100_d5_s456,R,0.02,123,0.05,,True,,True,9.653691e-04
rand_n100_m100_d5_s456,R,0.02,456,0.01,,True,,True,1.209281e-03
rand_n100_m100_d5_s456,R,0.02,456,0.05,,True,,True,1.209281e-03
rand_n100_m100_d5_s789,C,0.005,42,0.01,0.000000,False,sensitivity_range,True,1.349442e-04
rand_n100_m100_d5_s789,C,0.005,42,0.05,0.000000,False,sensitivity_range,True,1.349442e-04
rand_n100_m100_d5_s789,C,0.005,123,0.01,0.000000,False,sensitivity_range,True,1.046958e-04
rand_n100_m100_d5_s789,C,0.005,123,0.05,0.000000,False,sensitivity_range,True,1.046958e-04
rand_n100_m100_d5_s789,C,0.005,456,0.01,0.000000,False,sensitivity_range,True,2.356876e-04
rand_n100_m100_d5_s789,C,0.005,456,0.05,0.000000,False,sensitivity_range,True,2.356876e-04
rand_n100_m100_d5_s789,C,0.01,42,0.01,0.000000,False,sensitivity_range,True,2.698883e-04
rand_n100_m100_d5_s789,C,0.01,42,0.05,0.000000,False,sensitivity_range,True,2.698883e-04
rand_n100_m100_d5_s789,C,0.01,123,0.01,0.000000,False,sensitivity_range,True,2.093915e-04
rand_n100_m100_d5_s789,C,0.01,123,0.05,0.000000,False,sensitivity_range,True,2.093915e-04
rand_n100_m100_d5_s789,C,0.01,456,0.01,0.000000,False,sensitivity_range,True,4.713751e-04
rand_n100_m100_d5_s789,C,0.01,456,0.05,0.000000,False,sensitivity_range,True,4.713751e-04
rand_n100_m100_d5_s789,C,0.02,42,0.01,0.000000,False,sensitivity_range,True,5.397767e-04
rand_n100_m100_d5_s789,C,0.02,42,0.05,0.000000,False,sensitivity_range,True,5.397767e-04
rand_n100_m100_d5_s789,C,0.02,123,0.01,0.000000,False,sensitivity_range,True,4.187831e-04
rand_n100_m100_d5_s789,C,0.02,123,0.05,0.000000,False,sensitivity_range,True,4.187831e-04
rand_n100_m100_d5_s789,C,0.02,456,0.01,0.000000,False,sensitivity_range,True,9.414946e-04
rand_n100_m100_d5_s789,C,0.02,456,0.05,0.000000,False,sensitivity_range,True,9.414946e-04
rand_n100_m100_d5_s789,R,0.005,42,0.01,,False,sensitivity_range,False,3.479631e-05
rand_n100_m100_d5_s789,R,0.005,42,0.05,,False,sensitivity_range,False,3.479631e-05
rand_n100_m100_d5_s789,R,0.005,123,0.01,,False,sensitivity_range,False,9.985929e-05
rand_n100_m100_d5_s789,R,0.005,123,0.05,,False,sensitivity_range,False,9.985929e-05
rand_n100_m100_d5_s789,R,0.005,456,0.01,,False,sensitivity_range,True,3.649886e-04
rand_n100_m100_d5_s789,R,0.005,456,0.05,,False,sensitivity_range,True,3.649886e-04
rand_n100_m100_d5_s789,R,0.01,42,0.01,,False,sensitivity_range,False,8.436744e-05
rand_n100_m100_d5_s789,R,0.01,42,0.05,,False,sensitivity_range,False,8.436744e-05
rand_n100_m100_d5_s789,R,0.01,123,0.01,,False,sensitivity_range,True,1.997186e-04
rand_n100_m100_d5_s789,R,0.01,123,0.05,,False,sensitivity_range,True,1.997186e-04
rand_n100_m100_d5_s789,R,0.01,456,0.01,,False,sensitivity_range,True,7.299771e-04
rand_n100_m100_d5_s789,R,0.01,456,0.05,,False,sensitivity_range,True,7.299771e-04
rand_n100_m100_d5_s789,R,0.02,42,0.01,,True,,True,2.052563e-04
rand_n100_m100_d5_s789,R,0.02,42,0.05,,True,,True,2.052563e-04
rand_n100_m100_d5_s789,R,0.02,123,0.01,,True,,True,3.994372e-04
rand_n100_m100_d5_s789,R,0.02,123,0.05,,True,,True,3.994372e-04
rand_n100_m100_d5_s789,R,0.02,456,0.01,,False,sensitivity_range,True,1.459954e-03
rand_n100_m100_d5_s789,R,0.02,456,0.05,,False,sensitivity_range,True,1.459954e-03
rand_n100_m100_d8_s1024,C,0.005,42,0.01,0.000000,False,sensitivity_range,False,7.204991e-05
rand_n100_m100_d8_s1024,C,0.005,42,0.05,0.000000,False,sensitivity_range,False,7.204991e-05
rand_n100_m100_d8_s1024,C,0.005,123,0.01,0.000000,False,sensitivity_range,False,5.342129e-05
rand_n100_m100_d8_s1024,C,0.005,123,0.05,0.000000,False,sensitivity_range,False,5.342129e-05
rand_n100_m100_d8_s1024,C,0.005,456,0.01,0.000000,False,sensitivity_range,True,3.802341e-04
rand_n100_m100_d8_s1024,C,0.005,456,0.05,0.000000,False,sensitivity_range,True,3.802341e-04
rand_n100_m100_d8_s1024,C,0.01,42,0.01,0.008170,False,screening,True,1.440998e-04
rand_n100_m100_d8_s1024,C,0.01,42,0.05,0.008170,False,screening,True,1.440998e-04
rand_n100_m100_d8_s1024,C,0.01,123,0.01,0.008205,False,sensitivity_range,True,1.068426e-04
rand_n100_m100_d8_s1024,C,0.01,123,0.05,0.008205,False,sensitivity_range,True,1.068426e-04
rand_n100_m100_d8_s1024,C,0.01,456,0.01,0.008289,False,sensitivity_range,True,7.604683e-04
rand_n100_m100_d8_s1024,C,0.01,456,0.05,0.008289,False,sensitivity_range,True,7.604683e-04
rand_n100_m100_d8_s1024,C,0.02,42,0.01,0.027487,True,,True,2.864274e-04
rand_n100_m100_d8_s1024,C,0.02,42,0.05,0.027487,False,screening,True,2.864274e-04
rand_n100_m100_d8_s1024,C,0.02,123,0.01,0.027555,True,,True,2.136852e-04
rand_n100_m100_d8_s1024,C,0.02,123,0.05,0.027555,False,screening,True,2.136852e-04
rand_n100_m100_d8_s1024,C,0.02,456,0.01,0.027719,True,,True,1.520937e-03
rand_n100_m100_d8_s1024,C,0.02,456,0.05,0.027719,False,screening,True,1.520937e-03
rand_n100_m100_d8_s1024,R,0.005,42,0.01,,False,sensitivity_range,True,1.518084e-04
rand_n100_m100_d8_s1024,R,0.005,42,0.05,,False,sensitivity_range,True,1.518084e-04
rand_n100_m100_d8_s1024,R,0.005,123,0.01,,False,sensitivity_range,False,4.094629e-05
rand_n100_m100_d8_s1024,R,0.005,123,0.05,,False,sensitivity_range,False,4.094629e-05
rand_n100_m100_d8_s1024,R,0.005,456,0.01,,False,sensitivity_range,True,4.875406e-04
rand_n100_m100_d8_s1024,R,0.005,456,0.05,,False,sensitivity_range,True,4.875406e-04
rand_n100_m100_d8_s1024,R,0.01,42,0.01,,False,sensitivity_range,True,3.043044e-04
rand_n100_m100_d8_s1024,R,0.01,42,0.05,,False,sensitivity_range,True,3.043044e-04
rand_n100_m100_d8_s1024,R,0.01,123,0.01,,False,sensitivity_range,False,8.189258e-05
rand_n100_m100_d8_s1024,R,0.01,123,0.05,,False,sensitivity_range,False,8.189258e-05
rand_n100_m100_d8_s1024,R,0.01,456,0.01,,False,sensitivity_range,True,9.750812e-04
rand_n100_m100_d8_s1024,R,0.01,456,0.05,,False,sensitivity_range,True,9.750812e-04
rand_n100_m100_d8_s1024,R,0.02,42,0.01,,False,sensitivity_range,True,6.473070e-04
rand_n100_m100_d8_s1024,R,0.02,42,0.05,,False,sensitivity_range,True,6.473070e-04
rand_n100_m100_d8_s1024,R,0.02,123,0.01,,False,sensitivity_range,True,1.637852e-04
rand_n100_m100_d8_s1024,R,0.02,123,0.05,,False,sensitivity_range,True,1.637852e-04
rand_n100_m100_d8_s1024,R,0.02,456,0.01,,False,sensitivity_range,True,1.950162e-03
rand_n100_m100_d8_s1024,R,0.02,456,0.05,,False,sensitivity_range,True,1.950162e-03
rand_n100_m100_d8_s123,C,0.005,42,0.01,0.004946,False,screening,True,1.410920e-04
rand_n100_m100_d8_s123,C,0.005,42,0.05,0.004946,False,screening,True,1.410920e-04
rand_n100_m100_d8_s123,C,0.005,123,0.01,0.004964,False,screening,True,3.860576e-04
rand_n100_m100_d8_s123,C,0.005,123,0.05,0.004964,False,screening,True,3.860576e-04
rand_n100_m100_d8_s123,C,0.005,456,0.01,0.005006,False,sensitivity_range,False,2.711384e-05
rand_n100_m100_d8_s123,C,0.005,456,0.05,0.005006,False,sensitivity_range,False,2.711384e-05
rand_n100_m100_d8_s123,C,0.01,42,0.01,0.014715,True,,True,2.811580e-04
rand_n100_m100_d8_s123,C,0.01,42,0.05,0.014715,False,screening,True,2.811580e-04
rand_n100_m100_d8_s123,C,0.01,123,0.01,0.014749,True,,True,7.721152e-04
rand_n100_m100_d8_s123,C,0.01,123,0.05,0.014749,False,screening,True,7.721152e-04
rand_n100_m100_d8_s123,C,0.01,456,0.01,0.014833,True,,False,5.422768e-05
rand_n100_m100_d8_s123,C,0.01,456,0.05,0.014833,False,screening,False,5.422768e-05
rand_n100_m100_d8_s123,C,0.02,42,0.01,0.033967,True,,True,5.546122e-04
rand_n100_m100_d8_s123,C,0.02,42,0.05,0.033967,False,screening,True,5.546122e-04
rand_n100_m100_d8_s123,C,0.02,123,0.01,0.034035,True,,True,1.544230e-03
rand_n100_m100_d8_s123,C,0.02,123,0.05,0.034035,False,screening,True,1.544230e-03
rand_n100_m100_d8_s123,C,0.02,456,0.01,0.034199,True,,True,1.009879e-04
rand_n100_m100_d8_s123,C,0.02,456,0.05,0.034199,False,screening,True,1.009879e-04
rand_n100_m100_d8_s123,R,0.005,42,0.01,,True,,True,5.430255e-04
rand_n100_m100_d8_s123,R,0.005,42,0.05,,True,,True,5.430255e-04
rand_n100_m100_d8_s123,R,0.005,123,0.01,,True,,True,1.241014e-04
rand_n100_m100_d8_s123,R,0.005,123,0.05,,True,,True,1.241014e-04
rand_n100_m100_d8_s123,R,0.005,456,0.01,,True,,False,8.150059e-05
rand_n100_m100_d8_s123,R,0.005,456,0.05,,True,,False,8.150059e-05
rand_n100_m100_d8_s123,R,0.01,42,0.01,,True,,True,1.087237e-03
rand_n100_m100_d8_s123,R,0.01,42,0.05,,True,,True,1.087237e-03
rand_n100_m100_d8_s123,R,0.01,123,0.01,,True,,True,2.498750e-04
rand_n100_m100_d8_s123,R,0.01,123,0.05,,True,,True,2.498750e-04
rand_n100_m100_d8_s123,R,0.01,456,0.01,,True,,True,1.640649e-04
rand_n100_m100_d8_s123,R,0.01,456,0.05,,True,,True,1.640649e-04
rand_n100_m100_d8_s123,R,0.02,42,0.01,,True,,True,2.181461e-03
rand_n100_m100_d8_s123,R,0.02,42,0.05,,True,,True,2.181461e-03
rand_n100_m100_d8_s123,R,0.02,123,0.01,,True,,True,5.016949e-04
rand_n100_m100_d8_s123,R,0.02,123,0.05,,True,,True,5.016949e-04
rand_n100_m100_d8_s123,R,0.02,456,0.01,,True,,True,3.308204e-04
rand_n100_m100_d8_s123,R,0.02,456,0.05,,True,,True,3.308204e-04
rand_n100_m100_d8_s42,C,0.005,42,0.01,0.005104,False,screening,True,9.914528e-04
rand_n100_m100_d8_s42,C,0.005,42,0.05,0.005104,False,screening,True,9.914528e-04
rand_n100_m100_d8_s42,C,0.005,123,0.01,0.005122,False,screening,True,7.300776e-04
rand_n100_m100_d8_s42,C,0.005,123,0.05,0.005122,False,screening,True,7.300776e-04
rand_n100_m100_d8_s42,C,0.005,456,0.01,0.005164,False,screening,True,4.182805e-04
rand_n100_m100_d8_s42,C,0.005,456,0.05,0.005164,False,screening,True,4.182805e-04
rand_n100_m100_d8_s42,C,0.01,42,0.01,0.014872,True,,True,1.982906e-03
rand_n100_m100_d8_s42,C,0.01,42,0.05,0.014872,False,screening,True,1.982906e-03
rand_n100_m100_d8_s42,C,0.01,123,0.01,0.014907,True,,True,1.456137e-03
rand_n100_m100_d8_s42,C,0.01,123,0.05,0.014907,False,screening,True,1.456137e-03
rand_n100_m100_d8_s42,C,0.01,456,0.01,0.014990,True,,True,7.939110e-04
rand_n100_m100_d8_s42,C,0.01,456,0.05,0.014990,False,screening,True,7.939110e-04
rand_n100_m100_d8_s42,C,0.02,42,0.01,0.034123,True,,True,3.990545e-03
rand_n100_m100_d8_s42,C,0.02,42,0.05,0.034123,False,screening,True,3.990545e-03
rand_n100_m100_d8_s42,C,0.02,123,0.01,0.034191,True,,True,2.906478e-03
rand_n100_m100_d8_s42,C,0.02,123,0.05,0.034191,False,screening,True,2.906478e-03
rand_n100_m100_d8_s42,C,0.02,456,0.01,0.034355,True,,True,1.506267e-03
rand_n100_m100_d8_s42,C,0.02,456,0.05,0.034355,False,screening,True,1.506267e-03
rand_n100_m100_d8_s42,R,0.005,42,0.01,,True,,True,2.318094e-04
rand_n100_m100_d8_s42,R,0.005,42,0.05,,True,,True,2.318094e-04
rand_n100_m100_d8_s42,R,0.005,123,0.01,,True,,True,1.209357e-04
rand_n100_m100_d8_s42,R,0.005,123,0.05,,True,,True,1.209357e-04
rand_n100_m100_d8_s42,R,0.005,456,0.01,,True,,True,1.024679e-04
rand_n100_m100_d8_s42,R,0.005,456,0.05,,True,,True,1.024679e-04
rand_n100_m100_d8_s42,R,0.01,42,0.01,,True,,True,4.594638e-04
rand_n100_m100_d8_s42,R,0.01,42,0.05,,True,,True,4.594638e-04
rand_n100_m100_d8_s42,R,0.01,123,0.01,,True,,True,2.453907e-04
rand_n100_m100_d8_s42,R,0.01,123,0.05,,True,,True,2.453907e-04
rand_n100_m100_d8_s42,R,0.01,456,0.01,,True,,True,2.032689e-04
rand_n100_m100_d8_s42,R,0.01,456,0.05,,True,,True,2.032689e-04
rand_n100_m100_d8_s42,R,0.02,42,0.01,,True,,True,9.130446e-04
rand_n100_m100_d8_s42,R,0.02,42,0.05,,True,,True,9.130446e-04
rand_n100_m100_d8_s42,R,0.02,123,0.01,,True,,True,4.947369e-04
rand_n100_m100_d8_s42,R,0.02,123,0.05,,True,,True,4.947369e-04
rand_n100_m100_d8_s42,R,0.02,456,0.01,,True,,True,4.048710e-04
rand_n100_m100_d8_s42,R,0.02,456,0.05,,True,,True,4.048710e-04
rand_n100_m100_d8_s456,C,0.005,42,0.01,0.009601,False,screening,True,3.271819e-04
rand_n100_m100_d8_s456,C,0.005,42,0.05,0.009601,False,screening,True,3.271819e-04
rand_n100_m100_d8_s456,C,0.005,123,0.01,0.009618,False,screening,True,1.234449e-04
rand_n100_m100_d8_s456,C,0.005,123,0.05,0.009618,False,screening,True,1.234449e-04
rand_n100_m100_d8_s456,C,0.005,456,0.01,0.009660,False,screening,True,6.992228e-04
rand_n100_m100_d8_s456,C,0.005,456,0.05,0.009660,False,screening,True,6.992228e-04
rand_n100_m100_d8_s456,C,0.01,42,0.01,0.019346,True,,True,6.543369e-04
rand_n100_m100_d8_s456,C,0.01,42,0.05,0.019346,False,screening,True,6.543369e-04
rand_n100_m100_d8_s456,C,0.01,123,0.01,0.019381,True,,True,2.347722e-04
rand_n100_m100_d8_s456,C,0.01,123,0.05,0.019381,False,screening,True,2.347722e-04
rand_n100_m100_d8_s456,C,0.01,456,0.01,0.019464,True,,True,1.407882e-03
rand_n100_m100_d8_s456,C,0.01,456,0.05,0.019464,False,screening,True,1.407882e-03
rand_n100_m100_d8_s456,C,0.02,42,0.01,0.038554,True,,True,1.308647e-03
rand_n100_m100_d8_s456,C,0.02,42,0.05,0.038554,False,screening,True,1.308647e-03
rand_n100_m100_d8_s456,C,0.02,123,0.01,0.038622,True,,True,4.448603e-04
rand_n100_m100_d8_s456,C,0.02,123,0.05,0.038622,False,screening,True,4.448603e-04
rand_n100_m100_d8_s456,C,0.02,456,0.01,0.038786,True,,True,2.839390e-03
rand_n100_m100_d8_s456,C,0.02,456,0.05,0.038786,False,screening,True,2.839390e-03
rand_n100_m100_d8_s456,R,0.005,42,0.01,,False,sensitivity_range,True,1.257666e-04
rand_n100_m100_d8_s456,R,0.005,42,0.05,,False,sensitivity_range,True,1.257666e-04
rand_n100_m100_d8_s456,R,0.005,123,0.01,,False,sensitivity_range,False,1.180169e-05
rand_n100_m100_d8_s456,R,0.005,123,0.05,,False,sensitivity_range,False,1.180169e-05
rand_n100_m100_d8_s456,R,0.005,456,0.01,,False,sensitivity_range,False,8.250143e-05
rand_n100_m100_d8_s456,R,0.005,456,0.05,,False,sensitivity_range,False,8.250143e-05
rand_n100_m100_d8_s456,R,0.01,42,0.01,,False,sensitivity_range,True,2.515140e-04
rand_n100_m100_d8_s456,R,0.01,42,0.05,,False,sensitivity_range,True,2.515140e-04
rand_n100_m100_d8_s456,R,0.01,123,0.01,,False,sensitivity_range,False,2.181216e-05
rand_n100_m100_d8_s456,R,0.01,123,0.05,,False,sensitivity_range,False,2.181216e-05
rand_n100_m100_d8_s456,R,0.01,456,0.01,,True,,True,1.600308e-04
rand_n100_m100_d8_s456,R,0.01,456,0.05,,True,,True,1.600308e-04
rand_n100_m100_d8_s456,R,0.02,42,0.01,,True,,True,5.011353e-04
rand_n100_m100_d8_s456,R,0.02,42,0.05,,True,,True,5.011353e-04
rand_n100_m100_d8_s456,R,0.02,123,0.01,,True,,False,3.865221e-05
rand_n100_m100_d8_s456,R,0.02,123,0.05,,True,,False,3.865221e-05
rand_n100_m100_d8_s456,R,0.02,456,0.01,,True,,True,3.054961e-04
rand_n100_m100_d8_s456,R,0.02,456,0.05,,True,,True,3.054961e-04
rand_n100_m100_d8_s789,C,0.005,42,0.01,0.000000,False,sensitivity_range,True,6.624972e-04
rand_n100_m100_d8_s789,C,0.005,42,0.05,0.000000,False,sensitivity_range,True,6.624972e-04
rand_n100_m100_d8_s789,C,0.005,123,0.01,0.000000,False,sensitivity_range,True,4.290475e-04
rand_n100_m100_d8_s789,C,0.005,123,0.05,0.000000,False,sensitivity_range,True,4.290475e-04
rand_n100_m100_d8_s789,C,0.005,456,0.01,0.000000,False,sensitivity_range,True,1.992160e-04
rand_n100_m100_d8_s789,C,0.005,456,0.05,0.000000,False,sensitivity_range,True,1.992160e-04
rand_n100_m100_d8_s789,C,0.01,42,0.01,0.009684,False,screening,True,1.322505e-03
rand_n100_m100_d8_s789,C,0.01,42,0.05,0.009684,False,screening,True,1.322505e-03
rand_n100_m100_d8_s789,C,0.01,123,0.01,0.009718,False,sensitivity_range,True,8.612107e-04
rand_n100_m100_d8_s789,C,0.01,123,0.05,0.009718,False,sensitivity_range,True,8.612107e-04
rand_n100_m100_d8_s789,C,0.01,456,0.01,0.009802,False,screening,True,3.952396e-04
rand_n100_m100_d8_s789,C,0.01,456,0.05,0.009802,False,screening,True,3.952396e-04
rand_n100_m100_d8_s789,C,0.02,42,0.01,0.028985,True,,True,2.640988e-03
rand_n100_m100_d8_s789,C,0.02,42,0.05,0.028985,False,screening,True,2.640988e-03
rand_n100_m100_d8_s789,C,0.02,123,0.01,0.029053,True,,True,1.725621e-03
rand_n100_m100_d8_s789,C,0.02,123,0.05,0.029053,False,screening,True,1.725621e-03
rand_n100_m100_d8_s789,C,0.02,456,0.01,0.029218,True,,True,7.872793e-04
rand_n100_m100_d8_s789,C,0.02,456,0.05,0.029218,False,screening,True,7.872793e-04
rand_n100_m100_d8_s789,R,0.005,42,0.01,,True,,True,3.464383e-04
rand_n100_m100_d8_s789,R,0.005,42,0.05,,True,,True,3.464383e-04
rand_n100_m100_d8_s789,R,0.005,123,0.01,,True,,True,3.714812e-04
rand_n100_m100_d8_s789,R,0.005,123,0.05,,True,,True,3.714812e-04
rand_n100_m100_d8_s789,R,0.005,456,0.01,,True,,True,2.904841e-04
rand_n100_m100_d8_s789,R,0.005,456,0.05,,True,,True,2.904841e-04
rand_n100_m100_d8_s789,R,0.01,42,0.01,,True,,True,6.939542e-04
rand_n100_m100_d8_s789,R,0.01,42,0.05,,True,,True,6.939542e-04
rand_n100_m100_d8_s789,R,0.01,123,0.01,,True,,True,7.395985e-04
rand_n100_m100_d8_s789,R,0.01,123,0.05,,True,,True,7.395985e-04
rand_n100_m100_d8_s789,R,0.01,456,0.01,,True,,True,5.798905e-04
rand_n100_m100_d8_s789,R,0.01,456,0.05,,True,,True,5.798905e-04
rand_n100_m100_d8_s789,R,0.02,42,0.01,,True,,True,1.393509e-03
rand_n100_m100_d8_s789,R,0.02,42,0.05,,True,,True,1.393509e-03
rand_n100_m100_d8_s789,R,0.02,123,0.01,,True,,True,1.474246e-03
rand_n100_m100_d8_s789,R,0.02,123,0.05,,True,,True,1.474246e-03
rand_n100_m100_d8_s789,R,0.02,456,0.01,,True,,True,1.146656e-03
rand_n100_m100_d8_s789,R,0.02,456,0.05,,True,,True,1.146656e-03
rand_n100_m200_d3_s1024,C,0.005,42,0.01,0.000000,False,sensitivity_range,True,7.359548e-04
rand_n100_m200_d3_s1024,C,0.005,42,0.05,0.000000,False,sensitivity_range,True,7.359548e-04
rand_n100_m200_d3_s1024,C,0.005,123,0.01,0.000000,False,sensitivity_range,True,1.137816e-04
rand_n100_m200_d3_s1024,C,0.005,123,0.05,0.000000,False,sensitivity_range,True,1.137816e-04
rand_n100_m200_d3_s1024,C,0.005,456,0.01,0.000000,False,sensitivity_range,True,1.203932e-04
rand_n100_m200_d3_s1024,C,0.005,456,0.05,0.000000,False,sensitivity_range,True,1.203932e-04
rand_n100_m200_d3_s1024,C,0.01,42,0.01,0.000000,False,sensitivity_range,True,1.471910e-03
rand_n100_m200_d3_s1024,C,0.01,42,0.05,0.000000,False,sensitivity_range,True,1.471910e-03
rand_n100_m200_d3_s1024,C,0.01,123,0.01,0.000000,False,sensitivity_range,True,2.275633e-04
rand_n100_m200_d3_s1024,C,0.01,123,0.05,0.000000,False,sensitivity_range,True,2.275633e-04
rand_n100_m200_d3_s1024,C,0.01,456,0.01,0.000000,False,sensitivity_range,True,2.407864e-04
rand_n100_m200_d3_s1024,C,0.01,456,0.05,0.000000,False,sensitivity_range,True,2.407864e-04
rand_n100_m200_d3_s1024,C,0.02,42,0.01,0.000000,False,sensitivity_range,True,2.941289e-03
rand_n100_m200_d3_s1024,C,0.02,42,0.05,0.000000,False,sensitivity_range,True,2.941289e-03
rand_n100_m200_d3_s1024,C,0.02,123,0.01,0.000000,False,sensitivity_range,True,4.841345e-04
rand_n100_m200_d3_s1024,C,0.02,123,0.05,0.000000,False,sensitivity_range,True,4.841345e-04
rand_n100_m200_d3_s1024,C,0.02,456,0.01,0.000000,False,sensitivity_range,True,4.808351e-04
rand_n100_m200_d3_s1024,C,0.02,456,0.05,0.000000,False,sensitivity_range,True,4.808351e-04
rand_n100_m200_d3_s1024,R,0.005,42,0.01,,False,sensitivity_range,True,1.146200e-03
rand_n100_m200_d3_s1024,R,0.005,42,0.05,,False,sensitivity_range,True,1.146200e-03
rand_n100_m200_d3_s1024,R,0.005,123,0.01,,False,sensitivity_range,True,4.315359e-04
rand_n100_m200_d3_s1024,R,0.005,123,0.05,,False,sensitivity_range,True,4.315359e-04
rand_n100_m200_d3_s1024,R,0.005,456,0.01,,False,sensitivity_range,True,7.202059e-04
rand_n100_m200_d3_s1024,R,0.005,456,0.05,,False,sensitivity_range,True,7.202059e-04
rand_n100_m200_d3_s1024,R,0.01,42,0.01,,False,sensitivity_range,True,2.285894e-03
rand_n100_m200_d3_s1024,R,0.01,42,0.05,,False,sensitivity_range,True,2.285894e-03
rand_n100_m200_d3_s1024,R,0.01,123,0.01,,False,sensitivity_range,True,8.647919e-04
rand_n100_m200_d3_s1024,R,0.01,123,0.05,,False,sensitivity_range,True,8.647919e-04
rand_n100_m200_d3_s1024,R,0.01,456,0.01,,False,sensitivity_range,True,1.440412e-03
rand_n100_m200_d3_s1024,R,0.01,456,0.05,,False,sensitivity_range,True,1.440412e-03
rand_n100_m200_d3_s1024,R,0.02,42,0.01,,True,,True,4.546355e-03
rand_n100_m200_d3_s1024,R,0.02,42,0.05,,True,,True,4.546355e-03
rand_n100_m200_d3_s1024,R,0.02,123,0.01,,True,,True,1.737166e-03
rand_n100_m200_d3_s1024,R,0.02,123,0.05,,True,,True,1.737166e-03
rand_n100_m200_d3_s1024,R,0.02,456,0.01,,True,,True,2.905901e-03
rand_n100_m200_d3_s1024,R,0.02,456,0.05,,True,,True,2.905901e-03
rand_n100_m200_d3_s123,C,0.005,42,0.01,0.000000,False,sensitivity_range,True,2.859507e-04
rand_n100_m200_d3_s123,C,0.005,42,0.05,0.000000,False,sensitivity_range,True,2.859507e-04
rand_n100_m200_d3_s123,C,0.005,123,0.01,0.000000,False,sensitivity_range,True,7.907855e-04
rand_n100_m200_d3_s123,C,0.005,123,0.05,0.000000,False,sensitivity_range,True,7.907855e-04
rand_n100_m200_d3_s123,C,0.005,456,0.01,0.000000,False,sensitivity_range,True,1.181638e-04
rand_n100_m200_d3_s123,C,0.005,456,0.05,0.000000,False,sensitivity_range,True,1.181638e-04
rand_n100_m200_d3_s123,C,0.01,42,0.01,0.000000,False,sensitivity_range,True,5.719014e-04
rand_n100_m200_d3_s123,C,0.01,42,0.05,0.000000,False,sensitivity_range,True,5.719014e-04
rand_n100_m200_d3_s123,C,0.01,123,0.01,0.000000,False,sensitivity_range,True,1.582818e-03
rand_n100_m200_d3_s123,C,0.01,123,0.05,0.000000,False,sensitivity_range,True,1.582818e-03
rand_n100_m200_d3_s123,C,0.01,456,0.01,0.000000,False,sensitivity_range,True,2.363276e-04
rand_n100_m200_d3_s123,C,0.01,456,0.05,0.000000,False,sensitivity_range,True,2.363276e-04
rand_n100_m200_d3_s123,C,0.02,42,0.01,0.013261,False,sensitivity_range,True,1.142344e-03
rand_n100_m200_d3_s123,C,0.02,42,0.05,0.013261,False,sensitivity_range,True,1.142344e-03
rand_n100_m200_d3_s123,C,0.02,123,0.01,0.013330,True,,True,3.166882e-03
rand_n100_m200_d3_s123,C,0.02,123,0.05,0.013330,False,screening,True,3.166882e-03
rand_n100_m200_d3_s123,C,0.02,456,0.01,0.013496,True,,True,4.489406e-04
rand_n100_m200_d3_s123,C,0.02,456,0.05,0.013496,False,screening,True,4.489406e-04
rand_n100_m200_d3_s123,R,0.005,42,0.01,,True,,True,2.330813e-04
rand_n100_m200_d3_s123,R,0.005,42,0.05,,True,,True,2.330813e-04
rand_n100_m200_d3_s123,R,0.005,123,0.01,,True,,True,3.100955e-04
rand_n100_m200_d3_s123,R,0.005,123,0.05,,True,,True,3.100955e-04
rand_n100_m200_d3_s123,R,0.005,456,0.01,,True,,True,4.650015e-04
rand_n100_m200_d3_s123,R,0.005,456,0.05,,True,,True,4.650015e-04
rand_n100_m200_d3_s123,R,0.01,42,0.01,,True,,True,4.661626e-04
rand_n100_m200_d3_s123,R,0.01,42,0.05,,True,,True,4.661626e-04
rand_n100_m200_d3_s123,R,0.01,123,0.01,,True,,True,6.264229e-04
rand_n100_m200_d3_s123,R,0.01,123,0.05,,True,,True,6.264229e-04
rand_n100_m200_d3_s123,R,0.01,456,0.01,,True,,True,9.018630e-04
rand_n100_m200_d3_s123,R,0.01,456,0.05,,True,,True,9.018630e-04
rand_n100_m200_d3_s123,R,0.02,42,0.01,,True,,True,8.902834e-04
rand_n100_m200_d3_s123,R,0.02,42,0.05,,True,,True,8.902834e-04
rand_n100_m200_d3_s123,R,0.02,123,0.01,,True,,True,1.260226e-03
rand_n100_m200_d3_s123,R,0.02,123,0.05,,True,,True,1.260226e-03
rand_n100_m200_d3_s123,R,0.02,456,0.01,,True,,True,1.440403e-03
rand_n100_m200_d3_s123,R,0.02,456,0.05,,True,,True,1.440403e-03
rand_n100_m200_d3_s42,C,0.005,42,0.01,0.002152,False,sensitivity_range,True,1.092676e-03
rand_n100_m200_d3_s42,C,0.005,42,0.05,0.002152,False,sensitivity_range,True,1.092676e-03
rand_n100_m200_d3_s42,C,0.005,123,0.01,0.002169,False,sensitivity_range,True,1.999126e-04
rand_n100_m200_d3_s42,C,0.005,123,0.05,0.002169,False,sensitivity_range,True,1.999126e-04
rand_n100_m200_d3_s42,C,0.005,456,0.01,0.002211,False,sensitivity_range,True,4.518908e-04
rand_n100_m200_d3_s42,C,0.005,456,0.05,0.002211,False,sensitivity_range,True,4.518908e-04
rand_n100_m200_d3_s42,C,0.01,42,0.01,0.011934,True,,True,2.185480e-03
rand_n100_m200_d3_s42,C,0.01,42,0.05,0.011934,False,screening,True,2.185480e-03
rand_n100_m200_d3_s42,C,0.01,123,0.01,0.011968,True,,True,3.998252e-04
rand_n100_m200_d3_s42,C,0.01,123,0.05,0.011968,False,screening,True,3.998252e-04
rand_n100_m200_d3_s42,C,0.01,456,0.01,0.012052,True,,True,9.037817e-04
rand_n100_m200_d3_s42,C,0.01,456,0.05,0.012052,False,screening,True,9.037817e-04
rand_n100_m200_d3_s42,C,0.02,42,0.01,0.031214,True,,True,4.371088e-03
rand_n100_m200_d3_s42,C,0.02,42,0.05,0.031214,False,screening,True,4.371088e-03
rand_n100_m200_d3_s42,C,0.02,123,0.01,0.031282,True,,True,7.995984e-04
rand_n100_m200_d3_s42,C,0.02,123,0.05,0.031282,False,screening,True,7.995984e-04
rand_n100_m200_d3_s42,C,0.02,456,0.01,0.031446,True,,True,1.758497e-03
rand_n100_m200_d3_s42,C,0.02,456,0.05,0.031446,False,screening,True,1.758497e-03
rand_n100_m200_d3_s42,R,0.005,42,0.01,,True,,True,4.900283e-04
rand_n100_m200_d3_s42,R,0.005,42,0.05,,True,,True,4.900283e-04
rand_n100_m200_d3_s42,R,0.005,123,0.01,,True,,True,4.630964e-04
rand_n100_m200_d3_s42,R,0.005,123,0.05,,True,,True,4.630964e-04
rand_n100_m200_d3_s42,R,0.005,456,0.01,,True,,True,5.190732e-04
rand_n100_m200_d3_s42,R,0.005,456,0.05,,True,,True,5.190732e-04
rand_n100_m200_d3_s42,R,0.01,42,0.01,,True,,True,9.874684e-04
rand_n100_m200_d3_s42,R,0.01,42,0.05,,True,,True,9.874684e-04
rand_n100_m200_d3_s42,R,0.01,123,0.01,,True,,True,8.560112e-04
rand_n100_m200_d3_s42,R,0.01,123,0.05,,True,,True,8.560112e-04
rand_n100_m200_d3_s42,R,0.01,456,0.01,,True,,True,1.038146e-03
rand_n100_m200_d3_s42,R,0.01,456,0.05,,True,,True,1.038146e-03
rand_n100_m200_d3_s42,R,0.02,42,0.01,,True,,True,2.036525e-03
rand_n100_m200_d3_s42,R,0.02,42,0.05,,True,,True,2.036525e-03
rand_n100_m200_d3_s42,R,0.02,123,0.01,,True,,True,1.605724e-03
rand_n100_m200_d3_s42,R,0.02,123,0.05,,True,,True,1.605724e-03
rand_n100_m200_d3_s42,R,0.02,456,0.01,,True,,True,2.074204e-03
rand_n100_m200_d3_s42,R,0.02,456,0.05,,True,,True,2.074204e-03
rand_n100_m200_d3_s456,C,0.005,42,0.01,0.004792,False,sensitivity_range,True,2.210780e-04
rand_n100_m200_d3_s456,C,0.005,42,0.05,0.004792,False,sensitivity_range,True,2.210780e-04
rand_n100_m200_d3_s456,C,0.005,123,0.01,0.004809,False,screening,False,3.890586e-05
rand_n100_m200_d3_s456,C,0.005,123,0.05,0.004809,False,screening,False,3.890586e-05
rand_n100_m200_d3_s456,C,0.005,456,0.01,0.004852,False,sensitivity_range,True,8.704436e-04
rand_n100_m200_d3_s456,C,0.005,456,0.05,0.004852,False,sensitivity_range,True,8.704436e-04
rand_n100_m200_d3_s456,C,0.01,42,0.01,0.014561,True,,True,4.397797e-04
rand_n100_m200_d3_s456,C,0.01,42,0.05,0.014561,False,screening,True,4.397797e-04
rand_n100_m200_d3_s456,C,0.01,123,0.01,0.014596,True,,False,7.987824e-05
rand_n100_m200_d3_s456,C,0.01,123,0.05,0.014596,False,screening,False,7.987824e-05
rand_n100_m200_d3_s456,C,0.01,456,0.01,0.014679,True,,True,1.740887e-03
rand_n100_m200_d3_s456,C,0.01,456,0.05,0.014679,False,screening,True,1.740887e-03
rand_n100_m200_d3_s456,C,0.02,42,0.01,0.033815,True,,True,8.664682e-04
rand_n100_m200_d3_s456,C,0.02,42,0.05,0.033815,False,screening,True,8.664682e-04
rand_n100_m200_d3_s456,C,0.02,123,0.01,0.033883,True,,True,1.723388e-04
rand_n100_m200_d3_s456,C,0.02,123,0.05,0.033883,False,screening,True,1.723388e-04
rand_n100_m200_d3_s456,C,0.02,456,0.01,0.034047,True,,True,3.481774e-03
rand_n100_m200_d3_s456,C,0.02,456,0.05,0.034047,False,screening,True,3.481774e-03
rand_n100_m200_d3_s456,R,0.005,42,0.01,,True,,True,1.003362e-03
rand_n100_m200_d3_s456,R,0.005,42,0.05,,True,,True,1.003362e-03
rand_n100_m200_d3_s456,R,0.005,123,0.01,,True,,True,8.179263e-04
rand_n100_m200_d3_s456,R,0.005,123,0.05,,True,,True,8.179263e-04
rand_n100_m200_d3_s456,R,0.005,456,0.01,,True,,True,5.967326e-04
rand_n100_m200_d3_s456,R,0.005,456,0.05,,True,,True,5.967326e-04
rand_n100_m200_d3_s456,R,0.01,42,0.01,,True,,True,2.025647e-03
rand_n100_m200_d3_s456,R,0.01,42,0.05,,True,,True,2.025647e-03
rand_n100_m200_d3_s456,R,0.01,123,0.01,,True,,True,1.637574e-03
rand_n100_m200_d3_s456,R,0.01,123,0.05,,True,,True,1.637574e-03
rand_n100_m200_d3_s456,R,0.01,456,0.01,,True,,True,1.193234e-03
rand_n100_m200_d3_s456,R,0.01,456,0.05,,True,,True,1.193234e-03
rand_n100_m200_d3_s456,R,0.02,42,0.01,,True,,True,4.094271e-03
rand_n100_m200_d3_s456,R,0.02,42,0.05,,True,,True,4.094271e-03
rand_n100_m200_d3_s456,R,0.02,123,0.01,,True,,True,3.293142e-03
rand_n100_m200_d3_s456,R,0.02,123,0.05,,True,,True,3.293142e-03
rand_n100_m200_d3_s456,R,0.02,456,0.01,,True,,True,2.229704e-03
rand_n100_m200_d3_s456,R,0.02,456,0.05,,True,,True,2.229704e-03
rand_n100_m200_d3_s789,C,0.005,42,0.01,0.000306,False,sensitivity_range,True,2.819782e-04
rand_n100_m200_d3_s789,C,0.005,42,0.05,0.000306,False,sensitivity_range,True,2.819782e-04
rand_n100_m200_d3_s789,C,0.005,123,0.01,0.000324,False,sensitivity_range,False,1.204720e-06
rand_n100_m200_d3_s789,C,0.005,123,0.05,0.000324,False,sensitivity_range,False,1.204720e-06
rand_n100_m200_d3_s789,C,0.005,456,0.01,0.000366,False,sensitivity_range,True,2.854539e-04
rand_n100_m200_d3_s789,C,0.005,456,0.05,0.000366,False,sensitivity_range,True,2.854539e-04
rand_n100_m200_d3_s789,C,0.01,42,0.01,0.010097,True,,True,5.646129e-04
rand_n100_m200_d3_s789,C,0.01,42,0.05,0.010097,False,screening,True,5.646129e-04
rand_n100_m200_d3_s789,C,0.01,123,0.01,0.010132,False,sensitivity_range,False,2.409440e-06
rand_n100_m200_d3_s789,C,0.01,123,0.05,0.010132,False,sensitivity_range,False,2.409440e-06
rand_n100_m200_d3_s789,C,0.01,456,0.01,0.010216,False,sensitivity_range,True,5.704172e-04
rand_n100_m200_d3_s789,C,0.01,456,0.05,0.010216,False,sensitivity_range,True,5.704172e-04
rand_n100_m200_d3_s789,C,0.02,42,0.01,0.029395,True,,True,1.131779e-03
rand_n100_m200_d3_s789,C,0.02,42,0.05,0.029395,False,screening,True,1.131779e-03
rand_n100_m200_d3_s789,C,0.02,123,0.01,0.029463,True,,False,4.818880e-06
rand_n100_m200_d3_s789,C,0.02,123,0.05,0.029463,False,screening,False,4.818880e-06
rand_n100_m200_d3_s789,C,0.02,456,0.01,0.029628,True,,True,1.139234e-03
rand_n100_m200_d3_s789,C,0.02,456,0.05,0.029628,False,screening,True,1.139234e-03
rand_n100_m200_d3_s789,R,0.005,42,0.01,,True,,True,4.179602e-04
rand_n100_m200_d3_s789,R,0.005,42,0.05,,True,,True,4.179602e-04
rand_n100_m200_d3_s789,R,0.005,123,0.01,,True,,True,8.657300e-04
rand_n100_m200_d3_s789,R,0.005,123,0.05,,True,,True,8.657300e-04
rand_n100_m200_d3_s789,R,0.005,456,0.01,,True,,True,3.844126e-04
rand_n100_m200_d3_s789,R,0.005,456,0.05,,True,,True,3.844126e-04
rand_n100_m200_d3_s789,R,0.01,42,0.01,,True,,True,8.390138e-04
rand_n100_m200_d3_s789,R,0.01,42,0.05,,True,,True,8.390138e-04
rand_n100_m200_d3_s789,R,0.01,123,0.01,,True,,True,1.728708e-03
rand_n100_m200_d3_s789,R,0.01,123,0.05,,True,,True,1.728708e-03
rand_n100_m200_d3_s789,R,0.01,456,0.01,,True,,True,8.613403e-04
rand_n100_m200_d3_s789,R,0.01,456,0.05,,True,,True,8.613403e-04
rand_n100_m200_d3_s789,R,0.02,42,0.01,,True,,True,1.712478e-03
rand_n100_m200_d3_s789,R,0.02,42,0.05,,True,,True,1.712478e-03
rand_n100_m200_d3_s789,R,0.02,123,0.01,,True,,True,3.445184e-03
rand_n100_m200_d3_s789,R,0.02,123,0.05,,True,,True,3.445184e-03
rand_n100_m200_d3_s789,R,0.02,456,0.01,,True,,True,2.281348e-03
rand_n100_m200_d3_s789,R,0.02,456,0.05,,True,,True,2.281348e-03
rand_n100_m200_d5_s1024,C,0.005,42,0.01,0.007544,False,screening,True,6.565686e-04
rand_n100_m200_d5_s1024,C,0.005,42,0.05,0.007544,False,screening,True,6.565686e-04
rand_n100_m200_d5_s1024,C,0.005,123,0.01,0.007561,False,screening,True,1.932870e-04
rand_n100_m200_d5_s1024,C,0.005,123,0.05,0.007561,False,screening,True,1.932870e-04
rand_n100_m200_d5_s1024,C,0.005,456,0.01,0.007604,False,screening,True,2.416582e-04
rand_n100_m200_d5_s1024,C,0.005,456,0.05,0.007604,False,screening,True,2.416582e-04
rand_n100_m200_d5_s1024,C,0.01,42,0.01,0.017300,True,,True,1.312453e-03
rand_n100_m200_d5_s1024,C,0.01,42,0.05,0.017300,False,screening,True,1.312453e-03
rand_n100_m200_d5_s1024,C,0.01,123,0.01,0.017334,True,,True,3.876564e-04
rand_n100_m200_d5_s1024,C,0.01,123,0.05,0.017334,False,screening,True,3.876564e-04
rand_n100_m200_d5_s1024,C,0.01,456,0.01,0.017418,True,,True,4.822340e-04
rand_n100_m200_d5_s1024,C,0.01,456,0.05,0.017418,False,screening,True,4.822340e-04
rand_n100_m200_d5_s1024,C,0.02,42,0.01,0.036527,True,,True,2.624221e-03
rand_n100_m200_d5_s1024,C,0.02,42,0.05,0.036527,False,screening,True,2.624221e-03
rand_n100_m200_d5_s1024,C,0.02,123,0.01,0.036595,True,,True,7.763951e-04
rand_n100_m200_d5_s1024,C,0.02,123,0.05,0.036595,False,screening,True,7.763951e-04
rand_n100_m200_d5_s1024,C,0.02,456,0.01,0.036759,True,,True,9.633857e-04
rand_n100_m200_d5_s1024,C,0.02,456,0.05,0.036759,False,screening,True,9.633857e-04
rand_n100_m200_d5_s1024,R,0.005,42,0.01,,True,,True,7.883983e-04
rand_n100_m200_d5_s1024,R,0.005,42,0.05,,True,,True,7.883983e-04
rand_n100_m200_d5_s1024,R,0.005,123,0.01,,True,,False,4.334689e-05
rand_n100_m200_d5_s1024,R,0.005,123,0.05,,True,,False,4.334689e-05
rand_n100_m200_d5_s1024,R,0.005,456,0.01,,True,,True,7.456612e-04
rand_n100_m200_d5_s1024,R,0.005,456,0.05,,True,,True,7.456612e-04
rand_n100_m200_d5_s1024,R,0.01,42,0.01,,True,,True,1.577600e-03
rand_n100_m200_d5_s1024,R,0.01,42,0.05,,True,,True,1.577600e-03
rand_n100_m200_d5_s1024,R,0.01,123,0.01,,True,,True,1.183474e-04
rand_n100_m200_d5_s1024,R,0.01,123,0.05,,True,,True,1.183474e-04
rand_n100_m200_d5_s1024,R,0.01,456,0.01,,True,,True,1.532047e-03
rand_n100_m200_d5_s1024,R,0.01,456,0.05,,True,,True,1.532047e-03
rand_n100_m200_d5_s1024,R,0.02,42,0.01,,True,,True,3.239232e-03
rand_n100_m200_d5_s1024,R,0.02,42,0.05,,True,,True,3.239232e-03
rand_n100_m200_d5_s1024,R,0.02,123,0.01,,True,,True,3.060115e-04
rand_n100_m200_d5_s1024,R,0.02,123,0.05,,True,,True,3.060115e-04
rand_n100_m200_d5_s1024,R,0.02,456,0.01,,True,,True,3.141615e-03
rand_n100_m200_d5_s1024,R,0.02,456,0.05,,True,,True,3.141615e-03
rand_n100_m200_d5_s123,C,0.005,42,0.01,0.007331,False,screening,True,5.231650e-04
rand_n100_m200_d5_s123,C,0.005,42,0.05,0.007331,False,screening,True,5.231650e-04
rand_n100_m200_d5_s123,C,0.005,123,0.01,0.007348,False,screening,True,6.455939e-04
rand_n100_m200_d5_s123,C,0.005,123,0.05,0.007348,False,screening,True,6.455939e-04
rand_n100_m200_d5_s123,C,0.005,456,0.01,0.007391,False,screening,True,1.228950e-04
rand_n100_m200_d5_s123,C,0.005,456,0.05,0.007391,False,screening,True,1.228950e-04
rand_n100_m200_d5_s123,C,0.01,42,0.01,0.017088,True,,True,1.046330e-03
rand_n100_m200_d5_s123,C,0.01,42,0.05,0.017088,False,screening,True,1.046330e-03
rand_n100_m200_d5_s123,C,0.01,123,0.01,0.017122,True,,True,1.291577e-03
rand_n100_m200_d5_s123,C,0.01,123,0.05,0.017122,False,screening,True,1.291577e-03
rand_n100_m200_d5_s123,C,0.01,456,0.01,0.017206,True,,True,2.461917e-04
rand_n100_m200_d5_s123,C,0.01,456,0.05,0.017206,False,screening,True,2.461917e-04
rand_n100_m200_d5_s123,C,0.02,42,0.01,0.036318,True,,True,2.077488e-03
rand_n100_m200_d5_s123,C,0.02,42,0.05,0.036318,False,screening,True,2.077488e-03
rand_n100_m200_d5_s123,C,0.02,123,0.01,0.036385,True,,True,2.583556e-03
rand_n100_m200_d5_s123,C,0.02,123,0.05,0.036385,False,screening,True,2.583556e-03
rand_n100_m200_d5_s123,C,0.02,456,0.01,0.036549,True,,True,4.927851e-04
rand_n100_m200_d5_s123,C,0.02,456,0.05,0.036549,False,screening,True,4.927851e-04
rand_n100_m200_d5_s123,R,0.005,42,0.01,,True,,True,3.233468e-04
rand_n100_m200_d5_s123,R,0.005,42,0.05,,True,,True,3.233468e-04
rand_n100_m200_d5_s123,R,0.005,123,0.01,,True,,True,3.843231e-04
rand_n100_m200_d5_s123,R,0.005,123,0.05,,True,,True,3.843231e-04
rand_n100_m200_d5_s123,R,0.005,456,0.01,,True,,True,5.342944e-04
rand_n100_m200_d5_s123,R,0.005,456,0.05,,True,,True,5.342944e-04
rand_n100_m200_d5_s123,R,0.01,42,0.01,,True,,True,6.528855e-04
rand_n100_m200_d5_s123,R,0.01,42,0.05,,True,,True,6.528855e-04
rand_n100_m200_d5_s123,R,0.01,123,0.01,,True,,True,7.795558e-04
rand_n100_m200_d5_s123,R,0.01,123,0.05,,True,,True,7.795558e-04
rand_n100_m200_d5_s123,R,0.01,456,0.01,,True,,True,1.083624e-03
rand_n100_m200_d5_s123,R,0.01,456,0.05,,True,,True,1.083624e-03
rand_n100_m200_d5_s123,R,0.02,42,0.01,,True,,True,1.328468e-03
rand_n100_m200_d5_s123,R,0.02,42,0.05,,True,,True,1.328468e-03
rand_n100_m200_d5_s123,R,0.02,123,0.01,,True,,True,1.579888e-03
rand_n100_m200_d5_s123,R,0.02,123,0.05,,True,,True,1.579888e-03
rand_n100_m200_d5_s123,R,0.02,456,0.01,,True,,True,2.194688e-03
rand_n100_m200_d5_s123,R,0.02,456,0.05,,True,,True,2.194688e-03
rand_n100_m200_d5_s42,C,0.005,42,0.01,0.000000,False,sensitivity_range,True,9.890899e-04
rand_n100_m200_d5_s42,C,0.005,42,0.05,0.000000,False,sensitivity_range,True,9.890899e-04
rand_n100_m200_d5_s42,C,0.005,123,0.01,0.000000,False,sensitivity_range,True,2.938939e-04
rand_n100_m200_d5_s42,C,0.005,123,0.05,0.000000,False,sensitivity_range,True,2.938939e-04
rand_n100_m200_d5_s42,C,0.005,456,0.01,0.000000,False,sensitivity_range,True,1.200398e-04
rand_n100_m200_d5_s42,C,0.005,456,0.05,0.000000,False,sensitivity_range,True,1.200398e-04
rand_n100_m200_d5_s42,C,0.01,42,0.01,0.005399,False,sensitivity_range,True,1.978180e-03
rand_n100_m200_d5_s42,C,0.01,42,0.05,0.005399,False,sensitivity_range,True,1.978180e-03
rand_n100_m200_d5_s42,C,0.01,123,0.01,0.005434,False,sensitivity_range,True,5.838787e-04
rand_n100_m200_d5_s42,C,0.01,123,0.05,0.005434,False,sensitivity_range,True,5.838787e-04
rand_n100_m200_d5_s42,C,0.01,456,0.01,0.005518,False,sensitivity_range,True,2.400797e-04
rand_n100_m200_d5_s42,C,0.01,456,0.05,0.005518,False,sensitivity_range,True,2.400797e-04
rand_n100_m200_d5_s42,C,0.02,42,0.01,0.024742,True,,True,3.957113e-03
rand_n100_m200_d5_s42,C,0.02,42,0.05,0.024742,False,screening,True,3.957113e-03
rand_n100_m200_d5_s42,C,0.02,123,0.01,0.024811,True,,True,1.163848e-03
rand_n100_m200_d5_s42,C,0.02,123,0.05,0.024811,False,screening,True,1.163848e-03
rand_n100_m200_d5_s42,C,0.02,456,0.01,0.024975,True,,True,4.795518e-04
rand_n100_m200_d5_s42,C,0.02,456,0.05,0.024975,False,screening,True,4.795518e-04
rand_n100_m200_d5_s42,R,0.005,42,0.01,,True,,True,1.325506e-04
rand_n100_m200_d5_s42,R,0.005,42,0.05,,True,,True,1.325506e-04
rand_n100_m200_d5_s42,R,0.005,123,0.01,,True,,True,2.665910e-04
rand_n100_m200_d5_s42,R,0.005,123,0.05,,True,,True,2.665910e-04
rand_n100_m200_d5_s42,R,0.005,456,0.01,,True,,True,9.150274e-04
rand_n100_m200_d5_s42,R,0.005,456,0.05,,True,,True,9.150274e-04
rand_n100_m200_d5_s42,R,0.01,42,0.01,,True,,True,2.644845e-04
rand_n100_m200_d5_s42,R,0.01,42,0.05,,True,,True,2.644845e-04
rand_n100_m200_d5_s42,R,0.01,123,0.01,,True,,True,5.183034e-04
rand_n100_m200_d5_s42,R,0.01,123,0.05,,True,,True,5.183034e-04
rand_n100_m200_d5_s42,R,0.01,456,0.01,,True,,True,1.820277e-03
rand_n100_m200_d5_s42,R,0.01,456,0.05,,True,,True,1.820277e-03
rand_n100_m200_d5_s42,R,0.02,42,0.01,,True,,True,5.147250e-04
rand_n100_m200_d5_s42,R,0.02,42,0.05,,True,,True,5.147250e-04
rand_n100_m200_d5_s42,R,0.02,123,0.01,,True,,True,6.845746e-04
rand_n100_m200_d5_s42,R,0.02,123,0.05,,True,,True,6.845746e-04
rand_n100_m200_d5_s42,R,0.02,456,0.01,,True,,True,3.564933e-03
rand_n100_m200_d5_s42,R,0.02,456,0.05,,True,,True,3.564933e-03
rand_n100_m200_d5_s456,C,0.005,42,0.01,0.000000,False,sensitivity_range,True,4.246996e-04
rand_n100_m200_d5_s456,C,0.005,42,0.05,0.000000,False,sensitivity_range,True,4.246996e-04
rand_n100_m200_d5_s456,C,0.005,123,0.01,0.000000,False,sensitivity_range,False,6.242365e-06
rand_n100_m200_d5_s456,C,0.005,123,0.05,0.000000,False,sensitivity_range,False,6.242365e-06
rand_n100_m200_d5_s456,C,0.005,456,0.01,0.000000,False,sensitivity_range,True,8.053573e-04
rand_n100_m200_d5_s456,C,0.005,456,0.05,0.000000,False,sensitivity_range,True,8.053573e-04
rand_n100_m200_d5_s456,C,0.01,42,0.01,0.001974,False,screening,True,8.377721e-04
rand_n100_m200_d5_s456,C,0.01,42,0.05,0.001974,False,screening,True,8.377721e-04
rand_n100_m200_d5_s456,C,0.01,123,0.01,0.002009,False,sensitivity_range,False,1.248473e-05
rand_n100_m200_d5_s456,C,0.01,123,0.05,0.002009,False,sensitivity_range,False,1.248473e-05
rand_n100_m200_d5_s456,C,0.01,456,0.01,0.002093,False,sensitivity_range,True,1.610715e-03
rand_n100_m200_d5_s456,C,0.01,456,0.05,0.002093,False,sensitivity_range,True,1.610715e-03
rand_n100_m200_d5_s456,C,0.02,42,0.01,0.021350,True,,True,1.659900e-03
rand_n100_m200_d5_s456,C,0.02,42,0.05,0.021350,False,screening,True,1.659900e-03
rand_n100_m200_d5_s456,C,0.02,123,0.01,0.021419,True,,False,2.500529e-05
rand_n100_m200_d5_s456,C,0.02,123,0.05,0.021419,False,screening,False,2.500529e-05
rand_n100_m200_d5_s456,C,0.02,456,0.01,0.021584,True,,True,3.221429e-03
rand_n100_m200_d5_s456,C,0.02,456,0.05,0.021584,False,screening,True,3.221429e-03
rand_n100_m200_d5_s456,R,0.005,42,0.01,,True,,True,1.955563e-04
rand_n100_m200_d5_s456,R,0.005,42,0.05,,True,,True,1.955563e-04
rand_n100_m200_d5_s456,R,0.005,123,0.01,,True,,True,2.814841e-04
rand_n100_m200_d5_s456,R,0.005,123,0.05,,True,,True,2.814841e-04
rand_n100_m200_d5_s456,R,0.005,456,0.01,,True,,True,9.548432e-04
rand_n100_m200_d5_s456,R,0.005,456,0.05,,True,,True,9.548432e-04
rand_n100_m200_d5_s456,R,0.01,42,0.01,,True,,True,3.911125e-04
rand_n100_m200_d5_s456,R,0.01,42,0.05,,True,,True,3.911125e-04
rand_n100_m200_d5_s456,R,0.01,123,0.01,,True,,True,5.502722e-04
rand_n100_m200_d5_s456,R,0.01,123,0.05,,True,,True,5.502722e-04
rand_n100_m200_d5_s456,R,0.01,456,0.01,,True,,True,1.915573e-03
rand_n100_m200_d5_s456,R,0.01,456,0.05,,True,,True,1.915573e-03
rand_n100_m200_d5_s456,R,0.02,42,0.01,,True,,True,7.822251e-04
rand_n100_m200_d5_s456,R,0.02,42,0.05,,True,,True,7.822251e-04
rand_n100_m200_d5_s456,R,0.02,123,0.01,,True,,True,1.077771e-03
rand_n100_m200_d5_s456,R,0.02,123,0.05,,True,,True,1.077771e-03
rand_n100_m200_d5_s456,R,0.02,456,0.01,,True,,True,3.900986e-03
rand_n100_m200_d5_s456,R,0.02,456,0.05,,True,,True,3.900986e-03
rand_n100_m200_d5_s789,C,0.005,42,0.01,0.003283,False,sensitivity_range,True,1.724196e-04
rand_n100_m200_d5_s789,C,0.005,42,0.05,0.003283,False,sensitivity_range,True,1.724196e-04
rand_n100_m200_d5_s789,C,0.005,123,0.01,0.003300,False,sensitivity_range,True,1.770084e-04
rand_n100_m200_d5_s789,C,0.005,123,0.05,0.003300,False,sensitivity_range,True,1.770084e-04
rand_n100_m200_d5_s789,C,0.005,456,0.01,0.003343,False,sensitivity_range,True,3.945456e-04
rand_n100_m200_d5_s789,C,0.005,456,0.05,0.003343,False,sensitivity_range,True,3.945456e-04
rand_n100_m200_d5_s789,C,0.01,42,0.01,0.013059,True,,True,3.490535e-04
rand_n100_m200_d5_s789,C,0.01,42,0.05,0.013059,False,screening,True,3.490535e-04
rand_n100_m200_d5_s789,C,0.01,123,0.01,0.013094,True,,True,3.540167e-04
rand_n100_m200_d5_s789,C,0.01,123,0.05,0.013094,False,screening,True,3.540167e-04
rand_n100_m200_d5_s789,C,0.01,456,0.01,0.013178,True,,True,7.849295e-04
rand_n100_m200_d5_s789,C,0.01,456,0.05,0.013178,False,screening,True,7.849295e-04
rand_n100_m200_d5_s789,C,0.02,42,0.01,0.032328,True,,True,7.023901e-04
rand_n100_m200_d5_s789,C,0.02,42,0.05,0.032328,False,screening,True,7.023901e-04
rand_n100_m200_d5_s789,C,0.02,123,0.01,0.032396,True,,True,7.080334e-04
rand_n100_m200_d5_s789,C,0.02,123,0.05,0.032396,False,screening,True,7.080334e-04
rand_n100_m200_d5_s789,C,0.02,456,0.01,0.032560,True,,True,1.565697e-03
rand_n100_m200_d5_s789,C,0.02,456,0.05,0.032560,False,screening,True,1.565697e-03
rand_n100_m200_d5_s789,R,0.005,42,0.01,,True,,True,2.950947e-04
rand_n100_m200_d5_s789,R,0.005,42,0.05,,True,,True,2.950947e-04
rand_n100_m200_d5_s789,R,0.005,123,0.01,,True,,True,5.074529e-04
rand_n100_m200_d5_s789,R,0.005,123,0.05,,True,,True,5.074529e-04
rand_n100_m200_d5_s789,R,0.005,456,0.01,,True,,True,3.574799e-04
rand_n100_m200_d5_s789,R,0.005,456,0.05,,True,,True,3.574799e-04
rand_n100_m200_d5_s789,R,0.01,42,0.01,,True,,True,6.231885e-04
rand_n100_m200_d5_s789,R,0.01,42,0.05,,True,,True,6.231885e-04
rand_n100_m200_d5_s789,R,0.01,123,0.01,,True,,True,1.003276e-03
rand_n100_m200_d5_s789,R,0.01,123,0.05,,True,,True,1.003276e-03
rand_n100_m200_d5_s789,R,0.01,456,0.01,,True,,True,6.939778e-04
rand_n100_m200_d5_s789,R,0.01,456,0.05,,True,,True,6.939778e-04
rand_n100_m200_d5_s789,R,0.02,42,0.01,,True,,True,1.415300e-03
rand_n100_m200_d5_s789,R,0.02,42,0.05,,True,,True,1.415300e-03
rand_n100_m200_d5_s789,R,0.02,123,0.01,,True,,True,1.780521e-03
rand_n100_m200_d5_s789,R,0.02,123,0.05,,True,,True,1.780521e-03
rand_n100_m200_d5_s789,R,0.02,456,0.01,,True,,True,1.290380e-03
rand_n100_m200_d5_s789,R,0.02,456,0.05,,True,,True,1.290380e-03
rand_n100_m200_d8_s1024,C,0.005,42,0.01,0.000902,False,screening,True,7.840883e-04
rand_n100_m200_d8_s1024,C,0.005,42,0.05,0.000902,False,screening,True,7.840883e-04
rand_n100_m200_d8_s1024,C,0.005,123,0.01,0.000919,False,sensitivity_range,False,9.636033e-05
rand_n100_m200_d8_s1024,C,0.005,123,0.05,0.000919,False,sensitivity_range,False,9.636033e-05
rand_n100_m200_d8_s1024,C,0.005,456,0.01,0.000962,False,sensitivity_range,False,7.000012e-05
rand_n100_m200_d8_s1024,C,0.005,456,0.05,0.000962,False,sensitivity_range,False,7.000012e-05
rand_n100_m200_d8_s1024,C,0.01,42,0.01,0.010690,True,,True,1.565772e-03
rand_n100_m200_d8_s1024,C,0.01,42,0.05,0.010690,False,screening,True,1.565772e-03
rand_n100_m200_d8_s1024,C,0.01,123,0.01,0.010725,True,,True,2.018908e-04
rand_n100_m200_d8_s1024,C,0.01,123,0.05,0.010725,False,screening,True,2.018908e-04
rand_n100_m200_d8_s1024,C,0.01,456,0.01,0.010809,True,,True,1.387538e-04
rand_n100_m200_d8_s1024,C,0.01,456,0.05,0.010809,False,screening,True,1.387538e-04
rand_n100_m200_d8_s1024,C,0.02,42,0.01,0.029982,True,,True,3.129139e-03
rand_n100_m200_d8_s1024,C,0.02,42,0.05,0.029982,False,screening,True,3.129139e-03
rand_n100_m200_d8_s1024,C,0.02,123,0.01,0.030050,True,,True,4.257209e-04
rand_n100_m200_d8_s1024,C,0.02,123,0.05,0.030050,False,screening,True,4.257209e-04
rand_n100_m200_d8_s1024,C,0.02,456,0.01,0.030214,True,,True,2.359678e-04
rand_n100_m200_d8_s1024,C,0.02,456,0.05,0.030214,False,screening,True,2.359678e-04
rand_n100_m200_d8_s1024,R,0.005,42,0.01,,False,sensitivity_range,True,8.341782e-04
rand_n100_m200_d8_s1024,R,0.005,42,0.05,,False,sensitivity_range,True,8.341782e-04
rand_n100_m200_d8_s1024,R,0.005,123,0.01,,True,,True,2.404779e-04
rand_n100_m200_d8_s1024,R,0.005,123,0.05,,True,,True,2.404779e-04
rand_n100_m200_d8_s1024,R,0.005,456,0.01,,True,,True,2.770143e-04
rand_n100_m200_d8_s1024,R,0.005,456,0.05,,True,,True,2.770143e-04
rand_n100_m200_d8_s1024,R,0.01,42,0.01,,True,,True,1.690167e-03
rand_n100_m200_d8_s1024,R,0.01,42,0.05,,True,,True,1.690167e-03
rand_n100_m200_d8_s1024,R,0.01,123,0.01,,True,,True,5.012619e-04
rand_n100_m200_d8_s1024,R,0.01,123,0.05,,True,,True,5.012619e-04
rand_n100_m200_d8_s1024,R,0.01,456,0.01,,True,,True,6.056493e-04
rand_n100_m200_d8_s1024,R,0.01,456,0.05,,True,,True,6.056493e-04
rand_n100_m200_d8_s1024,R,0.02,42,0.01,,True,,True,3.489626e-03
rand_n100_m200_d8_s1024,R,0.02,42,0.05,,True,,True,3.489626e-03
rand_n100_m200_d8_s1024,R,0.02,123,0.01,,True,,True,1.099724e-03
rand_n100_m200_d8_s1024,R,0.02,123,0.05,,True,,True,1.099724e-03
rand_n100_m200_d8_s1024,R,0.02,456,0.01,,True,,True,1.278717e-03
rand_n100_m200_d8_s1024,R,0.02,456,0.05,,True,,True,1.278717e-03
rand_n100_m200_d8_s123,C,0.005,42,0.01,0.007172,False,screening,True,6.056681e-04
rand_n100_m200_d8_s123,C,0.005,42,0.05,0.007172,False,screening,True,6.056681e-04
rand_n100_m200_d8_s123,C,0.005,123,0.01,0.007190,False,screening,True,6.767839e-04
rand_n100_m200_d8_s123,C,0.005,123,0.05,0.007190,False,screening,True,6.767839e-04
rand_n100_m200_d8_s123,C,0.005,456,0.01,0.007232,False,screening,False,3.130860e-05
rand_n100_m200_d8_s123,C,0.005,456,0.05,0.007232,False,screening,False,3.130860e-05
rand_n100_m200_d8_s123,C,0.01,42,0.01,0.016930,True,,True,1.211336e-03
rand_n100_m200_d8_s123,C,0.01,42,0.05,0.016930,False,screening,True,1.211336e-03
rand_n100_m200_d8_s123,C,0.01,123,0.01,0.016965,True,,True,1.353672e-03
rand_n100_m200_d8_s123,C,0.01,123,0.05,0.016965,False,screening,True,1.353672e-03
rand_n100_m200_d8_s123,C,0.01,456,0.01,0.017048,True,,False,5.126866e-05
rand_n100_m200_d8_s123,C,0.01,456,0.05,0.017048,False,screening,False,5.126866e-05
rand_n100_m200_d8_s123,C,0.02,42,0.01,0.036161,True,,True,2.401419e-03
rand_n100_m200_d8_s123,C,0.02,42,0.05,0.036161,False,screening,True,2.401419e-03
rand_n100_m200_d8_s123,C,0.02,123,0.01,0.036229,True,,True,2.709924e-03
rand_n100_m200_d8_s123,C,0.02,123,0.05,0.036229,False,screening,True,2.709924e-03
rand_n100_m200_d8_s123,C,0.02,456,0.01,0.036393,True,,False,7.771656e-05
rand_n100_m200_d8_s123,C,0.02,456,0.05,0.036393,False,screening,False,7.771656e-05
rand_n100_m200_d8_s123,R,0.005,42,0.01,,True,,True,1.249017e-03
rand_n100_m200_d8_s123,R,0.005,42,0.05,,True,,True,1.249017e-03
rand_n100_m200_d8_s123,R,0.005,123,0.01,,True,,True,1.057614e-03
rand_n100_m200_d8_s123,R,0.005,123,0.05,,True,,True,1.057614e-03
rand_n100_m200_d8_s123,R,0.005,456,0.01,,True,,True,3.575156e-04
rand_n100_m200_d8_s123,R,0.005,456,0.05,,True,,True,3.575156e-04
rand_n100_m200_d8_s123,R,0.01,42,0.01,,True,,True,2.529851e-03
rand_n100_m200_d8_s123,R,0.01,42,0.05,,True,,True,2.529851e-03
rand_n100_m200_d8_s123,R,0.01,123,0.01,,True,,True,2.146503e-03
rand_n100_m200_d8_s123,R,0.01,123,0.05,,True,,True,2.146503e-03
rand_n100_m200_d8_s123,R,0.01,456,0.01,,True,,True,7.356165e-04
rand_n100_m200_d8_s123,R,0.01,456,0.05,,True,,True,7.356165e-04
rand_n100_m200_d8_s123,R,0.02,42,0.01,,True,,True,5.381169e-03
rand_n100_m200_d8_s123,R,0.02,42,0.05,,True,,True,5.381169e-03
rand_n100_m200_d8_s123,R,0.02,123,0.01,,True,,True,4.573610e-03
rand_n100_m200_d8_s123,R,0.02,123,0.05,,True,,True,4.573610e-03
rand_n100_m200_d8_s123,R,0.02,456,0.01,,True,,True,1.725221e-03
rand_n100_m200_d8_s123,R,0.02,456,0.05,,True,,True,1.725221e-03
rand_n100_m200_d8_s42,C,0.005,42,0.01,0.008524,False,screening,True,1.139417e-03
rand_n100_m200_d8_s42,C,0.005,42,0.05,0.008524,False,screening,True,1.139417e-03
rand_n100_m200_d8_s42,C,0.005,123,0.01,0.008541,False,screening,True,2.823566e-04
rand_n100_m200_d8_s42,C,0.005,123,0.05,0.008541,False,screening,True,2.823566e-04
rand_n100_m200_d8_s42,C,0.005,456,0.01,0.008584,False,screening,True,2.882775e-04
rand_n100_m200_d8_s42,C,0.005,456,0.05,0.008584,False,screening,True,2.882775e-04
rand_n100_m200_d8_s42,C,0.01,42,0.01,0.018275,True,,True,2.285755e-03
rand_n100_m200_d8_s42,C,0.01,42,0.05,0.018275,False,screening,True,2.285755e-03
rand_n100_m200_d8_s42,C,0.01,123,0.01,0.018309,True,,True,5.577919e-04
rand_n100_m200_d8_s42,C,0.01,123,0.05,0.018309,False,screening,True,5.577919e-04
rand_n100_m200_d8_s42,C,0.01,456,0.01,0.018393,True,,True,5.746105e-04
rand_n100_m200_d8_s42,C,0.01,456,0.05,0.018393,False,screening,True,5.746105e-04
rand_n100_m200_d8_s42,C,0.02,42,0.01,0.037493,True,,True,4.583583e-03
rand_n100_m200_d8_s42,C,0.02,42,0.05,0.037493,False,screening,True,4.583583e-03
rand_n100_m200_d8_s42,C,0.02,123,0.01,0.037561,True,,True,1.108663e-03
rand_n100_m200_d8_s42,C,0.02,123,0.05,0.037561,False,screening,True,1.108663e-03
rand_n100_m200_d8_s42,C,0.02,456,0.01,0.037725,True,,True,1.145487e-03
rand_n100_m200_d8_s42,C,0.02,456,0.05,0.037725,False,screening,True,1.145487e-03
rand_n100_m200_d8_s42,R,0.005,42,0.01,,True,,True,8.111372e-04
rand_n100_m200_d8_s42,R,0.005,42,0.05,,True,,True,8.111372e-04
rand_n100_m200_d8_s42,R,0.005,123,0.01,,True,,True,2.574241e-04
rand_n100_m200_d8_s42,R,0.005,123,0.05,,True,,True,2.574241e-04
rand_n100_m200_d8_s42,R,0.005,456,0.01,,True,,True,2.120046e-03
rand_n100_m200_d8_s42,R,0.005,456,0.05,,True,,True,2.120046e-03
rand_n100_m200_d8_s42,R,0.01,42,0.01,,True,,True,1.631932e-03
rand_n100_m200_d8_s42,R,0.01,42,0.05,,True,,True,1.631932e-03
rand_n100_m200_d8_s42,R,0.01,123,0.01,,True,,True,5.138303e-04
rand_n100_m200_d8_s42,R,0.01,123,0.05,,True,,True,5.138303e-04
rand_n100_m200_d8_s42,R,0.01,456,0.01,,True,,True,4.235395e-03
rand_n100_m200_d8_s42,R,0.01,456,0.05,,True,,True,4.235395e-03
rand_n100_m200_d8_s42,R,0.02,42,0.01,,True,,True,3.288827e-03
rand_n100_m200_d8_s42,R,0.02,42,0.05,,True,,True,3.288827e-03
rand_n100_m200_d8_s42,R,0.02,123,0.01,,True,,True,1.014480e-03
rand_n100_m200_d8_s42,R,0.02,123,0.05,,True,,True,1.014480e-03
rand_n100_m200_d8_s42,R,0.02,456,0.01,,True,,True,8.456532e-03
rand_n100_m200_d8_s42,R,0.02,456,0.05,,True,,True,8.456532e-03
rand_n100_m200_d8_s456,C,0.005,42,0.01,0.009658,False,screening,True,5.460900e-04
rand_n100_m200_d8_s456,C,0.005,42,0.05,0.009658,False,screening,True,5.460900e-04
rand_n100_m200_d8_s456,C,0.005,123,0.01,0.009676,False,screening,False,7.319049e-06
rand_n100_m200_d8_s456,C,0.005,123,0.05,0.009676,False,screening,False,7.319049e-06
rand_n100_m200_d8_s456,C,0.005,456,0.01,0.009718,False,screening,True,9.194042e-04
rand_n100_m200_d8_s456,C,0.005,456,0.05,0.009718,False,screening,True,9.194042e-04
rand_n100_m200_d8_s456,C,0.01,42,0.01,0.019404,True,,True,1.090941e-03
rand_n100_m200_d8_s456,C,0.01,42,0.05,0.019404,False,screening,True,1.090941e-03
rand_n100_m200_d8_s456,C,0.01,123,0.01,0.019438,True,,False,1.449193e-05
rand_n100_m200_d8_s456,C,0.01,123,0.05,0.019438,False,screening,False,1.449193e-05
rand_n100_m200_d8_s456,C,0.01,456,0.01,0.019522,True,,True,1.838816e-03
rand_n100_m200_d8_s456,C,0.01,456,0.05,0.019522,False,screening,True,1.838816e-03
rand_n100_m200_d8_s456,C,0.02,42,0.01,0.038611,True,,True,2.137890e-03
rand_n100_m200_d8_s456,C,0.02,42,0.05,0.038611,False,screening,True,2.137890e-03
rand_n100_m200_d8_s456,C,0.02,123,0.01,0.038679,True,,False,2.835882e-05
rand_n100_m200_d8_s456,C,0.02,123,0.05,0.038679,False,screening,False,2.835882e-05
rand_n100_m200_d8_s456,C,0.02,456,0.01,0.038842,True,,True,3.677639e-03
rand_n100_m200_d8_s456,C,0.02,456,0.05,0.038842,False,screening,True,3.677639e-03
rand_n100_m200_d8_s456,R,0.005,42,0.01,,True,,True,3.079823e-04
rand_n100_m200_d8_s456,R,0.005,42,0.05,,True,,True,3.079823e-04
rand_n100_m200_d8_s456,R,0.005,123,0.01,,True,,True,3.477293e-04
rand_n100_m200_d8_s456,R,0.005,123,0.05,,True,,True,3.477293e-04
rand_n100_m200_d8_s456,R,0.005,456,0.01,,True,,True,3.171184e-04
rand_n100_m200_d8_s456,R,0.005,456,0.05,,True,,True,3.171184e-04
rand_n100_m200_d8_s456,R,0.01,42,0.01,,True,,True,6.174336e-04
rand_n100_m200_d8_s456,R,0.01,42,0.05,,True,,True,6.174336e-04
rand_n100_m200_d8_s456,R,0.01,123,0.01,,True,,True,7.035033e-04
rand_n100_m200_d8_s456,R,0.01,123,0.05,,True,,True,7.035033e-04
rand_n100_m200_d8_s456,R,0.01,456,0.01,,True,,True,6.873440e-04
rand_n100_m200_d8_s456,R,0.01,456,0.05,,True,,True,6.873440e-04
rand_n100_m200_d8_s456,R,0.02,42,0.01,,True,,True,1.236336e-03
rand_n100_m200_d8_s456,R,0.02,42,0.05,,True,,True,1.236336e-03
rand_n100_m200_d8_s456,R,0.02,123,0.01,,True,,True,1.418427e-03
rand_n100_m200_d8_s456,R,0.02,123,0.05,,True,,True,1.418427e-03
rand_n100_m200_d8_s456,R,0.02,456,0.01,,True,,True,1.608181e-03
rand_n100_m200_d8_s456,R,0.02,456,0.05,,True,,True,1.608181e-03
rand_n100_m200_d8_s789,C,0.005,42,0.01,0.000000,False,sensitivity_range,True,2.212003e-04
rand_n100_m200_d8_s789,C,0.005,42,0.05,0.000000,False,sensitivity_range,True,2.212003e-04
rand_n100_m200_d8_s789,C,0.005,123,0.01,0.000000,False,sensitivity_range,False,8.412736e-05
rand_n100_m200_d8_s789,C,0.005,123,0.05,0.000000,False,sensitivity_range,False,8.412736e-05
rand_n100_m200_d8_s789,C,0.005,456,0.01,0.000000,False,sensitivity_range,True,6.190903e-04
rand_n100_m200_d8_s789,C,0.005,456,0.05,0.000000,False,sensitivity_range,True,6.190903e-04
rand_n100_m200_d8_s789,C,0.01,42,0.01,0.000000,False,sensitivity_range,True,4.424006e-04
rand_n100_m200_d8_s789,C,0.01,42,0.05,0.000000,False,sensitivity_range,True,4.424006e-04
rand_n100_m200_d8_s789,C,0.01,123,0.01,0.000000,False,sensitivity_range,True,1.682547e-04
rand_n100_m200_d8_s789,C,0.01,123,0.05,0.000000,False,sensitivity_range,True,1.682547e-04
rand_n100_m200_d8_s789,C,0.01,456,0.01,0.000000,False,sensitivity_range,True,1.238181e-03
rand_n100_m200_d8_s789,C,0.01,456,0.05,0.000000,False,sensitivity_range,True,1.238181e-03
rand_n100_m200_d8_s789,C,0.02,42,0.01,0.000000,False,sensitivity_range,True,8.848012e-04
rand_n100_m200_d8_s789,C,0.02,42,0.05,0.000000,False,sensitivity_range,True,8.848012e-04
rand_n100_m200_d8_s789,C,0.02,123,0.01,0.000000,False,sensitivity_range,True,3.365094e-04
rand_n100_m200_d8_s789,C,0.02,123,0.05,0.000000,False,sensitivity_range,True,3.365094e-04
rand_n100_m200_d8_s789,C,0.02,456,0.01,0.000000,False,sensitivity_range,True,2.476361e-03
rand_n100_m200_d8_s789,C,0.02,456,0.05,0.000000,False,sensitivity_range,True,2.476361e-03
rand_n100_m200_d8_s789,R,0.005,42,0.01,,True,,True,1.911510e-04
rand_n100_m200_d8_s789,R,0.005,42,0.05,,True,,True,1.911510e-04
rand_n100_m200_d8_s789,R,0.005,123,0.01,,True,,True,6.229584e-04
rand_n100_m200_d8_s789,R,0.005,123,0.05,,True,,True,6.229584e-04
rand_n100_m200_d8_s789,R,0.005,456,0.01,,True,,False,8.941671e-05
rand_n100_m200_d8_s789,R,0.005,456,0.05,,True,,False,8.941671e-05
rand_n100_m200_d8_s789,R,0.01,42,0.01,,True,,True,3.198727e-04
rand_n100_m200_d8_s789,R,0.01,42,0.05,,True,,True,3.198727e-04
rand_n100_m200_d8_s789,R,0.01,123,0.01,,True,,True,1.268676e-03
rand_n100_m200_d8_s789,R,0.01,123,0.05,,True,,True,1.268676e-03
rand_n100_m200_d8_s789,R,0.01,456,0.01,,True,,True,1.735199e-04
rand_n100_m200_d8_s789,R,0.01,456,0.05,,True,,True,1.735199e-04
rand_n100_m200_d8_s789,R,0.02,42,0.01,,True,,True,5.773161e-04
rand_n100_m200_d8_s789,R,0.02,42,0.05,,True,,True,5.773161e-04
rand_n100_m200_d8_s789,R,0.02,123,0.01,,True,,True,2.883662e-03
rand_n100_m200_d8_s789,R,0.02,123,0.05,,True,,True,2.883662e-03
rand_n100_m200_d8_s789,R,0.02,456,0.01,,True,,True,2.410175e-04
rand_n100_m200_d8_s789,R,0.02,456,0.05,,True,,True,2.410175e-04
rand_n10_m10_d3_s1024,C,0.005,42,0.01,0.000000,False,sensitivity_range,True,5.553994e-04
rand_n10_m10_d3_s1024,C,0.005,42,0.05,0.000000,False,sensitivity_range,True,5.553994e-04
rand_n10_m10_d3_s1024,C,0.005,123,0.01,0.000000,False,sensitivity_range,True,3.987434e-04
rand_n10_m10_d3_s1024,C,0.005,123,0.05,0.000000,False,sensitivity_range,True,3.987434e-04
rand_n10_m10_d3_s1024,C,0.005,456,0.01,0.000000,False,sensitivity_range,True,7.145053e-04
rand_n10_m10_d3_s1024,C,0.005,456,0.05,0.000000,False,sensitivity_range,True,7.145053e-04
rand_n10_m10_d3_s1024,C,0.01,42,0.01,0.000000,False,sensitivity_range,True,1.110799e-03
rand_n10_m10_d3_s1024,C,0.01,42,0.05,0.000000,False,sensitivity_range,True,1.110799e-03
rand_n10_m10_d3_s1024,C,0.01,123,0.01,0.000000,False,sensitivity_range,True,7.974869e-04
rand_n10_m10_d3_s1024,C,0.01,123,0.05,0.000000,False,sensitivity_range,True,7.974869e-04
rand_n10_m10_d3_s1024,C,0.01,456,0.01,0.000000,False,sensitivity_range,True,1.429011e-03
rand_n10_m10_d3_s1024,C,0.01,456,0.05,0.000000,False,sensitivity_range,True,1.429011e-03
rand_n10_m10_d3_s1024,C,0.02,42,0.01,0.002227,False,sensitivity_range,True,2.114161e-03
rand_n10_m10_d3_s1024,C,0.02,42,0.05,0.002227,False,sensitivity_range,True,2.114161e-03
rand_n10_m10_d3_s1024,C,0.02,123,0.01,0.004583,False,sensitivity_range,True,1.594974e-03
rand_n10_m10_d3_s1024,C,0.02,123,0.05,0.004583,False,sensitivity_range,True,1.594974e-03
rand_n10_m10_d3_s1024,C,0.02,456,0.01,0.000000,False,sensitivity_range,True,2.858021e-03
rand_n10_m10_d3_s1024,C,0.02,456,0.05,0.000000,False,sensitivity_range,True,2.858021e-03
rand_n10_m10_d3_s1024,R,0.005,42,0.01,,False,sensitivity_range,True,5.583696e-04
rand_n10_m10_d3_s1024,R,0.005,42,0.05,,False,sensitivity_range,True,5.583696e-04
rand_n10_m10_d3_s1024,R,0.005,123,0.01,,False,sensitivity_range,False,7.258712e-05
rand_n10_m10_d3_s1024,R,0.005,123,0.05,,False,sensitivity_range,False,7.258712e-05
rand_n10_m10_d3_s1024,R,0.005,456,0.01,,False,sensitivity_range,True,1.017194e-04
rand_n10_m10_d3_s1024,R,0.005,456,0.05,,False,sensitivity_range,True,1.017194e-04
rand_n10_m10_d3_s1024,R,0.01,42,0.01,,False,sensitivity_range,True,1.116739e-03
rand_n10_m10_d3_s1024,R,0.01,42,0.05,,False,sensitivity_range,True,1.116739e-03
rand_n10_m10_d3_s1024,R,0.01,123,0.01,,False,sensitivity_range,True,1.451742e-04
rand_n10_m10_d3_s1024,R,0.01,123,0.05,,False,sensitivity_range,True,1.451742e-04
rand_n10_m10_d3_s1024,R,0.01,456,0.01,,False,sensitivity_range,True,2.034387e-04
rand_n10_m10_d3_s1024,R,0.01,456,0.05,,False,sensitivity_range,True,2.034387e-04
rand_n10_m10_d3_s1024,R,0.02,42,0.01,,False,sensitivity_range,True,2.233478e-03
rand_n10_m10_d3_s1024,R,0.02,42,0.05,,False,sensitivity_range,True,2.233478e-03
rand_n10_m10_d3_s1024,R,0.02,123,0.01,,False,sensitivity_range,True,2.903485e-04
rand_n10_m10_d3_s1024,R,0.02,123,0.05,,False,sensitivity_range,True,2.903485e-04
rand_n10_m10_d3_s1024,R,0.02,456,0.01,,False,sensitivity_range,True,4.068774e-04
rand_n10_m10_d3_s1024,R,0.02,456,0.05,,False,sensitivity_range,True,4.068774e-04
rand_n10_m10_d3_s123,C,0.005,42,0.01,0.000000,False,sensitivity_range,True,1.324023e-04
rand_n10_m10_d3_s123,C,0.005,42,0.05,0.000000,False,sensitivity_range,True,1.324023e-04
rand_n10_m10_d3_s123,C,0.005,123,0.01,0.000000,False,sensitivity_range,True,8.565310e-04
rand_n10_m10_d3_s123,C,0.005,123,0.05,0.000000,False,sensitivity_range,True,8.565310e-04
rand_n10_m10_d3_s123,C,0.005,456,0.01,0.000000,False,sensitivity_range,True,3.713634e-04
rand_n10_m10_d3_s123,C,0.005,456,0.05,0.000000,False,sensitivity_range,True,3.713634e-04
rand_n10_m10_d3_s123,C,0.01,42,0.01,0.000000,False,sensitivity_range,True,2.648045e-04
rand_n10_m10_d3_s123,C,0.01,42,0.05,0.000000,False,sensitivity_range,True,2.648045e-04
rand_n10_m10_d3_s123,C,0.01,123,0.01,0.000000,False,sensitivity_range,True,1.713062e-03
rand_n10_m10_d3_s123,C,0.01,123,0.05,0.000000,False,sensitivity_range,True,1.713062e-03
rand_n10_m10_d3_s123,C,0.01,456,0.01,0.000000,False,sensitivity_range,True,7.427268e-04
rand_n10_m10_d3_s123,C,0.01,456,0.05,0.000000,False,sensitivity_range,True,7.427268e-04
rand_n10_m10_d3_s123,C,0.02,42,0.01,0.000000,False,sensitivity_range,True,5.296091e-04
rand_n10_m10_d3_s123,C,0.02,42,0.05,0.000000,False,sensitivity_range,True,5.296091e-04
rand_n10_m10_d3_s123,C,0.02,123,0.01,0.000000,False,sensitivity_range,True,3.426124e-03
rand_n10_m10_d3_s123,C,0.02,123,0.05,0.000000,False,sensitivity_range,True,3.426124e-03
rand_n10_m10_d3_s123,C,0.02,456,0.01,0.000000,False,sensitivity_range,True,1.485454e-03
rand_n10_m10_d3_s123,C,0.02,456,0.05,0.000000,False,sensitivity_range,True,1.485454e-03
rand_n10_m10_d3_s123,R,0.005,42,0.01,,False,sensitivity_range,True,2.663218e-04
rand_n10_m10_d3_s123,R,0.005,42,0.05,,False,sensitivity_range,True,2.663218e-04
rand_n10_m10_d3_s123,R,0.005,123,0.01,,False,sensitivity_range,False,9.304782e-05
rand_n10_m10_d3_s123,R,0.005,123,0.05,,False,sensitivity_range,False,9.304782e-05
rand_n10_m10_d3_s123,R,0.005,456,0.01,,False,sensitivity_range,True,1.512951e-04
rand_n10_m10_d3_s123,R,0.005,456,0.05,,False,sensitivity_range,True,1.512951e-04
rand_n10_m10_d3_s123,R,0.01,42,0.01,,False,sensitivity_range,True,5.326436e-04
rand_n10_m10_d3_s123,R,0.01,42,0.05,,False,sensitivity_range,True,5.326436e-04
rand_n10_m10_d3_s123,R,0.01,123,0.01,,False,sensitivity_range,True,1.860956e-04
rand_n10_m10_d3_s123,R,0.01,123,0.05,,False,sensitivity_range,True,1.860956e-04
rand_n10_m10_d3_s123,R,0.01,456,0.01,,False,sensitivity_range,True,3.025901e-04
rand_n10_m10_d3_s123,R,0.01,456,0.05,,False,sensitivity_range,True,3.025901e-04
rand_n10_m10_d3_s123,R,0.02,42,0.01,,False,sensitivity_range,True,1.065287e-03
rand_n10_m10_d3_s123,R,0.02,42,0.05,,False,sensitivity_range,True,1.065287e-03
rand_n10_m10_d3_s123,R,0.02,123,0.01,,False,sensitivity_range,True,3.721913e-04
rand_n10_m10_d3_s123,R,0.02,123,0.05,,False,sensitivity_range,True,3.721913e-04
rand_n10_m10_d3_s123,R,0.02,456,0.01,,False,sensitivity_range,True,6.051802e-04
rand_n10_m10_d3_s123,R,0.02,456,0.05,,False,sensitivity_range,True,6.051802e-04
rand_n10_m10_d3_s42,C,0.005,42,0.01,0.000000,False,sensitivity_range,True,1.584810e-03
rand_n10_m10_d3_s42,C,0.005,42,0.05,0.000000,False,sensitivity_range,True,1.584810e-03
rand_n10_m10_d3_s42,C,0.005,123,0.01,0.000000,False,sensitivity_range,True,1.618507e-04
rand_n10_m10_d3_s42,C,0.005,123,0.05,0.000000,False,sensitivity_range,True,1.618507e-04
rand_n10_m10_d3_s42,C,0.005,456,0.01,0.000000,False,sensitivity_range,True,1.350786e-03
rand_n10_m10_d3_s42,C,0.005,456,0.05,0.000000,False,sensitivity_range,True,1.350786e-03
rand_n10_m10_d3_s42,C,0.01,42,0.01,0.000000,False,sensitivity_range,True,3.169620e-03
rand_n10_m10_d3_s42,C,0.01,42,0.05,0.000000,False,sensitivity_range,True,3.169620e-03
rand_n10_m10_d3_s42,C,0.01,123,0.01,0.000000,False,sensitivity_range,True,3.237014e-04
rand_n10_m10_d3_s42,C,0.01,123,0.05,0.000000,False,sensitivity_range,True,3.237014e-04
rand_n10_m10_d3_s42,C,0.01,456,0.01,0.000000,False,sensitivity_range,True,2.701571e-03
rand_n10_m10_d3_s42,C,0.01,456,0.05,0.000000,False,sensitivity_range,True,2.701571e-03
rand_n10_m10_d3_s42,C,0.02,42,0.01,0.000000,False,sensitivity_range,True,6.339241e-03
rand_n10_m10_d3_s42,C,0.02,42,0.05,0.000000,False,sensitivity_range,True,6.339241e-03
rand_n10_m10_d3_s42,C,0.02,123,0.01,0.000000,False,sensitivity_range,True,6.474028e-04
rand_n10_m10_d3_s42,C,0.02,123,0.05,0.000000,False,sensitivity_range,True,6.474028e-04
rand_n10_m10_d3_s42,C,0.02,456,0.01,0.000000,False,sensitivity_range,True,5.403143e-03
rand_n10_m10_d3_s42,C,0.02,456,0.05,0.000000,False,sensitivity_range,True,5.403143e-03
rand_n10_m10_d3_s42,R,0.005,42,0.01,,False,sensitivity_range,True,7.203543e-04
rand_n10_m10_d3_s42,R,0.005,42,0.05,,False,sensitivity_range,True,7.203543e-04
rand_n10_m10_d3_s42,R,0.005,123,0.01,,False,sensitivity_range,True,4.880193e-04
rand_n10_m10_d3_s42,R,0.005,123,0.05,,False,sensitivity_range,True,4.880193e-04
rand_n10_m10_d3_s42,R,0.005,456,0.01,,False,sensitivity_range,True,2.227629e-04
rand_n10_m10_d3_s42,R,0.005,456,0.05,,False,sensitivity_range,True,2.227629e-04
rand_n10_m10_d3_s42,R,0.01,42,0.01,,False,sensitivity_range,True,1.440709e-03
rand_n10_m10_d3_s42,R,0.01,42,0.05,,False,sensitivity_range,True,1.440709e-03
rand_n10_m10_d3_s42,R,0.01,123,0.01,,False,sensitivity_range,True,9.760385e-04
rand_n10_m10_d3_s42,R,0.01,123,0.05,,False,sensitivity_range,True,9.760385e-04
rand_n10_m10_d3_s42,R,0.01,456,0.01,,False,sensitivity_range,True,4.455257e-04
rand_n10_m10_d3_s42,R,0.01,456,0.05,,False,sensitivity_range,True,4.455257e-04
rand_n10_m10_d3_s42,R,0.02,42,0.01,,False,sensitivity_range,True,2.881417e-03
rand_n10_m10_d3_s42,R,0.02,42,0.05,,False,sensitivity_range,True,2.881417e-03
rand_n10_m10_d3_s42,R,0.02,123,0.01,,False,sensitivity_range,True,1.952077e-03
rand_n10_m10_d3_s42,R,0.02,123,0.05,,False,sensitivity_range,True,1.952077e-03
rand_n10_m10_d3_s42,R,0.02,456,0.01,,False,sensitivity_range,True,8.910514e-04
rand_n10_m10_d3_s42,R,0.02,456,0.05,,False,sensitivity_range,True,8.910514e-04
rand_n10_m10_d3_s456,C,0.005,42,0.01,0.000000,False,sensitivity_range,True,1.336058e-04
rand_n10_m10_d3_s456,C,0.005,42,0.05,0.000000,False,sensitivity_range,True,1.336058e-04
rand_n10_m10_d3_s456,C,0.005,123,0.01,0.000000,False,sensitivity_range,True,2.051445e-04
rand_n10_m10_d3_s456,C,0.005,123,0.05,0.000000,False,sensitivity_range,True,2.051445e-04
rand_n10_m10_d3_s456,C,0.005,456,0.01,0.000000,False,sensitivity_range,True,4.907841e-04
rand_n10_m10_d3_s456,C,0.005,456,0.05,0.000000,False,sensitivity_range,True,4.907841e-04
rand_n10_m10_d3_s456,C,0.01,42,0.01,0.000000,False,sensitivity_range,True,2.672117e-04
rand_n10_m10_d3_s456,C,0.01,42,0.05,0.000000,False,sensitivity_range,True,2.672117e-04
rand_n10_m10_d3_s456,C,0.01,123,0.01,0.000000,False,sensitivity_range,True,4.102890e-04
rand_n10_m10_d3_s456,C,0.01,123,0.05,0.000000,False,sensitivity_range,True,4.102890e-04
rand_n10_m10_d3_s456,C,0.01,456,0.01,0.000000,False,sensitivity_range,True,9.815682e-04
rand_n10_m10_d3_s456,C,0.01,456,0.05,0.000000,False,sensitivity_range,True,9.815682e-04
rand_n10_m10_d3_s456,C,0.02,42,0.01,0.000000,False,sensitivity_range,True,5.344233e-04
rand_n10_m10_d3_s456,C,0.02,42,0.05,0.000000,False,sensitivity_range,True,5.344233e-04
rand_n10_m10_d3_s456,C,0.02,123,0.01,0.000000,False,sensitivity_range,True,8.205780e-04
rand_n10_m10_d3_s456,C,0.02,123,0.05,0.000000,False,sensitivity_range,True,8.205780e-04
rand_n10_m10_d3_s456,C,0.02,456,0.01,0.000000,False,sensitivity_range,True,1.963136e-03
rand_n10_m10_d3_s456,C,0.02,456,0.05,0.000000,False,sensitivity_range,True,1.963136e-03
rand_n10_m10_d3_s456,R,0.005,42,0.01,,False,sensitivity_range,True,4.744852e-04
rand_n10_m10_d3_s456,R,0.005,42,0.05,,False,sensitivity_range,True,4.744852e-04
rand_n10_m10_d3_s456,R,0.005,123,0.01,,False,sensitivity_range,False,4.401383e-05
rand_n10_m10_d3_s456,R,0.005,123,0.05,,False,sensitivity_range,False,4.401383e-05
rand_n10_m10_d3_s456,R,0.005,456,0.01,,False,sensitivity_range,True,5.572755e-04
rand_n10_m10_d3_s456,R,0.005,456,0.05,,False,sensitivity_range,True,5.572755e-04
rand_n10_m10_d3_s456,R,0.01,42,0.01,,False,sensitivity_range,True,9.489705e-04
rand_n10_m10_d3_s456,R,0.01,42,0.05,,False,sensitivity_range,True,9.489705e-04
rand_n10_m10_d3_s456,R,0.01,123,0.01,,False,sensitivity_range,False,8.802767e-05
rand_n10_m10_d3_s456,R,0.01,123,0.05,,False,sensitivity_range,False,8.802767e-05
rand_n10_m10_d3_s456,R,0.01,456,0.01,,False,sensitivity_range,True,1.114551e-03
rand_n10_m10_d3_s456,R,0.01,456,0.05,,False,sensitivity_range,True,1.114551e-03
rand_n10_m10_d3_s456,R,0.02,42,0.01,,False,sensitivity_range,True,1.897941e-03
rand_n10_m10_d3_s456,R,0.02,42,0.05,,False,sensitivity_range,True,1.897941e-03
rand_n10_m10_d3_s456,R,0.02,123,0.01,,False,sensitivity_range,True,1.760553e-04
rand_n10_m10_d3_s456,R,0.02,123,0.05,,False,sensitivity_range,True,1.760553e-04
rand_n10_m10_d3_s456,R,0.02,456,0.01,,False,sensitivity_range,True,2.229102e-03
rand_n10_m10_d3_s456,R,0.02,456,0.05,,False,sensitivity_range,True,2.229102e-03
rand_n10_m10_d3_s789,C,0.005,42,0.01,0.000000,False,sensitivity_range,True,1.736153e-03
rand_n10_m10_d3_s789,C,0.005,42,0.05,0.000000,False,sensitivity_range,True,1.736153e-03
rand_n10_m10_d3_s789,C,0.005,123,0.01,0.000000,False,sensitivity_range,True,1.194719e-03
rand_n10_m10_d3_s789,C,0.005,123,0.05,0.000000,False,sensitivity_range,True,1.194719e-03
rand_n10_m10_d3_s789,C,0.005,456,0.01,0.000000,False,sensitivity_range,True,6.466706e-04
rand_n10_m10_d3_s789,C,0.005,456,0.05,0.000000,False,sensitivity_range,True,6.466706e-04
rand_n10_m10_d3_s789,C,0.01,42,0.01,0.000000,False,sensitivity_range,True,3.472305e-03
rand_n10_m10_d3_s789,C,0.01,42,0.05,0.000000,False,sensitivity_range,True,3.472305e-03
rand_n10_m10_d3_s789,C,0.01,123,0.01,0.000000,False,sensitivity_range,True,2.389437e-03
rand_n10_m10_d3_s789,C,0.01,123,0.05,0.000000,False,sensitivity_range,True,2.389437e-03
rand_n10_m10_d3_s789,C,0.01,456,0.01,0.000000,False,sensitivity_range,True,1.293341e-03
rand_n10_m10_d3_s789,C,0.01,456,0.05,0.000000,False,sensitivity_range,True,1.293341e-03
rand_n10_m10_d3_s789,C,0.02,42,0.01,0.000000,False,sensitivity_range,True,6.944611e-03
rand_n10_m10_d3_s789,C,0.02,42,0.05,0.000000,False,sensitivity_range,True,6.944611e-03
rand_n10_m10_d3_s789,C,0.02,123,0.01,0.000000,False,sensitivity_range,True,4.778875e-03
rand_n10_m10_d3_s789,C,0.02,123,0.05,0.000000,False,sensitivity_range,True,4.778875e-03
rand_n10_m10_d3_s789,C,0.02,456,0.01,0.000000,False,sensitivity_range,True,2.586682e-03
rand_n10_m10_d3_s789,C,0.02,456,0.05,0.000000,False,sensitivity_range,True,2.586682e-03
rand_n10_m10_d3_s789,R,0.005,42,0.01,,False,sensitivity_range,True,7.491918e-04
rand_n10_m10_d3_s789,R,0.005,42,0.05,,False,sensitivity_range,True,7.491918e-04
rand_n10_m10_d3_s789,R,0.005,123,0.01,,False,sensitivity_range,True,5.662068e-04
rand_n10_m10_d3_s789,R,0.005,123,0.05,,False,sensitivity_range,True,5.662068e-04
rand_n10_m10_d3_s789,R,0.005,456,0.01,,False,sensitivity_range,False,2.764786e-05
rand_n10_m10_d3_s789,R,0.005,456,0.05,,False,sensitivity_range,False,2.764786e-05
rand_n10_m10_d3_s789,R,0.01,42,0.01,,False,sensitivity_range,True,1.498384e-03
rand_n10_m10_d3_s789,R,0.01,42,0.05,,False,sensitivity_range,True,1.498384e-03
rand_n10_m10_d3_s789,R,0.01,123,0.01,,False,sensitivity_range,True,1.132414e-03
rand_n10_m10_d3_s789,R,0.01,123,0.05,,False,sensitivity_range,True,1.132414e-03
rand_n10_m10_d3_s789,R,0.01,456,0.01,,False,sensitivity_range,False,5.529572e-05
rand_n10_m10_d3_s789,R,0.01,456,0.05,,False,sensitivity_range,False,5.529572e-05
rand_n10_m10_d3_s789,R,0.02,42,0.01,,False,sensitivity_range,True,2.996767e-03
rand_n10_m10_d3_s789,R,0.02,42,0.05,,False,sensitivity_range,True,2.996767e-03
rand_n10_m10_d3_s789,R,0.02,123,0.01,,False,sensitivity_range,True,2.264827e-03
rand_n10_m10_d3_s789,R,0.02,123,0.05,,False,sensitivity_range,True,2.264827e-03
rand_n10_m10_d3_s789,R,0.02,456,0.01,,False,sensitivity_range,True,1.105914e-04
rand_n10_m10_d3_s789,R,0.02,456,0.05,,False,sensitivity_range,True,1.105914e-04
rand_n10_m10_d5_s1024,C,0.005,42,0.01,0.000000,False,sensitivity_range,True,6.448675e-04
rand_n10_m10_d5_s1024,C,0.005,42,0.05,0.000000,False,sensitivity_range,True,6.448675e-04
rand_n10_m10_d5_s1024,C,0.005,123,0.01,0.000000,False,sensitivity_range,True,4.114113e-04
rand_n10_m10_d5_s1024,C,0.005,123,0.05,0.000000,False,sensitivity_range,True,4.114113e-04
rand_n10_m10_d5_s1024,C,0.005,456,0.01,0.000000,False,sensitivity_range,True,7.980207e-04
rand_n10_m10_d5_s1024,C,0.005,456,0.05,0.000000,False,sensitivity_range,True,7.980207e-04
rand_n10_m10_d5_s1024,C,0.01,42,0.01,0.000000,False,sensitivity_range,True,1.289735e-03
rand_n10_m10_d5_s1024,C,0.01,42,0.05,0.000000,False,sensitivity_range,True,1.289735e-03
rand_n10_m10_d5_s1024,C,0.01,123,0.01,0.000000,False,sensitivity_range,True,8.228227e-04
rand_n10_m10_d5_s1024,C,0.01,123,0.05,0.000000,False,sensitivity_range,True,8.228227e-04
rand_n10_m10_d5_s1024,C,0.01,456,0.01,0.000000,False,sensitivity_range,True,1.596041e-03
rand_n10_m10_d5_s1024,C,0.01,456,0.05,0.000000,False,sensitivity_range,True,1.596041e-03
rand_n10_m10_d5_s1024,C,0.02,42,0.01,0.006533,False,sensitivity_range,True,2.537237e-03
rand_n10_m10_d5_s1024,C,0.02,42,0.05,0.006533,False,sensitivity_range,True,2.537237e-03
rand_n10_m10_d5_s1024,C,0.02,123,0.01,0.008884,False,sensitivity_range,True,1.645645e-03
rand_n10_m10_d5_s1024,C,0.02,123,0.05,0.008884,False,sensitivity_range,True,1.645645e-03
rand_n10_m10_d5_s1024,C,0.02,456,0.01,0.001428,False,sensitivity_range,True,3.192083e-03
rand_n10_m10_d5_s1024,C,0.02,456,0.05,0.001428,False,sensitivity_range,True,3.192083e-03
rand_n10_m10_d5_s1024,R,0.005,42,0.01,,False,sensitivity_range,True,6.633860e-04
rand_n10_m10_d5_s1024,R,0.005,42,0.05,,False,sensitivity_range,True,6.633860e-04
rand_n10_m10_d5_s1024,R,0.005,123,0.01,,False,sensitivity_range,False,8.031219e-05
rand_n10_m10_d5_s1024,R,0.005,123,0.05,,False,sensitivity_range,False,8.031219e-05
rand_n10_m10_d5_s1024,R,0.005,456,0.01,,False,sensitivity_range,True,3.548598e-04
rand_n10_m10_d5_s1024,R,0.005,456,0.05,,False,sensitivity_range,True,3.548598e-04
rand_n10_m10_d5_s1024,R,0.01,42,0.01,,False,sensitivity_range,True,1.326772e-03
rand_n10_m10_d5_s1024,R,0.01,42,0.05,,False,sensitivity_range,True,1.326772e-03
rand_n10_m10_d5_s1024,R,0.01,123,0.01,,False,sensitivity_range,True,1.606244e-04
rand_n10_m10_d5_s1024,R,0.01,123,0.05,,False,sensitivity_range,True,1.606244e-04
rand_n10_m10_d5_s1024,R,0.01,456,0.01,,False,sensitivity_range,True,7.097196e-04
rand_n10_m10_d5_s1024,R,0.01,456,0.05,,False,sensitivity_range,True,7.097196e-04
rand_n10_m10_d5_s1024,R,0.02,42,0.01,,False,sensitivity_range,True,2.653544e-03
rand_n10_m10_d5_s1024,R,0.02,42,0.05,,False,sensitivity_range,True,2.653544e-03
rand_n10_m10_d5_s1024,R,0.02,123,0.01,,False,sensitivity_range,True,3.212488e-04
rand_n10_m10_d5_s1024,R,0.02,123,0.05,,False,sensitivity_range,True,3.212488e-04
rand_n10_m10_d5_s1024,R,0.02,456,0.01,,False,sensitivity_range,True,1.419439e-03
rand_n10_m10_d5_s1024,R,0.02,456,0.05,,False,sensitivity_range,True,1.419439e-03
rand_n10_m10_d5_s123,C,0.005,42,0.01,0.000000,False,sensitivity_range,True,1.439646e-04
rand_n10_m10_d5_s123,C,0.005,42,0.05,0.000000,False,sensitivity_range,True,1.439646e-04
rand_n10_m10_d5_s123,C,0.005,123,0.01,0.000000,False,sensitivity_range,True,7.853147e-04
rand_n10_m10_d5_s123,C,0.005,123,0.05,0.000000,False,sensitivity_range,True,7.853147e-04
rand_n10_m10_d5_s123,C,0.005,456,0.01,0.000000,False,sensitivity_range,False,6.318077e-05
rand_n10_m10_d5_s123,C,0.005,456,0.05,0.000000,False,sensitivity_range,False,6.318077e-05
rand_n10_m10_d5_s123,C,0.01,42,0.01,0.000000,False,sensitivity_range,True,2.879292e-04
rand_n10_m10_d5_s123,C,0.01,42,0.05,0.000000,False,sensitivity_range,True,2.879292e-04
rand_n10_m10_d5_s123,C,0.01,123,0.01,0.000000,False,sensitivity_range,True,1.570629e-03
rand_n10_m10_d5_s123,C,0.01,123,0.05,0.000000,False,sensitivity_range,True,1.570629e-03
rand_n10_m10_d5_s123,C,0.01,456,0.01,0.000000,False,sensitivity_range,True,1.263615e-04
rand_n10_m10_d5_s123,C,0.01,456,0.05,0.000000,False,sensitivity_range,True,1.263615e-04
rand_n10_m10_d5_s123,C,0.02,42,0.01,0.000000,False,sensitivity_range,True,5.758583e-04
rand_n10_m10_d5_s123,C,0.02,42,0.05,0.000000,False,sensitivity_range,True,5.758583e-04
rand_n10_m10_d5_s123,C,0.02,123,0.01,0.000000,False,sensitivity_range,True,3.141259e-03
rand_n10_m10_d5_s123,C,0.02,123,0.05,0.000000,False,sensitivity_range,True,3.141259e-03
rand_n10_m10_d5_s123,C,0.02,456,0.01,0.000000,False,sensitivity_range,True,2.527231e-04
rand_n10_m10_d5_s123,C,0.02,456,0.05,0.000000,False,sensitivity_range,True,2.527231e-04
rand_n10_m10_d5_s123,R,0.005,42,0.01,,False,sensitivity_range,True,1.671883e-04
rand_n10_m10_d5_s123,R,0.005,42,0.05,,False,sensitivity_range,True,1.671883e-04
rand_n10_m10_d5_s123,R,0.005,123,0.01,,False,sensitivity_range,False,2.920301e-05
rand_n10_m10_d5_s123,R,0.005,123,0.05,,False,sensitivity_range,False,2.920301e-05
rand_n10_m10_d5_s123,R,0.005,456,0.01,,False,sensitivity_range,True,5.058776e-04
rand_n10_m10_d5_s123,R,0.005,456,0.05,,False,sensitivity_range,True,5.058776e-04
rand_n10_m10_d5_s123,R,0.01,42,0.01,,False,sensitivity_range,True,3.343766e-04
rand_n10_m10_d5_s123,R,0.01,42,0.05,,False,sensitivity_range,True,3.343766e-04
rand_n10_m10_d5_s123,R,0.01,123,0.01,,False,sensitivity_range,False,5.840601e-05
rand_n10_m10_d5_s123,R,0.01,123,0.05,,False,sensitivity_range,False,5.840601e-05
rand_n10_m10_d5_s123,R,0.01,456,0.01,,False,sensitivity_range,True,1.011755e-03
rand_n10_m10_d5_s123,R,0.01,456,0.05,,False,sensitivity_range,True,1.011755e-03
rand_n10_m10_d5_s123,R,0.02,42,0.01,,False,sensitivity_range,True,6.687533e-04
rand_n10_m10_d5_s123,R,0.02,42,0.05,,False,sensitivity_range,True,6.687533e-04
rand_n10_m10_d5_s123,R,0.02,123,0.01,,False,sensitivity_range,True,1.168120e-04
rand_n10_m10_d5_s123,R,0.02,123,0.05,,False,sensitivity_range,True,1.168120e-04
rand_n10_m10_d5_s123,R,0.02,456,0.01,,False,sensitivity_range,True,2.023510e-03
rand_n10_m10_d5_s123,R,0.02,456,0.05,,False,sensitivity_range,True,2.023510e-03
rand_n10_m10_d5_s42,C,0.005,42,0.01,0.000000,False,sensitivity_range,True,1.572094e-03
rand_n10_m10_d5_s42,C,0.005,42,0.05,0.000000,False,sensitivity_range,True,1.572094e-03
rand_n10_m10_d5_s42,C,0.005,123,0.01,0.000000,False,sensitivity_range,True,5.116588e-04
rand_n10_m10_d5_s42,C,0.005,123,0.05,0.000000,False,sensitivity_range,True,5.116588e-04
rand_n10_m10_d5_s42,C,0.005,456,0.01,0.000000,False,sensitivity_range,True,1.794010e-03
rand_n10_m10_d5_s42,C,0.005,456,0.05,0.000000,False,sensitivity_range,True,1.794010e-03
rand_n10_m10_d5_s42,C,0.01,42,0.01,0.000000,False,sensitivity_range,True,3.144187e-03
rand_n10_m10_d5_s42,C,0.01,42,0.05,0.000000,False,sensitivity_range,True,3.144187e-03
rand_n10_m10_d5_s42,C,0.01,123,0.01,0.000000,False,sensitivity_range,True,1.023318e-03
rand_n10_m10_d5_s42,C,0.01,123,0.05,0.000000,False,sensitivity_range,True,1.023318e-03
rand_n10_m10_d5_s42,C,0.01,456,0.01,0.000000,False,sensitivity_range,True,3.588020e-03
rand_n10_m10_d5_s42,C,0.01,456,0.05,0.000000,False,sensitivity_range,True,3.588020e-03
rand_n10_m10_d5_s42,C,0.02,42,0.01,0.000000,False,sensitivity_range,True,6.288374e-03
rand_n10_m10_d5_s42,C,0.02,42,0.05,0.000000,False,sensitivity_range,True,6.288374e-03
rand_n10_m10_d5_s42,C,0.02,123,0.01,0.000000,False,sensitivity_range,True,2.046635e-03
rand_n10_m10_d5_s42,C,0.02,123,0.05,0.000000,False,sensitivity_range,True,2.046635e-03
rand_n10_m10_d5_s42,C,0.02,456,0.01,0.000000,False,sensitivity_range,True,7.176040e-03
rand_n10_m10_d5_s42,C,0.02,456,0.05,0.000000,False,sensitivity_range,True,7.176040e-03
rand_n10_m10_d5_s42,R,0.005,42,0.01,,False,sensitivity_range,True,8.672271e-04
rand_n10_m10_d5_s42,R,0.005,42,0.05,,False,sensitivity_range,True,8.672271e-04
rand_n10_m10_d5_s42,R,0.005,123,0.01,,False,sensitivity_range,False,3.609627e-05
rand_n10_m10_d5_s42,R,0.005,123,0.05,,False,sensitivity_range,False,3.609627e-05
rand_n10_m10_d5_s42,R,0.005,456,0.01,,False,sensitivity_range,True,2.445002e-04
rand_n10_m10_d5_s42,R,0.005,456,0.05,,False,sensitivity_range,True,2.445002e-04
rand_n10_m10_d5_s42,R,0.01,42,0.01,,False,sensitivity_range,True,1.734454e-03
rand_n10_m10_d5_s42,R,0.01,42,0.05,,False,sensitivity_range,True,1.734454e-03
rand_n10_m10_d5_s42,R,0.01,123,0.01,,False,sensitivity_range,False,7.219255e-05
rand_n10_m10_d5_s42,R,0.01,123,0.05,,False,sensitivity_range,False,7.219255e-05
rand_n10_m10_d5_s42,R,0.01,456,0.01,,False,sensitivity_range,True,4.890005e-04
rand_n10_m10_d5_s42,R,0.01,456,0.05,,False,sensitivity_range,True,4.890005e-04
rand_n10_m10_d5_s42,R,0.02,42,0.01,,False,sensitivity_range,True,3.468908e-03
rand_n10_m10_d5_s42,R,0.02,42,0.05,,False,sensitivity_range,True,3.468908e-03
rand_n10_m10_d5_s42,R,0.02,123,0.01,,False,sensitivity_range,True,1.443851e-04
rand_n10_m10_d5_s42,R,0.02,123,0.05,,False,sensitivity_range,True,1.443851e-04
rand_n10_m10_d5_s42,R,0.02,456,0.01,,False,sensitivity_range,True,9.780009e-04
rand_n10_m10_d5_s42,R,0.02,456,0.05,,False,sensitivity_range,True,9.780009e-04
rand_n10_m10_d5_s456,C,0.005,42,0.01,0.000000,False,sensitivity_range,True,2.734426e-04
rand_n10_m10_d5_s456,C,0.005,42,0.05,0.000000,False,sensitivity_range,True,2.734426e-04
rand_n10_m10_d5_s456,C,0.005,123,0.01,0.000000,False,sensitivity_range,True,4.824182e-04
rand_n10_m10_d5_s456,C,0.005,123,0.05,0.000000,False,sensitivity_range,True,4.824182e-04
rand_n10_m10_d5_s456,C,0.005,456,0.01,0.000000,False,sensitivity_range,True,2.447114e-04
rand_n10_m10_d5_s456,C,0.005,456,0.05,0.000000,False,sensitivity_range,True,2.447114e-04
rand_n10_m10_d5_s456,C,0.01,42,0.01,0.000000,False,sensitivity_range,True,5.468852e-04
rand_n10_m10_d5_s456,C,0.01,42,0.05,0.000000,False,sensitivity_range,True,5.468852e-04
rand_n10_m10_d5_s456,C,0.01,123,0.01,0.000000,False,sensitivity_range,True,9.648365e-04
rand_n10_m10_d5_s456,C,0.01,123,0.05,0.000000,False,sensitivity_range,True,9.648365e-04
rand_n10_m10_d5_s456,C,0.01,456,0.01,0.000000,False,sensitivity_range,True,4.894229e-04
rand_n10_m10_d5_s456,C,0.01,456,0.05,0.000000,False,sensitivity_range,True,4.894229e-04
rand_n10_m10_d5_s456,C,0.02,42,0.01,0.000000,False,sensitivity_range,True,1.093770e-03
rand_n10_m10_d5_s456,C,0.02,42,0.05,0.000000,False,sensitivity_range,True,1.093770e-03
rand_n10_m10_d5_s456,C,0.02,123,0.01,0.000000,False,sensitivity_range,True,1.929673e-03
rand_n10_m10_d5_s456,C,0.02,123,0.05,0.000000,False,sensitivity_range,True,1.929673e-03
rand_n10_m10_d5_s456,C,0.02,456,0.01,0.000000,False,sensitivity_range,True,9.788458e-04
rand_n10_m10_d5_s456,C,0.02,456,0.05,0.000000,False,sensitivity_range,True,9.788458e-04
rand_n10_m10_d5_s456,R,0.005,42,0.01,,False,sensitivity_range,True,1.649288e-03
rand_n10_m10_d5_s456,R,0.005,42,0.05,,False,sensitivity_range,True,1.649288e-03
rand_n10_m10_d5_s456,R,0.005,123,0.01,,False,sensitivity_range,True,1.886350e-03
rand_n10_m10_d5_s456,R,0.005,123,0.05,,False,sensitivity_range,True,1.886350e-03
rand_n10_m10_d5_s456,R,0.005,456,0.01,,False,sensitivity_range,True,1.251291e-03
rand_n10_m10_d5_s456,R,0.005,456,0.05,,False,sensitivity_range,True,1.251291e-03
rand_n10_m10_d5_s456,R,0.01,42,0.01,,False,sensitivity_range,True,3.298577e-03
rand_n10_m10_d5_s456,R,0.01,42,0.05,,False,sensitivity_range,True,3.298577e-03
rand_n10_m10_d5_s456,R,0.01,123,0.01,,False,sensitivity_range,True,3.772700e-03
rand_n10_m10_d5_s456,R,0.01,123,0.05,,False,sensitivity_range,True,3.772700e-03
rand_n10_m10_d5_s456,R,0.01,456,0.01,,False,sensitivity_range,True,2.502582e-03
rand_n10_m10_d5_s456,R,0.01,456,0.05,,False,sensitivity_range,True,2.502582e-03
rand_n10_m10_d5_s456,R,0.02,42,0.01,,False,sensitivity_range,True,6.597154e-03
rand_n10_m10_d5_s456,R,0.02,42,0.05,,False,sensitivity_range,True,6.597154e-03
rand_n10_m10_d5_s456,R,0.02,123,0.01,,False,sensitivity_range,True,7.545400e-03
rand_n10_m10_d5_s456,R,0.02,123,0.05,,False,sensitivity_range,True,7.545400e-03
rand_n10_m10_d5_s456,R,0.02,456,0.01,,False,sensitivity_range,True,5.005164e-03
rand_n10_m10_d5_s456,R,0.02,456,0.05,,False,sensitivity_range,True,5.005164e-03
rand_n10_m10_d5_s789,C,0.005,42,0.01,0.000000,False,sensitivity_range,True,1.068325e-03
rand_n10_m10_d5_s789,C,0.005,42,0.05,0.000000,False,sensitivity_range,True,1.068325e-03
rand_n10_m10_d5_s789,C,0.005,123,0.01,0.000000,False,sensitivity_range,True,2.815435e-04
rand_n10_m10_d5_s789,C,0.005,123,0.05,0.000000,False,sensitivity_range,True,2.815435e-04
rand_n10_m10_d5_s789,C,0.005,456,0.01,0.000000,False,sensitivity_range,True,3.909725e-04
rand_n10_m10_d5_s789,C,0.005,456,0.05,0.000000,False,sensitivity_range,True,3.909725e-04
rand_n10_m10_d5_s789,C,0.01,42,0.01,0.000000,False,sensitivity_range,True,2.136650e-03
rand_n10_m10_d5_s789,C,0.01,42,0.05,0.000000,False,sensitivity_range,True,2.136650e-03
rand_n10_m10_d5_s789,C,0.01,123,0.01,0.000000,False,sensitivity_range,True,5.630869e-04
rand_n10_m10_d5_s789,C,0.01,123,0.05,0.000000,False,sensitivity_range,True,5.630869e-04
rand_n10_m10_d5_s789,C,0.01,456,0.01,0.000000,False,sensitivity_range,True,7.819450e-04
rand_n10_m10_d5_s789,C,0.01,456,0.05,0.000000,False,sensitivity_range,True,7.819450e-04
rand_n10_m10_d5_s789,C,0.02,42,0.01,0.000000,False,sensitivity_range,True,4.273301e-03
rand_n10_m10_d5_s789,C,0.02,42,0.05,0.000000,False,sensitivity_range,True,4.273301e-03
rand_n10_m10_d5_s789,C,0.02,123,0.01,0.000000,False,sensitivity_range,True,1.126174e-03
rand_n10_m10_d5_s789,C,0.02,123,0.05,0.000000,False,sensitivity_range,True,1.126174e-03
rand_n10_m10_d5_s789,C,0.02,456,0.01,0.000000,False,sensitivity_range,True,1.563890e-03
rand_n10_m10_d5_s789,C,0.02,456,0.05,0.000000,False,sensitivity_range,True,1.563890e-03
rand_n10_m10_d5_s789,R,0.005,42,0.01,,False,sensitivity_range,True,1.345767e-03
rand_n10_m10_d5_s789,R,0.005,42,0.05,,False,sensitivity_range,True,1.345767e-03
rand_n10_m10_d5_s789,R,0.005,123,0.01,,False,sensitivity_range,True,1.129413e-03
rand_n10_m10_d5_s789,R,0.005,123,0.05,,False,sensitivity_range,True,1.129413e-03
rand_n10_m10_d5_s789,R,0.005,456,0.01,,False,sensitivity_range,True,6.045359e-04
rand_n10_m10_d5_s789,R,0.005,456,0.05,,False,sensitivity_range,True,6.045359e-04
rand_n10_m10_d5_s789,R,0.01,42,0.01,,False,sensitivity_range,True,2.691535e-03
rand_n10_m10_d5_s789,R,0.01,42,0.05,,False,sensitivity_range,True,2.691535e-03
rand_n10_m10_d5_s789,R,0.01,123,0.01,,False,sensitivity_range,True,2.258826e-03
rand_n10_m10_d5_s789,R,0.01,123,0.05,,False,sensitivity_range,True,2.258826e-03
rand_n10_m10_d5_s789,R,0.01,456,0.01,,False,sensitivity_range,True,1.209072e-03
rand_n10_m10_d5_s789,R,0.01,456,0.05,,False,sensitivity_range,True,1.209072e-03
rand_n10_m10_d5_s789,R,0.02,42,0.01,,False,sensitivity_range,True,5.383070e-03
rand_n10_m10_d5_s789,R,0.02,42,0.05,,False,sensitivity_range,True,5.383070e-03
rand_n10_m10_d5_s789,R,0.02,123,0.01,,False,sensitivity_range,True,4.517653e-03
rand_n10_m10_d5_s789,R,0.02,123,0.05,,False,sensitivity_range,True,4.517653e-03
rand_n10_m10_d5_s789,R,0.02,456,0.01,,False,sensitivity_range,True,2.418144e-03
rand_n10_m10_d5_s789,R,0.02,456,0.05,,False,sensitivity_range,True,2.418144e-03
rand_n10_m10_d8_s1024,C,0.005,42,0.01,0.000000,False,sensitivity_range,True,4.791756e-04
rand_n10_m10_d8_s1024,C,0.005,42,0.05,0.000000,False,sensitivity_range,True,4.791756e-04
rand_n10_m10_d8_s1024,C,0.005,123,0.01,0.000000,False,sensitivity_range,True,4.657791e-04
rand_n10_m10_d8_s1024,C,0.005,123,0.05,0.000000,False,sensitivity_range,True,4.657791e-04
rand_n10_m10_d8_s1024,C,0.005,456,0.01,0.000000,False,sensitivity_range,True,1.028007e-03
rand_n10_m10_d8_s1024,C,0.005,456,0.05,0.000000,False,sensitivity_range,True,1.028007e-03
rand_n10_m10_d8_s1024,C,0.01,42,0.01,0.000000,False,sensitivity_range,True,9.583512e-04
rand_n10_m10_d8_s1024,C,0.01,42,0.05,0.000000,False,sensitivity_range,True,9.583512e-04
rand_n10_m10_d8_s1024,C,0.01,123,0.01,0.000000,False,sensitivity_range,True,9.315582e-04
rand_n10_m10_d8_s1024,C,0.01,123,0.05,0.000000,False,sensitivity_range,True,9.315582e-04
rand_n10_m10_d8_s1024,C,0.01,456,0.01,0.000000,False,sensitivity_range,True,2.056015e-03
rand_n10_m10_d8_s1024,C,0.01,456,0.05,0.000000,False,sensitivity_range,True,2.056015e-03
rand_n10_m10_d8_s1024,C,0.02,42,0.01,0.000000,False,sensitivity_range,True,1.916702e-03
rand_n10_m10_d8_s1024,C,0.02,42,0.05,0.000000,False,sensitivity_range,True,1.916702e-03
rand_n10_m10_d8_s1024,C,0.02,123,0.01,0.000000,False,sensitivity_range,True,1.863116e-03
rand_n10_m10_d8_s1024,C,0.02,123,0.05,0.000000,False,sensitivity_range,True,1.863116e-03
rand_n10_m10_d8_s1024,C,0.02,456,0.01,0.000000,False,sensitivity_range,True,4.112029e-03
rand_n10_m10_d8_s1024,C,0.02,456,0.05,0.000000,False,sensitivity_range,True,4.112029e-03
rand_n10_m10_d8_s1024,R,0.005,42,0.01,,False,sensitivity_range,True,2.294418e-03
rand_n10_m10_d8_s1024,R,0.005,42,0.05,,False,sensitivity_range,True,2.294418e-03
rand_n10_m10_d8_s1024,R,0.005,123,0.01,,False,sensitivity_range,True,7.856365e-04
rand_n10_m10_d8_s1024,R,0.005,123,0.05,,False,sensitivity_range,True,7.856365e-04
rand_n10_m10_d8_s1024,R,0.005,456,0.01,,False,sensitivity_range,True,1.493408e-03
rand_n10_m10_d8_s1024,R,0.005,456,0.05,,False,sensitivity_range,True,1.493408e-03
rand_n10_m10_d8_s1024,R,0.01,42,0.01,,False,sensitivity_range,True,4.588837e-03
rand_n10_m10_d8_s1024,R,0.01,42,0.05,,False,sensitivity_range,True,4.588837e-03
rand_n10_m10_d8_s1024,R,0.01,123,0.01,,False,sensitivity_range,True,1.571273e-03
rand_n10_m10_d8_s1024,R,0.01,123,0.05,,False,sensitivity_range,True,1.571273e-03
rand_n10_m10_d8_s1024,R,0.01,456,0.01,,False,sensitivity_range,True,2.986817e-03
rand_n10_m10_d8_s1024,R,0.01,456,0.05,,False,sensitivity_range,True,2.986817e-03
rand_n10_m10_d8_s1024,R,0.02,42,0.01,,False,sensitivity_range,True,9.177674e-03
rand_n10_m10_d8_s1024,R,0.02,42,0.05,,False,sensitivity_range,True,9.177674e-03
rand_n10_m10_d8_s1024,R,0.02,123,0.01,,False,sensitivity_range,True,3.142546e-03
rand_n10_m10_d8_s1024,R,0.02,123,0.05,,False,sensitivity_range,True,3.142546e-03
rand_n10_m10_d8_s1024,R,0.02,456,0.01,,False,sensitivity_range,True,5.973633e-03
rand_n10_m10_d8_s1024,R,0.02,456,0.05,,False,sensitivity_range,True,5.973633e-03
rand_n10_m10_d8_s123,C,0.005,42,0.01,0.000000,False,sensitivity_range,True,2.427805e-04
rand_n10_m10_d8_s123,C,0.005,42,0.05,0.000000,False,sensitivity_range,True,2.427805e-04
rand_n10_m10_d8_s123,C,0.005,123,0.01,0.000000,False,sensitivity_range,True,6.291989e-04
rand_n10_m10_d8_s123,C,0.005,123,0.05,0.000000,False,sensitivity_range,True,6.291989e-04
rand_n10_m10_d8_s123,C,0.005,456,0.01,0.000000,False,sensitivity_range,True,4.992947e-04
rand_n10_m10_d8_s123,C,0.005,456,0.05,0.000000,False,sensitivity_range,True,4.992947e-04
rand_n10_m10_d8_s123,C,0.01,42,0.01,0.000000,False,sensitivity_range,True,4.855610e-04
rand_n10_m10_d8_s123,C,0.01,42,0.05,0.000000,False,sensitivity_range,True,4.855610e-04
rand_n10_m10_d8_s123,C,0.01,123,0.01,0.000000,False,sensitivity_range,True,1.258398e-03
rand_n10_m10_d8_s123,C,0.01,123,0.05,0.000000,False,sensitivity_range,True,1.258398e-03
rand_n10_m10_d8_s123,C,0.01,456,0.01,0.000000,False,sensitivity_range,True,9.985893e-04
rand_n10_m10_d8_s123,C,0.01,456,0.05,0.000000,False,sensitivity_range,True,9.985893e-04
rand_n10_m10_d8_s123,C,0.02,42,0.01,0.000000,False,sensitivity_range,True,9.711220e-04
rand_n10_m10_d8_s123,C,0.02,42,0.05,0.000000,False,sensitivity_range,True,9.711220e-04
rand_n10_m10_d8_s123,C,0.02,123,0.01,0.000000,False,sensitivity_range,True,2.516796e-03
rand_n10_m10_d8_s123,C,0.02,123,0.05,0.000000,False,sensitivity_range,True,2.516796e-03
rand_n10_m10_d8_s123,C,0.02,456,0.01,0.000000,False,sensitivity_range,True,1.997179e-03
rand_n10_m10_d8_s123,C,0.02,456,0.05,0.000000,False,sensitivity_range,True,1.997179e-03
rand_n10_m10_d8_s123,R,0.005,42,0.01,,False,sensitivity_range,True,1.714096e-03
rand_n10_m10_d8_s123,R,0.005,42,0.05,,False,sensitivity_range,True,1.714096e-03
rand_n10_m10_d8_s123,R,0.005,123,0.01,,False,sensitivity_range,True,3.937424e-04
rand_n10_m10_d8_s123,R,0.005,123,0.05,,False,sensitivity_range,True,3.937424e-04
rand_n10_m10_d8_s123,R,0.005,456,0.01,,False,sensitivity_range,True,9.313030e-04
rand_n10_m10_d8_s123,R,0.005,456,0.05,,False,sensitivity_range,True,9.313030e-04
rand_n10_m10_d8_s123,R,0.01,42,0.01,,False,sensitivity_range,True,3.428191e-03
rand_n10_m10_d8_s123,R,0.01,42,0.05,,False,sensitivity_range,True,3.428191e-03
rand_n10_m10_d8_s123,R,0.01,123,0.01,,False,sensitivity_range,True,7.874848e-04
rand_n10_m10_d8_s123,R,0.01,123,0.05,,False,sensitivity_range,True,7.874848e-04
rand_n10_m10_d8_s123,R,0.01,456,0.01,,False,sensitivity_range,True,1.862606e-03
rand_n10_m10_d8_s123,R,0.01,456,0.05,,False,sensitivity_range,True,1.862606e-03
rand_n10_m10_d8_s123,R,0.02,42,0.01,,False,sensitivity_range,True,6.856382e-03
rand_n10_m10_d8_s123,R,0.02,42,0.05,,False,sensitivity_range,True,6.856382e-03
rand_n10_m10_d8_s123,R,0.02,123,0.01,,False,sensitivity_range,True,1.574970e-03
rand_n10_m10_d8_s123,R,0.02,123,0.05,,False,sensitivity_range,True,1.574970e-03
rand_n10_m10_d8_s123,R,0.02,456,0.01,,False,sensitivity_range,True,3.725212e-03
rand_n10_m10_d8_s123,R,0.02,456,0.05,,False,sensitivity_range,True,3.725212e-03
rand_n10_m10_d8_s42,C,0.005,42,0.01,0.000000,False,sensitivity_range,True,1.443029e-03
rand_n10_m10_d8_s42,C,0.005,42,0.05,0.000000,False,sensitivity_range,True,1.443029e-03
rand_n10_m10_d8_s42,C,0.005,123,0.01,0.000000,False,sensitivity_range,True,3.518700e-04
rand_n10_m10_d8_s42,C,0.005,123,0.05,0.000000,False,sensitivity_range,True,3.518700e-04
rand_n10_m10_d8_s42,C,0.005,456,0.01,0.000000,False,sensitivity_range,True,1.614354e-03
rand_n10_m10_d8_s42,C,0.005,456,0.05,0.000000,False,sensitivity_range,True,1.614354e-03
rand_n10_m10_d8_s42,C,0.01,42,0.01,0.000000,False,sensitivity_range,True,2.886058e-03
rand_n10_m10_d8_s42,C,0.01,42,0.05,0.000000,False,sensitivity_range,True,2.886058e-03
rand_n10_m10_d8_s42,C,0.01,123,0.01,0.000000,False,sensitivity_range,True,7.037400e-04
rand_n10_m10_d8_s42,C,0.01,123,0.05,0.000000,False,sensitivity_range,True,7.037400e-04
rand_n10_m10_d8_s42,C,0.01,456,0.01,0.000000,False,sensitivity_range,True,3.228709e-03
rand_n10_m10_d8_s42,C,0.01,456,0.05,0.000000,False,sensitivity_range,True,3.228709e-03
rand_n10_m10_d8_s42,C,0.02,42,0.01,0.000000,False,sensitivity_range,True,5.772116e-03
rand_n10_m10_d8_s42,C,0.02,42,0.05,0.000000,False,sensitivity_range,True,5.772116e-03
rand_n10_m10_d8_s42,C,0.02,123,0.01,0.000000,False,sensitivity_range,True,1.407480e-03
rand_n10_m10_d8_s42,C,0.02,123,0.05,0.000000,False,sensitivity_range,True,1.407480e-03
rand_n10_m10_d8_s42,C,0.02,456,0.01,0.000000,False,sensitivity_range,True,6.457418e-03
rand_n10_m10_d8_s42,C,0.02,456,0.05,0.000000,False,sensitivity_range,True,6.457418e-03
rand_n10_m10_d8_s42,R,0.005,42,0.01,,False,sensitivity_range,True,6.660062e-04
rand_n10_m10_d8_s42,R,0.005,42,0.05,,False,sensitivity_range,True,6.660062e-04
rand_n10_m10_d8_s42,R,0.005,123,0.01,,False,sensitivity_range,True,1.209953e-04
rand_n10_m10_d8_s42,R,0.005,123,0.05,,False,sensitivity_range,True,1.209953e-04
rand_n10_m10_d8_s42,R,0.005,456,0.01,,False,sensitivity_range,True,3.148939e-04
rand_n10_m10_d8_s42,R,0.005,456,0.05,,False,sensitivity_range,True,3.148939e-04
rand_n10_m10_d8_s42,R,0.01,42,0.01,,False,sensitivity_range,True,1.332012e-03
rand_n10_m10_d8_s42,R,0.01,42,0.05,,False,sensitivity_range,True,1.332012e-03
rand_n10_m10_d8_s42,R,0.01,123,0.01,,False,sensitivity_range,True,2.419907e-04
rand_n10_m10_d8_s42,R,0.01,123,0.05,,False,sensitivity_range,True,2.419907e-04
rand_n10_m10_d8_s42,R,0.01,456,0.01,,False,sensitivity_range,True,6.297878e-04
rand_n10_m10_d8_s42,R,0.01,456,0.05,,False,sensitivity_range,True,6.297878e-04
rand_n10_m10_d8_s42,R,0.02,42,0.01,,False,sensitivity_range,True,2.664025e-03
rand_n10_m10_d8_s42,R,0.02,42,0.05,,False,sensitivity_range,True,2.664025e-03
rand_n10_m10_d8_s42,R,0.02,123,0.01,,False,sensitivity_range,True,4.839813e-04
rand_n10_m10_d8_s42,R,0.02,123,0.05,,False,sensitivity_range,True,4.839813e-04
rand_n10_m10_d8_s42,R,0.02,456,0.01,,False,sensitivity_range,True,1.259576e-03
rand_n10_m10_d8_s42,R,0.02,456,0.05,,False,sensitivity_range,True,1.259576e-03
rand_n10_m10_d8_s456,C,0.005,42,0.01,0.000000,False,sensitivity_range,True,5.732636e-04
rand_n10_m10_d8_s456,C,0.005,42,0.05,0.000000,False,sensitivity_range,True,5.732636e-04
rand_n10_m10_d8_s456,C,0.005,123,0.01,0.000000,False,sensitivity_range,True,2.204962e-04
rand_n10_m10_d8_s456,C,0.005,123,0.05,0.000000,False,sensitivity_range,True,2.204962e-04
rand_n10_m10_d8_s456,C,0.005,456,0.01,0.000000,False,sensitivity_range,True,3.620146e-04
rand_n10_m10_d8_s456,C,0.005,456,0.05,0.000000,False,sensitivity_range,True,3.620146e-04
rand_n10_m10_d8_s456,C,0.01,42,0.01,0.000000,False,sensitivity_range,True,1.146527e-03
rand_n10_m10_d8_s456,C,0.01,42,0.05,0.000000,False,sensitivity_range,True,1.146527e-03
rand_n10_m10_d8_s456,C,0.01,123,0.01,0.000000,False,sensitivity_range,True,4.409925e-04
rand_n10_m10_d8_s456,C,0.01,123,0.05,0.000000,False,sensitivity_range,True,4.409925e-04
rand_n10_m10_d8_s456,C,0.01,456,0.01,0.000000,False,sensitivity_range,True,7.240292e-04
rand_n10_m10_d8_s456,C,0.01,456,0.05,0.000000,False,sensitivity_range,True,7.240292e-04
rand_n10_m10_d8_s456,C,0.02,42,0.01,0.000000,False,sensitivity_range,True,2.293055e-03
rand_n10_m10_d8_s456,C,0.02,42,0.05,0.000000,False,sensitivity_range,True,2.293055e-03
rand_n10_m10_d8_s456,C,0.02,123,0.01,0.000000,False,sensitivity_range,True,8.819850e-04
rand_n10_m10_d8_s456,C,0.02,123,0.05,0.000000,False,sensitivity_range,True,8.819850e-04
rand_n10_m10_d8_s456,C,0.02,456,0.01,0.000000,False,sensitivity_range,True,1.448058e-03
rand_n10_m10_d8_s456,C,0.02,456,0.05,0.000000,False,sensitivity_range,True,1.448058e-03
rand_n10_m10_d8_s456,R,0.005,42,0.01,,False,sensitivity_range,True,1.694557e-03
rand_n10_m10_d8_s456,R,0.005,42,0.05,,False,sensitivity_range,True,1.694557e-03
rand_n10_m10_d8_s456,R,0.005,123,0.01,,False,sensitivity_range,True,1.796252e-03
rand_n10_m10_d8_s456,R,0.005,123,0.05,,False,sensitivity_range,True,1.796252e-03
rand_n10_m10_d8_s456,R,0.005,456,0.01,,False,sensitivity_range,True,1.443045e-03
rand_n10_m10_d8_s456,R,0.005,456,0.05,,False,sensitivity_range,True,1.443045e-03
rand_n10_m10_d8_s456,R,0.01,42,0.01,,False,sensitivity_range,True,3.389114e-03
rand_n10_m10_d8_s456,R,0.01,42,0.05,,False,sensitivity_range,True,3.389114e-03
rand_n10_m10_d8_s456,R,0.01,123,0.01,,False,sensitivity_range,True,3.592504e-03
rand_n10_m10_d8_s456,R,0.01,123,0.05,,False,sensitivity_range,True,3.592504e-03
rand_n10_m10_d8_s456,R,0.01,456,0.01,,False,sensitivity_range,True,2.886091e-03
rand_n10_m10_d8_s456,R,0.01,456,0.05,,False,sensitivity_range,True,2.886091e-03
rand_n10_m10_d8_s456,R,0.02,42,0.01,,False,sensitivity_range,True,6.778228e-03
rand_n10_m10_d8_s456,R,0.02,42,0.05,,False,sensitivity_range,True,6.778228e-03
rand_n10_m10_d8_s456,R,0.02,123,0.01,,False,sensitivity_range,True,7.185009e-03
rand_n10_m10_d8_s456,R,0.02,123,0.05,,False,sensitivity_range,True,7.185009e-03
rand_n10_m10_d8_s456,R,0.02,456,0.01,,False,sensitivity_range,True,5.772181e-03
rand_n10_m10_d8_s456,R,0.02,456,0.05,,False,sensitivity_range,True,5.772181e-03
rand_n10_m10_d8_s789,C,0.005,42,0.01,0.000000,False,sensitivity_range,True,1.236915e-03
rand_n10_m10_d8_s789,C,0.005,42,0.05,0.000000,False,sensitivity_range,True,1.236915e-03
rand_n10_m10_d8_s789,C,0.005,123,0.01,0.000000,False,sensitivity_range,False,4.382634e-05
rand_n10_m10_d8_s789,C,0.005,123,0.05,0.000000,False,sensitivity_range,False,4.382634e-05
rand_n10_m10_d8_s789,C,0.005,456,0.01,0.000000,False,sensitivity_range,True,3.416012e-04
rand_n10_m10_d8_s789,C,0.005,456,0.05,0.000000,False,sensitivity_range,True,3.416012e-04
rand_n10_m10_d8_s789,C,0.01,42,0.01,0.000000,False,sensitivity_range,True,2.473831e-03
rand_n10_m10_d8_s789,C,0.01,42,0.05,0.000000,False,sensitivity_range,True,2.473831e-03
rand_n10_m10_d8_s789,C,0.01,123,0.01,0.000000,False,sensitivity_range,False,8.765268e-05
rand_n10_m10_d8_s789,C,0.01,123,0.05,0.000000,False,sensitivity_range,False,8.765268e-05
rand_n10_m10_d8_s789,C,0.01,456,0.01,0.000000,False,sensitivity_range,True,6.832025e-04
rand_n10_m10_d8_s789,C,0.01,456,0.05,0.000000,False,sensitivity_range,True,6.832025e-04
rand_n10_m10_d8_s789,C,0.02,42,0.01,0.000000,False,sensitivity_range,True,4.947662e-03
rand_n10_m10_d8_s789,C,0.02,42,0.05,0.000000,False,sensitivity_range,True,4.947662e-03
rand_n10_m10_d8_s789,C,0.02,123,0.01,0.000000,False,sensitivity_range,True,1.753054e-04
rand_n10_m10_d8_s789,C,0.02,123,0.05,0.000000,False,sensitivity_range,True,1.753054e-04
rand_n10_m10_d8_s789,C,0.02,456,0.01,0.000000,False,sensitivity_range,True,1.366405e-03
rand_n10_m10_d8_s789,C,0.02,456,0.05,0.000000,False,sensitivity_range,True,1.366405e-03
rand_n10_m10_d8_s789,R,0.005,42,0.01,,False,sensitivity_range,True,1.091483e-03
rand_n10_m10_d8_s789,R,0.005,42,0.05,,False,sensitivity_range,True,1.091483e-03
rand_n10_m10_d8_s789,R,0.005,123,0.01,,False,sensitivity_range,True,7.640887e-04
rand_n10_m10_d8_s789,R,0.005,123,0.05,,False,sensitivity_range,True,7.640887e-04
rand_n10_m10_d8_s789,R,0.005,456,0.01,,False,sensitivity_range,True,1.876732e-04
rand_n10_m10_d8_s789,R,0.005,456,0.05,,False,sensitivity_range,True,1.876732e-04
rand_n10_m10_d8_s789,R,0.01,42,0.01,,False,sensitivity_range,True,2.182966e-03
rand_n10_m10_d8_s789,R,0.01,42,0.05,,False,sensitivity_range,True,2.182966e-03
rand_n10_m10_d8_s789,R,0.01,123,0.01,,False,sensitivity_range,True,1.528177e-03
rand_n10_m10_d8_s789,R,0.01,123,0.05,,False,sensitivity_range,True,1.528177e-03
rand_n10_m10_d8_s789,R,0.01,456,0.01,,False,sensitivity_range,True,3.753464e-04
rand_n10_m10_d8_s789,R,0.01,456,0.05,,False,sensitivity_range,True,3.753464e-04
rand_n10_m10_d8_s789,R,0.02,42,0.01,,False,sensitivity_range,True,4.365931e-03
rand_n10_m10_d8_s789,R,0.02,42,0.05,,False,sensitivity_range,True,4.365931e-03
rand_n10_m10_d8_s789,R,0.02,123,0.01,,False,sensitivity_range,True,3.056355e-03
rand_n10_m10_d8_s789,R,0.02,123,0.05,,False,sensitivity_range,True,3.056355e-03
rand_n10_m10_d8_s789,R,0.02,456,0.01,,False,sensitivity_range,True,7.506927e-04
rand_n10_m10_d8_s789,R,0.02,456,0.05,,False,sensitivity_range,True,7.506927e-04
rand_n10_m20_d3_s1024,C,0.005,42,0.01,0.000000,False,sensitivity_range,True,6.955807e-04
rand_n10_m20_d3_s1024,C,0.005,42,0.05,0.000000,False,sensitivity_range,True,6.955807e-04
rand_n10_m20_d3_s1024,C,0.005,123,0.01,0.000000,False,sensitivity_range,False,3.894068e-05
rand_n10_m20_d3_s1024,C,0.005,123,0.05,0.000000,False,sensitivity_range,False,3.894068e-05
rand_n10_m20_d3_s1024,C,0.005,456,0.01,0.000000,False,sensitivity_range,True,7.976071e-04
rand_n10_m20_d3_s1024,C,0.005,456,0.05,0.000000,False,sensitivity_range,True,7.976071e-04
rand_n10_m20_d3_s1024,C,0.01,42,0.01,0.000000,False,sensitivity_range,True,1.391161e-03
rand_n10_m20_d3_s1024,C,0.01,42,0.05,0.000000,False,sensitivity_range,True,1.391161e-03
rand_n10_m20_d3_s1024,C,0.01,123,0.01,0.000000,False,sensitivity_range,False,7.788136e-05
rand_n10_m20_d3_s1024,C,0.01,123,0.05,0.000000,False,sensitivity_range,False,7.788136e-05
rand_n10_m20_d3_s1024,C,0.01,456,0.01,0.000000,False,sensitivity_range,True,1.595214e-03
rand_n10_m20_d3_s1024,C,0.01,456,0.05,0.000000,False,sensitivity_range,True,1.595214e-03
rand_n10_m20_d3_s1024,C,0.02,42,0.01,0.000000,False,sensitivity_range,True,2.782323e-03
rand_n10_m20_d3_s1024,C,0.02,42,0.05,0.000000,False,sensitivity_range,True,2.782323e-03
rand_n10_m20_d3_s1024,C,0.02,123,0.01,0.000000,False,sensitivity_range,True,1.557627e-04
rand_n10_m20_d3_s1024,C,0.02,123,0.05,0.000000,False,sensitivity_range,True,1.557627e-04
rand_n10_m20_d3_s1024,C,0.02,456,0.01,0.000000,False,sensitivity_range,True,3.190428e-03
rand_n10_m20_d3_s1024,C,0.02,456,0.05,0.000000,False,sensitivity_range,True,3.190428e-03
rand_n10_m20_d3_s1024,R,0.005,42,0.01,,False,sensitivity_range,True,4.175255e-04
rand_n10_m20_d3_s1024,R,0.005,42,0.05,,False,sensitivity_range,True,4.175255e-04
rand_n10_m20_d3_s1024,R,0.005,123,0.01,,False,sensitivity_range,True,4.080093e-04
rand_n10_m20_d3_s1024,R,0.005,123,0.05,,False,sensitivity_range,True,4.080093e-04
rand_n10_m20_d3_s1024,R,0.005,456,0.01,,False,sensitivity_range,True,7.115094e-04
rand_n10_m20_d3_s1024,R,0.005,456,0.05,,False,sensitivity_range,True,7.115094e-04
rand_n10_m20_d3_s1024,R,0.01,42,0.01,,False,sensitivity_range,True,8.350511e-04
rand_n10_m20_d3_s1024,R,0.01,42,0.05,,False,sensitivity_range,True,8.350511e-04
rand_n10_m20_d3_s1024,R,0.01,123,0.01,,False,sensitivity_range,True,8.160185e-04
rand_n10_m20_d3_s1024,R,0.01,123,0.05,,False,sensitivity_range,True,8.160185e-04
rand_n10_m20_d3_s1024,R,0.01,456,0.01,,False,sensitivity_range,True,1.423019e-03
rand_n10_m20_d3_s1024,R,0.01,456,0.05,,False,sensitivity_range,True,1.423019e-03
rand_n10_m20_d3_s1024,R,0.02,42,0.01,,False,sensitivity_range,True,1.670102e-03
rand_n10_m20_d3_s1024,R,0.02,42,0.05,,False,sensitivity_range,True,1.670102e-03
rand_n10_m20_d3_s1024,R,0.02,123,0.01,,False,sensitivity_range,True,1.632037e-03
rand_n10_m20_d3_s1024,R,0.02,123,0.05,,False,sensitivity_range,True,1.632037e-03
rand_n10_m20_d3_s1024,R,0.02,456,0.01,,False,sensitivity_range,True,2.846038e-03
rand_n10_m20_d3_s1024,R,0.02,456,0.05,,False,sensitivity_range,True,2.846038e-03
rand_n10_m20_d3_s123,C,0.005,42,0.01,0.000000,False,sensitivity_range,True,1.016968e-04
rand_n10_m20_d3_s123,C,0.005,42,0.05,0.000000,False,sensitivity_range,True,1.016968e-04
rand_n10_m20_d3_s123,C,0.005,123,0.01,0.000000,False,sensitivity_range,True,1.095791e-03
rand_n10_m20_d3_s123,C,0.005,123,0.05,0.000000,False,sensitivity_range,True,1.095791e-03
rand_n10_m20_d3_s123,C,0.005,456,0.01,0.000000,False,sensitivity_range,True,1.006318e-04
rand_n10_m20_d3_s123,C,0.005,456,0.05,0.000000,False,sensitivity_range,True,1.006318e-04
rand_n10_m20_d3_s123,C,0.01,42,0.01,0.000000,False,sensitivity_range,True,2.033936e-04
rand_n10_m20_d3_s123,C,0.01,42,0.05,0.000000,False,sensitivity_range,True,2.033936e-04
rand_n10_m20_d3_s123,C,0.01,123,0.01,0.000000,False,sensitivity_range,True,2.191582e-03
rand_n10_m20_d3_s123,C,0.01,123,0.05,0.000000,False,sensitivity_range,True,2.191582e-03
rand_n10_m20_d3_s123,C,0.01,456,0.01,0.000000,False,sensitivity_range,True,2.012636e-04
rand_n10_m20_d3_s123,C,0.01,456,0.05,0.000000,False,sensitivity_range,True,2.012636e-04
rand_n10_m20_d3_s123,C,0.02,42,0.01,0.000000,False,sensitivity_range,True,4.067872e-04
rand_n10_m20_d3_s123,C,0.02,42,0.05,0.000000,False,sensitivity_range,True,4.067872e-04
rand_n10_m20_d3_s123,C,0.02,123,0.01,0.000000,False,sensitivity_range,True,4.383164e-03
rand_n10_m20_d3_s123,C,0.02,123,0.05,0.000000,False,sensitivity_range,True,4.383164e-03
rand_n10_m20_d3_s123,C,0.02,456,0.01,0.000000,False,sensitivity_range,True,4.025271e-04
rand_n10_m20_d3_s123,C,0.02,456,0.05,0.000000,False,sensitivity_range,True,4.025271e-04
rand_n10_m20_d3_s123,R,0.005,42,0.01,,False,sensitivity_range,True,2.974247e-04
rand_n10_m20_d3_s123,R,0.005,42,0.05,,False,sensitivity_range,True,2.974247e-04
rand_n10_m20_d3_s123,R,0.005,123,0.01,,False,sensitivity_range,True,1.390717e-03
rand_n10_m20_d3_s123,R,0.005,123,0.05,,False,sensitivity_range,True,1.390717e-03
rand_n10_m20_d3_s123,R,0.005,456,0.01,,False,sensitivity_range,True,1.400206e-04
rand_n10_m20_d3_s123,R,0.005,456,0.05,,False,sensitivity_range,True,1.400206e-04
rand_n10_m20_d3_s123,R,0.01,42,0.01,,False,sensitivity_range,True,5.948494e-04
rand_n10_m20_d3_s123,R,0.01,42,0.05,,False,sensitivity_range,True,5.948494e-04
rand_n10_m20_d3_s123,R,0.01,123,0.01,,False,sensitivity_range,True,2.781433e-03
rand_n10_m20_d3_s123,R,0.01,123,0.05,,False,sensitivity_range,True,2.781433e-03
rand_n10_m20_d3_s123,R,0.01,456,0.01,,False,sensitivity_range,True,2.800412e-04
rand_n10_m20_d3_s123,R,0.01,456,0.05,,False,sensitivity_range,True,2.800412e-04
rand_n10_m20_d3_s123,R,0.02,42,0.01,,False,sensitivity_range,True,1.189699e-03
rand_n10_m20_d3_s123,R,0.02,42,0.05,,False,sensitivity_range,True,1.189699e-03
rand_n10_m20_d3_s123,R,0.02,123,0.01,,False,sensitivity_range,True,5.562866e-03
rand_n10_m20_d3_s123,R,0.02,123,0.05,,False,sensitivity_range,True,5.562866e-03
rand_n10_m20_d3_s123,R,0.02,456,0.01,,False,sensitivity_range,True,5.600824e-04
rand_n10_m20_d3_s123,R,0.02,456,0.05,,False,sensitivity_range,True,5.600824e-04
rand_n10_m20_d3_s42,C,0.005,42,0.01,0.000000,False,sensitivity_range,True,8.188097e-04
rand_n10_m20_d3_s42,C,0.005,42,0.05,0.000000,False,sensitivity_range,True,8.188097e-04
rand_n10_m20_d3_s42,C,0.005,123,0.01,0.000000,False,sensitivity_range,True,5.496392e-04
rand_n10_m20_d3_s42,C,0.005,123,0.05,0.000000,False,sensitivity_range,True,5.496392e-04
rand_n10_m20_d3_s42,C,0.005,456,0.01,0.000000,False,sensitivity_range,True,1.916011e-04
rand_n10_m20_d3_s42,C,0.005,456,0.05,0.000000,False,sensitivity_range,True,1.916011e-04
rand_n10_m20_d3_s42,C,0.01,42,0.01,0.000000,False,sensitivity_range,True,1.637619e-03
rand_n10_m20_d3_s42,C,0.01,42,0.05,0.000000,False,sensitivity_range,True,1.637619e-03
rand_n10_m20_d3_s42,C,0.01,123,0.01,0.000000,False,sensitivity_range,True,1.099278e-03
rand_n10_m20_d3_s42,C,0.01,123,0.05,0.000000,False,sensitivity_range,True,1.099278e-03
rand_n10_m20_d3_s42,C,0.01,456,0.01,0.000000,False,sensitivity_range,True,3.832022e-04
rand_n10_m20_d3_s42,C,0.01,456,0.05,0.000000,False,sensitivity_range,True,3.832022e-04
rand_n10_m20_d3_s42,C,0.02,42,0.01,0.000000,False,sensitivity_range,True,3.275239e-03
rand_n10_m20_d3_s42,C,0.02,42,0.05,0.000000,False,sensitivity_range,True,3.275239e-03
rand_n10_m20_d3_s42,C,0.02,123,0.01,0.000000,False,sensitivity_range,True,2.198557e-03
rand_n10_m20_d3_s42,C,0.02,123,0.05,0.000000,False,sensitivity_range,True,2.198557e-03
rand_n10_m20_d3_s42,C,0.02,456,0.01,0.000000,False,sensitivity_range,True,7.664043e-04
rand_n10_m20_d3_s42,C,0.02,456,0.05,0.000000,False,sensitivity_range,True,7.664043e-04
rand_n10_m20_d3_s42,R,0.005,42,0.01,,False,sensitivity_range,True,5.536921e-04
rand_n10_m20_d3_s42,R,0.005,42,0.05,,False,sensitivity_range,True,5.536921e-04
rand_n10_m20_d3_s42,R,0.005,123,0.01,,False,sensitivity_range,True,4.375335e-04
rand_n10_m20_d3_s42,R,0.005,123,0.05,,False,sensitivity_range,True,4.375335e-04
rand_n10_m20_d3_s42,R,0.005,456,0.01,,False,sensitivity_range,True,1.943617e-04
rand_n10_m20_d3_s42,R,0.005,456,0.05,,False,sensitivity_range,True,1.943617e-04
rand_n10_m20_d3_s42,R,0.01,42,0.01,,False,sensitivity_range,True,1.107384e-03
rand_n10_m20_d3_s42,R,0.01,42,0.05,,False,sensitivity_range,True,1.107384e-03
rand_n10_m20_d3_s42,R,0.01,123,0.01,,False,sensitivity_range,True,8.750670e-04
rand_n10_m20_d3_s42,R,0.01,123,0.05,,False,sensitivity_range,True,8.750670e-04
rand_n10_m20_d3_s42,R,0.01,456,0.01,,False,sensitivity_range,True,3.887234e-04
rand_n10_m20_d3_s42,R,0.01,456,0.05,,False,sensitivity_range,True,3.887234e-04
rand_n10_m20_d3_s42,R,0.02,42,0.01,,False,sensitivity_range,True,2.214768e-03
rand_n10_m20_d3_s42,R,0.02,42,0.05,,False,sensitivity_range,True,2.214768e-03
rand_n10_m20_d3_s42,R,0.02,123,0.01,,False,sensitivity_range,True,1.750134e-03
rand_n10_m20_d3_s42,R,0.02,123,0.05,,False,sensitivity_range,True,1.750134e-03
rand_n10_m20_d3_s42,R,0.02,456,0.01,,False,sensitivity_range,True,7.774467e-04
rand_n10_m20_d3_s42,R,0.02,456,0.05,,False,sensitivity_range,True,7.774467e-04
rand_n10_m20_d3_s456,C,0.005,42,0.01,0.000000,False,sensitivity_range,True,5.128639e-04
rand_n10_m20_d3_s456,C,0.005,42,0.05,0.000000,False,sensitivity_range,True,5.128639e-04
rand_n10_m20_d3_s456,C,0.005,123,0.01,0.000000,False,sensitivity_range,True,1.226050e-03
rand_n10_m20_d3_s456,C,0.005,123,0.05,0.000000,False,sensitivity_range,True,1.226050e-03
rand_n10_m20_d3_s456,C,0.005,456,0.01,0.000000,False,sensitivity_range,True,2.101786e-03
rand_n10_m20_d3_s456,C,0.005,456,0.05,0.000000,False,sensitivity_range,True,2.101786e-03
rand_n10_m20_d3_s456,C,0.01,42,0.01,0.000000,False,sensitivity_range,True,1.025728e-03
rand_n10_m20_d3_s456,C,0.01,42,0.05,0.000000,False,sensitivity_range,True,1.025728e-03
rand_n10_m20_d3_s456,C,0.01,123,0.01,0.000000,False,sensitivity_range,True,2.452101e-03
rand_n10_m20_d3_s456,C,0.01,123,0.05,0.000000,False,sensitivity_range,True,2.452101e-03
rand_n10_m20_d3_s456,C,0.01,456,0.01,0.000000,False,sensitivity_range,True,4.203573e-03
rand_n10_m20_d3_s456,C,0.01,456,0.05,0.000000,False,sensitivity_range,True,4.203573e-03
rand_n10_m20_d3_s456,C,0.02,42,0.01,0.000000,False,sensitivity_range,True,2.051455e-03
rand_n10_m20_d3_s456,C,0.02,42,0.05,0.000000,False,sensitivity_range,True,2.051455e-03
rand_n10_m20_d3_s456,C,0.02,123,0.01,0.000000,False,sensitivity_range,True,4.904202e-03
rand_n10_m20_d3_s456,C,0.02,123,0.05,0.000000,False,sensitivity_range,True,4.904202e-03
rand_n10_m20_d3_s456,C,0.02,456,0.01,0.000000,False,sensitivity_range,True,8.407146e-03
rand_n10_m20_d3_s456,C,0.02,456,0.05,0.000000,False,sensitivity_range,True,8.407146e-03
rand_n10_m20_d3_s456,R,0.005,42,0.01,,False,sensitivity_range,True,6.454167e-04
rand_n10_m20_d3_s456,R,0.005,42,0.05,,False,sensitivity_range,True,6.454167e-04
rand_n10_m20_d3_s456,R,0.005,123,0.01,,False,sensitivity_range,True,3.206133e-04
rand_n10_m20_d3_s456,R,0.005,123,0.05,,False,sensitivity_range,True,3.206133e-04
rand_n10_m20_d3_s456,R,0.005,456,0.01,,False,sensitivity_range,True,6.172814e-04
rand_n10_m20_d3_s456,R,0.005,456,0.05,,False,sensitivity_range,True,6.172814e-04
rand_n10_m20_d3_s456,R,0.01,42,0.01,,False,sensitivity_range,True,1.290833e-03
rand_n10_m20_d3_s456,R,0.01,42,0.05,,False,sensitivity_range,True,1.290833e-03
rand_n10_m20_d3_s456,R,0.01,123,0.01,,False,sensitivity_range,True,6.412266e-04
rand_n10_m20_d3_s456,R,0.01,123,0.05,,False,sensitivity_range,True,6.412266e-04
rand_n10_m20_d3_s456,R,0.01,456,0.01,,False,sensitivity_range,True,1.234563e-03
rand_n10_m20_d3_s456,R,0.01,456,0.05,,False,sensitivity_range,True,1.234563e-03
rand_n10_m20_d3_s456,R,0.02,42,0.01,,False,sensitivity_range,True,2.581667e-03
rand_n10_m20_d3_s456,R,0.02,42,0.05,,False,sensitivity_range,True,2.581667e-03
rand_n10_m20_d3_s456,R,0.02,123,0.01,,False,sensitivity_range,True,1.282453e-03
rand_n10_m20_d3_s456,R,0.02,123,0.05,,False,sensitivity_range,True,1.282453e-03
rand_n10_m20_d3_s456,R,0.02,456,0.01,,False,sensitivity_range,True,2.469126e-03
rand_n10_m20_d3_s456,R,0.02,456,0.05,,False,sensitivity_range,True,2.469126e-03
rand_n10_m20_d3_s789,C,0.005,42,0.01,0.000000,False,sensitivity_range,True,3.269054e-04
rand_n10_m20_d3_s789,C,0.005,42,0.05,0.000000,False,sensitivity_range,True,3.269054e-04
rand_n10_m20_d3_s789,C,0.005,123,0.01,0.000000,False,sensitivity_range,True,4.435193e-04
rand_n10_m20_d3_s789,C,0.005,123,0.05,0.000000,False,sensitivity_range,True,4.435193e-04
rand_n10_m20_d3_s789,C,0.005,456,0.01,0.000000,False,sensitivity_range,True,1.473244e-03
rand_n10_m20_d3_s789,C,0.005,456,0.05,0.000000,False,sensitivity_range,True,1.473244e-03
rand_n10_m20_d3_s789,C,0.01,42,0.01,0.000000,False,sensitivity_range,True,6.538107e-04
rand_n10_m20_d3_s789,C,0.01,42,0.05,0.000000,False,sensitivity_range,True,6.538107e-04
rand_n10_m20_d3_s789,C,0.01,123,0.01,0.000000,False,sensitivity_range,True,8.870385e-04
rand_n10_m20_d3_s789,C,0.01,123,0.05,0.000000,False,sensitivity_range,True,8.870385e-04
rand_n10_m20_d3_s789,C,0.01,456,0.01,0.000000,False,sensitivity_range,True,2.946489e-03
rand_n10_m20_d3_s789,C,0.01,456,0.05,0.000000,False,sensitivity_range,True,2.946489e-03
rand_n10_m20_d3_s789,C,0.02,42,0.01,0.000000,False,sensitivity_range,True,1.307621e-03
rand_n10_m20_d3_s789,C,0.02,42,0.05,0.000000,False,sensitivity_range,True,1.307621e-03
rand_n10_m20_d3_s789,C,0.02,123,0.01,0.000000,False,sensitivity_range,True,1.774077e-03
rand_n10_m20_d3_s789,C,0.02,123,0.05,0.000000,False,sensitivity_range,True,1.774077e-03
rand_n10_m20_d3_s789,C,0.02,456,0.01,0.000000,False,sensitivity_range,True,5.892977e-03
rand_n10_m20_d3_s789,C,0.02,456,0.05,0.000000,False,sensitivity_range,True,5.892977e-03
rand_n10_m20_d3_s789,R,0.005,42,0.01,,False,sensitivity_range,True,9.399129e-04
rand_n10_m20_d3_s789,R,0.005,42,0.05,,False,sensitivity_range,True,9.399129e-04
rand_n10_m20_d3_s789,R,0.005,123,0.01,,False,sensitivity_range,True,1.075749e-03
rand_n10_m20_d3_s789,R,0.005,123,0.05,,False,sensitivity_range,True,1.075749e-03
rand_n10_m20_d3_s789,R,0.005,456,0.01,,False,sensitivity_range,True,7.696432e-04
rand_n10_m20_d3_s789,R,0.005,456,0.05,,False,sensitivity_range,True,7.696432e-04
rand_n10_m20_d3_s789,R,0.01,42,0.01,,False,sensitivity_range,True,1.879826e-03
rand_n10_m20_d3_s789,R,0.01,42,0.05,,False,sensitivity_range,True,1.879826e-03
rand_n10_m20_d3_s789,R,0.01,123,0.01,,False,sensitivity_range,True,2.151497e-03
rand_n10_m20_d3_s789,R,0.01,123,0.05,,False,sensitivity_range,True,2.151497e-03
rand_n10_m20_d3_s789,R,0.01,456,0.01,,False,sensitivity_range,True,1.539286e-03
rand_n10_m20_d3_s789,R,0.01,456,0.05,,False,sensitivity_range,True,1.539286e-03
rand_n10_m20_d3_s789,R,0.02,42,0.01,,False,sensitivity_range,True,3.759652e-03
rand_n10_m20_d3_s789,R,0.02,42,0.05,,False,sensitivity_range,True,3.759652e-03
rand_n10_m20_d3_s789,R,0.02,123,0.01,,False,sensitivity_range,True,4.302994e-03
rand_n10_m20_d3_s789,R,0.02,123,0.05,,False,sensitivity_range,True,4.302994e-03
rand_n10_m20_d3_s789,R,0.02,456,0.01,,False,sensitivity_range,True,3.078573e-03
rand_n10_m20_d3_s789,R,0.02,456,0.05,,False,sensitivity_range,True,3.078573e-03
rand_n10_m20_d5_s1024,C,0.005,42,0.01,0.000000,False,sensitivity_range,True,3.214404e-04
rand_n10_m20_d5_s1024,C,0.005,42,0.05,0.000000,False,sensitivity_range,True,3.214404e-04
rand_n10_m20_d5_s1024,C,0.005,123,0.01,0.000000,False,sensitivity_range,True,3.773148e-04
rand_n10_m20_d5_s1024,C,0.005,123,0.05,0.000000,False,sensitivity_range,True,3.773148e-04
rand_n10_m20_d5_s1024,C,0.005,456,0.01,0.000000,False,sensitivity_range,True,1.401607e-04
rand_n10_m20_d5_s1024,C,0.005,456,0.05,0.000000,False,sensitivity_range,True,1.401607e-04
rand_n10_m20_d5_s1024,C,0.01,42,0.01,0.000000,False,sensitivity_range,True,6.428807e-04
rand_n10_m20_d5_s1024,C,0.01,42,0.05,0.000000,False,sensitivity_range,True,6.428807e-04
rand_n10_m20_d5_s1024,C,0.01,123,0.01,0.000000,False,sensitivity_range,True,7.546296e-04
rand_n10_m20_d5_s1024,C,0.01,123,0.05,0.000000,False,sensitivity_range,True,7.546296e-04
rand_n10_m20_d5_s1024,C,0.01,456,0.01,0.000000,False,sensitivity_range,True,2.803215e-04
rand_n10_m20_d5_s1024,C,0.01,456,0.05,0.000000,False,sensitivity_range,True,2.803215e-04
rand_n10_m20_d5_s1024,C,0.02,42,0.01,0.000000,False,sensitivity_range,True,1.285761e-03
rand_n10_m20_d5_s1024,C,0.02,42,0.05,0.000000,False,sensitivity_range,True,1.285761e-03
rand_n10_m20_d5_s1024,C,0.02,123,0.01,0.000000,False,sensitivity_range,True,1.509259e-03
rand_n10_m20_d5_s1024,C,0.02,123,0.05,0.000000,False,sensitivity_range,True,1.509259e-03
rand_n10_m20_d5_s1024,C,0.02,456,0.01,0.000000,False,sensitivity_range,True,5.606430e-04
rand_n10_m20_d5_s1024,C,0.02,456,0.05,0.000000,False,sensitivity_range,True,5.606430e-04
rand_n10_m20_d5_s1024,R,0.005,42,0.01,,False,sensitivity_range,True,6.913101e-04
rand_n10_m20_d5_s1024,R,0.005,42,0.05,,False,sensitivity_range,True,6.913101e-04
rand_n10_m20_d5_s1024,R,0.005,123,0.01,,False,sensitivity_range,True,9.794712e-04
rand_n10_m20_d5_s1024,R,0.005,123,0.05,,False,sensitivity_range,True,9.794712e-04
rand_n10_m20_d5_s1024,R,0.005,456,0.01,,False,sensitivity_range,True,7.360039e-04
rand_n10_m20_d5_s1024,R,0.005,456,0.05,,False,sensitivity_range,True,7.360039e-04
rand_n10_m20_d5_s1024,R,0.01,42,0.01,,False,sensitivity_range,True,1.382620e-03
rand_n10_m20_d5_s1024,R,0.01,42,0.05,,False,sensitivity_range,True,1.382620e-03
rand_n10_m20_d5_s1024,R,0.01,123,0.01,,False,sensitivity_range,True,1.958942e-03
rand_n10_m20_d5_s1024,R,0.01,123,0.05,,False,sensitivity_range,True,1.958942e-03
rand_n10_m20_d5_s1024,R,0.01,456,0.01,,False,sensitivity_range,True,1.472008e-03
rand_n10_m20_d5_s1024,R,0.01,456,0.05,,False,sensitivity_range,True,1.472008e-03
rand_n10_m20_d5_s1024,R,0.02,42,0.01,,False,sensitivity_range,True,2.765240e-03
rand_n10_m20_d5_s1024,R,0.02,42,0.05,,False,sensitivity_range,True,2.765240e-03
rand_n10_m20_d5_s1024,R,0.02,123,0.01,,False,sensitivity_range,True,3.917885e-03
rand_n10_m20_d5_s1024,R,0.02,123,0.05,,False,sensitivity_range,True,3.917885e-03
rand_n10_m20_d5_s1024,R,0.02,456,0.01,,False,sensitivity_range,True,2.944016e-03
rand_n10_m20_d5_s1024,R,0.02,456,0.05,,False,sensitivity_range,True,2.944016e-03
rand_n10_m20_d5_s123,C,0.005,42,0.01,0.000000,False,sensitivity_range,True,1.778244e-04
rand_n10_m20_d5_s123,C,0.005,42,0.05,0.000000,False,sensitivity_range,True,1.778244e-04
rand_n10_m20_d5_s123,C,0.005,123,0.01,0.000000,False,sensitivity_range,True,8.952893e-04
rand_n10_m20_d5_s123,C,0.005,123,0.05,0.000000,False,sensitivity_range,True,8.952893e-04
rand_n10_m20_d5_s123,C,0.005,456,0.01,0.000000,False,sensitivity_range,True,2.670707e-04
rand_n10_m20_d5_s123,C,0.005,456,0.05,0.000000,False,sensitivity_range,True,2.670707e-04
rand_n10_m20_d5_s123,C,0.01,42,0.01,0.000000,False,sensitivity_range,True,3.556487e-04
rand_n10_m20_d5_s123,C,0.01,42,0.05,0.000000,False,sensitivity_range,True,3.556487e-04
rand_n10_m20_d5_s123,C,0.01,123,0.01,0.000000,False,sensitivity_range,True,1.790579e-03
rand_n10_m20_d5_s123,C,0.01,123,0.05,0.000000,False,sensitivity_range,True,1.790579e-03
rand_n10_m20_d5_s123,C,0.01,456,0.01,0.000000,False,sensitivity_range,True,5.341413e-04
rand_n10_m20_d5_s123,C,0.01,456,0.05,0.000000,False,sensitivity_range,True,5.341413e-04
rand_n10_m20_d5_s123,C,0.02,42,0.01,0.000000,False,sensitivity_range,True,7.112974e-04
rand_n10_m20_d5_s123,C,0.02,42,0.05,0.000000,False,sensitivity_range,True,7.112974e-04
rand_n10_m20_d5_s123,C,0.02,123,0.01,0.000000,False,sensitivity_range,True,3.581157e-03
rand_n10_m20_d5_s123,C,0.02,123,0.05,0.000000,False,sensitivity_range,True,3.581157e-03
rand_n10_m20_d5_s123,C,0.02,456,0.01,0.000000,False,sensitivity_range,True,1.068283e-03
rand_n10_m20_d5_s123,C,0.02,456,0.05,0.000000,False,sensitivity_range,True,1.068283e-03
rand_n10_m20_d5_s123,R,0.005,42,0.01,,False,sensitivity_range,True,1.258146e-03
rand_n10_m20_d5_s123,R,0.005,42,0.05,,False,sensitivity_range,True,1.258146e-03
rand_n10_m20_d5_s123,R,0.005,123,0.01,,False,sensitivity_range,False,6.783533e-06
rand_n10_m20_d5_s123,R,0.005,123,0.05,,False,sensitivity_range,False,6.783533e-06
rand_n10_m20_d5_s123,R,0.005,456,0.01,,False,sensitivity_range,True,3.030730e-04
rand_n10_m20_d5_s123,R,0.005,456,0.05,,False,sensitivity_range,True,3.030730e-04
rand_n10_m20_d5_s123,R,0.01,42,0.01,,False,sensitivity_range,True,2.516292e-03
rand_n10_m20_d5_s123,R,0.01,42,0.05,,False,sensitivity_range,True,2.516292e-03
rand_n10_m20_d5_s123,R,0.01,123,0.01,,False,sensitivity_range,False,1.356707e-05
rand_n10_m20_d5_s123,R,0.01,123,0.05,,False,sensitivity_range,False,1.356707e-05
rand_n10_m20_d5_s123,R,0.01,456,0.01,,False,sensitivity_range,True,6.061459e-04
rand_n10_m20_d5_s123,R,0.01,456,0.05,,False,sensitivity_range,True,6.061459e-04
rand_n10_m20_d5_s123,R,0.02,42,0.01,,False,sensitivity_range,True,5.032585e-03
rand_n10_m20_d5_s123,R,0.02,42,0.05,,False,sensitivity_range,True,5.032585e-03
rand_n10_m20_d5_s123,R,0.02,123,0.01,,False,sensitivity_range,False,2.713413e-05
rand_n10_m20_d5_s123,R,0.02,123,0.05,,False,sensitivity_range,False,2.713413e-05
rand_n10_m20_d5_s123,R,0.02,456,0.01,,False,sensitivity_range,True,1.212292e-03
rand_n10_m20_d5_s123,R,0.02,456,0.05,,False,sensitivity_range,True,1.212292e-03
rand_n10_m20_d5_s42,C,0.005,42,0.01,0.000000,False,sensitivity_range,True,1.171303e-03
rand_n10_m20_d5_s42,C,0.005,42,0.05,0.000000,False,sensitivity_range,True,1.171303e-03
rand_n10_m20_d5_s42,C,0.005,123,0.01,0.000000,False,sensitivity_range,True,1.723287e-04
rand_n10_m20_d5_s42,C,0.005,123,0.05,0.000000,False,sensitivity_range,True,1.723287e-04
rand_n10_m20_d5_s42,C,0.005,456,0.01,0.000000,False,sensitivity_range,True,5.979190e-04
rand_n10_m20_d5_s42,C,0.005,456,0.05,0.000000,False,sensitivity_range,True,5.979190e-04
rand_n10_m20_d5_s42,C,0.01,42,0.01,0.000000,False,sensitivity_range,True,2.342606e-03
rand_n10_m20_d5_s42,C,0.01,42,0.05,0.000000,False,sensitivity_range,True,2.342606e-03
rand_n10_m20_d5_s42,C,0.01,123,0.01,0.000000,False,sensitivity_range,True,3.446573e-04
rand_n10_m20_d5_s42,C,0.01,123,0.05,0.000000,False,sensitivity_range,True,3.446573e-04
rand_n10_m20_d5_s42,C,0.01,456,0.01,0.000000,False,sensitivity_range,True,1.195838e-03
rand_n10_m20_d5_s42,C,0.01,456,0.05,0.000000,False,sensitivity_range,True,1.195838e-03
rand_n10_m20_d5_s42,C,0.02,42,0.01,0.000000,False,sensitivity_range,True,4.685212e-03
rand_n10_m20_d5_s42,C,0.02,42,0.05,0.000000,False,sensitivity_range,True,4.685212e-03
rand_n10_m20_d5_s42,C,0.02,123,0.01,0.000000,False,sensitivity_range,True,6.893147e-04
rand_n10_m20_d5_s42,C,0.02,123,0.05,0.000000,False,sensitivity_range,True,6.893147e-04
rand_n10_m20_d5_s42,C,0.02,456,0.01,0.000000,False,sensitivity_range,True,2.391676e-03
rand_n10_m20_d5_s42,C,0.02,456,0.05,0.000000,False,sensitivity_range,True,2.391676e-03
rand_n10_m20_d5_s42,R,0.005,42,0.01,,False,sensitivity_range,True,1.162930e-03
rand_n10_m20_d5_s42,R,0.005,42,0.05,,False,sensitivity_range,True,1.162930e-03
rand_n10_m20_d5_s42,R,0.005,123,0.01,,False,sensitivity_range,True,5.384930e-04
rand_n10_m20_d5_s42,R,0.005,123,0.05,,False,sensitivity_range,True,5.384930e-04
rand_n10_m20_d5_s42,R,0.005,456,0.01,,False,sensitivity_range,True,1.871694e-04
rand_n10_m20_d5_s42,R,0.005,456,0.05,,False,sensitivity_range,True,1.871694e-04
rand_n10_m20_d5_s42,R,0.01,42,0.01,,False,sensitivity_range,True,2.325861e-03
rand_n10_m20_d5_s42,R,0.01,42,0.05,,False,sensitivity_range,True,2.325861e-03
rand_n10_m20_d5_s42,R,0.01,123,0.01,,False,sensitivity_range,True,1.076986e-03
rand_n10_m20_d5_s42,R,0.01,123,0.05,,False,sensitivity_range,True,1.076986e-03
rand_n10_m20_d5_s42,R,0.01,456,0.01,,False,sensitivity_range,True,3.743388e-04
rand_n10_m20_d5_s42,R,0.01,456,0.05,,False,sensitivity_range,True,3.743388e-04
rand_n10_m20_d5_s42,R,0.02,42,0.01,,False,sensitivity_range,True,4.651721e-03
rand_n10_m20_d5_s42,R,0.02,42,0.05,,False,sensitivity_range,True,4.651721e-03
rand_n10_m20_d5_s42,R,0.02,123,0.01,,False,sensitivity_range,True,2.153972e-03
rand_n10_m20_d5_s42,R,0.02,123,0.05,,False,sensitivity_range,True,2.153972e-03
rand_n10_m20_d5_s42,R,0.02,456,0.01,,False,sensitivity_range,True,7.486776e-04
rand_n10_m20_d5_s42,R,0.02,456,0.05,,False,sensitivity_range,True,7.486776e-04
rand_n10_m20_d5_s456,C,0.005,42,0.01,0.000000,False,sensitivity_range,True,8.742242e-04
rand_n10_m20_d5_s456,C,0.005,42,0.05,0.000000,False,sensitivity_range,True,8.742242e-04
rand_n10_m20_d5_s456,C,0.005,123,0.01,0.000000,False,sensitivity_range,True,7.609370e-04
rand_n10_m20_d5_s456,C,0.005,123,0.05,0.000000,False,sensitivity_range,True,7.609370e-04
rand_n10_m20_d5_s456,C,0.005,456,0.01,0.000000,False,sensitivity_range,True,1.457920e-03
rand_n10_m20_d5_s456,C,0.005,456,0.05,0.000000,False,sensitivity_range,True,1.457920e-03
rand_n10_m20_d5_s456,C,0.01,42,0.01,0.000000,False,sensitivity_range,True,1.748448e-03
rand_n10_m20_d5_s456,C,0.01,42,0.05,0.000000,False,sensitivity_range,True,1.748448e-03
rand_n10_m20_d5_s456,C,0.01,123,0.01,0.000000,False,sensitivity_range,True,1.521874e-03
rand_n10_m20_d5_s456,C,0.01,123,0.05,0.000000,False,sensitivity_range,True,1.521874e-03
rand_n10_m20_d5_s456,C,0.01,456,0.01,0.000000,False,sensitivity_range,True,2.915840e-03
rand_n10_m20_d5_s456,C,0.01,456,0.05,0.000000,False,sensitivity_range,True,2.915840e-03
rand_n10_m20_d5_s456,C,0.02,42,0.01,0.000000,False,sensitivity_range,True,3.496897e-03
rand_n10_m20_d5_s456,C,0.02,42,0.05,0.000000,False,sensitivity_range,True,3.496897e-03
rand_n10_m20_d5_s456,C,0.02,123,0.01,0.000000,False,sensitivity_range,True,3.043748e-03
rand_n10_m20_d5_s456,C,0.02,123,0.05,0.000000,False,sensitivity_range,True,3.043748e-03
rand_n10_m20_d5_s456,C,0.02,456,0.01,0.000000,False,sensitivity_range,True,5.831681e-03
rand_n10_m20_d5_s456,C,0.02,456,0.05,0.000000,False,sensitivity_range,True,5.831681e-03
rand_n10_m20_d5_s456,R,0.005,42,0.01,,False,sensitivity_range,True,3.981238e-04
rand_n10_m20_d5_s456,R,0.005,42,0.05,,False,sensitivity_range,True,3.981238e-04
rand_n10_m20_d5_s456,R,0.005,123,0.01,,False,sensitivity_range,True,6.921220e-04
rand_n10_m20_d5_s456,R,0.005,123,0.05,,False,sensitivity_range,True,6.921220e-04
rand_n10_m20_d5_s456,R,0.005,456,0.01,,False,sensitivity_range,False,1.880767e-05
rand_n10_m20_d5_s456,R,0.005,456,0.05,,False,sensitivity_range,False,1.880767e-05
rand_n10_m20_d5_s456,R,0.01,42,0.01,,False,sensitivity_range,True,7.962476e-04
rand_n10_m20_d5_s456,R,0.01,42,0.05,,False,sensitivity_range,True,7.962476e-04
rand_n10_m20_d5_s456,R,0.01,123,0.01,,False,sensitivity_range,True,1.384244e-03
rand_n10_m20_d5_s456,R,0.01,123,0.05,,False,sensitivity_range,True,1.384244e-03
rand_n10_m20_d5_s456,R,0.01,456,0.01,,False,sensitivity_range,False,3.761533e-05
rand_n10_m20_d5_s456,R,0.01,456,0.05,,False,sensitivity_range,False,3.761533e-05
rand_n10_m20_d5_s456,R,0.02,42,0.01,,False,sensitivity_range,True,1.592495e-03
rand_n10_m20_d5_s456,R,0.02,42,0.05,,False,sensitivity_range,True,1.592495e-03
rand_n10_m20_d5_s456,R,0.02,123,0.01,,False,sensitivity_range,True,2.768488e-03
rand_n10_m20_d5_s456,R,0.02,123,0.05,,False,sensitivity_range,True,2.768488e-03
rand_n10_m20_d5_s456,R,0.02,456,0.01,,False,sensitivity_range,False,7.523067e-05
rand_n10_m20_d5_s456,R,0.02,456,0.05,,False,sensitivity_range,False,7.523067e-05
rand_n10_m20_d5_s789,C,0.005,42,0.01,0.000000,False,sensitivity_range,False,8.587156e-05
rand_n10_m20_d5_s789,C,0.005,42,0.05,0.000000,False,sensitivity_range,False,8.587156e-05
rand_n10_m20_d5_s789,C,0.005,123,0.01,0.000000,False,sensitivity_range,True,2.858397e-04
rand_n10_m20_d5_s789,C,0.005,123,0.05,0.000000,False,sensitivity_range,True,2.858397e-04
rand_n10_m20_d5_s789,C,0.005,456,0.01,0.000000,False,sensitivity_range,True,1.138500e-03
rand_n10_m20_d5_s789,C,0.005,456,0.05,0.000000,False,sensitivity_range,True,1.138500e-03
rand_n10_m20_d5_s789,C,0.01,42,0.01,0.000000,False,sensitivity_range,True,1.717431e-04
rand_n10_m20_d5_s789,C,0.01,42,0.05,0.000000,False,sensitivity_range,True,1.717431e-04
rand_n10_m20_d5_s789,C,0.01,123,0.01,0.000000,False,sensitivity_range,True,5.716794e-04
rand_n10_m20_d5_s789,C,0.01,123,0.05,0.000000,False,sensitivity_range,True,5.716794e-04
rand_n10_m20_d5_s789,C,0.01,456,0.01,0.000000,False,sensitivity_range,True,2.256330e-03
rand_n10_m20_d5_s789,C,0.01,456,0.05,0.000000,False,sensitivity_range,True,2.256330e-03
rand_n10_m20_d5_s789,C,0.02,42,0.01,0.012618,False,sensitivity_range,True,3.434862e-04
rand_n10_m20_d5_s789,C,0.02,42,0.05,0.012618,False,sensitivity_range,True,3.434862e-04
rand_n10_m20_d5_s789,C,0.02,123,0.01,0.014962,False,sensitivity_range,True,1.110359e-03
rand_n10_m20_d5_s789,C,0.02,123,0.05,0.014962,False,sensitivity_range,True,1.110359e-03
rand_n10_m20_d5_s789,C,0.02,456,0.01,0.007529,False,screening,True,4.426079e-03
rand_n10_m20_d5_s789,C,0.02,456,0.05,0.007529,False,screening,True,4.426079e-03
rand_n10_m20_d5_s789,R,0.005,42,0.01,,False,sensitivity_range,True,9.628046e-04
rand_n10_m20_d5_s789,R,0.005,42,0.05,,False,sensitivity_range,True,9.628046e-04
rand_n10_m20_d5_s789,R,0.005,123,0.01,,False,sensitivity_range,True,2.344380e-03
rand_n10_m20_d5_s789,R,0.005,123,0.05,,False,sensitivity_range,True,2.344380e-03
rand_n10_m20_d5_s789,R,0.005,456,0.01,,False,sensitivity_range,True,2.053460e-03
rand_n10_m20_d5_s789,R,0.005,456,0.05,,False,sensitivity_range,True,2.053460e-03
rand_n10_m20_d5_s789,R,0.01,42,0.01,,False,sensitivity_range,True,1.925609e-03
rand_n10_m20_d5_s789,R,0.01,42,0.05,,False,sensitivity_range,True,1.925609e-03
rand_n10_m20_d5_s789,R,0.01,123,0.01,,False,sensitivity_range,True,4.688759e-03
rand_n10_m20_d5_s789,R,0.01,123,0.05,,False,sensitivity_range,True,4.688759e-03
rand_n10_m20_d5_s789,R,0.01,456,0.01,,False,sensitivity_range,True,4.106920e-03
rand_n10_m20_d5_s789,R,0.01,456,0.05,,False,sensitivity_range,True,4.106920e-03
rand_n10_m20_d5_s789,R,0.02,42,0.01,,False,sensitivity_range,True,3.851218e-03
rand_n10_m20_d5_s789,R,0.02,42,0.05,,False,sensitivity_range,True,3.851218e-03
rand_n10_m20_d5_s789,R,0.02,123,0.01,,False,sensitivity_range,True,9.377518e-03
rand_n10_m20_d5_s789,R,0.02,123,0.05,,False,sensitivity_range,True,9.377518e-03
rand_n10_m20_d5_s789,R,0.02,456,0.01,,False,sensitivity_range,True,8.213841e-03
rand_n10_m20_d5_s789,R,0.02,456,0.05,,False,sensitivity_range,True,8.213841e-03
rand_n10_m20_d8_s1024,C,0.005,42,0.01,0.000000,False,sensitivity_range,False,9.879403e-05
rand_n10_m20_d8_s1024,C,0.005,42,0.05,0.000000,False,sensitivity_range,False,9.879403e-05
rand_n10_m20_d8_s1024,C,0.005,123,0.01,0.000000,False,sensitivity_range,False,4.405415e-05
rand_n10_m20_d8_s1024,C,0.005,123,0.05,0.000000,False,sensitivity_range,False,4.405415e-05
rand_n10_m20_d8_s1024,C,0.005,456,0.01,0.000000,False,sensitivity_range,True,1.457620e-04
rand_n10_m20_d8_s1024,C,0.005,456,0.05,0.000000,False,sensitivity_range,True,1.457620e-04
rand_n10_m20_d8_s1024,C,0.01,42,0.01,0.001389,False,sensitivity_range,True,1.975881e-04
rand_n10_m20_d8_s1024,C,0.01,42,0.05,0.001389,False,sensitivity_range,True,1.975881e-04
rand_n10_m20_d8_s1024,C,0.01,123,0.01,0.002579,False,sensitivity_range,False,8.810829e-05
rand_n10_m20_d8_s1024,C,0.01,123,0.05,0.002579,False,sensitivity_range,False,8.810829e-05
rand_n10_m20_d8_s1024,C,0.01,456,0.01,0.000000,False,sensitivity_range,True,2.915240e-04
rand_n10_m20_d8_s1024,C,0.01,456,0.05,0.000000,False,sensitivity_range,True,2.915240e-04
rand_n10_m20_d8_s1024,C,0.02,42,0.01,0.019086,False,sensitivity_range,True,3.951761e-04
rand_n10_m20_d8_s1024,C,0.02,42,0.05,0.019086,False,sensitivity_range,True,3.951761e-04
rand_n10_m20_d8_s1024,C,0.02,123,0.01,0.021422,True,,True,1.762166e-04
rand_n10_m20_d8_s1024,C,0.02,123,0.05,0.021422,False,screening,True,1.762166e-04
rand_n10_m20_d8_s1024,C,0.02,456,0.01,0.014013,True,,True,5.751335e-04
rand_n10_m20_d8_s1024,C,0.02,456,0.05,0.014013,False,screening,True,5.751335e-04
rand_n10_m20_d8_s1024,R,0.005,42,0.01,,False,sensitivity_range,True,2.323897e-03
rand_n10_m20_d8_s1024,R,0.005,42,0.05,,False,sensitivity_range,True,2.323897e-03
rand_n10_m20_d8_s1024,R,0.005,123,0.01,,False,sensitivity_range,True,2.241167e-03
rand_n10_m20_d8_s1024,R,0.005,123,0.05,,False,sensitivity_range,True,2.241167e-03
rand_n10_m20_d8_s1024,R,0.005,456,0.01,,False,sensitivity_range,True,2.681525e-03
rand_n10_m20_d8_s1024,R,0.005,456,0.05,,False,sensitivity_range,True,2.681525e-03
rand_n10_m20_d8_s1024,R,0.01,42,0.01,,False,sensitivity_range,True,4.647793e-03
rand_n10_m20_d8_s1024,R,0.01,42,0.05,,False,sensitivity_range,True,4.647793e-03
rand_n10_m20_d8_s1024,R,0.01,123,0.01,,False,sensitivity_range,True,4.482334e-03
rand_n10_m20_d8_s1024,R,0.01,123,0.05,,False,sensitivity_range,True,4.482334e-03
rand_n10_m20_d8_s1024,R,0.01,456,0.01,,False,sensitivity_range,True,5.363050e-03
rand_n10_m20_d8_s1024,R,0.01,456,0.05,,False,sensitivity_range,True,5.363050e-03
rand_n10_m20_d8_s1024,R,0.02,42,0.01,,False,sensitivity_range,True,9.295586e-03
rand_n10_m20_d8_s1024,R,0.02,42,0.05,,False,sensitivity_range,True,9.295586e-03
rand_n10_m20_d8_s1024,R,0.02,123,0.01,,False,sensitivity_range,True,8.964668e-03
rand_n10_m20_d8_s1024,R,0.02,123,0.05,,False,sensitivity_range,True,8.964668e-03
rand_n10_m20_d8_s1024,R,0.02,456,0.01,,False,sensitivity_range,True,1.072610e-02
rand_n10_m20_d8_s1024,R,0.02,456,0.05,,False,sensitivity_range,True,1.072610e-02
rand_n10_m20_d8_s123,C,0.005,42,0.01,0.000000,False,sensitivity_range,False,4.240483e-05
rand_n10_m20_d8_s123,C,0.005,42,0.05,0.000000,False,sensitivity_range,False,4.240483e-05
rand_n10_m20_d8_s123,C,0.005,123,0.01,0.000000,False,sensitivity_range,True,8.952994e-04
rand_n10_m20_d8_s123,C,0.005,123,0.05,0.000000,False,sensitivity_range,True,8.952994e-04
rand_n10_m20_d8_s123,C,0.005,456,0.01,0.000000,False,sensitivity_range,False,9.650965e-05
rand_n10_m20_d8_s123,C,0.005,456,0.05,0.000000,False,sensitivity_range,False,9.650965e-05
rand_n10_m20_d8_s123,C,0.01,42,0.01,0.000000,False,sensitivity_range,False,8.480965e-05
rand_n10_m20_d8_s123,C,0.01,42,0.05,0.000000,False,sensitivity_range,False,8.480965e-05
rand_n10_m20_d8_s123,C,0.01,123,0.01,0.000000,False,sensitivity_range,True,1.790599e-03
rand_n10_m20_d8_s123,C,0.01,123,0.05,0.000000,False,sensitivity_range,True,1.790599e-03
rand_n10_m20_d8_s123,C,0.01,456,0.01,0.000000,False,sensitivity_range,True,1.930193e-04
rand_n10_m20_d8_s123,C,0.01,456,0.05,0.000000,False,sensitivity_range,True,1.930193e-04
rand_n10_m20_d8_s123,C,0.02,42,0.01,0.000000,False,sensitivity_range,True,1.696193e-04
rand_n10_m20_d8_s123,C,0.02,42,0.05,0.000000,False,sensitivity_range,True,1.696193e-04
rand_n10_m20_d8_s123,C,0.02,123,0.01,0.000000,False,sensitivity_range,True,3.581198e-03
rand_n10_m20_d8_s123,C,0.02,123,0.05,0.000000,False,sensitivity_range,True,3.581198e-03
rand_n10_m20_d8_s123,C,0.02,456,0.01,0.000000,False,sensitivity_range,True,3.860386e-04
rand_n10_m20_d8_s123,C,0.02,456,0.05,0.000000,False,sensitivity_range,True,3.860386e-04
rand_n10_m20_d8_s123,R,0.005,42,0.01,,False,sensitivity_range,True,1.752037e-04
rand_n10_m20_d8_s123,R,0.005,42,0.05,,False,sensitivity_range,True,1.752037e-04
rand_n10_m20_d8_s123,R,0.005,123,0.01,,False,sensitivity_range,True,2.073551e-03
rand_n10_m20_d8_s123,R,0.005,123,0.05,,False,sensitivity_range,True,2.073551e-03
rand_n10_m20_d8_s123,R,0.005,456,0.01,,False,sensitivity_range,True,1.984462e-03
rand_n10_m20_d8_s123,R,0.005,456,0.05,,False,sensitivity_range,True,1.984462e-03
rand_n10_m20_d8_s123,R,0.01,42,0.01,,False,sensitivity_range,True,3.504073e-04
rand_n10_m20_d8_s123,R,0.01,42,0.05,,False,sensitivity_range,True,3.504073e-04
rand_n10_m20_d8_s123,R,0.01,123,0.01,,False,sensitivity_range,True,4.147102e-03
rand_n10_m20_d8_s123,R,0.01,123,0.05,,False,sensitivity_range,True,4.147102e-03
rand_n10_m20_d8_s123,R,0.01,456,0.01,,False,sensitivity_range,True,3.968923e-03
rand_n10_m20_d8_s123,R,0.01,456,0.05,,False,sensitivity_range,True,3.968923e-03
rand_n10_m20_d8_s123,R,0.02,42,0.01,,False,sensitivity_range,True,7.008146e-04
rand_n10_m20_d8_s123,R,0.02,42,0.05,,False,sensitivity_range,True,7.008146e-04
rand_n10_m20_d8_s123,R,0.02,123,0.01,,False,sensitivity_range,True,8.294204e-03
rand_n10_m20_d8_s123,R,0.02,123,0.05,,False,sensitivity_range,True,8.294204e-03
rand_n10_m20_d8_s123,R,0.02,456,0.01,,False,sensitivity_range,True,7.937847e-03
rand_n10_m20_d8_s123,R,0.02,456,0.05,,False,sensitivity_range,True,7.937847e-03
rand_n10_m20_d8_s42,C,0.005,42,0.01,0.000000,False,sensitivity_range,True,1.822327e-03
rand_n10_m20_d8_s42,C,0.005,42,0.05,0.000000,False,sensitivity_range,True,1.822327e-03
rand_n10_m20_d8_s42,C,0.005,123,0.01,0.000000,False,sensitivity_range,False,1.710873e-05
rand_n10_m20_d8_s42,C,0.005,123,0.05,0.000000,False,sensitivity_range,False,1.710873e-05
rand_n10_m20_d8_s42,C,0.005,456,0.01,0.000000,False,sensitivity_range,True,3.335468e-04
rand_n10_m20_d8_s42,C,0.005,456,0.05,0.000000,False,sensitivity_range,True,3.335468e-04
rand_n10_m20_d8_s42,C,0.01,42,0.01,0.000000,False,sensitivity_range,True,3.644654e-03
rand_n10_m20_d8_s42,C,0.01,42,0.05,0.000000,False,sensitivity_range,True,3.644654e-03
rand_n10_m20_d8_s42,C,0.01,123,0.01,0.000000,False,sensitivity_range,False,3.421746e-05
rand_n10_m20_d8_s42,C,0.01,123,0.05,0.000000,False,sensitivity_range,False,3.421746e-05
rand_n10_m20_d8_s42,C,0.01,456,0.01,0.000000,False,sensitivity_range,True,6.670936e-04
rand_n10_m20_d8_s42,C,0.01,456,0.05,0.000000,False,sensitivity_range,True,6.670936e-04
rand_n10_m20_d8_s42,C,0.02,42,0.01,0.000000,False,sensitivity_range,True,7.289308e-03
rand_n10_m20_d8_s42,C,0.02,42,0.05,0.000000,False,sensitivity_range,True,7.289308e-03
rand_n10_m20_d8_s42,C,0.02,123,0.01,0.000000,False,sensitivity_range,False,6.843493e-05
rand_n10_m20_d8_s42,C,0.02,123,0.05,0.000000,False,sensitivity_range,False,6.843493e-05
rand_n10_m20_d8_s42,C,0.02,456,0.01,0.000000,False,sensitivity_range,True,1.334187e-03
rand_n10_m20_d8_s42,C,0.02,456,0.05,0.000000,False,sensitivity_range,True,1.334187e-03
rand_n10_m20_d8_s42,R,0.005,42,0.01,,False,sensitivity_range,True,1.446962e-03
rand_n10_m20_d8_s42,R,0.005,42,0.05,,False,sensitivity_range,True,1.446962e-03
rand_n10_m20_d8_s42,R,0.005,123,0.01,,False,sensitivity_range,True,1.266722e-03
rand_n10_m20_d8_s42,R,0.005,123,0.05,,False,sensitivity_range,True,1.266722e-03
rand_n10_m20_d8_s42,R,0.005,456,0.01,,False,sensitivity_range,True,5.619428e-04
rand_n10_m20_d8_s42,R,0.005,456,0.05,,False,sensitivity_range,True,5.619428e-04
rand_n10_m20_d8_s42,R,0.01,42,0.01,,False,sensitivity_range,True,2.893923e-03
rand_n10_m20_d8_s42,R,0.01,42,0.05,,False,sensitivity_range,True,2.893923e-03
rand_n10_m20_d8_s42,R,0.01,123,0.01,,False,sensitivity_range,True,2.533443e-03
rand_n10_m20_d8_s42,R,0.01,123,0.05,,False,sensitivity_range,True,2.533443e-03
rand_n10_m20_d8_s42,R,0.01,456,0.01,,False,sensitivity_range,True,1.123886e-03
rand_n10_m20_d8_s42,R,0.01,456,0.05,,False,sensitivity_range,True,1.123886e-03
rand_n10_m20_d8_s42,R,0.02,42,0.01,,False,sensitivity_range,True,5.787847e-03
rand_n10_m20_d8_s42,R,0.02,42,0.05,,False,sensitivity_range,True,5.787847e-03
rand_n10_m20_d8_s42,R,0.02,123,0.01,,False,sensitivity_range,True,5.066886e-03
rand_n10_m20_d8_s42,R,0.02,123,0.05,,False,sensitivity_range,True,5.066886e-03
rand_n10_m20_d8_s42,R,0.02,456,0.01,,False,sensitivity_range,True,2.247771e-03
rand_n10_m20_d8_s42,R,0.02,456,0.05,,False,sensitivity_range,True,2.247771e-03
rand_n10_m20_d8_s456,C,0.005,42,0.01,0.000000,False,sensitivity_range,True,8.113497e-04
rand_n10_m20_d8_s456,C,0.005,42,0.05,0.000000,False,sensitivity_range,True,8.113497e-04
rand_n10_m20_d8_s456,C,0.005,123,0.01,0.000000,False,sensitivity_range,True,5.058040e-04
rand_n10_m20_d8_s456,C,0.005,123,0.05,0.000000,False,sensitivity_range,True,5.058040e-04
rand_n10_m20_d8_s456,C,0.005,456,0.01,0.000000,False,sensitivity_range,True,1.007900e-03
rand_n10_m20_d8_s456,C,0.005,456,0.05,0.000000,False,sensitivity_range,True,1.007900e-03
rand_n10_m20_d8_s456,C,0.01,42,0.01,0.000000,False,sensitivity_range,True,1.622699e-03
rand_n10_m20_d8_s456,C,0.01,42,0.05,0.000000,False,sensitivity_range,True,1.622699e-03
rand_n10_m20_d8_s456,C,0.01,123,0.01,0.000000,False,sensitivity_range,True,1.011608e-03
rand_n10_m20_d8_s456,C,0.01,123,0.05,0.000000,False,sensitivity_range,True,1.011608e-03
rand_n10_m20_d8_s456,C,0.01,456,0.01,0.000000,False,sensitivity_range,True,2.015800e-03
rand_n10_m20_d8_s456,C,0.01,456,0.05,0.000000,False,sensitivity_range,True,2.015800e-03
rand_n10_m20_d8_s456,C,0.02,42,0.01,0.000000,False,sensitivity_range,True,3.245399e-03
rand_n10_m20_d8_s456,C,0.02,42,0.05,0.000000,False,sensitivity_range,True,3.245399e-03
rand_n10_m20_d8_s456,C,0.02,123,0.01,0.000000,False,sensitivity_range,True,2.023216e-03
rand_n10_m20_d8_s456,C,0.02,123,0.05,0.000000,False,sensitivity_range,True,2.023216e-03
rand_n10_m20_d8_s456,C,0.02,456,0.01,0.000000,False,sensitivity_range,True,4.031601e-03
rand_n10_m20_d8_s456,C,0.02,456,0.05,0.000000,False,sensitivity_range,True,4.031601e-03
rand_n10_m20_d8_s456,R,0.005,42,0.01,,False,sensitivity_range,True,2.639988e-04
rand_n10_m20_d8_s456,R,0.005,42,0.05,,False,sensitivity_range,True,2.639988e-04
rand_n10_m20_d8_s456,R,0.005,123,0.01,,False,sensitivity_range,True,2.560655e-04
rand_n10_m20_d8_s456,R,0.005,123,0.05,,False,sensitivity_range,True,2.560655e-04
rand_n10_m20_d8_s456,R,0.005,456,0.01,,False,sensitivity_range,True,5.298730e-04
rand_n10_m20_d8_s456,R,0.005,456,0.05,,False,sensitivity_range,True,5.298730e-04
rand_n10_m20_d8_s456,R,0.01,42,0.01,,False,sensitivity_range,True,5.279976e-04
rand_n10_m20_d8_s456,R,0.01,42,0.05,,False,sensitivity_range,True,5.279976e-04
rand_n10_m20_d8_s456,R,0.01,123,0.01,,False,sensitivity_range,True,5.121310e-04
rand_n10_m20_d8_s456,R,0.01,123,0.05,,False,sensitivity_range,True,5.121310e-04
rand_n10_m20_d8_s456,R,0.01,456,0.01,,False,sensitivity_range,True,1.059746e-03
rand_n10_m20_d8_s456,R,0.01,456,0.05,,False,sensitivity_range,True,1.059746e-03
rand_n10_m20_d8_s456,R,0.02,42,0.01,,False,sensitivity_range,True,1.055995e-03
rand_n10_m20_d8_s456,R,0.02,42,0.05,,False,sensitivity_range,True,1.055995e-03
rand_n10_m20_d8_s456,R,0.02,123,0.01,,False,sensitivity_range,True,1.024262e-03
rand_n10_m20_d8_s456,R,0.02,123,0.05,,False,sensitivity_range,True,1.024262e-03
rand_n10_m20_d8_s456,R,0.02,456,0.01,,False,sensitivity_range,True,2.119492e-03
rand_n10_m20_d8_s456,R,0.02,456,0.05,,False,sensitivity_range,True,2.119492e-03
rand_n10_m20_d8_s789,C,0.005,42,0.01,0.006315,False,screening,True,2.711828e-04
rand_n10_m20_d8_s789,C,0.005,42,0.05,0.006315,False,screening,True,2.711828e-04
rand_n10_m20_d8_s789,C,0.005,123,0.01,0.006911,False,sensitivity_range,True,2.949280e-04
rand_n10_m20_d8_s789,C,0.005,123,0.05,0.006911,False,sensitivity_range,True,2.949280e-04
rand_n10_m20_d8_s789,C,0.005,456,0.01,0.005024,False,screening,True,7.057824e-04
rand_n10_m20_d8_s789,C,0.005,456,0.05,0.005024,False,screening,True,7.057824e-04
rand_n10_m20_d8_s789,C,0.01,42,0.01,0.015221,True,,True,5.423656e-04
rand_n10_m20_d8_s789,C,0.01,42,0.05,0.015221,False,screening,True,5.423656e-04
rand_n10_m20_d8_s789,C,0.01,123,0.01,0.016402,True,,True,5.898560e-04
rand_n10_m20_d8_s789,C,0.01,123,0.05,0.016402,False,screening,True,5.898560e-04
rand_n10_m20_d8_s789,C,0.01,456,0.01,0.012660,True,,True,1.370268e-03
rand_n10_m20_d8_s789,C,0.01,456,0.05,0.012660,False,screening,True,1.370268e-03
rand_n10_m20_d8_s789,C,0.02,42,0.01,0.032795,True,,True,1.084731e-03
rand_n10_m20_d8_s789,C,0.02,42,0.05,0.032795,False,screening,True,1.084731e-03
rand_n10_m20_d8_s789,C,0.02,123,0.01,0.035115,True,,True,1.179712e-03
rand_n10_m20_d8_s789,C,0.02,123,0.05,0.035115,False,screening,True,1.179712e-03
rand_n10_m20_d8_s789,C,0.02,456,0.01,0.027757,True,,True,2.699239e-03
rand_n10_m20_d8_s789,C,0.02,456,0.05,0.027757,False,screening,True,2.699239e-03
rand_n10_m20_d8_s789,R,0.005,42,0.01,,False,sensitivity_range,True,3.183942e-04
rand_n10_m20_d8_s789,R,0.005,42,0.05,,False,sensitivity_range,True,3.183942e-04
rand_n10_m20_d8_s789,R,0.005,123,0.01,,False,sensitivity_range,True,2.616310e-03
rand_n10_m20_d8_s789,R,0.005,123,0.05,,False,sensitivity_range,True,2.616310e-03
rand_n10_m20_d8_s789,R,0.005,456,0.01,,False,sensitivity_range,True,8.886421e-04
rand_n10_m20_d8_s789,R,0.005,456,0.05,,False,sensitivity_range,True,8.886421e-04
rand_n10_m20_d8_s789,R,0.01,42,0.01,,False,sensitivity_range,True,6.367883e-04
rand_n10_m20_d8_s789,R,0.01,42,0.05,,False,sensitivity_range,True,6.367883e-04
rand_n10_m20_d8_s789,R,0.01,123,0.01,,False,sensitivity_range,True,5.232620e-03
rand_n10_m20_d8_s789,R,0.01,123,0.05,,False,sensitivity_range,True,5.232620e-03
rand_n10_m20_d8_s789,R,0.01,456,0.01,,False,sensitivity_range,True,1.777284e-03
rand_n10_m20_d8_s789,R,0.01,456,0.05,,False,sensitivity_range,True,1.777284e-03
rand_n10_m20_d8_s789,R,0.02,42,0.01,,False,sensitivity_range,True,1.273577e-03
rand_n10_m20_d8_s789,R,0.02,42,0.05,,False,sensitivity_range,True,1.273577e-03
rand_n10_m20_d8_s789,R,0.02,123,0.01,,False,sensitivity_range,True,1.046524e-02
rand_n10_m20_d8_s789,R,0.02,123,0.05,,False,sensitivity_range,True,1.046524e-02
rand_n10_m20_d8_s789,R,0.02,456,0.01,,False,sensitivity_range,True,3.554569e-03
rand_n10_m20_d8_s789,R,0.02,456,0.05,,False,sensitivity_range,True,3.554569e-03
rand_n20_m20_d3_s1024,C,0.005,42,0.01,0.007757,False,screening,False,2.731991e-05
rand_n20_m20_d3_s1024,C,0.005,42,0.05,0.007757,False,screening,False,2.731991e-05
rand_n20_m20_d3_s1024,C,0.005,123,0.01,0.007784,False,screening,True,6.818164e-04
rand_n20_m20_d3_s1024,C,0.005,123,0.05,0.007784,False,screening,True,6.818164e-04
rand_n20_m20_d3_s1024,C,0.005,456,0.01,0.005898,False,sensitivity_range,True,2.697574e-04
rand_n20_m20_d3_s1024,C,0.005,456,0.05,0.005898,False,sensitivity_range,True,2.697574e-04
rand_n20_m20_d3_s1024,C,0.01,42,0.01,0.017218,True,,False,7.735584e-05
rand_n20_m20_d3_s1024,C,0.01,42,0.05,0.017218,False,screening,False,7.735584e-05
rand_n20_m20_d3_s1024,C,0.01,123,0.01,0.017271,True,,True,1.363633e-03
rand_n20_m20_d3_s1024,C,0.01,123,0.05,0.017271,False,screening,True,1.363633e-03
rand_n20_m20_d3_s1024,C,0.01,456,0.01,0.013530,True,,True,5.395148e-04
rand_n20_m20_d3_s1024,C,0.01,456,0.05,0.013530,False,screening,True,5.395148e-04
rand_n20_m20_d3_s1024,C,0.02,42,0.01,0.035872,True,,True,1.774277e-04
rand_n20_m20_d3_s1024,C,0.02,42,0.05,0.035872,False,screening,True,1.774277e-04
rand_n20_m20_d3_s1024,C,0.02,123,0.01,0.035976,True,,True,2.727266e-03
rand_n20_m20_d3_s1024,C,0.02,123,0.05,0.035976,False,screening,True,2.727266e-03
rand_n20_m20_d3_s1024,C,0.02,456,0.01,0.028621,True,,True,1.079030e-03
rand_n20_m20_d3_s1024,C,0.02,456,0.05,0.028621,False,screening,True,1.079030e-03
rand_n20_m20_d3_s1024,R,0.005,42,0.01,,False,sensitivity_range,True,5.432024e-04
rand_n20_m20_d3_s1024,R,0.005,42,0.05,,False,sensitivity_range,True,5.432024e-04
rand_n20_m20_d3_s1024,R,0.005,123,0.01,,False,sensitivity_range,True,7.267151e-04
rand_n20_m20_d3_s1024,R,0.005,123,0.05,,False,sensitivity_range,True,7.267151e-04
rand_n20_m20_d3_s1024,R,0.005,456,0.01,,False,sensitivity_range,True,5.178078e-04
rand_n20_m20_d3_s1024,R,0.005,456,0.05,,False,sensitivity_range,True,5.178078e-04
rand_n20_m20_d3_s1024,R,0.01,42,0.01,,False,sensitivity_range,True,1.086405e-03
rand_n20_m20_d3_s1024,R,0.01,42,0.05,,False,sensitivity_range,True,1.086405e-03
rand_n20_m20_d3_s1024,R,0.01,123,0.01,,False,sensitivity_range,True,1.453430e-03
rand_n20_m20_d3_s1024,R,0.01,123,0.05,,False,sensitivity_range,True,1.453430e-03
rand_n20_m20_d3_s1024,R,0.01,456,0.01,,False,sensitivity_range,True,1.035616e-03
rand_n20_m20_d3_s1024,R,0.01,456,0.05,,False,sensitivity_range,True,1.035616e-03
rand_n20_m20_d3_s1024,R,0.02,42,0.01,,False,sensitivity_range,True,2.172810e-03
rand_n20_m20_d3_s1024,R,0.02,42,0.05,,False,sensitivity_range,True,2.172810e-03
rand_n20_m20_d3_s1024,R,0.02,123,0.01,,False,sensitivity_range,True,2.906860e-03
rand_n20_m20_d3_s1024,R,0.02,123,0.05,,False,sensitivity_range,True,2.906860e-03
rand_n20_m20_d3_s1024,R,0.02,456,0.01,,False,sensitivity_range,True,2.071231e-03
rand_n20_m20_d3_s1024,R,0.02,456,0.05,,False,sensitivity_range,True,2.071231e-03
rand_n20_m20_d3_s123,C,0.005,42,0.01,0.000000,False,sensitivity_range,True,5.595577e-04
rand_n20_m20_d3_s123,C,0.005,42,0.05,0.000000,False,sensitivity_range,True,5.595577e-04
rand_n20_m20_d3_s123,C,0.005,123,0.01,0.000000,False,sensitivity_range,True,5.401393e-04
rand_n20_m20_d3_s123,C,0.005,123,0.05,0.000000,False,sensitivity_range,True,5.401393e-04
rand_n20_m20_d3_s123,C,0.005,456,0.01,0.000000,False,sensitivity_range,True,9.539379e-04
rand_n20_m20_d3_s123,C,0.005,456,0.05,0.000000,False,sensitivity_range,True,9.539379e-04
rand_n20_m20_d3_s123,C,0.01,42,0.01,0.000000,False,sensitivity_range,True,1.119115e-03
rand_n20_m20_d3_s123,C,0.01,42,0.05,0.000000,False,sensitivity_range,True,1.119115e-03
rand_n20_m20_d3_s123,C,0.01,123,0.01,0.000000,False,sensitivity_range,True,1.080279e-03
rand_n20_m20_d3_s123,C,0.01,123,0.05,0.000000,False,sensitivity_range,True,1.080279e-03
rand_n20_m20_d3_s123,C,0.01,456,0.01,0.000000,False,sensitivity_range,True,1.907876e-03
rand_n20_m20_d3_s123,C,0.01,456,0.05,0.000000,False,sensitivity_range,True,1.907876e-03
rand_n20_m20_d3_s123,C,0.02,42,0.01,0.000000,False,sensitivity_range,True,2.238231e-03
rand_n20_m20_d3_s123,C,0.02,42,0.05,0.000000,False,sensitivity_range,True,2.238231e-03
rand_n20_m20_d3_s123,C,0.02,123,0.01,0.000000,False,sensitivity_range,True,2.160557e-03
rand_n20_m20_d3_s123,C,0.02,123,0.05,0.000000,False,sensitivity_range,True,2.160557e-03
rand_n20_m20_d3_s123,C,0.02,456,0.01,0.000000,False,sensitivity_range,True,3.815752e-03
rand_n20_m20_d3_s123,C,0.02,456,0.05,0.000000,False,sensitivity_range,True,3.815752e-03
rand_n20_m20_d3_s123,R,0.005,42,0.01,,False,sensitivity_range,True,3.707539e-04
rand_n20_m20_d3_s123,R,0.005,42,0.05,,False,sensitivity_range,True,3.707539e-04
rand_n20_m20_d3_s123,R,0.005,123,0.01,,False,sensitivity_range,True,3.152637e-04
rand_n20_m20_d3_s123,R,0.005,123,0.05,,False,sensitivity_range,True,3.152637e-04
rand_n20_m20_d3_s123,R,0.005,456,0.01,,False,sensitivity_range,True,4.128611e-04
rand_n20_m20_d3_s123,R,0.005,456,0.05,,False,sensitivity_range,True,4.128611e-04
rand_n20_m20_d3_s123,R,0.01,42,0.01,,False,sensitivity_range,True,7.415078e-04
rand_n20_m20_d3_s123,R,0.01,42,0.05,,False,sensitivity_range,True,7.415078e-04
rand_n20_m20_d3_s123,R,0.01,123,0.01,,False,sensitivity_range,True,6.305274e-04
rand_n20_m20_d3_s123,R,0.01,123,0.05,,False,sensitivity_range,True,6.305274e-04
rand_n20_m20_d3_s123,R,0.01,456,0.01,,False,sensitivity_range,True,8.257221e-04
rand_n20_m20_d3_s123,R,0.01,456,0.05,,False,sensitivity_range,True,8.257221e-04
rand_n20_m20_d3_s123,R,0.02,42,0.01,,False,sensitivity_range,True,1.483016e-03
rand_n20_m20_d3_s123,R,0.02,42,0.05,,False,sensitivity_range,True,1.483016e-03
rand_n20_m20_d3_s123,R,0.02,123,0.01,,False,sensitivity_range,True,1.261055e-03
rand_n20_m20_d3_s123,R,0.02,123,0.05,,False,sensitivity_range,True,1.261055e-03
rand_n20_m20_d3_s123,R,0.02,456,0.01,,False,sensitivity_range,True,1.651444e-03
rand_n20_m20_d3_s123,R,0.02,456,0.05,,False,sensitivity_range,True,1.651444e-03
rand_n20_m20_d3_s42,C,0.005,42,0.01,0.000000,False,sensitivity_range,True,9.055530e-04
rand_n20_m20_d3_s42,C,0.005,42,0.05,0.000000,False,sensitivity_range,True,9.055530e-04
rand_n20_m20_d3_s42,C,0.005,123,0.01,0.000000,False,sensitivity_range,True,3.780661e-04
rand_n20_m20_d3_s42,C,0.005,123,0.05,0.000000,False,sensitivity_range,True,3.780661e-04
rand_n20_m20_d3_s42,C,0.005,456,0.01,0.000000,False,sensitivity_range,False,3.906666e-05
rand_n20_m20_d3_s42,C,0.005,456,0.05,0.000000,False,sensitivity_range,False,3.906666e-05
rand_n20_m20_d3_s42,C,0.01,42,0.01,0.000000,False,sensitivity_range,True,1.811106e-03
rand_n20_m20_d3_s42,C,0.01,42,0.05,0.000000,False,sensitivity_range,True,1.811106e-03
rand_n20_m20_d3_s42,C,0.01,123,0.01,0.000000,False,sensitivity_range,True,7.561321e-04
rand_n20_m20_d3_s42,C,0.01,123,0.05,0.000000,False,sensitivity_range,True,7.561321e-04
rand_n20_m20_d3_s42,C,0.01,456,0.01,0.000000,False,sensitivity_range,False,7.813331e-05
rand_n20_m20_d3_s42,C,0.01,456,0.05,0.000000,False,sensitivity_range,False,7.813331e-05
rand_n20_m20_d3_s42,C,0.02,42,0.01,0.000000,False,sensitivity_range,True,3.622212e-03
rand_n20_m20_d3_s42,C,0.02,42,0.05,0.000000,False,sensitivity_range,True,3.622212e-03
rand_n20_m20_d3_s42,C,0.02,123,0.01,0.000000,False,sensitivity_range,True,1.512264e-03
rand_n20_m20_d3_s42,C,0.02,123,0.05,0.000000,False,sensitivity_range,True,1.512264e-03
rand_n20_m20_d3_s42,C,0.02,456,0.01,0.000000,False,sensitivity_range,True,1.562666e-04
rand_n20_m20_d3_s42,C,0.02,456,0.05,0.000000,False,sensitivity_range,True,1.562666e-04
rand_n20_m20_d3_s42,R,0.005,42,0.01,,False,sensitivity_range,False,2.040593e-05
rand_n20_m20_d3_s42,R,0.005,42,0.05,,False,sensitivity_range,False,2.040593e-05
rand_n20_m20_d3_s42,R,0.005,123,0.01,,False,sensitivity_range,True,1.135046e-04
rand_n20_m20_d3_s42,R,0.005,123,0.05,,False,sensitivity_range,True,1.135046e-04
rand_n20_m20_d3_s42,R,0.005,456,0.01,,False,sensitivity_range,True,6.459141e-04
rand_n20_m20_d3_s42,R,0.005,456,0.05,,False,sensitivity_range,True,6.459141e-04
rand_n20_m20_d3_s42,R,0.01,42,0.01,,False,sensitivity_range,False,4.081185e-05
rand_n20_m20_d3_s42,R,0.01,42,0.05,,False,sensitivity_range,False,4.081185e-05
rand_n20_m20_d3_s42,R,0.01,123,0.01,,False,sensitivity_range,True,2.270091e-04
rand_n20_m20_d3_s42,R,0.01,123,0.05,,False,sensitivity_range,True,2.270091e-04
rand_n20_m20_d3_s42,R,0.01,456,0.01,,False,sensitivity_range,True,1.291828e-03
rand_n20_m20_d3_s42,R,0.01,456,0.05,,False,sensitivity_range,True,1.291828e-03
rand_n20_m20_d3_s42,R,0.02,42,0.01,,False,sensitivity_range,False,8.162370e-05
rand_n20_m20_d3_s42,R,0.02,42,0.05,,False,sensitivity_range,False,8.162370e-05
rand_n20_m20_d3_s42,R,0.02,123,0.01,,False,sensitivity_range,True,4.540183e-04
rand_n20_m20_d3_s42,R,0.02,123,0.05,,False,sensitivity_range,True,4.540183e-04
rand_n20_m20_d3_s42,R,0.02,456,0.01,,False,sensitivity_range,True,2.583656e-03
rand_n20_m20_d3_s42,R,0.02,456,0.05,,False,sensitivity_range,True,2.583656e-03
rand_n20_m20_d3_s456,C,0.005,42,0.01,0.000000,False,sensitivity_range,True,6.386454e-04
rand_n20_m20_d3_s456,C,0.005,42,0.05,0.000000,False,sensitivity_range,True,6.386454e-04
rand_n20_m20_d3_s456,C,0.005,123,0.01,0.000000,False,sensitivity_range,True,4.930241e-04
rand_n20_m20_d3_s456,C,0.005,123,0.05,0.000000,False,sensitivity_range,True,4.930241e-04
rand_n20_m20_d3_s456,C,0.005,456,0.01,0.000000,False,sensitivity_range,True,1.111975e-03
rand_n20_m20_d3_s456,C,0.005,456,0.05,0.000000,False,sensitivity_range,True,1.111975e-03
rand_n20_m20_d3_s456,C,0.01,42,0.01,0.000000,False,sensitivity_range,True,1.277291e-03
rand_n20_m20_d3_s456,C,0.01,42,0.05,0.000000,False,sensitivity_range,True,1.277291e-03
rand_n20_m20_d3_s456,C,0.01,123,0.01,0.000000,False,sensitivity_range,True,9.860482e-04
rand_n20_m20_d3_s456,C,0.01,123,0.05,0.000000,False,sensitivity_range,True,9.860482e-04
rand_n20_m20_d3_s456,C,0.01,456,0.01,0.000000,False,sensitivity_range,True,2.223949e-03
rand_n20_m20_d3_s456,C,0.01,456,0.05,0.000000,False,sensitivity_range,True,2.223949e-03
rand_n20_m20_d3_s456,C,0.02,42,0.01,0.000000,False,sensitivity_range,True,2.554582e-03
rand_n20_m20_d3_s456,C,0.02,42,0.05,0.000000,False,sensitivity_range,True,2.554582e-03
rand_n20_m20_d3_s456,C,0.02,123,0.01,0.000000,False,sensitivity_range,True,1.972096e-03
rand_n20_m20_d3_s456,C,0.02,123,0.05,0.000000,False,sensitivity_range,True,1.972096e-03
rand_n20_m20_d3_s456,C,0.02,456,0.01,0.000000,False,sensitivity_range,True,4.447898e-03
rand_n20_m20_d3_s456,C,0.02,456,0.05,0.000000,False,sensitivity_range,True,4.447898e-03
rand_n20_m20_d3_s456,R,0.005,42,0.01,,True,,True,8.081481e-04
rand_n20_m20_d3_s456,R,0.005,42,0.05,,True,,True,8.081481e-04
rand_n20_m20_d3_s456,R,0.005,123,0.01,,False,sensitivity_range,True,1.157320e-03
rand_n20_m20_d3_s456,R,0.005,123,0.05,,False,sensitivity_range,True,1.157320e-03
rand_n20_m20_d3_s456,R,0.005,456,0.01,,False,sensitivity_range,True,7.712892e-04
rand_n20_m20_d3_s456,R,0.005,456,0.05,,False,sensitivity_range,True,7.712892e-04
rand_n20_m20_d3_s456,R,0.01,42,0.01,,True,,True,1.746290e-03
rand_n20_m20_d3_s456,R,0.01,42,0.05,,True,,True,1.746290e-03
rand_n20_m20_d3_s456,R,0.01,123,0.01,,False,sensitivity_range,True,2.314641e-03
rand_n20_m20_d3_s456,R,0.01,123,0.05,,False,sensitivity_range,True,2.314641e-03
rand_n20_m20_d3_s456,R,0.01,456,0.01,,False,sensitivity_range,True,1.542578e-03
rand_n20_m20_d3_s456,R,0.01,456,0.05,,False,sensitivity_range,True,1.542578e-03
rand_n20_m20_d3_s456,R,0.02,42,0.01,,True,,True,3.659445e-03
rand_n20_m20_d3_s456,R,0.02,42,0.05,,True,,True,3.659445e-03
rand_n20_m20_d3_s456,R,0.02,123,0.01,,True,,True,4.629281e-03
rand_n20_m20_d3_s456,R,0.02,123,0.05,,True,,True,4.629281e-03
rand_n20_m20_d3_s456,R,0.02,456,0.01,,True,,True,3.085157e-03
rand_n20_m20_d3_s456,R,0.02,456,0.05,,True,,True,3.085157e-03
rand_n20_m20_d3_s789,C,0.005,42,0.01,0.005509,False,sensitivity_range,True,2.045177e-04
rand_n20_m20_d3_s789,C,0.005,42,0.05,0.005509,False,sensitivity_range,True,2.045177e-04
rand_n20_m20_d3_s789,C,0.005,123,0.01,0.005536,False,sensitivity_range,True,6.415881e-04
rand_n20_m20_d3_s789,C,0.005,123,0.05,0.005536,False,sensitivity_range,True,6.415881e-04
rand_n20_m20_d3_s789,C,0.005,456,0.01,0.003647,False,sensitivity_range,True,1.034172e-03
rand_n20_m20_d3_s789,C,0.005,456,0.05,0.003647,False,sensitivity_range,True,1.034172e-03
rand_n20_m20_d3_s789,C,0.01,42,0.01,0.014980,True,,True,4.090354e-04
rand_n20_m20_d3_s789,C,0.01,42,0.05,0.014980,False,screening,True,4.090354e-04
rand_n20_m20_d3_s789,C,0.01,123,0.01,0.015033,False,sensitivity_range,True,1.283176e-03
rand_n20_m20_d3_s789,C,0.01,123,0.05,0.015033,False,sensitivity_range,True,1.283176e-03
rand_n20_m20_d3_s789,C,0.01,456,0.01,0.011288,False,sensitivity_range,True,2.068344e-03
rand_n20_m20_d3_s789,C,0.01,456,0.05,0.011288,False,sensitivity_range,True,2.068344e-03
rand_n20_m20_d3_s789,C,0.02,42,0.01,0.033655,True,,True,8.180708e-04
rand_n20_m20_d3_s789,C,0.02,42,0.05,0.033655,False,screening,True,8.180708e-04
rand_n20_m20_d3_s789,C,0.02,123,0.01,0.033759,True,,True,2.566352e-03
rand_n20_m20_d3_s789,C,0.02,123,0.05,0.033759,False,screening,True,2.566352e-03
rand_n20_m20_d3_s789,C,0.02,456,0.01,0.026396,True,,True,4.136688e-03
rand_n20_m20_d3_s789,C,0.02,456,0.05,0.026396,False,screening,True,4.136688e-03
rand_n20_m20_d3_s789,R,0.005,42,0.01,,False,sensitivity_range,True,2.033248e-03
rand_n20_m20_d3_s789,R,0.005,42,0.05,,False,sensitivity_range,True,2.033248e-03
rand_n20_m20_d3_s789,R,0.005,123,0.01,,False,sensitivity_range,True,6.728376e-04
rand_n20_m20_d3_s789,R,0.005,123,0.05,,False,sensitivity_range,True,6.728376e-04
rand_n20_m20_d3_s789,R,0.005,456,0.01,,False,sensitivity_range,True,1.050489e-03
rand_n20_m20_d3_s789,R,0.005,456,0.05,,False,sensitivity_range,True,1.050489e-03
rand_n20_m20_d3_s789,R,0.01,42,0.01,,False,sensitivity_range,True,4.066495e-03
rand_n20_m20_d3_s789,R,0.01,42,0.05,,False,sensitivity_range,True,4.066495e-03
rand_n20_m20_d3_s789,R,0.01,123,0.01,,False,sensitivity_range,True,1.345675e-03
rand_n20_m20_d3_s789,R,0.01,123,0.05,,False,sensitivity_range,True,1.345675e-03
rand_n20_m20_d3_s789,R,0.01,456,0.01,,False,sensitivity_range,True,2.100977e-03
rand_n20_m20_d3_s789,R,0.01,456,0.05,,False,sensitivity_range,True,2.100977e-03
rand_n20_m20_d3_s789,R,0.02,42,0.01,,False,sensitivity_range,True,8.132990e-03
rand_n20_m20_d3_s789,R,0.02,42,0.05,,False,sensitivity_range,True,8.132990e-03
rand_n20_m20_d3_s789,R,0.02,123,0.01,,False,sensitivity_range,True,2.691351e-03
rand_n20_m20_d3_s789,R,0.02,123,0.05,,False,sensitivity_range,True,2.691351e-03
rand_n20_m20_d3_s789,R,0.02,456,0.01,,False,sensitivity_range,True,4.201955e-03
rand_n20_m20_d3_s789,R,0.02,456,0.05,,False,sensitivity_range,True,4.201955e-03
rand_n20_m20_d5_s1024,C,0.005,42,0.01,0.000000,False,sensitivity_range,True,8.588139e-04
rand_n20_m20_d5_s1024,C,0.005,42,0.05,0.000000,False,sensitivity_range,True,8.588139e-04
rand_n20_m20_d5_s1024,C,0.005,123,0.01,0.000000,False,sensitivity_range,True,1.047155e-03
rand_n20_m20_d5_s1024,C,0.005,123,0.05,0.000000,False,sensitivity_range,True,1.047155e-03
rand_n20_m20_d5_s1024,C,0.005,456,0.01,0.000000,False,sensitivity_range,False,2.259946e-05
rand_n20_m20_d5_s1024,C,0.005,456,0.05,0.000000,False,sensitivity_range,False,2.259946e-05
rand_n20_m20_d5_s1024,C,0.01,42,0.01,0.004092,False,sensitivity_range,True,1.717628e-03
rand_n20_m20_d5_s1024,C,0.01,42,0.05,0.004092,False,sensitivity_range,True,1.717628e-03
rand_n20_m20_d5_s1024,C,0.01,123,0.01,0.004146,False,screening,True,2.094310e-03
rand_n20_m20_d5_s1024,C,0.01,123,0.05,0.004146,False,screening,True,2.094310e-03
rand_n20_m20_d5_s1024,C,0.01,456,0.01,0.000380,False,sensitivity_range,False,4.519893e-05
rand_n20_m20_d5_s1024,C,0.01,456,0.05,0.000380,False,sensitivity_range,False,4.519893e-05
rand_n20_m20_d5_s1024,C,0.02,42,0.01,0.022870,True,,True,3.435256e-03
rand_n20_m20_d5_s1024,C,0.02,42,0.05,0.022870,False,screening,True,3.435256e-03
rand_n20_m20_d5_s1024,C,0.02,123,0.01,0.022974,True,,True,4.188621e-03
rand_n20_m20_d5_s1024,C,0.02,123,0.05,0.022974,False,screening,True,4.188621e-03
rand_n20_m20_d5_s1024,C,0.02,456,0.01,0.015571,True,,False,9.039785e-05
rand_n20_m20_d5_s1024,C,0.02,456,0.05,0.015571,False,screening,False,9.039785e-05
rand_n20_m20_d5_s1024,R,0.005,42,0.01,,False,sensitivity_range,False,4.672438e-05
rand_n20_m20_d5_s1024,R,0.005,42,0.05,,False,sensitivity_range,False,4.672438e-05
rand_n20_m20_d5_s1024,R,0.005,123,0.01,,False,sensitivity_range,True,1.107371e-04
rand_n20_m20_d5_s1024,R,0.005,123,0.05,,False,sensitivity_range,True,1.107371e-04
rand_n20_m20_d5_s1024,R,0.005,456,0.01,,False,sensitivity_range,True,4.322727e-04
rand_n20_m20_d5_s1024,R,0.005,456,0.05,,False,sensitivity_range,True,4.322727e-04
rand_n20_m20_d5_s1024,R,0.01,42,0.01,,False,sensitivity_range,True,1.110236e-04
rand_n20_m20_d5_s1024,R,0.01,42,0.05,,False,sensitivity_range,True,1.110236e-04
rand_n20_m20_d5_s1024,R,0.01,123,0.01,,False,sensitivity_range,True,2.214741e-04
rand_n20_m20_d5_s1024,R,0.01,123,0.05,,False,sensitivity_range,True,2.214741e-04
rand_n20_m20_d5_s1024,R,0.01,456,0.01,,False,sensitivity_range,True,8.645454e-04
rand_n20_m20_d5_s1024,R,0.01,456,0.05,,False,sensitivity_range,True,8.645454e-04
rand_n20_m20_d5_s1024,R,0.02,42,0.01,,True,,True,5.352309e-04
rand_n20_m20_d5_s1024,R,0.02,42,0.05,,True,,True,5.352309e-04
rand_n20_m20_d5_s1024,R,0.02,123,0.01,,False,sensitivity_range,True,4.429482e-04
rand_n20_m20_d5_s1024,R,0.02,123,0.05,,False,sensitivity_range,True,4.429482e-04
rand_n20_m20_d5_s1024,R,0.02,456,0.01,,False,sensitivity_range,True,1.729091e-03
rand_n20_m20_d5_s1024,R,0.02,456,0.05,,False,sensitivity_range,True,1.729091e-03
rand_n20_m20_d5_s123,C,0.005,42,0.01,0.000000,False,sensitivity_range,True,8.685185e-04
rand_n20_m20_d5_s123,C,0.005,42,0.05,0.000000,False,sensitivity_range,True,8.685185e-04
rand_n20_m20_d5_s123,C,0.005,123,0.01,0.000000,False,sensitivity_range,True,5.285097e-04
rand_n20_m20_d5_s123,C,0.005,123,0.05,0.000000,False,sensitivity_range,True,5.285097e-04
rand_n20_m20_d5_s123,C,0.005,456,0.01,0.000000,False,sensitivity_range,True,8.914838e-04
rand_n20_m20_d5_s123,C,0.005,456,0.05,0.000000,False,sensitivity_range,True,8.914838e-04
rand_n20_m20_d5_s123,C,0.01,42,0.01,0.000000,False,sensitivity_range,True,1.737037e-03
rand_n20_m20_d5_s123,C,0.01,42,0.05,0.000000,False,sensitivity_range,True,1.737037e-03
rand_n20_m20_d5_s123,C,0.01,123,0.01,0.000000,False,sensitivity_range,True,1.057019e-03
rand_n20_m20_d5_s123,C,0.01,123,0.05,0.000000,False,sensitivity_range,True,1.057019e-03
rand_n20_m20_d5_s123,C,0.01,456,0.01,0.000000,False,sensitivity_range,True,1.782968e-03
rand_n20_m20_d5_s123,C,0.01,456,0.05,0.000000,False,sensitivity_range,True,1.782968e-03
rand_n20_m20_d5_s123,C,0.02,42,0.01,0.000000,False,sensitivity_range,True,3.474074e-03
rand_n20_m20_d5_s123,C,0.02,42,0.05,0.000000,False,sensitivity_range,True,3.474074e-03
rand_n20_m20_d5_s123,C,0.02,123,0.01,0.000000,False,sensitivity_range,True,2.114039e-03
rand_n20_m20_d5_s123,C,0.02,123,0.05,0.000000,False,sensitivity_range,True,2.114039e-03
rand_n20_m20_d5_s123,C,0.02,456,0.01,0.000000,False,sensitivity_range,True,3.565935e-03
rand_n20_m20_d5_s123,C,0.02,456,0.05,0.000000,False,sensitivity_range,True,3.565935e-03
rand_n20_m20_d5_s123,R,0.005,42,0.01,,False,sensitivity_range,True,1.846537e-04
rand_n20_m20_d5_s123,R,0.005,42,0.05,,False,sensitivity_range,True,1.846537e-04
rand_n20_m20_d5_s123,R,0.005,123,0.01,,False,sensitivity_range,False,2.101705e-05
rand_n20_m20_d5_s123,R,0.005,123,0.05,,False,sensitivity_range,False,2.101705e-05
rand_n20_m20_d5_s123,R,0.005,456,0.01,,False,sensitivity_range,False,2.427379e-05
rand_n20_m20_d5_s123,R,0.005,456,0.05,,False,sensitivity_range,False,2.427379e-05
rand_n20_m20_d5_s123,R,0.01,42,0.01,,False,sensitivity_range,True,3.693074e-04
rand_n20_m20_d5_s123,R,0.01,42,0.05,,False,sensitivity_range,True,3.693074e-04
rand_n20_m20_d5_s123,R,0.01,123,0.01,,False,sensitivity_range,False,4.203411e-05
rand_n20_m20_d5_s123,R,0.01,123,0.05,,False,sensitivity_range,False,4.203411e-05
rand_n20_m20_d5_s123,R,0.01,456,0.01,,False,sensitivity_range,False,4.854759e-05
rand_n20_m20_d5_s123,R,0.01,456,0.05,,False,sensitivity_range,False,4.854759e-05
rand_n20_m20_d5_s123,R,0.02,42,0.01,,False,sensitivity_range,True,7.386149e-04
rand_n20_m20_d5_s123,R,0.02,42,0.05,,False,sensitivity_range,True,7.386149e-04
rand_n20_m20_d5_s123,R,0.02,123,0.01,,False,sensitivity_range,False,8.406822e-05
rand_n20_m20_d5_s123,R,0.02,123,0.05,,False,sensitivity_range,False,8.406822e-05
rand_n20_m20_d5_s123,R,0.02,456,0.01,,False,sensitivity_range,False,9.709518e-05
rand_n20_m20_d5_s123,R,0.02,456,0.05,,False,sensitivity_range,False,9.709518e-05
rand_n20_m20_d5_s42,C,0.005,42,0.01,0.000000,False,sensitivity_range,True,8.106386e-04
rand_n20_m20_d5_s42,C,0.005,42,0.05,0.000000,False,sensitivity_range,True,8.106386e-04
rand_n20_m20_d5_s42,C,0.005,123,0.01,0.000000,False,sensitivity_range,True,5.244075e-04
rand_n20_m20_d5_s42,C,0.005,123,0.05,0.000000,False,sensitivity_range,True,5.244075e-04
rand_n20_m20_d5_s42,C,0.005,456,0.01,0.000000,False,sensitivity_range,False,9.682229e-05
rand_n20_m20_d5_s42,C,0.005,456,0.05,0.000000,False,sensitivity_range,False,9.682229e-05
rand_n20_m20_d5_s42,C,0.01,42,0.01,0.000000,False,sensitivity_range,True,1.621277e-03
rand_n20_m20_d5_s42,C,0.01,42,0.05,0.000000,False,sensitivity_range,True,1.621277e-03
rand_n20_m20_d5_s42,C,0.01,123,0.01,0.000000,False,sensitivity_range,True,1.048815e-03
rand_n20_m20_d5_s42,C,0.01,123,0.05,0.000000,False,sensitivity_range,True,1.048815e-03
rand_n20_m20_d5_s42,C,0.01,456,0.01,0.000000,False,sensitivity_range,True,1.936446e-04
rand_n20_m20_d5_s42,C,0.01,456,0.05,0.000000,False,sensitivity_range,True,1.936446e-04
rand_n20_m20_d5_s42,C,0.02,42,0.01,0.001831,False,sensitivity_range,True,3.242554e-03
rand_n20_m20_d5_s42,C,0.02,42,0.05,0.001831,False,sensitivity_range,True,3.242554e-03
rand_n20_m20_d5_s42,C,0.02,123,0.01,0.001936,False,sensitivity_range,True,2.097630e-03
rand_n20_m20_d5_s42,C,0.02,123,0.05,0.001936,False,sensitivity_range,True,2.097630e-03
rand_n20_m20_d5_s42,C,0.02,456,0.01,0.000000,False,sensitivity_range,True,3.872892e-04
rand_n20_m20_d5_s42,C,0.02,456,0.05,0.000000,False,sensitivity_range,True,3.872892e-04
rand_n20_m20_d5_s42,R,0.005,42,0.01,,False,sensitivity_range,True,5.491278e-04
rand_n20_m20_d5_s42,R,0.005,42,0.05,,False,sensitivity_range,True,5.491278e-04
rand_n20_m20_d5_s42,R,0.005,123,0.01,,False,sensitivity_range,True,2.341608e-04
rand_n20_m20_d5_s42,R,0.005,123,0.05,,False,sensitivity_range,True,2.341608e-04
rand_n20_m20_d5_s42,R,0.005,456,0.01,,False,sensitivity_range,True,7.408755e-04
rand_n20_m20_d5_s42,R,0.005,456,0.05,,False,sensitivity_range,True,7.408755e-04
rand_n20_m20_d5_s42,R,0.01,42,0.01,,False,sensitivity_range,True,1.098256e-03
rand_n20_m20_d5_s42,R,0.01,42,0.05,,False,sensitivity_range,True,1.098256e-03
rand_n20_m20_d5_s42,R,0.01,123,0.01,,False,sensitivity_range,True,4.683216e-04
rand_n20_m20_d5_s42,R,0.01,123,0.05,,False,sensitivity_range,True,4.683216e-04
rand_n20_m20_d5_s42,R,0.01,456,0.01,,False,sensitivity_range,True,1.481751e-03
rand_n20_m20_d5_s42,R,0.01,456,0.05,,False,sensitivity_range,True,1.481751e-03
rand_n20_m20_d5_s42,R,0.02,42,0.01,,False,sensitivity_range,True,2.196511e-03
rand_n20_m20_d5_s42,R,0.02,42,0.05,,False,sensitivity_range,True,2.196511e-03
rand_n20_m20_d5_s42,R,0.02,123,0.01,,False,sensitivity_range,True,9.366433e-04
rand_n20_m20_d5_s42,R,0.02,123,0.05,,False,sensitivity_range,True,9.366433e-04
rand_n20_m20_d5_s42,R,0.02,456,0.01,,False,sensitivity_range,True,2.907478e-03
rand_n20_m20_d5_s42,R,0.02,456,0.05,,False,sensitivity_range,True,2.907478e-03
rand_n20_m20_d5_s456,C,0.005,42,0.01,0.000000,False,sensitivity_range,True,6.771605e-04
rand_n20_m20_d5_s456,C,0.005,42,0.05,0.000000,False,sensitivity_range,True,6.771605e-04
rand_n20_m20_d5_s456,C,0.005,123,0.01,0.000000,False,sensitivity_range,True,3.876136e-04
rand_n20_m20_d5_s456,C,0.005,123,0.05,0.000000,False,sensitivity_range,True,3.876136e-04
rand_n20_m20_d5_s456,C,0.005,456,0.01,0.000000,False,sensitivity_range,True,9.825774e-04
rand_n20_m20_d5_s456,C,0.005,456,0.05,0.000000,False,sensitivity_range,True,9.825774e-04
rand_n20_m20_d5_s456,C,0.01,42,0.01,0.000000,False,sensitivity_range,True,1.354321e-03
rand_n20_m20_d5_s456,C,0.01,42,0.05,0.000000,False,sensitivity_range,True,1.354321e-03
rand_n20_m20_d5_s456,C,0.01,123,0.01,0.000000,False,sensitivity_range,True,7.752272e-04
rand_n20_m20_d5_s456,C,0.01,123,0.05,0.000000,False,sensitivity_range,True,7.752272e-04
rand_n20_m20_d5_s456,C,0.01,456,0.01,0.000000,False,sensitivity_range,True,1.965155e-03
rand_n20_m20_d5_s456,C,0.01,456,0.05,0.000000,False,sensitivity_range,True,1.965155e-03
rand_n20_m20_d5_s456,C,0.02,42,0.01,0.000000,False,sensitivity_range,True,2.708642e-03
rand_n20_m20_d5_s456,C,0.02,42,0.05,0.000000,False,sensitivity_range,True,2.708642e-03
rand_n20_m20_d5_s456,C,0.02,123,0.01,0.000000,False,sensitivity_range,True,1.550454e-03
rand_n20_m20_d5_s456,C,0.02,123,0.05,0.000000,False,sensitivity_range,True,1.550454e-03
rand_n20_m20_d5_s456,C,0.02,456,0.01,0.000000,False,sensitivity_range,True,3.930309e-03
rand_n20_m20_d5_s456,C,0.02,456,0.05,0.000000,False,sensitivity_range,True,3.930309e-03
rand_n20_m20_d5_s456,R,0.005,42,0.01,,False,sensitivity_range,True,1.271493e-04
rand_n20_m20_d5_s456,R,0.005,42,0.05,,False,sensitivity_range,True,1.271493e-04
rand_n20_m20_d5_s456,R,0.005,123,0.01,,False,sensitivity_range,True,1.057005e-03
rand_n20_m20_d5_s456,R,0.005,123,0.05,,False,sensitivity_range,True,1.057005e-03
rand_n20_m20_d5_s456,R,0.005,456,0.01,,False,sensitivity_range,True,1.044328e-03
rand_n20_m20_d5_s456,R,0.005,456,0.05,,False,sensitivity_range,True,1.044328e-03
rand_n20_m20_d5_s456,R,0.01,42,0.01,,False,sensitivity_range,True,2.542986e-04
rand_n20_m20_d5_s456,R,0.01,42,0.05,,False,sensitivity_range,True,2.542986e-04
rand_n20_m20_d5_s456,R,0.01,123,0.01,,False,sensitivity_range,True,2.114010e-03
rand_n20_m20_d5_s456,R,0.01,123,0.05,,False,sensitivity_range,True,2.114010e-03
rand_n20_m20_d5_s456,R,0.01,456,0.01,,False,sensitivity_range,True,2.088655e-03
rand_n20_m20_d5_s456,R,0.01,456,0.05,,False,sensitivity_range,True,2.088655e-03
rand_n20_m20_d5_s456,R,0.02,42,0.01,,True,,True,5.085972e-04
rand_n20_m20_d5_s456,R,0.02,42,0.05,,True,,True,5.085972e-04
rand_n20_m20_d5_s456,R,0.02,123,0.01,,False,sensitivity_range,True,4.228021e-03
rand_n20_m20_d5_s456,R,0.02,123,0.05,,False,sensitivity_range,True,4.228021e-03
rand_n20_m20_d5_s456,R,0.02,456,0.01,,False,sensitivity_range,True,4.177311e-03
rand_n20_m20_d5_s456,R,0.02,456,0.05,,False,sensitivity_range,True,4.177311e-03
rand_n20_m20_d5_s789,C,0.005,42,0.01,0.000000,False,sensitivity_range,True,3.237211e-04
rand_n20_m20_d5_s789,C,0.005,42,0.05,0.000000,False,sensitivity_range,True,3.237211e-04
rand_n20_m20_d5_s789,C,0.005,123,0.01,0.000000,False,sensitivity_range,True,1.408927e-04
rand_n20_m20_d5_s789,C,0.005,123,0.05,0.000000,False,sensitivity_range,True,1.408927e-04
rand_n20_m20_d5_s789,C,0.005,456,0.01,0.000000,False,sensitivity_range,True,8.054390e-04
rand_n20_m20_d5_s789,C,0.005,456,0.05,0.000000,False,sensitivity_range,True,8.054390e-04
rand_n20_m20_d5_s789,C,0.01,42,0.01,0.007626,False,sensitivity_range,True,6.474421e-04
rand_n20_m20_d5_s789,C,0.01,42,0.05,0.007626,False,sensitivity_range,True,6.474421e-04
rand_n20_m20_d5_s789,C,0.01,123,0.01,0.007679,False,sensitivity_range,True,2.817854e-04
rand_n20_m20_d5_s789,C,0.01,123,0.05,0.007679,False,sensitivity_range,True,2.817854e-04
rand_n20_m20_d5_s789,C,0.01,456,0.01,0.003920,False,sensitivity_range,True,1.632698e-03
rand_n20_m20_d5_s789,C,0.01,456,0.05,0.003920,False,sensitivity_range,True,1.632698e-03
rand_n20_m20_d5_s789,C,0.02,42,0.01,0.026370,True,,True,1.294884e-03
rand_n20_m20_d5_s789,C,0.02,42,0.05,0.026370,False,screening,True,1.294884e-03
rand_n20_m20_d5_s789,C,0.02,123,0.01,0.026475,False,sensitivity_range,True,5.635709e-04
rand_n20_m20_d5_s789,C,0.02,123,0.05,0.026475,False,sensitivity_range,True,5.635709e-04
rand_n20_m20_d5_s789,C,0.02,456,0.01,0.019084,True,,True,3.332813e-03
rand_n20_m20_d5_s789,C,0.02,456,0.05,0.019084,False,screening,True,3.332813e-03
rand_n20_m20_d5_s789,R,0.005,42,0.01,,True,,True,2.835244e-03
rand_n20_m20_d5_s789,R,0.005,42,0.05,,True,,True,2.835244e-03
rand_n20_m20_d5_s789,R,0.005,123,0.01,,False,sensitivity_range,True,1.403943e-03
rand_n20_m20_d5_s789,R,0.005,123,0.05,,False,sensitivity_range,True,1.403943e-03
rand_n20_m20_d5_s789,R,0.005,456,0.01,,False,sensitivity_range,True,1.283133e-03
rand_n20_m20_d5_s789,R,0.005,456,0.05,,False,sensitivity_range,True,1.283133e-03
rand_n20_m20_d5_s789,R,0.01,42,0.01,,True,,True,5.715633e-03
rand_n20_m20_d5_s789,R,0.01,42,0.05,,True,,True,5.715633e-03
rand_n20_m20_d5_s789,R,0.01,123,0.01,,True,,True,2.762742e-03
rand_n20_m20_d5_s789,R,0.01,123,0.05,,True,,True,2.762742e-03
rand_n20_m20_d5_s789,R,0.01,456,0.01,,False,sensitivity_range,True,2.565191e-03
rand_n20_m20_d5_s789,R,0.01,456,0.05,,False,sensitivity_range,True,2.565191e-03
rand_n20_m20_d5_s789,R,0.02,42,0.01,,True,,True,1.147641e-02
rand_n20_m20_d5_s789,R,0.02,42,0.05,,True,,True,1.147641e-02
rand_n20_m20_d5_s789,R,0.02,123,0.01,,True,,True,5.480338e-03
rand_n20_m20_d5_s789,R,0.02,123,0.05,,True,,True,5.480338e-03
rand_n20_m20_d5_s789,R,0.02,456,0.01,,True,,True,5.111175e-03
rand_n20_m20_d5_s789,R,0.02,456,0.05,,True,,True,5.111175e-03
rand_n20_m20_d8_s1024,C,0.005,42,0.01,0.000000,False,sensitivity_range,True,5.890182e-04
rand_n20_m20_d8_s1024,C,0.005,42,0.05,0.000000,False,sensitivity_range,True,5.890182e-04
rand_n20_m20_d8_s1024,C,0.005,123,0.01,0.000000,False,sensitivity_range,True,1.088886e-03
rand_n20_m20_d8_s1024,C,0.005,123,0.05,0.000000,False,sensitivity_range,True,1.088886e-03
rand_n20_m20_d8_s1024,C,0.005,456,0.01,0.000000,False,sensitivity_range,True,1.411669e-04
rand_n20_m20_d8_s1024,C,0.005,456,0.05,0.000000,False,sensitivity_range,True,1.411669e-04
rand_n20_m20_d8_s1024,C,0.01,42,0.01,0.000000,False,sensitivity_range,True,1.178036e-03
rand_n20_m20_d8_s1024,C,0.01,42,0.05,0.000000,False,sensitivity_range,True,1.178036e-03
rand_n20_m20_d8_s1024,C,0.01,123,0.01,0.000000,False,sensitivity_range,True,2.177772e-03
rand_n20_m20_d8_s1024,C,0.01,123,0.05,0.000000,False,sensitivity_range,True,2.177772e-03
rand_n20_m20_d8_s1024,C,0.01,456,0.01,0.000000,False,sensitivity_range,True,2.823339e-04
rand_n20_m20_d8_s1024,C,0.01,456,0.05,0.000000,False,sensitivity_range,True,2.823339e-04
rand_n20_m20_d8_s1024,C,0.02,42,0.01,0.000000,False,sensitivity_range,True,2.356073e-03
rand_n20_m20_d8_s1024,C,0.02,42,0.05,0.000000,False,sensitivity_range,True,2.356073e-03
rand_n20_m20_d8_s1024,C,0.02,123,0.01,0.000000,False,sensitivity_range,True,4.355545e-03
rand_n20_m20_d8_s1024,C,0.02,123,0.05,0.000000,False,sensitivity_range,True,4.355545e-03
rand_n20_m20_d8_s1024,C,0.02,456,0.01,0.000000,False,sensitivity_range,True,5.646678e-04
rand_n20_m20_d8_s1024,C,0.02,456,0.05,0.000000,False,sensitivity_range,True,5.646678e-04
rand_n20_m20_d8_s1024,R,0.005,42,0.01,,False,sensitivity_range,False,8.530907e-05
rand_n20_m20_d8_s1024,R,0.005,42,0.05,,False,sensitivity_range,False,8.530907e-05
rand_n20_m20_d8_s1024,R,0.005,123,0.01,,False,sensitivity_range,True,1.129190e-04
rand_n20_m20_d8_s1024,R,0.005,123,0.05,,False,sensitivity_range,True,1.129190e-04
rand_n20_m20_d8_s1024,R,0.005,456,0.01,,False,sensitivity_range,False,6.354723e-05
rand_n20_m20_d8_s1024,R,0.005,456,0.05,,False,sensitivity_range,False,6.354723e-05
rand_n20_m20_d8_s1024,R,0.01,42,0.01,,False,sensitivity_range,True,1.706181e-04
rand_n20_m20_d8_s1024,R,0.01,42,0.05,,False,sensitivity_range,True,1.706181e-04
rand_n20_m20_d8_s1024,R,0.01,123,0.01,,False,sensitivity_range,True,2.258380e-04
rand_n20_m20_d8_s1024,R,0.01,123,0.05,,False,sensitivity_range,True,2.258380e-04
rand_n20_m20_d8_s1024,R,0.01,456,0.01,,False,sensitivity_range,True,1.270945e-04
rand_n20_m20_d8_s1024,R,0.01,456,0.05,,False,sensitivity_range,True,1.270945e-04
rand_n20_m20_d8_s1024,R,0.02,42,0.01,,False,sensitivity_range,True,3.412363e-04
rand_n20_m20_d8_s1024,R,0.02,42,0.05,,False,sensitivity_range,True,3.412363e-04
rand_n20_m20_d8_s1024,R,0.02,123,0.01,,False,sensitivity_range,True,4.516760e-04
rand_n20_m20_d8_s1024,R,0.02,123,0.05,,False,sensitivity_range,True,4.516760e-04
rand_n20_m20_d8_s1024,R,0.02,456,0.01,,False,sensitivity_range,True,2.541889e-04
rand_n20_m20_d8_s1024,R,0.02,456,0.05,,False,sensitivity_range,True,2.541889e-04
rand_n20_m20_d8_s123,C,0.005,42,0.01,0.000000,False,sensitivity_range,True,6.191479e-04
rand_n20_m20_d8_s123,C,0.005,42,0.05,0.000000,False,sensitivity_range,True,6.191479e-04
rand_n20_m20_d8_s123,C,0.005,123,0.01,0.000000,False,sensitivity_range,True,4.948782e-04
rand_n20_m20_d8_s123,C,0.005,123,0.05,0.000000,False,sensitivity_range,True,4.948782e-04
rand_n20_m20_d8_s123,C,0.005,456,0.01,0.000000,False,sensitivity_range,True,1.274604e-03
rand_n20_m20_d8_s123,C,0.005,456,0.05,0.000000,False,sensitivity_range,True,1.274604e-03
rand_n20_m20_d8_s123,C,0.01,42,0.01,0.000000,False,sensitivity_range,True,1.238296e-03
rand_n20_m20_d8_s123,C,0.01,42,0.05,0.000000,False,sensitivity_range,True,1.238296e-03
rand_n20_m20_d8_s123,C,0.01,123,0.01,0.000000,False,sensitivity_range,True,9.897564e-04
rand_n20_m20_d8_s123,C,0.01,123,0.05,0.000000,False,sensitivity_range,True,9.897564e-04
rand_n20_m20_d8_s123,C,0.01,456,0.01,0.000000,False,sensitivity_range,True,2.549207e-03
rand_n20_m20_d8_s123,C,0.01,456,0.05,0.000000,False,sensitivity_range,True,2.549207e-03
rand_n20_m20_d8_s123,C,0.02,42,0.01,0.000000,False,sensitivity_range,True,2.476591e-03
rand_n20_m20_d8_s123,C,0.02,42,0.05,0.000000,False,sensitivity_range,True,2.476591e-03
rand_n20_m20_d8_s123,C,0.02,123,0.01,0.000000,False,sensitivity_range,True,1.979513e-03
rand_n20_m20_d8_s123,C,0.02,123,0.05,0.000000,False,sensitivity_range,True,1.979513e-03
rand_n20_m20_d8_s123,C,0.02,456,0.01,0.000000,False,sensitivity_range,True,5.098414e-03
rand_n20_m20_d8_s123,C,0.02,456,0.05,0.000000,False,sensitivity_range,True,5.098414e-03
rand_n20_m20_d8_s123,R,0.005,42,0.01,,False,sensitivity_range,True,4.232560e-04
rand_n20_m20_d8_s123,R,0.005,42,0.05,,False,sensitivity_range,True,4.232560e-04
rand_n20_m20_d8_s123,R,0.005,123,0.01,,False,sensitivity_range,False,4.396973e-05
rand_n20_m20_d8_s123,R,0.005,123,0.05,,False,sensitivity_range,False,4.396973e-05
rand_n20_m20_d8_s123,R,0.005,456,0.01,,False,sensitivity_range,False,5.416700e-05
rand_n20_m20_d8_s123,R,0.005,456,0.05,,False,sensitivity_range,False,5.416700e-05
rand_n20_m20_d8_s123,R,0.01,42,0.01,,False,sensitivity_range,True,8.465120e-04
rand_n20_m20_d8_s123,R,0.01,42,0.05,,False,sensitivity_range,True,8.465120e-04
rand_n20_m20_d8_s123,R,0.01,123,0.01,,False,sensitivity_range,False,8.793945e-05
rand_n20_m20_d8_s123,R,0.01,123,0.05,,False,sensitivity_range,False,8.793945e-05
rand_n20_m20_d8_s123,R,0.01,456,0.01,,False,sensitivity_range,True,1.083340e-04
rand_n20_m20_d8_s123,R,0.01,456,0.05,,False,sensitivity_range,True,1.083340e-04
rand_n20_m20_d8_s123,R,0.02,42,0.01,,False,sensitivity_range,True,1.693024e-03
rand_n20_m20_d8_s123,R,0.02,42,0.05,,False,sensitivity_range,True,1.693024e-03
rand_n20_m20_d8_s123,R,0.02,123,0.01,,False,sensitivity_range,True,1.758789e-04
rand_n20_m20_d8_s123,R,0.02,123,0.05,,False,sensitivity_range,True,1.758789e-04
rand_n20_m20_d8_s123,R,0.02,456,0.01,,False,sensitivity_range,True,2.166680e-04
rand_n20_m20_d8_s123,R,0.02,456,0.05,,False,sensitivity_range,True,2.166680e-04
rand_n20_m20_d8_s42,C,0.005,42,0.01,0.000000,False,sensitivity_range,True,1.298945e-03
rand_n20_m20_d8_s42,C,0.005,42,0.05,0.000000,False,sensitivity_range,True,1.298945e-03
rand_n20_m20_d8_s42,C,0.005,123,0.01,0.000000,False,sensitivity_range,True,4.538434e-04
rand_n20_m20_d8_s42,C,0.005,123,0.05,0.000000,False,sensitivity_range,True,4.538434e-04
rand_n20_m20_d8_s42,C,0.005,456,0.01,0.000000,False,sensitivity_range,True,4.645864e-04
rand_n20_m20_d8_s42,C,0.005,456,0.05,0.000000,False,sensitivity_range,True,4.645864e-04
rand_n20_m20_d8_s42,C,0.01,42,0.01,0.000000,False,sensitivity_range,True,2.597889e-03
rand_n20_m20_d8_s42,C,0.01,42,0.05,0.000000,False,sensitivity_range,True,2.597889e-03
rand_n20_m20_d8_s42,C,0.01,123,0.01,0.000000,False,sensitivity_range,True,9.076869e-04
rand_n20_m20_d8_s42,C,0.01,123,0.05,0.000000,False,sensitivity_range,True,9.076869e-04
rand_n20_m20_d8_s42,C,0.01,456,0.01,0.000000,False,sensitivity_range,True,9.291727e-04
rand_n20_m20_d8_s42,C,0.01,456,0.05,0.000000,False,sensitivity_range,True,9.291727e-04
rand_n20_m20_d8_s42,C,0.02,42,0.01,0.000000,False,sensitivity_range,True,5.195778e-03
rand_n20_m20_d8_s42,C,0.02,42,0.05,0.000000,False,sensitivity_range,True,5.195778e-03
rand_n20_m20_d8_s42,C,0.02,123,0.01,0.000000,False,sensitivity_range,True,1.815374e-03
rand_n20_m20_d8_s42,C,0.02,123,0.05,0.000000,False,sensitivity_range,True,1.815374e-03
rand_n20_m20_d8_s42,C,0.02,456,0.01,0.000000,False,sensitivity_range,True,1.844387e-03
rand_n20_m20_d8_s42,C,0.02,456,0.05,0.000000,False,sensitivity_range,True,1.844387e-03
rand_n20_m20_d8_s42,R,0.005,42,0.01,,False,sensitivity_range,True,3.311176e-04
rand_n20_m20_d8_s42,R,0.005,42,0.05,,False,sensitivity_range,True,3.311176e-04
rand_n20_m20_d8_s42,R,0.005,123,0.01,,False,sensitivity_range,True,2.884415e-04
rand_n20_m20_d8_s42,R,0.005,123,0.05,,False,sensitivity_range,True,2.884415e-04
rand_n20_m20_d8_s42,R,0.005,456,0.01,,False,sensitivity_range,True,3.472405e-04
rand_n20_m20_d8_s42,R,0.005,456,0.05,,False,sensitivity_range,True,3.472405e-04
rand_n20_m20_d8_s42,R,0.01,42,0.01,,False,sensitivity_range,True,6.622353e-04
rand_n20_m20_d8_s42,R,0.01,42,0.05,,False,sensitivity_range,True,6.622353e-04
rand_n20_m20_d8_s42,R,0.01,123,0.01,,False,sensitivity_range,True,5.768831e-04
rand_n20_m20_d8_s42,R,0.01,123,0.05,,False,sensitivity_range,True,5.768831e-04
rand_n20_m20_d8_s42,R,0.01,456,0.01,,False,sensitivity_range,True,6.944809e-04
rand_n20_m20_d8_s42,R,0.01,456,0.05,,False,sensitivity_range,True,6.944809e-04
rand_n20_m20_d8_s42,R,0.02,42,0.01,,True,,True,1.324471e-03
rand_n20_m20_d8_s42,R,0.02,42,0.05,,True,,True,1.324471e-03
rand_n20_m20_d8_s42,R,0.02,123,0.01,,False,sensitivity_range,True,1.153766e-03
rand_n20_m20_d8_s42,R,0.02,123,0.05,,False,sensitivity_range,True,1.153766e-03
rand_n20_m20_d8_s42,R,0.02,456,0.01,,False,sensitivity_range,True,1.371588e-03
rand_n20_m20_d8_s42,R,0.02,456,0.05,,False,sensitivity_range,True,1.371588e-03
rand_n20_m20_d8_s456,C,0.005,42,0.01,0.000000,False,sensitivity_range,True,8.514399e-04
rand_n20_m20_d8_s456,C,0.005,42,0.05,0.000000,False,sensitivity_range,True,8.514399e-04
rand_n20_m20_d8_s456,C,0.005,123,0.01,0.000000,False,sensitivity_range,True,4.228664e-04
rand_n20_m20_d8_s456,C,0.005,123,0.05,0.000000,False,sensitivity_range,True,4.228664e-04
rand_n20_m20_d8_s456,C,0.005,456,0.01,0.000000,False,sensitivity_range,True,1.145511e-03
rand_n20_m20_d8_s456,C,0.005,456,0.05,0.000000,False,sensitivity_range,True,1.145511e-03
rand_n20_m20_d8_s456,C,0.01,42,0.01,0.000000,False,sensitivity_range,True,1.702880e-03
rand_n20_m20_d8_s456,C,0.01,42,0.05,0.000000,False,sensitivity_range,True,1.702880e-03
rand_n20_m20_d8_s456,C,0.01,123,0.01,0.000000,False,sensitivity_range,True,8.457328e-04
rand_n20_m20_d8_s456,C,0.01,123,0.05,0.000000,False,sensitivity_range,True,8.457328e-04
rand_n20_m20_d8_s456,C,0.01,456,0.01,0.000000,False,sensitivity_range,True,2.291021e-03
rand_n20_m20_d8_s456,C,0.01,456,0.05,0.000000,False,sensitivity_range,True,2.291021e-03
rand_n20_m20_d8_s456,C,0.02,42,0.01,0.000000,False,sensitivity_range,True,3.353884e-03
rand_n20_m20_d8_s456,C,0.02,42,0.05,0.000000,False,sensitivity_range,True,3.353884e-03
rand_n20_m20_d8_s456,C,0.02,123,0.01,0.000000,False,sensitivity_range,True,1.691466e-03
rand_n20_m20_d8_s456,C,0.02,123,0.05,0.000000,False,sensitivity_range,True,1.691466e-03
rand_n20_m20_d8_s456,C,0.02,456,0.01,0.000000,False,sensitivity_range,True,4.582042e-03
rand_n20_m20_d8_s456,C,0.02,456,0.05,0.000000,False,sensitivity_range,True,4.582042e-03
rand_n20_m20_d8_s456,R,0.005,42,0.01,,False,sensitivity_range,True,5.722690e-04
rand_n20_m20_d8_s456,R,0.005,42,0.05,,False,sensitivity_range,True,5.722690e-04
rand_n20_m20_d8_s456,R,0.005,123,0.01,,False,sensitivity_range,True,1.492650e-03
rand_n20_m20_d8_s456,R,0.005,123,0.05,,False,sensitivity_range,True,1.492650e-03
rand_n20_m20_d8_s456,R,0.005,456,0.01,,False,sensitivity_range,True,1.304474e-03
rand_n20_m20_d8_s456,R,0.005,456,0.05,,False,sensitivity_range,True,1.304474e-03
rand_n20_m20_d8_s456,R,0.01,42,0.01,,False,sensitivity_range,True,1.144538e-03
rand_n20_m20_d8_s456,R,0.01,42,0.05,,False,sensitivity_range,True,1.144538e-03
rand_n20_m20_d8_s456,R,0.01,123,0.01,,False,sensitivity_range,True,2.985301e-03
rand_n20_m20_d8_s456,R,0.01,123,0.05,,False,sensitivity_range,True,2.985301e-03
rand_n20_m20_d8_s456,R,0.01,456,0.01,,False,sensitivity_range,True,2.608948e-03
rand_n20_m20_d8_s456,R,0.01,456,0.05,,False,sensitivity_range,True,2.608948e-03
rand_n20_m20_d8_s456,R,0.02,42,0.01,,False,sensitivity_range,True,2.289076e-03
rand_n20_m20_d8_s456,R,0.02,42,0.05,,False,sensitivity_range,True,2.289076e-03
rand_n20_m20_d8_s456,R,0.02,123,0.01,,False,sensitivity_range,True,5.970602e-03
rand_n20_m20_d8_s456,R,0.02,123,0.05,,False,sensitivity_range,True,5.970602e-03
rand_n20_m20_d8_s456,R,0.02,456,0.01,,False,sensitivity_range,True,5.217895e-03
rand_n20_m20_d8_s456,R,0.02,456,0.05,,False,sensitivity_range,True,5.217895e-03
rand_n20_m20_d8_s789,C,0.005,42,0.01,0.000000,False,sensitivity_range,True,8.627961e-04
rand_n20_m20_d8_s789,C,0.005,42,0.05,0.000000,False,sensitivity_range,True,8.627961e-04
rand_n20_m20_d8_s789,C,0.005,123,0.01,0.000000,False,sensitivity_range,False,1.401604e-05
rand_n20_m20_d8_s789,C,0.005,123,0.05,0.000000,False,sensitivity_range,False,1.401604e-05
rand_n20_m20_d8_s789,C,0.005,456,0.01,0.000000,False,sensitivity_range,True,9.982407e-04
rand_n20_m20_d8_s789,C,0.005,456,0.05,0.000000,False,sensitivity_range,True,9.982407e-04
rand_n20_m20_d8_s789,C,0.01,42,0.01,0.000000,False,sensitivity_range,True,1.725592e-03
rand_n20_m20_d8_s789,C,0.01,42,0.05,0.000000,False,sensitivity_range,True,1.725592e-03
rand_n20_m20_d8_s789,C,0.01,123,0.01,0.000000,False,sensitivity_range,False,2.803207e-05
rand_n20_m20_d8_s789,C,0.01,123,0.05,0.000000,False,sensitivity_range,False,2.803207e-05
rand_n20_m20_d8_s789,C,0.01,456,0.01,0.000000,False,sensitivity_range,True,1.996481e-03
rand_n20_m20_d8_s789,C,0.01,456,0.05,0.000000,False,sensitivity_range,True,1.996481e-03
rand_n20_m20_d8_s789,C,0.02,42,0.01,0.000000,False,sensitivity_range,True,3.451184e-03
rand_n20_m20_d8_s789,C,0.02,42,0.05,0.000000,False,sensitivity_range,True,3.451184e-03
rand_n20_m20_d8_s789,C,0.02,123,0.01,0.000000,False,sensitivity_range,False,5.606415e-05
rand_n20_m20_d8_s789,C,0.02,123,0.05,0.000000,False,sensitivity_range,False,5.606415e-05
rand_n20_m20_d8_s789,C,0.02,456,0.01,0.000000,False,sensitivity_range,True,3.992963e-03
rand_n20_m20_d8_s789,C,0.02,456,0.05,0.000000,False,sensitivity_range,True,3.992963e-03
rand_n20_m20_d8_s789,R,0.005,42,0.01,,False,sensitivity_range,True,1.811160e-04
rand_n20_m20_d8_s789,R,0.005,42,0.05,,False,sensitivity_range,True,1.811160e-04
rand_n20_m20_d8_s789,R,0.005,123,0.01,,False,sensitivity_range,True,3.620610e-04
rand_n20_m20_d8_s789,R,0.005,123,0.05,,False,sensitivity_range,True,3.620610e-04
rand_n20_m20_d8_s789,R,0.005,456,0.01,,False,sensitivity_range,True,2.699438e-04
rand_n20_m20_d8_s789,R,0.005,456,0.05,,False,sensitivity_range,True,2.699438e-04
rand_n20_m20_d8_s789,R,0.01,42,0.01,,False,sensitivity_range,True,3.622319e-04
rand_n20_m20_d8_s789,R,0.01,42,0.05,,False,sensitivity_range,True,3.622319e-04
rand_n20_m20_d8_s789,R,0.01,123,0.01,,False,sensitivity_range,True,7.241220e-04
rand_n20_m20_d8_s789,R,0.01,123,0.05,,False,sensitivity_range,True,7.241220e-04
rand_n20_m20_d8_s789,R,0.01,456,0.01,,False,sensitivity_range,True,5.398877e-04
rand_n20_m20_d8_s789,R,0.01,456,0.05,,False,sensitivity_range,True,5.398877e-04
rand_n20_m20_d8_s789,R,0.02,42,0.01,,False,sensitivity_range,True,7.244638e-04
rand_n20_m20_d8_s789,R,0.02,42,0.05,,False,sensitivity_range,True,7.244638e-04
rand_n20_m20_d8_s789,R,0.02,123,0.01,,False,sensitivity_range,True,1.448244e-03
rand_n20_m20_d8_s789,R,0.02,123,0.05,,False,sensitivity_range,True,1.448244e-03
rand_n20_m20_d8_s789,R,0.02,456,0.01,,False,sensitivity_range,True,1.079775e-03
rand_n20_m20_d8_s789,R,0.02,456,0.05,,False,sensitivity_range,True,1.079775e-03
rand_n20_m40_d3_s1024,C,0.005,42,0.01,0.000000,False,sensitivity_range,True,1.335729e-04
rand_n20_m40_d3_s1024,C,0.005,42,0.05,0.000000,False,sensitivity_range,True,1.335729e-04
rand_n20_m40_d3_s1024,C,0.005,123,0.01,0.000000,False,sensitivity_range,True,9.646233e-04
rand_n20_m40_d3_s1024,C,0.005,123,0.05,0.000000,False,sensitivity_range,True,9.646233e-04
rand_n20_m40_d3_s1024,C,0.005,456,0.01,0.000000,False,sensitivity_range,True,4.654368e-04
rand_n20_m40_d3_s1024,C,0.005,456,0.05,0.000000,False,sensitivity_range,True,4.654368e-04
rand_n20_m40_d3_s1024,C,0.01,42,0.01,0.000000,False,sensitivity_range,True,2.671458e-04
rand_n20_m40_d3_s1024,C,0.01,42,0.05,0.000000,False,sensitivity_range,True,2.671458e-04
rand_n20_m40_d3_s1024,C,0.01,123,0.01,0.000000,False,sensitivity_range,True,1.929247e-03
rand_n20_m40_d3_s1024,C,0.01,123,0.05,0.000000,False,sensitivity_range,True,1.929247e-03
rand_n20_m40_d3_s1024,C,0.01,456,0.01,0.000000,False,sensitivity_range,True,9.308736e-04
rand_n20_m40_d3_s1024,C,0.01,456,0.05,0.000000,False,sensitivity_range,True,9.308736e-04
rand_n20_m40_d3_s1024,C,0.02,42,0.01,0.015112,False,sensitivity_range,True,5.342916e-04
rand_n20_m40_d3_s1024,C,0.02,42,0.05,0.015112,False,sensitivity_range,True,5.342916e-04
rand_n20_m40_d3_s1024,C,0.02,123,0.01,0.015217,False,sensitivity_range,True,3.858493e-03
rand_n20_m40_d3_s1024,C,0.02,123,0.05,0.015217,False,sensitivity_range,True,3.858493e-03
rand_n20_m40_d3_s1024,C,0.02,456,0.01,0.007784,False,sensitivity_range,True,1.719835e-03
rand_n20_m40_d3_s1024,C,0.02,456,0.05,0.007784,False,sensitivity_range,True,1.719835e-03
rand_n20_m40_d3_s1024,R,0.005,42,0.01,,False,sensitivity_range,True,7.319510e-04
rand_n20_m40_d3_s1024,R,0.005,42,0.05,,False,sensitivity_range,True,7.319510e-04
rand_n20_m40_d3_s1024,R,0.005,123,0.01,,False,sensitivity_range,False,6.309811e-05
rand_n20_m40_d3_s1024,R,0.005,123,0.05,,False,sensitivity_range,False,6.309811e-05
rand_n20_m40_d3_s1024,R,0.005,456,0.01,,False,sensitivity_range,True,2.250350e-04
rand_n20_m40_d3_s1024,R,0.005,456,0.05,,False,sensitivity_range,True,2.250350e-04
rand_n20_m40_d3_s1024,R,0.01,42,0.01,,False,sensitivity_range,True,1.463902e-03
rand_n20_m40_d3_s1024,R,0.01,42,0.05,,False,sensitivity_range,True,1.463902e-03
rand_n20_m40_d3_s1024,R,0.01,123,0.01,,False,sensitivity_range,True,1.261962e-04
rand_n20_m40_d3_s1024,R,0.01,123,0.05,,False,sensitivity_range,True,1.261962e-04
rand_n20_m40_d3_s1024,R,0.01,456,0.01,,False,sensitivity_range,True,4.500700e-04
rand_n20_m40_d3_s1024,R,0.01,456,0.05,,False,sensitivity_range,True,4.500700e-04
rand_n20_m40_d3_s1024,R,0.02,42,0.01,,False,sensitivity_range,True,2.927804e-03
rand_n20_m40_d3_s1024,R,0.02,42,0.05,,False,sensitivity_range,True,2.927804e-03
rand_n20_m40_d3_s1024,R,0.02,123,0.01,,False,sensitivity_range,True,2.523924e-04
rand_n20_m40_d3_s1024,R,0.02,123,0.05,,False,sensitivity_range,True,2.523924e-04
rand_n20_m40_d3_s1024,R,0.02,456,0.01,,False,sensitivity_range,True,9.001399e-04
rand_n20_m40_d3_s1024,R,0.02,456,0.05,,False,sensitivity_range,True,9.001399e-04
rand_n20_m40_d3_s123,C,0.005,42,0.01,0.000000,False,sensitivity_range,True,7.087641e-04
rand_n20_m40_d3_s123,C,0.005,42,0.05,0.000000,False,sensitivity_range,True,7.087641e-04
rand_n20_m40_d3_s123,C,0.005,123,0.01,0.000000,False,sensitivity_range,False,8.376393e-05
rand_n20_m40_d3_s123,C,0.005,123,0.05,0.000000,False,sensitivity_range,False,8.376393e-05
rand_n20_m40_d3_s123,C,0.005,456,0.01,0.000000,False,sensitivity_range,True,5.407499e-04
rand_n20_m40_d3_s123,C,0.005,456,0.05,0.000000,False,sensitivity_range,True,5.407499e-04
rand_n20_m40_d3_s123,C,0.01,42,0.01,0.000000,False,sensitivity_range,True,1.417528e-03
rand_n20_m40_d3_s123,C,0.01,42,0.05,0.000000,False,sensitivity_range,True,1.417528e-03
rand_n20_m40_d3_s123,C,0.01,123,0.01,0.000000,False,sensitivity_range,True,1.675279e-04
rand_n20_m40_d3_s123,C,0.01,123,0.05,0.000000,False,sensitivity_range,True,1.675279e-04
rand_n20_m40_d3_s123,C,0.01,456,0.01,0.000000,False,sensitivity_range,True,1.081500e-03
rand_n20_m40_d3_s123,C,0.01,456,0.05,0.000000,False,sensitivity_range,True,1.081500e-03
rand_n20_m40_d3_s123,C,0.02,42,0.01,0.000000,False,sensitivity_range,True,2.835056e-03
rand_n20_m40_d3_s123,C,0.02,42,0.05,0.000000,False,sensitivity_range,True,2.835056e-03
rand_n20_m40_d3_s123,C,0.02,123,0.01,0.000000,False,sensitivity_range,True,3.350557e-04
rand_n20_m40_d3_s123,C,0.02,123,0.05,0.000000,False,sensitivity_range,True,3.350557e-04
rand_n20_m40_d3_s123,C,0.02,456,0.01,0.000000,False,sensitivity_range,True,2.163000e-03
rand_n20_m40_d3_s123,C,0.02,456,0.05,0.000000,False,sensitivity_range,True,2.163000e-03
rand_n20_m40_d3_s123,R,0.005,42,0.01,,False,sensitivity_range,True,1.074436e-03
rand_n20_m40_d3_s123,R,0.005,42,0.05,,False,sensitivity_range,True,1.074436e-03
rand_n20_m40_d3_s123,R,0.005,123,0.01,,False,sensitivity_range,True,9.778043e-04
rand_n20_m40_d3_s123,R,0.005,123,0.05,,False,sensitivity_range,True,9.778043e-04
rand_n20_m40_d3_s123,R,0.005,456,0.01,,False,sensitivity_range,True,2.646152e-04
rand_n20_m40_d3_s123,R,0.005,456,0.05,,False,sensitivity_range,True,2.646152e-04
rand_n20_m40_d3_s123,R,0.01,42,0.01,,False,sensitivity_range,True,2.148873e-03
rand_n20_m40_d3_s123,R,0.01,42,0.05,,False,sensitivity_range,True,2.148873e-03
rand_n20_m40_d3_s123,R,0.01,123,0.01,,False,sensitivity_range,True,1.955609e-03
rand_n20_m40_d3_s123,R,0.01,123,0.05,,False,sensitivity_range,True,1.955609e-03
rand_n20_m40_d3_s123,R,0.01,456,0.01,,False,sensitivity_range,True,5.292304e-04
rand_n20_m40_d3_s123,R,0.01,456,0.05,,False,sensitivity_range,True,5.292304e-04
rand_n20_m40_d3_s123,R,0.02,42,0.01,,False,sensitivity_range,True,4.297745e-03
rand_n20_m40_d3_s123,R,0.02,42,0.05,,False,sensitivity_range,True,4.297745e-03
rand_n20_m40_d3_s123,R,0.02,123,0.01,,True,,True,3.518244e-03
rand_n20_m40_d3_s123,R,0.02,123,0.05,,True,,True,3.518244e-03
rand_n20_m40_d3_s123,R,0.02,456,0.01,,False,sensitivity_range,True,8.843341e-04
rand_n20_m40_d3_s123,R,0.02,456,0.05,,False,sensitivity_range,True,8.843341e-04
rand_n20_m40_d3_s42,C,0.005,42,0.01,0.000000,False,sensitivity_range,True,8.070466e-04
rand_n20_m40_d3_s42,C,0.005,42,0.05,0.000000,False,sensitivity_range,True,8.070466e-04
rand_n20_m40_d3_s42,C,0.005,123,0.01,0.000000,False,sensitivity_range,True,1.357458e-04
rand_n20_m40_d3_s42,C,0.005,123,0.05,0.000000,False,sensitivity_range,True,1.357458e-04
rand_n20_m40_d3_s42,C,0.005,456,0.01,0.000000,False,sensitivity_range,True,6.361282e-04
rand_n20_m40_d3_s42,C,0.005,456,0.05,0.000000,False,sensitivity_range,True,6.361282e-04
rand_n20_m40_d3_s42,C,0.01,42,0.01,0.000000,False,sensitivity_range,True,1.614093e-03
rand_n20_m40_d3_s42,C,0.01,42,0.05,0.000000,False,sensitivity_range,True,1.614093e-03
rand_n20_m40_d3_s42,C,0.01,123,0.01,0.000000,False,sensitivity_range,True,2.714915e-04
rand_n20_m40_d3_s42,C,0.01,123,0.05,0.000000,False,sensitivity_range,True,2.714915e-04
rand_n20_m40_d3_s42,C,0.01,456,0.01,0.000000,False,sensitivity_range,True,1.272256e-03
rand_n20_m40_d3_s42,C,0.01,456,0.05,0.000000,False,sensitivity_range,True,1.272256e-03
rand_n20_m40_d3_s42,C,0.02,42,0.01,0.000000,False,sensitivity_range,True,3.228186e-03
rand_n20_m40_d3_s42,C,0.02,42,0.05,0.000000,False,sensitivity_range,True,3.228186e-03
rand_n20_m40_d3_s42,C,0.02,123,0.01,0.000000,False,sensitivity_range,True,5.429831e-04
rand_n20_m40_d3_s42,C,0.02,123,0.05,0.000000,False,sensitivity_range,True,5.429831e-04
rand_n20_m40_d3_s42,C,0.02,456,0.01,0.000000,False,sensitivity_range,True,2.544513e-03
rand_n20_m40_d3_s42,C,0.02,456,0.05,0.000000,False,sensitivity_range,True,2.544513e-03
rand_n20_m40_d3_s42,R,0.005,42,0.01,,False,sensitivity_range,False,1.173420e-05
rand_n20_m40_d3_s42,R,0.005,42,0.05,,False,sensitivity_range,False,1.173420e-05
rand_n20_m40_d3_s42,R,0.005,123,0.01,,False,sensitivity_range,True,8.718249e-04
rand_n20_m40_d3_s42,R,0.005,123,0.05,,False,sensitivity_range,True,8.718249e-04
rand_n20_m40_d3_s42,R,0.005,456,0.01,,False,sensitivity_range,True,1.162404e-03
rand_n20_m40_d3_s42,R,0.005,456,0.05,,False,sensitivity_range,True,1.162404e-03
rand_n20_m40_d3_s42,R,0.01,42,0.01,,False,sensitivity_range,False,2.346840e-05
rand_n20_m40_d3_s42,R,0.01,42,0.05,,False,sensitivity_range,False,2.346840e-05
rand_n20_m40_d3_s42,R,0.01,123,0.01,,False,sensitivity_range,True,1.743650e-03
rand_n20_m40_d3_s42,R,0.01,123,0.05,,False,sensitivity_range,True,1.743650e-03
rand_n20_m40_d3_s42,R,0.01,456,0.01,,False,sensitivity_range,True,2.324808e-03
rand_n20_m40_d3_s42,R,0.01,456,0.05,,False,sensitivity_range,True,2.324808e-03
rand_n20_m40_d3_s42,R,0.02,42,0.01,,False,sensitivity_range,False,4.693680e-05
rand_n20_m40_d3_s42,R,0.02,42,0.05,,False,sensitivity_range,False,4.693680e-05
rand_n20_m40_d3_s42,R,0.02,123,0.01,,False,sensitivity_range,True,3.487300e-03
rand_n20_m40_d3_s42,R,0.02,123,0.05,,False,sensitivity_range,True,3.487300e-03
rand_n20_m40_d3_s42,R,0.02,456,0.01,,False,sensitivity_range,True,4.649615e-03
rand_n20_m40_d3_s42,R,0.02,456,0.05,,False,sensitivity_range,True,4.649615e-03
rand_n20_m40_d3_s456,C,0.005,42,0.01,0.000000,False,sensitivity_range,True,1.191104e-03
rand_n20_m40_d3_s456,C,0.005,42,0.05,0.000000,False,sensitivity_range,True,1.191104e-03
rand_n20_m40_d3_s456,C,0.005,123,0.01,0.000000,False,sensitivity_range,True,4.006019e-04
rand_n20_m40_d3_s456,C,0.005,123,0.05,0.000000,False,sensitivity_range,True,4.006019e-04
rand_n20_m40_d3_s456,C,0.005,456,0.01,0.000000,False,sensitivity_range,True,1.024517e-03
rand_n20_m40_d3_s456,C,0.005,456,0.05,0.000000,False,sensitivity_range,True,1.024517e-03
rand_n20_m40_d3_s456,C,0.01,42,0.01,0.000000,False,sensitivity_range,True,2.382208e-03
rand_n20_m40_d3_s456,C,0.01,42,0.05,0.000000,False,sensitivity_range,True,2.382208e-03
rand_n20_m40_d3_s456,C,0.01,123,0.01,0.000000,False,sensitivity_range,True,8.012038e-04
rand_n20_m40_d3_s456,C,0.01,123,0.05,0.000000,False,sensitivity_range,True,8.012038e-04
rand_n20_m40_d3_s456,C,0.01,456,0.01,0.000000,False,sensitivity_range,True,2.049034e-03
rand_n20_m40_d3_s456,C,0.01,456,0.05,0.000000,False,sensitivity_range,True,2.049034e-03
rand_n20_m40_d3_s456,C,0.02,42,0.01,0.014626,True,,True,4.764415e-03
rand_n20_m40_d3_s456,C,0.02,42,0.05,0.014626,False,screening,True,4.764415e-03
rand_n20_m40_d3_s456,C,0.02,123,0.01,0.014731,False,sensitivity_range,True,1.602408e-03
rand_n20_m40_d3_s456,C,0.02,123,0.05,0.014731,False,sensitivity_range,True,1.602408e-03
rand_n20_m40_d3_s456,C,0.02,456,0.01,0.007296,False,sensitivity_range,True,4.098068e-03
rand_n20_m40_d3_s456,C,0.02,456,0.05,0.007296,False,sensitivity_range,True,4.098068e-03
rand_n20_m40_d3_s456,R,0.005,42,0.01,,False,sensitivity_range,True,1.424497e-03
rand_n20_m40_d3_s456,R,0.005,42,0.05,,False,sensitivity_range,True,1.424497e-03
rand_n20_m40_d3_s456,R,0.005,123,0.01,,False,sensitivity_range,True,1.009972e-03
rand_n20_m40_d3_s456,R,0.005,123,0.05,,False,sensitivity_range,True,1.009972e-03
rand_n20_m40_d3_s456,R,0.005,456,0.01,,False,sensitivity_range,True,1.638603e-04
rand_n20_m40_d3_s456,R,0.005,456,0.05,,False,sensitivity_range,True,1.638603e-04
rand_n20_m40_d3_s456,R,0.01,42,0.01,,False,sensitivity_range,True,2.848993e-03
rand_n20_m40_d3_s456,R,0.01,42,0.05,,False,sensitivity_range,True,2.848993e-03
rand_n20_m40_d3_s456,R,0.01,123,0.01,,False,sensitivity_range,True,2.019945e-03
rand_n20_m40_d3_s456,R,0.01,123,0.05,,False,sensitivity_range,True,2.019945e-03
rand_n20_m40_d3_s456,R,0.01,456,0.01,,False,sensitivity_range,True,3.277205e-04
rand_n20_m40_d3_s456,R,0.01,456,0.05,,False,sensitivity_range,True,3.277205e-04
rand_n20_m40_d3_s456,R,0.02,42,0.01,,True,,True,5.693937e-03
rand_n20_m40_d3_s456,R,0.02,42,0.05,,True,,True,5.693937e-03
rand_n20_m40_d3_s456,R,0.02,123,0.01,,True,,True,4.055107e-03
rand_n20_m40_d3_s456,R,0.02,123,0.05,,True,,True,4.055107e-03
rand_n20_m40_d3_s456,R,0.02,456,0.01,,True,,True,6.676462e-04
rand_n20_m40_d3_s456,R,0.02,456,0.05,,True,,True,6.676462e-04
rand_n20_m40_d3_s789,C,0.005,42,0.01,0.000000,False,sensitivity_range,True,6.837359e-04
rand_n20_m40_d3_s789,C,0.005,42,0.05,0.000000,False,sensitivity_range,True,6.837359e-04
rand_n20_m40_d3_s789,C,0.005,123,0.01,0.000000,False,sensitivity_range,True,2.233231e-04
rand_n20_m40_d3_s789,C,0.005,123,0.05,0.000000,False,sensitivity_range,True,2.233231e-04
rand_n20_m40_d3_s789,C,0.005,456,0.01,0.000000,False,sensitivity_range,True,2.684132e-04
rand_n20_m40_d3_s789,C,0.005,456,0.05,0.000000,False,sensitivity_range,True,2.684132e-04
rand_n20_m40_d3_s789,C,0.01,42,0.01,0.000000,False,sensitivity_range,True,1.367472e-03
rand_n20_m40_d3_s789,C,0.01,42,0.05,0.000000,False,sensitivity_range,True,1.367472e-03
rand_n20_m40_d3_s789,C,0.01,123,0.01,0.000000,False,sensitivity_range,True,4.466463e-04
rand_n20_m40_d3_s789,C,0.01,123,0.05,0.000000,False,sensitivity_range,True,4.466463e-04
rand_n20_m40_d3_s789,C,0.01,456,0.01,0.000000,False,sensitivity_range,True,5.368265e-04
rand_n20_m40_d3_s789,C,0.01,456,0.05,0.000000,False,sensitivity_range,True,5.368265e-04
rand_n20_m40_d3_s789,C,0.02,42,0.01,0.000000,False,sensitivity_range,True,2.734944e-03
rand_n20_m40_d3_s789,C,0.02,42,0.05,0.000000,False,sensitivity_range,True,2.734944e-03
rand_n20_m40_d3_s789,C,0.02,123,0.01,0.000000,False,sensitivity_range,True,8.932926e-04
rand_n20_m40_d3_s789,C,0.02,123,0.05,0.000000,False,sensitivity_range,True,8.932926e-04
rand_n20_m40_d3_s789,C,0.02,456,0.01,0.000000,False,sensitivity_range,True,1.073653e-03
rand_n20_m40_d3_s789,C,0.02,456,0.05,0.000000,False,sensitivity_range,True,1.073653e-03
rand_n20_m40_d3_s789,R,0.005,42,0.01,,False,sensitivity_range,True,1.598970e-03
rand_n20_m40_d3_s789,R,0.005,42,0.05,,False,sensitivity_range,True,1.598970e-03
rand_n20_m40_d3_s789,R,0.005,123,0.01,,False,sensitivity_range,True,1.048278e-04
rand_n20_m40_d3_s789,R,0.005,123,0.05,,False,sensitivity_range,True,1.048278e-04
rand_n20_m40_d3_s789,R,0.005,456,0.01,,False,sensitivity_range,True,1.875574e-04
rand_n20_m40_d3_s789,R,0.005,456,0.05,,False,sensitivity_range,True,1.875574e-04
rand_n20_m40_d3_s789,R,0.01,42,0.01,,False,sensitivity_range,True,3.197940e-03
rand_n20_m40_d3_s789,R,0.01,42,0.05,,False,sensitivity_range,True,3.197940e-03
rand_n20_m40_d3_s789,R,0.01,123,0.01,,False,sensitivity_range,True,2.096556e-04
rand_n20_m40_d3_s789,R,0.01,123,0.05,,False,sensitivity_range,True,2.096556e-04
rand_n20_m40_d3_s789,R,0.01,456,0.01,,False,sensitivity_range,True,3.751149e-04
rand_n20_m40_d3_s789,R,0.01,456,0.05,,False,sensitivity_range,True,3.751149e-04
rand_n20_m40_d3_s789,R,0.02,42,0.01,,False,sensitivity_range,True,6.395879e-03
rand_n20_m40_d3_s789,R,0.02,42,0.05,,False,sensitivity_range,True,6.395879e-03
rand_n20_m40_d3_s789,R,0.02,123,0.01,,False,sensitivity_range,True,4.193111e-04
rand_n20_m40_d3_s789,R,0.02,123,0.05,,False,sensitivity_range,True,4.193111e-04
rand_n20_m40_d3_s789,R,0.02,456,0.01,,False,sensitivity_range,True,7.502298e-04
rand_n20_m40_d3_s789,R,0.02,456,0.05,,False,sensitivity_range,True,7.502298e-04
rand_n20_m40_d5_s1024,C,0.005,42,0.01,0.000000,False,sensitivity_range,True,2.935908e-04
rand_n20_m40_d5_s1024,C,0.005,42,0.05,0.000000,False,sensitivity_range,True,2.935908e-04
rand_n20_m40_d5_s1024,C,0.005,123,0.01,0.000000,False,sensitivity_range,True,7.618933e-04
rand_n20_m40_d5_s1024,C,0.005,123,0.05,0.000000,False,sensitivity_range,True,7.618933e-04
rand_n20_m40_d5_s1024,C,0.005,456,0.01,0.000000,False,sensitivity_range,True,7.542146e-04
rand_n20_m40_d5_s1024,C,0.005,456,0.05,0.000000,False,sensitivity_range,True,7.542146e-04
rand_n20_m40_d5_s1024,C,0.01,42,0.01,0.000000,False,sensitivity_range,True,5.871816e-04
rand_n20_m40_d5_s1024,C,0.01,42,0.05,0.000000,False,sensitivity_range,True,5.871816e-04
rand_n20_m40_d5_s1024,C,0.01,123,0.01,0.000000,False,sensitivity_range,True,1.523787e-03
rand_n20_m40_d5_s1024,C,0.01,123,0.05,0.000000,False,sensitivity_range,True,1.523787e-03
rand_n20_m40_d5_s1024,C,0.01,456,0.01,0.000000,False,sensitivity_range,True,1.508429e-03
rand_n20_m40_d5_s1024,C,0.01,456,0.05,0.000000,False,sensitivity_range,True,1.508429e-03
rand_n20_m40_d5_s1024,C,0.02,42,0.01,0.000000,False,sensitivity_range,True,1.174363e-03
rand_n20_m40_d5_s1024,C,0.02,42,0.05,0.000000,False,sensitivity_range,True,1.174363e-03
rand_n20_m40_d5_s1024,C,0.02,123,0.01,0.000000,False,sensitivity_range,True,3.047573e-03
rand_n20_m40_d5_s1024,C,0.02,123,0.05,0.000000,False,sensitivity_range,True,3.047573e-03
rand_n20_m40_d5_s1024,C,0.02,456,0.01,0.000000,False,sensitivity_range,True,3.016858e-03
rand_n20_m40_d5_s1024,C,0.02,456,0.05,0.000000,False,sensitivity_range,True,3.016858e-03
rand_n20_m40_d5_s1024,R,0.005,42,0.01,,True,,True,1.146607e-03
rand_n20_m40_d5_s1024,R,0.005,42,0.05,,True,,True,1.146607e-03
rand_n20_m40_d5_s1024,R,0.005,123,0.01,,True,,True,7.369246e-04
rand_n20_m40_d5_s1024,R,0.005,123,0.05,,True,,True,7.369246e-04
rand_n20_m40_d5_s1024,R,0.005,456,0.01,,True,,True,2.428062e-04
rand_n20_m40_d5_s1024,R,0.005,456,0.05,,True,,True,2.428062e-04
rand_n20_m40_d5_s1024,R,0.01,42,0.01,,True,,True,2.272328e-03
rand_n20_m40_d5_s1024,R,0.01,42,0.05,,True,,True,2.272328e-03
rand_n20_m40_d5_s1024,R,0.01,123,0.01,,True,,True,1.473849e-03
rand_n20_m40_d5_s1024,R,0.01,123,0.05,,True,,True,1.473849e-03
rand_n20_m40_d5_s1024,R,0.01,456,0.01,,True,,True,4.856124e-04
rand_n20_m40_d5_s1024,R,0.01,456,0.05,,True,,True,4.856124e-04
rand_n20_m40_d5_s1024,R,0.02,42,0.01,,True,,True,4.523768e-03
rand_n20_m40_d5_s1024,R,0.02,42,0.05,,True,,True,4.523768e-03
rand_n20_m40_d5_s1024,R,0.02,123,0.01,,True,,True,2.947698e-03
rand_n20_m40_d5_s1024,R,0.02,123,0.05,,True,,True,2.947698e-03
rand_n20_m40_d5_s1024,R,0.02,456,0.01,,True,,True,9.712248e-04
rand_n20_m40_d5_s1024,R,0.02,456,0.05,,True,,True,9.712248e-04
rand_n20_m40_d5_s123,C,0.005,42,0.01,0.007159,False,sensitivity_range,True,3.064800e-04
rand_n20_m40_d5_s123,C,0.005,42,0.05,0.007159,False,sensitivity_range,True,3.064800e-04
rand_n20_m40_d5_s123,C,0.005,123,0.01,0.007185,False,sensitivity_range,False,6.503383e-05
rand_n20_m40_d5_s123,C,0.005,123,0.05,0.007185,False,sensitivity_range,False,6.503383e-05
rand_n20_m40_d5_s123,C,0.005,456,0.01,0.005298,False,sensitivity_range,True,5.301637e-04
rand_n20_m40_d5_s123,C,0.005,456,0.05,0.005298,False,sensitivity_range,True,5.301637e-04
rand_n20_m40_d5_s123,C,0.01,42,0.01,0.016622,False,sensitivity_range,True,6.129601e-04
rand_n20_m40_d5_s123,C,0.01,42,0.05,0.016622,False,sensitivity_range,True,6.129601e-04
rand_n20_m40_d5_s123,C,0.01,123,0.01,0.016675,False,sensitivity_range,True,1.300677e-04
rand_n20_m40_d5_s123,C,0.01,123,0.05,0.016675,False,sensitivity_range,True,1.300677e-04
rand_n20_m40_d5_s123,C,0.01,456,0.01,0.012933,True,,True,1.077544e-03
rand_n20_m40_d5_s123,C,0.01,456,0.05,0.012933,False,screening,True,1.077544e-03
rand_n20_m40_d5_s123,C,0.02,42,0.01,0.035281,True,,True,1.225920e-03
rand_n20_m40_d5_s123,C,0.02,42,0.05,0.035281,False,screening,True,1.225920e-03
rand_n20_m40_d5_s123,C,0.02,123,0.01,0.035385,True,,True,2.601353e-04
rand_n20_m40_d5_s123,C,0.02,123,0.05,0.035385,False,screening,True,2.601353e-04
rand_n20_m40_d5_s123,C,0.02,456,0.01,0.028028,True,,True,2.172303e-03
rand_n20_m40_d5_s123,C,0.02,456,0.05,0.028028,False,screening,True,2.172303e-03
rand_n20_m40_d5_s123,R,0.005,42,0.01,,False,sensitivity_range,True,3.677798e-04
rand_n20_m40_d5_s123,R,0.005,42,0.05,,False,sensitivity_range,True,3.677798e-04
rand_n20_m40_d5_s123,R,0.005,123,0.01,,False,sensitivity_range,True,3.773204e-04
rand_n20_m40_d5_s123,R,0.005,123,0.05,,False,sensitivity_range,True,3.773204e-04
rand_n20_m40_d5_s123,R,0.005,456,0.01,,False,sensitivity_range,True,2.623728e-04
rand_n20_m40_d5_s123,R,0.005,456,0.05,,False,sensitivity_range,True,2.623728e-04
rand_n20_m40_d5_s123,R,0.01,42,0.01,,False,sensitivity_range,True,7.355597e-04
rand_n20_m40_d5_s123,R,0.01,42,0.05,,False,sensitivity_range,True,7.355597e-04
rand_n20_m40_d5_s123,R,0.01,123,0.01,,False,sensitivity_range,True,7.546408e-04
rand_n20_m40_d5_s123,R,0.01,123,0.05,,False,sensitivity_range,True,7.546408e-04
rand_n20_m40_d5_s123,R,0.01,456,0.01,,False,sensitivity_range,True,5.247455e-04
rand_n20_m40_d5_s123,R,0.01,456,0.05,,False,sensitivity_range,True,5.247455e-04
rand_n20_m40_d5_s123,R,0.02,42,0.01,,False,sensitivity_range,True,1.093036e-03
rand_n20_m40_d5_s123,R,0.02,42,0.05,,False,sensitivity_range,True,1.093036e-03
rand_n20_m40_d5_s123,R,0.02,123,0.01,,False,sensitivity_range,True,1.509282e-03
rand_n20_m40_d5_s123,R,0.02,123,0.05,,False,sensitivity_range,True,1.509282e-03
rand_n20_m40_d5_s123,R,0.02,456,0.01,,False,sensitivity_range,True,1.049866e-03
rand_n20_m40_d5_s123,R,0.02,456,0.05,,False,sensitivity_range,True,1.049866e-03
rand_n20_m40_d5_s42,C,0.005,42,0.01,0.000000,False,sensitivity_range,True,1.116177e-03
rand_n20_m40_d5_s42,C,0.005,42,0.05,0.000000,False,sensitivity_range,True,1.116177e-03
rand_n20_m40_d5_s42,C,0.005,123,0.01,0.000000,False,sensitivity_range,True,1.272343e-04
rand_n20_m40_d5_s42,C,0.005,123,0.05,0.000000,False,sensitivity_range,True,1.272343e-04
rand_n20_m40_d5_s42,C,0.005,456,0.01,0.000000,False,sensitivity_range,True,8.755765e-04
rand_n20_m40_d5_s42,C,0.005,456,0.05,0.000000,False,sensitivity_range,True,8.755765e-04
rand_n20_m40_d5_s42,C,0.01,42,0.01,0.007482,False,screening,True,2.250708e-03
rand_n20_m40_d5_s42,C,0.01,42,0.05,0.007482,False,screening,True,2.250708e-03
rand_n20_m40_d5_s42,C,0.01,123,0.01,0.007535,False,sensitivity_range,True,2.544687e-04
rand_n20_m40_d5_s42,C,0.01,123,0.05,0.007535,False,sensitivity_range,True,2.544687e-04
rand_n20_m40_d5_s42,C,0.01,456,0.01,0.003776,False,sensitivity_range,True,1.751153e-03
rand_n20_m40_d5_s42,C,0.01,456,0.05,0.003776,False,sensitivity_range,True,1.751153e-03
rand_n20_m40_d5_s42,C,0.02,42,0.01,0.026228,True,,True,4.779950e-03
rand_n20_m40_d5_s42,C,0.02,42,0.05,0.026228,False,screening,True,4.779950e-03
rand_n20_m40_d5_s42,C,0.02,123,0.01,0.026332,True,,True,5.089373e-04
rand_n20_m40_d5_s42,C,0.02,123,0.05,0.026332,False,screening,True,5.089373e-04
rand_n20_m40_d5_s42,C,0.02,456,0.01,0.018941,True,,True,3.488112e-03
rand_n20_m40_d5_s42,C,0.02,456,0.05,0.018941,False,screening,True,3.488112e-03
rand_n20_m40_d5_s42,R,0.005,42,0.01,,False,sensitivity_range,True,9.859212e-04
rand_n20_m40_d5_s42,R,0.005,42,0.05,,False,sensitivity_range,True,9.859212e-04
rand_n20_m40_d5_s42,R,0.005,123,0.01,,False,sensitivity_range,True,2.314268e-04
rand_n20_m40_d5_s42,R,0.005,123,0.05,,False,sensitivity_range,True,2.314268e-04
rand_n20_m40_d5_s42,R,0.005,456,0.01,,False,sensitivity_range,True,1.746981e-03
rand_n20_m40_d5_s42,R,0.005,456,0.05,,False,sensitivity_range,True,1.746981e-03
rand_n20_m40_d5_s42,R,0.01,42,0.01,,False,sensitivity_range,True,1.971842e-03
rand_n20_m40_d5_s42,R,0.01,42,0.05,,False,sensitivity_range,True,1.971842e-03
rand_n20_m40_d5_s42,R,0.01,123,0.01,,False,sensitivity_range,True,4.628537e-04
rand_n20_m40_d5_s42,R,0.01,123,0.05,,False,sensitivity_range,True,4.628537e-04
rand_n20_m40_d5_s42,R,0.01,456,0.01,,False,sensitivity_range,True,3.493962e-03
rand_n20_m40_d5_s42,R,0.01,456,0.05,,False,sensitivity_range,True,3.493962e-03
rand_n20_m40_d5_s42,R,0.02,42,0.01,,True,,True,3.916287e-03
rand_n20_m40_d5_s42,R,0.02,42,0.05,,True,,True,3.916287e-03
rand_n20_m40_d5_s42,R,0.02,123,0.01,,False,sensitivity_range,True,9.257073e-04
rand_n20_m40_d5_s42,R,0.02,123,0.05,,False,sensitivity_range,True,9.257073e-04
rand_n20_m40_d5_s42,R,0.02,456,0.01,,False,sensitivity_range,True,6.987924e-03
rand_n20_m40_d5_s42,R,0.02,456,0.05,,False,sensitivity_range,True,6.987924e-03
rand_n20_m40_d5_s456,C,0.005,42,0.01,0.000000,False,sensitivity_range,True,1.199642e-03
rand_n20_m40_d5_s456,C,0.005,42,0.05,0.000000,False,sensitivity_range,True,1.199642e-03
rand_n20_m40_d5_s456,C,0.005,123,0.01,0.000000,False,sensitivity_range,True,4.115181e-04
rand_n20_m40_d5_s456,C,0.005,123,0.05,0.000000,False,sensitivity_range,True,4.115181e-04
rand_n20_m40_d5_s456,C,0.005,456,0.01,0.000000,False,sensitivity_range,True,7.561338e-04
rand_n20_m40_d5_s456,C,0.005,456,0.05,0.000000,False,sensitivity_range,True,7.561338e-04
rand_n20_m40_d5_s456,C,0.01,42,0.01,0.000000,False,sensitivity_range,True,2.399285e-03
rand_n20_m40_d5_s456,C,0.01,42,0.05,0.000000,False,sensitivity_range,True,2.399285e-03
rand_n20_m40_d5_s456,C,0.01,123,0.01,0.000000,False,sensitivity_range,True,8.230362e-04
rand_n20_m40_d5_s456,C,0.01,123,0.05,0.000000,False,sensitivity_range,True,8.230362e-04
rand_n20_m40_d5_s456,C,0.01,456,0.01,0.000000,False,sensitivity_range,True,1.512268e-03
rand_n20_m40_d5_s456,C,0.01,456,0.05,0.000000,False,sensitivity_range,True,1.512268e-03
rand_n20_m40_d5_s456,C,0.02,42,0.01,0.000000,False,sensitivity_range,True,4.798570e-03
rand_n20_m40_d5_s456,C,0.02,42,0.05,0.000000,False,sensitivity_range,True,4.798570e-03
rand_n20_m40_d5_s456,C,0.02,123,0.01,0.000000,False,sensitivity_range,True,1.646072e-03
rand_n20_m40_d5_s456,C,0.02,123,0.05,0.000000,False,sensitivity_range,True,1.646072e-03
rand_n20_m40_d5_s456,C,0.02,456,0.01,0.000000,False,sensitivity_range,True,3.024535e-03
rand_n20_m40_d5_s456,C,0.02,456,0.05,0.000000,False,sensitivity_range,True,3.024535e-03
rand_n20_m40_d5_s456,R,0.005,42,0.01,,False,sensitivity_range,False,2.313871e-05
rand_n20_m40_d5_s456,R,0.005,42,0.05,,False,sensitivity_range,False,2.313871e-05
rand_n20_m40_d5_s456,R,0.005,123,0.01,,False,sensitivity_range,True,2.304262e-04
rand_n20_m40_d5_s456,R,0.005,123,0.05,,False,sensitivity_range,True,2.304262e-04
rand_n20_m40_d5_s456,R,0.005,456,0.01,,False,sensitivity_range,True,7.969987e-04
rand_n20_m40_d5_s456,R,0.005,456,0.05,,False,sensitivity_range,True,7.969987e-04
rand_n20_m40_d5_s456,R,0.01,42,0.01,,False,sensitivity_range,False,4.627742e-05
rand_n20_m40_d5_s456,R,0.01,42,0.05,,False,sensitivity_range,False,4.627742e-05
rand_n20_m40_d5_s456,R,0.01,123,0.01,,True,,True,4.608524e-04
rand_n20_m40_d5_s456,R,0.01,123,0.05,,True,,True,4.608524e-04
rand_n20_m40_d5_s456,R,0.01,456,0.01,,True,,True,1.589317e-03
rand_n20_m40_d5_s456,R,0.01,456,0.05,,True,,True,1.589317e-03
rand_n20_m40_d5_s456,R,0.02,42,0.01,,True,,False,9.255484e-05
rand_n20_m40_d5_s456,R,0.02,42,0.05,,True,,False,9.255484e-05
rand_n20_m40_d5_s456,R,0.02,123,0.01,,True,,True,7.485210e-04
rand_n20_m40_d5_s456,R,0.02,123,0.05,,True,,True,7.485210e-04
rand_n20_m40_d5_s456,R,0.02,456,0.01,,True,,True,3.114418e-03
rand_n20_m40_d5_s456,R,0.02,456,0.05,,True,,True,3.114418e-03
rand_n20_m40_d5_s789,C,0.005,42,0.01,0.000000,False,sensitivity_range,True,7.782932e-04
rand_n20_m40_d5_s789,C,0.005,42,0.05,0.000000,False,sensitivity_range,True,7.782932e-04
rand_n20_m40_d5_s789,C,0.005,123,0.01,0.000000,False,sensitivity_range,True,3.630704e-04
rand_n20_m40_d5_s789,C,0.005,123,0.05,0.000000,False,sensitivity_range,True,3.630704e-04
rand_n20_m40_d5_s789,C,0.005,456,0.01,0.000000,False,sensitivity_range,True,3.236344e-04
rand_n20_m40_d5_s789,C,0.005,456,0.05,0.000000,False,sensitivity_range,True,3.236344e-04
rand_n20_m40_d5_s789,C,0.01,42,0.01,0.000000,False,sensitivity_range,True,1.553545e-03
rand_n20_m40_d5_s789,C,0.01,42,0.05,0.000000,False,sensitivity_range,True,1.553545e-03
rand_n20_m40_d5_s789,C,0.01,123,0.01,0.000000,False,sensitivity_range,True,7.261409e-04
rand_n20_m40_d5_s789,C,0.01,123,0.05,0.000000,False,sensitivity_range,True,7.261409e-04
rand_n20_m40_d5_s789,C,0.01,456,0.01,0.000000,False,sensitivity_range,True,6.472688e-04
rand_n20_m40_d5_s789,C,0.01,456,0.05,0.000000,False,sensitivity_range,True,6.472688e-04
rand_n20_m40_d5_s789,C,0.02,42,0.01,0.009503,False,screening,True,3.100804e-03
rand_n20_m40_d5_s789,C,0.02,42,0.05,0.009503,False,screening,True,3.100804e-03
rand_n20_m40_d5_s789,C,0.02,123,0.01,0.009609,False,sensitivity_range,True,1.445320e-03
rand_n20_m40_d5_s789,C,0.02,123,0.05,0.009609,False,sensitivity_range,True,1.445320e-03
rand_n20_m40_d5_s789,C,0.02,456,0.01,0.002155,False,sensitivity_range,True,1.294538e-03
rand_n20_m40_d5_s789,C,0.02,456,0.05,0.002155,False,sensitivity_range,True,1.294538e-03
rand_n20_m40_d5_s789,R,0.005,42,0.01,,False,sensitivity_range,True,1.919077e-03
rand_n20_m40_d5_s789,R,0.005,42,0.05,,False,sensitivity_range,True,1.919077e-03
rand_n20_m40_d5_s789,R,0.005,123,0.01,,False,sensitivity_range,True,1.552342e-03
rand_n20_m40_d5_s789,R,0.005,123,0.05,,False,sensitivity_range,True,1.552342e-03
rand_n20_m40_d5_s789,R,0.005,456,0.01,,False,sensitivity_range,True,7.865599e-04
rand_n20_m40_d5_s789,R,0.005,456,0.05,,False,sensitivity_range,True,7.865599e-04
rand_n20_m40_d5_s789,R,0.01,42,0.01,,False,sensitivity_range,True,3.838154e-03
rand_n20_m40_d5_s789,R,0.01,42,0.05,,False,sensitivity_range,True,3.838154e-03
rand_n20_m40_d5_s789,R,0.01,123,0.01,,True,,True,3.126176e-03
rand_n20_m40_d5_s789,R,0.01,123,0.05,,True,,True,3.126176e-03
rand_n20_m40_d5_s789,R,0.01,456,0.01,,False,sensitivity_range,True,1.573120e-03
rand_n20_m40_d5_s789,R,0.01,456,0.05,,False,sensitivity_range,True,1.573120e-03
rand_n20_m40_d5_s789,R,0.02,42,0.01,,True,,True,7.676308e-03
rand_n20_m40_d5_s789,R,0.02,42,0.05,,True,,True,7.676308e-03
rand_n20_m40_d5_s789,R,0.02,123,0.01,,True,,True,6.273842e-03
rand_n20_m40_d5_s789,R,0.02,123,0.05,,True,,True,6.273842e-03
rand_n20_m40_d5_s789,R,0.02,456,0.01,,True,,True,3.146240e-03
rand_n20_m40_d5_s789,R,0.02,456,0.05,,True,,True,3.146240e-03
rand_n20_m40_d8_s1024,C,0.005,42,0.01,0.000000,False,sensitivity_range,True,4.279378e-04
rand_n20_m40_d8_s1024,C,0.005,42,0.05,0.000000,False,sensitivity_range,True,4.279378e-04
rand_n20_m40_d8_s1024,C,0.005,123,0.01,0.000000,False,sensitivity_range,True,2.508598e-04
rand_n20_m40_d8_s1024,C,0.005,123,0.05,0.000000,False,sensitivity_range,True,2.508598e-04
rand_n20_m40_d8_s1024,C,0.005,456,0.01,0.000000,False,sensitivity_range,True,2.107095e-04
rand_n20_m40_d8_s1024,C,0.005,456,0.05,0.000000,False,sensitivity_range,True,2.107095e-04
rand_n20_m40_d8_s1024,C,0.01,42,0.01,0.000000,False,sensitivity_range,True,8.558756e-04
rand_n20_m40_d8_s1024,C,0.01,42,0.05,0.000000,False,sensitivity_range,True,8.558756e-04
rand_n20_m40_d8_s1024,C,0.01,123,0.01,0.000000,False,sensitivity_range,True,5.017197e-04
rand_n20_m40_d8_s1024,C,0.01,123,0.05,0.000000,False,sensitivity_range,True,5.017197e-04
rand_n20_m40_d8_s1024,C,0.01,456,0.01,0.000000,False,sensitivity_range,True,4.214190e-04
rand_n20_m40_d8_s1024,C,0.01,456,0.05,0.000000,False,sensitivity_range,True,4.214190e-04
rand_n20_m40_d8_s1024,C,0.02,42,0.01,0.000000,False,sensitivity_range,True,1.711751e-03
rand_n20_m40_d8_s1024,C,0.02,42,0.05,0.000000,False,sensitivity_range,True,1.711751e-03
rand_n20_m40_d8_s1024,C,0.02,123,0.01,0.000000,False,sensitivity_range,True,1.003439e-03
rand_n20_m40_d8_s1024,C,0.02,123,0.05,0.000000,False,sensitivity_range,True,1.003439e-03
rand_n20_m40_d8_s1024,C,0.02,456,0.01,0.000000,False,sensitivity_range,True,8.428379e-04
rand_n20_m40_d8_s1024,C,0.02,456,0.05,0.000000,False,sensitivity_range,True,8.428379e-04
rand_n20_m40_d8_s1024,R,0.005,42,0.01,,False,sensitivity_range,True,6.723846e-04
rand_n20_m40_d8_s1024,R,0.005,42,0.05,,False,sensitivity_range,True,6.723846e-04
rand_n20_m40_d8_s1024,R,0.005,123,0.01,,False,sensitivity_range,False,4.628658e-05
rand_n20_m40_d8_s1024,R,0.005,123,0.05,,False,sensitivity_range,False,4.628658e-05
rand_n20_m40_d8_s1024,R,0.005,456,0.01,,False,sensitivity_range,False,6.518241e-06
rand_n20_m40_d8_s1024,R,0.005,456,0.05,,False,sensitivity_range,False,6.518241e-06
rand_n20_m40_d8_s1024,R,0.01,42,0.01,,False,sensitivity_range,True,1.344769e-03
rand_n20_m40_d8_s1024,R,0.01,42,0.05,,False,sensitivity_range,True,1.344769e-03
rand_n20_m40_d8_s1024,R,0.01,123,0.01,,False,sensitivity_range,False,9.257315e-05
rand_n20_m40_d8_s1024,R,0.01,123,0.05,,False,sensitivity_range,False,9.257315e-05
rand_n20_m40_d8_s1024,R,0.01,456,0.01,,False,sensitivity_range,False,1.303648e-05
rand_n20_m40_d8_s1024,R,0.01,456,0.05,,False,sensitivity_range,False,1.303648e-05
rand_n20_m40_d8_s1024,R,0.02,42,0.01,,False,sensitivity_range,True,2.156103e-03
rand_n20_m40_d8_s1024,R,0.02,42,0.05,,False,sensitivity_range,True,2.156103e-03
rand_n20_m40_d8_s1024,R,0.02,123,0.01,,False,sensitivity_range,True,1.851463e-04
rand_n20_m40_d8_s1024,R,0.02,123,0.05,,False,sensitivity_range,True,1.851463e-04
rand_n20_m40_d8_s1024,R,0.02,456,0.01,,True,,True,1.930999e-03
rand_n20_m40_d8_s1024,R,0.02,456,0.05,,True,,True,1.930999e-03
rand_n20_m40_d8_s123,C,0.005,42,0.01,0.000000,False,sensitivity_range,True,1.979166e-04
rand_n20_m40_d8_s123,C,0.005,42,0.05,0.000000,False,sensitivity_range,True,1.979166e-04
rand_n20_m40_d8_s123,C,0.005,123,0.01,0.000000,False,sensitivity_range,True,1.119647e-04
rand_n20_m40_d8_s123,C,0.005,123,0.05,0.000000,False,sensitivity_range,True,1.119647e-04
rand_n20_m40_d8_s123,C,0.005,456,0.01,0.000000,False,sensitivity_range,True,8.256384e-04
rand_n20_m40_d8_s123,C,0.005,456,0.05,0.000000,False,sensitivity_range,True,8.256384e-04
rand_n20_m40_d8_s123,C,0.01,42,0.01,0.000000,False,sensitivity_range,True,3.958332e-04
rand_n20_m40_d8_s123,C,0.01,42,0.05,0.000000,False,sensitivity_range,True,3.958332e-04
rand_n20_m40_d8_s123,C,0.01,123,0.01,0.000000,False,sensitivity_range,True,2.239295e-04
rand_n20_m40_d8_s123,C,0.01,123,0.05,0.000000,False,sensitivity_range,True,2.239295e-04
rand_n20_m40_d8_s123,C,0.01,456,0.01,0.000000,False,sensitivity_range,True,1.651277e-03
rand_n20_m40_d8_s123,C,0.01,456,0.05,0.000000,False,sensitivity_range,True,1.651277e-03
rand_n20_m40_d8_s123,C,0.02,42,0.01,0.016624,False,sensitivity_range,True,7.916664e-04
rand_n20_m40_d8_s123,C,0.02,42,0.05,0.016624,False,sensitivity_range,True,7.916664e-04
rand_n20_m40_d8_s123,C,0.02,123,0.01,0.016729,False,sensitivity_range,True,4.478589e-04
rand_n20_m40_d8_s123,C,0.02,123,0.05,0.016729,False,sensitivity_range,True,4.478589e-04
rand_n20_m40_d8_s123,C,0.02,456,0.01,0.009302,False,sensitivity_range,True,3.347035e-03
rand_n20_m40_d8_s123,C,0.02,456,0.05,0.009302,False,sensitivity_range,True,3.347035e-03
rand_n20_m40_d8_s123,R,0.005,42,0.01,,False,sensitivity_range,True,6.889256e-04
rand_n20_m40_d8_s123,R,0.005,42,0.05,,False,sensitivity_range,True,6.889256e-04
rand_n20_m40_d8_s123,R,0.005,123,0.01,,False,sensitivity_range,False,4.751051e-05
rand_n20_m40_d8_s123,R,0.005,123,0.05,,False,sensitivity_range,False,4.751051e-05
rand_n20_m40_d8_s123,R,0.005,456,0.01,,False,sensitivity_range,True,4.239032e-04
rand_n20_m40_d8_s123,R,0.005,456,0.05,,False,sensitivity_range,True,4.239032e-04
rand_n20_m40_d8_s123,R,0.01,42,0.01,,True,,True,1.377851e-03
rand_n20_m40_d8_s123,R,0.01,42,0.05,,True,,True,1.377851e-03
rand_n20_m40_d8_s123,R,0.01,123,0.01,,False,sensitivity_range,False,9.502103e-05
rand_n20_m40_d8_s123,R,0.01,123,0.05,,False,sensitivity_range,False,9.502103e-05
rand_n20_m40_d8_s123,R,0.01,456,0.01,,False,sensitivity_range,True,8.478063e-04
rand_n20_m40_d8_s123,R,0.01,456,0.05,,False,sensitivity_range,True,8.478063e-04
rand_n20_m40_d8_s123,R,0.02,42,0.01,,True,,True,2.741700e-03
rand_n20_m40_d8_s123,R,0.02,42,0.05,,True,,True,2.741700e-03
rand_n20_m40_d8_s123,R,0.02,123,0.01,,False,sensitivity_range,True,1.900421e-04
rand_n20_m40_d8_s123,R,0.02,123,0.05,,False,sensitivity_range,True,1.900421e-04
rand_n20_m40_d8_s123,R,0.02,456,0.01,,False,sensitivity_range,True,1.695613e-03
rand_n20_m40_d8_s123,R,0.02,456,0.05,,False,sensitivity_range,True,1.695613e-03
rand_n20_m40_d8_s42,C,0.005,42,0.01,0.000000,False,sensitivity_range,True,1.263104e-03
rand_n20_m40_d8_s42,C,0.005,42,0.05,0.000000,False,sensitivity_range,True,1.263104e-03
rand_n20_m40_d8_s42,C,0.005,123,0.01,0.000000,False,sensitivity_range,True,1.971885e-04
rand_n20_m40_d8_s42,C,0.005,123,0.05,0.000000,False,sensitivity_range,True,1.971885e-04
rand_n20_m40_d8_s42,C,0.005,456,0.01,0.000000,False,sensitivity_range,True,7.545217e-04
rand_n20_m40_d8_s42,C,0.005,456,0.05,0.000000,False,sensitivity_range,True,7.545217e-04
rand_n20_m40_d8_s42,C,0.01,42,0.01,0.000000,False,sensitivity_range,True,2.526208e-03
rand_n20_m40_d8_s42,C,0.01,42,0.05,0.000000,False,sensitivity_range,True,2.526208e-03
rand_n20_m40_d8_s42,C,0.01,123,0.01,0.000000,False,sensitivity_range,True,3.943770e-04
rand_n20_m40_d8_s42,C,0.01,123,0.05,0.000000,False,sensitivity_range,True,3.943770e-04
rand_n20_m40_d8_s42,C,0.01,456,0.01,0.000000,False,sensitivity_range,True,1.509043e-03
rand_n20_m40_d8_s42,C,0.01,456,0.05,0.000000,False,sensitivity_range,True,1.509043e-03
rand_n20_m40_d8_s42,C,0.02,42,0.01,0.000000,False,sensitivity_range,True,5.072031e-03
rand_n20_m40_d8_s42,C,0.02,42,0.05,0.000000,False,sensitivity_range,True,5.072031e-03
rand_n20_m40_d8_s42,C,0.02,123,0.01,0.000000,False,sensitivity_range,True,7.887539e-04
rand_n20_m40_d8_s42,C,0.02,123,0.05,0.000000,False,sensitivity_range,True,7.887539e-04
rand_n20_m40_d8_s42,C,0.02,456,0.01,0.000000,False,sensitivity_range,True,3.018087e-03
rand_n20_m40_d8_s42,C,0.02,456,0.05,0.000000,False,sensitivity_range,True,3.018087e-03
rand_n20_m40_d8_s42,R,0.005,42,0.01,,False,sensitivity_range,True,4.773075e-04
rand_n20_m40_d8_s42,R,0.005,42,0.05,,False,sensitivity_range,True,4.773075e-04
rand_n20_m40_d8_s42,R,0.005,123,0.01,,False,sensitivity_range,True,2.091394e-03
rand_n20_m40_d8_s42,R,0.005,123,0.05,,False,sensitivity_range,True,2.091394e-03
rand_n20_m40_d8_s42,R,0.005,456,0.01,,False,sensitivity_range,True,1.454158e-03
rand_n20_m40_d8_s42,R,0.005,456,0.05,,False,sensitivity_range,True,1.454158e-03
rand_n20_m40_d8_s42,R,0.01,42,0.01,,False,sensitivity_range,True,9.546150e-04
rand_n20_m40_d8_s42,R,0.01,42,0.05,,False,sensitivity_range,True,9.546150e-04
rand_n20_m40_d8_s42,R,0.01,123,0.01,,False,sensitivity_range,True,4.182789e-03
rand_n20_m40_d8_s42,R,0.01,123,0.05,,False,sensitivity_range,True,4.182789e-03
rand_n20_m40_d8_s42,R,0.01,456,0.01,,False,sensitivity_range,True,2.908316e-03
rand_n20_m40_d8_s42,R,0.01,456,0.05,,False,sensitivity_range,True,2.908316e-03
rand_n20_m40_d8_s42,R,0.02,42,0.01,,True,,True,1.857294e-03
rand_n20_m40_d8_s42,R,0.02,42,0.05,,True,,True,1.857294e-03
rand_n20_m40_d8_s42,R,0.02,123,0.01,,False,sensitivity_range,True,8.424661e-03
rand_n20_m40_d8_s42,R,0.02,123,0.05,,False,sensitivity_range,True,8.424661e-03
rand_n20_m40_d8_s42,R,0.02,456,0.01,,False,sensitivity_range,True,5.816633e-03
rand_n20_m40_d8_s42,R,0.02,456,0.05,,False,sensitivity_range,True,5.816633e-03
rand_n20_m40_d8_s456,C,0.005,42,0.01,0.000000,False,sensitivity_range,True,1.002101e-03
rand_n20_m40_d8_s456,C,0.005,42,0.05,0.000000,False,sensitivity_range,True,1.002101e-03
rand_n20_m40_d8_s456,C,0.005,123,0.01,0.000000,False,sensitivity_range,True,4.557815e-04
rand_n20_m40_d8_s456,C,0.005,123,0.05,0.000000,False,sensitivity_range,True,4.557815e-04
rand_n20_m40_d8_s456,C,0.005,456,0.01,0.000000,False,sensitivity_range,True,9.091311e-04
rand_n20_m40_d8_s456,C,0.005,456,0.05,0.000000,False,sensitivity_range,True,9.091311e-04
rand_n20_m40_d8_s456,C,0.01,42,0.01,0.000000,False,sensitivity_range,True,2.004201e-03
rand_n20_m40_d8_s456,C,0.01,42,0.05,0.000000,False,sensitivity_range,True,2.004201e-03
rand_n20_m40_d8_s456,C,0.01,123,0.01,0.000000,False,sensitivity_range,True,9.115631e-04
rand_n20_m40_d8_s456,C,0.01,123,0.05,0.000000,False,sensitivity_range,True,9.115631e-04
rand_n20_m40_d8_s456,C,0.01,456,0.01,0.000000,False,sensitivity_range,True,1.818262e-03
rand_n20_m40_d8_s456,C,0.01,456,0.05,0.000000,False,sensitivity_range,True,1.818262e-03
rand_n20_m40_d8_s456,C,0.02,42,0.01,0.000000,False,sensitivity_range,True,4.008402e-03
rand_n20_m40_d8_s456,C,0.02,42,0.05,0.000000,False,sensitivity_range,True,4.008402e-03
rand_n20_m40_d8_s456,C,0.02,123,0.01,0.000000,False,sensitivity_range,True,1.823126e-03
rand_n20_m40_d8_s456,C,0.02,123,0.05,0.000000,False,sensitivity_range,True,1.823126e-03
rand_n20_m40_d8_s456,C,0.02,456,0.01,0.000000,False,sensitivity_range,True,3.636524e-03
rand_n20_m40_d8_s456,C,0.02,456,0.05,0.000000,False,sensitivity_range,True,3.636524e-03
rand_n20_m40_d8_s456,R,0.005,42,0.01,,False,sensitivity_range,True,8.975455e-04
rand_n20_m40_d8_s456,R,0.005,42,0.05,,False,sensitivity_range,True,8.975455e-04
rand_n20_m40_d8_s456,R,0.005,123,0.01,,False,sensitivity_range,True,4.142220e-04
rand_n20_m40_d8_s456,R,0.005,123,0.05,,False,sensitivity_range,True,4.142220e-04
rand_n20_m40_d8_s456,R,0.005,456,0.01,,False,sensitivity_range,True,4.329345e-04
rand_n20_m40_d8_s456,R,0.005,456,0.05,,False,sensitivity_range,True,4.329345e-04
rand_n20_m40_d8_s456,R,0.01,42,0.01,,True,,True,1.903303e-03
rand_n20_m40_d8_s456,R,0.01,42,0.05,,True,,True,1.903303e-03
rand_n20_m40_d8_s456,R,0.01,123,0.01,,False,sensitivity_range,True,8.343343e-04
rand_n20_m40_d8_s456,R,0.01,123,0.05,,False,sensitivity_range,True,8.343343e-04
rand_n20_m40_d8_s456,R,0.01,456,0.01,,False,sensitivity_range,True,8.658691e-04
rand_n20_m40_d8_s456,R,0.01,456,0.05,,False,sensitivity_range,True,8.658691e-04
rand_n20_m40_d8_s456,R,0.02,42,0.01,,True,,True,4.485461e-03
rand_n20_m40_d8_s456,R,0.02,42,0.05,,True,,True,4.485461e-03
rand_n20_m40_d8_s456,R,0.02,123,0.01,,True,,True,1.775336e-03
rand_n20_m40_d8_s456,R,0.02,123,0.05,,True,,True,1.775336e-03
rand_n20_m40_d8_s456,R,0.02,456,0.01,,True,,True,1.731738e-03
rand_n20_m40_d8_s456,R,0.02,456,0.05,,True,,True,1.731738e-03
rand_n20_m40_d8_s789,C,0.005,42,0.01,0.000000,False,sensitivity_range,True,6.135898e-04
rand_n20_m40_d8_s789,C,0.005,42,0.05,0.000000,False,sensitivity_range,True,6.135898e-04
rand_n20_m40_d8_s789,C,0.005,123,0.01,0.000000,False,sensitivity_range,True,2.292711e-04
rand_n20_m40_d8_s789,C,0.005,123,0.05,0.000000,False,sensitivity_range,True,2.292711e-04
rand_n20_m40_d8_s789,C,0.005,456,0.01,0.000000,False,sensitivity_range,True,2.810995e-04
rand_n20_m40_d8_s789,C,0.005,456,0.05,0.000000,False,sensitivity_range,True,2.810995e-04
rand_n20_m40_d8_s789,C,0.01,42,0.01,0.000000,False,sensitivity_range,True,1.227180e-03
rand_n20_m40_d8_s789,C,0.01,42,0.05,0.000000,False,sensitivity_range,True,1.227180e-03
rand_n20_m40_d8_s789,C,0.01,123,0.01,0.000000,False,sensitivity_range,True,4.585422e-04
rand_n20_m40_d8_s789,C,0.01,123,0.05,0.000000,False,sensitivity_range,True,4.585422e-04
rand_n20_m40_d8_s789,C,0.01,456,0.01,0.000000,False,sensitivity_range,True,5.621990e-04
rand_n20_m40_d8_s789,C,0.01,456,0.05,0.000000,False,sensitivity_range,True,5.621990e-04
rand_n20_m40_d8_s789,C,0.02,42,0.01,0.000000,False,sensitivity_range,True,2.454359e-03
rand_n20_m40_d8_s789,C,0.02,42,0.05,0.000000,False,sensitivity_range,True,2.454359e-03
rand_n20_m40_d8_s789,C,0.02,123,0.01,0.000000,False,sensitivity_range,True,9.170844e-04
rand_n20_m40_d8_s789,C,0.02,123,0.05,0.000000,False,sensitivity_range,True,9.170844e-04
rand_n20_m40_d8_s789,C,0.02,456,0.01,0.000000,False,sensitivity_range,True,1.124398e-03
rand_n20_m40_d8_s789,C,0.02,456,0.05,0.000000,False,sensitivity_range,True,1.124398e-03
rand_n20_m40_d8_s789,R,0.005,42,0.01,,False,sensitivity_range,True,1.281744e-03
rand_n20_m40_d8_s789,R,0.005,42,0.05,,False,sensitivity_range,True,1.281744e-03
rand_n20_m40_d8_s789,R,0.005,123,0.01,,False,sensitivity_range,False,3.512458e-05
rand_n20_m40_d8_s789,R,0.005,123,0.05,,False,sensitivity_range,False,3.512458e-05
rand_n20_m40_d8_s789,R,0.005,456,0.01,,False,sensitivity_range,True,3.015375e-04
rand_n20_m40_d8_s789,R,0.005,456,0.05,,False,sensitivity_range,True,3.015375e-04
rand_n20_m40_d8_s789,R,0.01,42,0.01,,False,sensitivity_range,True,2.563488e-03
rand_n20_m40_d8_s789,R,0.01,42,0.05,,False,sensitivity_range,True,2.563488e-03
rand_n20_m40_d8_s789,R,0.01,123,0.01,,False,sensitivity_range,False,7.024917e-05
rand_n20_m40_d8_s789,R,0.01,123,0.05,,False,sensitivity_range,False,7.024917e-05
rand_n20_m40_d8_s789,R,0.01,456,0.01,,False,sensitivity_range,True,6.030750e-04
rand_n20_m40_d8_s789,R,0.01,456,0.05,,False,sensitivity_range,True,6.030750e-04
rand_n20_m40_d8_s789,R,0.02,42,0.01,,False,sensitivity_range,True,5.126975e-03
rand_n20_m40_d8_s789,R,0.02,42,0.05,,False,sensitivity_range,True,5.126975e-03
rand_n20_m40_d8_s789,R,0.02,123,0.01,,False,sensitivity_range,True,1.404983e-04
rand_n20_m40_d8_s789,R,0.02,123,0.05,,False,sensitivity_range,True,1.404983e-04
rand_n20_m40_d8_s789,R,0.02,456,0.01,,False,sensitivity_range,True,1.206150e-03
rand_n20_m40_d8_s789,R,0.02,456,0.05,,False,sensitivity_range,True,1.206150e-03
rand_n50_m100_d3_s1024,C,0.005,42,0.01,0.005570,False,screening,True,1.000859e-03
rand_n50_m100_d3_s1024,C,0.005,42,0.05,0.005570,False,screening,True,1.000859e-03
rand_n50_m100_d3_s1024,C,0.005,123,0.01,0.005692,False,screening,True,4.447103e-04
rand_n50_m100_d3_s1024,C,0.005,123,0.05,0.005692,False,screening,True,4.447103e-04
rand_n50_m100_d3_s1024,C,0.005,456,0.01,0.005816,False,screening,True,2.953777e-04
rand_n50_m100_d3_s1024,C,0.005,456,0.05,0.005816,False,screening,True,2.953777e-04
rand_n50_m100_d3_s1024,C,0.01,42,0.01,0.015041,True,,True,2.001348e-03
rand_n50_m100_d3_s1024,C,0.01,42,0.05,0.015041,False,screening,True,2.001348e-03
rand_n50_m100_d3_s1024,C,0.01,123,0.01,0.015283,True,,True,8.848971e-04
rand_n50_m100_d3_s1024,C,0.01,123,0.05,0.015283,False,screening,True,8.848971e-04
rand_n50_m100_d3_s1024,C,0.01,456,0.01,0.015529,True,,True,5.862320e-04
rand_n50_m100_d3_s1024,C,0.01,456,0.05,0.015529,False,screening,True,5.862320e-04
rand_n50_m100_d3_s1024,C,0.02,42,0.01,0.033715,True,,True,3.904343e-03
rand_n50_m100_d3_s1024,C,0.02,42,0.05,0.033715,False,screening,True,3.904343e-03
rand_n50_m100_d3_s1024,C,0.02,123,0.01,0.034189,True,,True,1.745797e-03
rand_n50_m100_d3_s1024,C,0.02,123,0.05,0.034189,False,screening,True,1.745797e-03
rand_n50_m100_d3_s1024,C,0.02,456,0.01,0.034672,True,,True,1.167941e-03
rand_n50_m100_d3_s1024,C,0.02,456,0.05,0.034672,False,screening,True,1.167941e-03
rand_n50_m100_d3_s1024,R,0.005,42,0.01,,False,sensitivity_range,True,1.996425e-03
rand_n50_m100_d3_s1024,R,0.005,42,0.05,,False,sensitivity_range,True,1.996425e-03
rand_n50_m100_d3_s1024,R,0.005,123,0.01,,False,sensitivity_range,True,2.583863e-04
rand_n50_m100_d3_s1024,R,0.005,123,0.05,,False,sensitivity_range,True,2.583863e-04
rand_n50_m100_d3_s1024,R,0.005,456,0.01,,False,sensitivity_range,True,4.119633e-04
rand_n50_m100_d3_s1024,R,0.005,456,0.05,,False,sensitivity_range,True,4.119633e-04
rand_n50_m100_d3_s1024,R,0.01,42,0.01,,True,,True,3.992851e-03
rand_n50_m100_d3_s1024,R,0.01,42,0.05,,True,,True,3.992851e-03
rand_n50_m100_d3_s1024,R,0.01,123,0.01,,True,,True,5.100594e-04
rand_n50_m100_d3_s1024,R,0.01,123,0.05,,True,,True,5.100594e-04
rand_n50_m100_d3_s1024,R,0.01,456,0.01,,True,,True,8.239265e-04
rand_n50_m100_d3_s1024,R,0.01,456,0.05,,True,,True,8.239265e-04
rand_n50_m100_d3_s1024,R,0.02,42,0.01,,True,,True,7.997715e-03
rand_n50_m100_d3_s1024,R,0.02,42,0.05,,True,,True,7.997715e-03
rand_n50_m100_d3_s1024,R,0.02,123,0.01,,True,,True,9.613676e-04
rand_n50_m100_d3_s1024,R,0.02,123,0.05,,True,,True,9.613676e-04
rand_n50_m100_d3_s1024,R,0.02,456,0.01,,True,,True,1.647853e-03
rand_n50_m100_d3_s1024,R,0.02,456,0.05,,True,,True,1.647853e-03
rand_n50_m100_d3_s123,C,0.005,42,0.01,0.007120,False,screening,True,5.238697e-04
rand_n50_m100_d3_s123,C,0.005,42,0.05,0.007120,False,screening,True,5.238697e-04
rand_n50_m100_d3_s123,C,0.005,123,0.01,0.007242,False,screening,True,1.081259e-03
rand_n50_m100_d3_s123,C,0.005,123,0.05,0.007242,False,screening,True,1.081259e-03
rand_n50_m100_d3_s123,C,0.005,456,0.01,0.007366,False,screening,True,1.703225e-04
rand_n50_m100_d3_s123,C,0.005,456,0.05,0.007366,False,screening,True,1.703225e-04
rand_n50_m100_d3_s123,C,0.01,42,0.01,0.016584,True,,True,1.047195e-03
rand_n50_m100_d3_s123,C,0.01,42,0.05,0.016584,False,screening,True,1.047195e-03
rand_n50_m100_d3_s123,C,0.01,123,0.01,0.016825,True,,True,2.162518e-03
rand_n50_m100_d3_s123,C,0.01,123,0.05,0.016825,False,screening,True,2.162518e-03
rand_n50_m100_d3_s123,C,0.01,456,0.01,0.017071,True,,True,3.401456e-04
rand_n50_m100_d3_s123,C,0.01,456,0.05,0.017071,False,screening,True,3.401456e-04
rand_n50_m100_d3_s123,C,0.02,42,0.01,0.035244,True,,True,2.089329e-03
rand_n50_m100_d3_s123,C,0.02,42,0.05,0.035244,False,screening,True,2.089329e-03
rand_n50_m100_d3_s123,C,0.02,123,0.01,0.035717,True,,True,4.325036e-03
rand_n50_m100_d3_s123,C,0.02,123,0.05,0.035717,False,screening,True,4.325036e-03
rand_n50_m100_d3_s123,C,0.02,456,0.01,0.036200,True,,True,6.797917e-04
rand_n50_m100_d3_s123,C,0.02,456,0.05,0.036200,False,screening,True,6.797917e-04
rand_n50_m100_d3_s123,R,0.005,42,0.01,,True,,True,5.001981e-04
rand_n50_m100_d3_s123,R,0.005,42,0.05,,True,,True,5.001981e-04
rand_n50_m100_d3_s123,R,0.005,123,0.01,,False,sensitivity_range,True,6.823375e-04
rand_n50_m100_d3_s123,R,0.005,123,0.05,,False,sensitivity_range,True,6.823375e-04
rand_n50_m100_d3_s123,R,0.005,456,0.01,,True,,True,1.787356e-03
rand_n50_m100_d3_s123,R,0.005,456,0.05,,True,,True,1.787356e-03
rand_n50_m100_d3_s123,R,0.01,42,0.01,,True,,True,9.349525e-04
rand_n50_m100_d3_s123,R,0.01,42,0.05,,True,,True,9.349525e-04
rand_n50_m100_d3_s123,R,0.01,123,0.01,,True,,True,1.430119e-03
rand_n50_m100_d3_s123,R,0.01,123,0.05,,True,,True,1.430119e-03
rand_n50_m100_d3_s123,R,0.01,456,0.01,,True,,True,3.640155e-03
rand_n50_m100_d3_s123,R,0.01,456,0.05,,True,,True,3.640155e-03
rand_n50_m100_d3_s123,R,0.02,42,0.01,,True,,True,1.804461e-03
rand_n50_m100_d3_s123,R,0.02,42,0.05,,True,,True,1.804461e-03
rand_n50_m100_d3_s123,R,0.02,123,0.01,,True,,True,2.925681e-03
rand_n50_m100_d3_s123,R,0.02,123,0.05,,True,,True,2.925681e-03
rand_n50_m100_d3_s123,R,0.02,456,0.01,,True,,True,7.345753e-03
rand_n50_m100_d3_s123,R,0.02,456,0.05,,True,,True,7.345753e-03
rand_n50_m100_d3_s42,C,0.005,42,0.01,0.000000,False,sensitivity_range,False,8.948831e-05
rand_n50_m100_d3_s42,C,0.005,42,0.05,0.000000,False,sensitivity_range,False,8.948831e-05
rand_n50_m100_d3_s42,C,0.005,123,0.01,0.000000,False,sensitivity_range,True,1.800191e-04
rand_n50_m100_d3_s42,C,0.005,123,0.05,0.000000,False,sensitivity_range,True,1.800191e-04
rand_n50_m100_d3_s42,C,0.005,456,0.01,0.000000,False,sensitivity_range,False,4.927796e-05
rand_n50_m100_d3_s42,C,0.005,456,0.05,0.000000,False,sensitivity_range,False,4.927796e-05
rand_n50_m100_d3_s42,C,0.01,42,0.01,0.000000,False,sensitivity_range,True,1.789766e-04
rand_n50_m100_d3_s42,C,0.01,42,0.05,0.000000,False,sensitivity_range,True,1.789766e-04
rand_n50_m100_d3_s42,C,0.01,123,0.01,0.000000,False,sensitivity_range,True,3.600382e-04
rand_n50_m100_d3_s42,C,0.01,123,0.05,0.000000,False,sensitivity_range,True,3.600382e-04
rand_n50_m100_d3_s42,C,0.01,456,0.01,0.000000,False,sensitivity_range,False,9.855591e-05
rand_n50_m100_d3_s42,C,0.01,456,0.05,0.000000,False,sensitivity_range,False,9.855591e-05
rand_n50_m100_d3_s42,C,0.02,42,0.01,0.000000,False,sensitivity_range,True,3.579532e-04
rand_n50_m100_d3_s42,C,0.02,42,0.05,0.000000,False,sensitivity_range,True,3.579532e-04
rand_n50_m100_d3_s42,C,0.02,123,0.01,0.000000,False,sensitivity_range,True,7.200764e-04
rand_n50_m100_d3_s42,C,0.02,123,0.05,0.000000,False,sensitivity_range,True,7.200764e-04
rand_n50_m100_d3_s42,C,0.02,456,0.01,0.000000,False,sensitivity_range,True,1.971118e-04
rand_n50_m100_d3_s42,C,0.02,456,0.05,0.000000,False,sensitivity_range,True,1.971118e-04
rand_n50_m100_d3_s42,R,0.005,42,0.01,,True,,False,5.566596e-05
rand_n50_m100_d3_s42,R,0.005,42,0.05,,True,,False,5.566596e-05
rand_n50_m100_d3_s42,R,0.005,123,0.01,,True,,True,4.048649e-04
rand_n50_m100_d3_s42,R,0.005,123,0.05,,True,,True,4.048649e-04
rand_n50_m100_d3_s42,R,0.005,456,0.01,,True,,False,8.082479e-05
rand_n50_m100_d3_s42,R,0.005,456,0.05,,True,,False,8.082479e-05
rand_n50_m100_d3_s42,R,0.01,42,0.01,,True,,True,1.084897e-04
rand_n50_m100_d3_s42,R,0.01,42,0.05,,True,,True,1.084897e-04
rand_n50_m100_d3_s42,R,0.01,123,0.01,,True,,True,8.814020e-04
rand_n50_m100_d3_s42,R,0.01,123,0.05,,True,,True,8.814020e-04
rand_n50_m100_d3_s42,R,0.01,456,0.01,,True,,True,1.644918e-04
rand_n50_m100_d3_s42,R,0.01,456,0.05,,True,,True,1.644918e-04
rand_n50_m100_d3_s42,R,0.02,42,0.01,,True,,True,2.141373e-04
rand_n50_m100_d3_s42,R,0.02,42,0.05,,True,,True,2.141373e-04
rand_n50_m100_d3_s42,R,0.02,123,0.01,,True,,True,1.959233e-03
rand_n50_m100_d3_s42,R,0.02,123,0.05,,True,,True,1.959233e-03
rand_n50_m100_d3_s42,R,0.02,456,0.01,,True,,True,3.901376e-04
rand_n50_m100_d3_s42,R,0.02,456,0.05,,True,,True,3.901376e-04
rand_n50_m100_d3_s456,C,0.005,42,0.01,0.000000,False,sensitivity_range,True,5.080309e-04
rand_n50_m100_d3_s456,C,0.005,42,0.05,0.000000,False,sensitivity_range,True,5.080309e-04
rand_n50_m100_d3_s456,C,0.005,123,0.01,0.000065,False,sensitivity_range,True,2.377348e-04
rand_n50_m100_d3_s456,C,0.005,123,0.05,0.000065,False,sensitivity_range,True,2.377348e-04
rand_n50_m100_d3_s456,C,0.005,456,0.01,0.000190,False,sensitivity_range,True,1.101548e-03
rand_n50_m100_d3_s456,C,0.005,456,0.05,0.000190,False,sensitivity_range,True,1.101548e-03
rand_n50_m100_d3_s456,C,0.01,42,0.01,0.009441,False,screening,True,1.012599e-03
rand_n50_m100_d3_s456,C,0.01,42,0.05,0.009441,False,screening,True,1.012599e-03
rand_n50_m100_d3_s456,C,0.01,123,0.01,0.009683,False,sensitivity_range,True,4.754696e-04
rand_n50_m100_d3_s456,C,0.01,123,0.05,0.009683,False,sensitivity_range,True,4.754696e-04
rand_n50_m100_d3_s456,C,0.01,456,0.01,0.009929,False,screening,True,2.210704e-03
rand_n50_m100_d3_s456,C,0.01,456,0.05,0.009929,False,screening,True,2.210704e-03
rand_n50_m100_d3_s456,C,0.02,42,0.01,0.028168,True,,True,2.019993e-03
rand_n50_m100_d3_s456,C,0.02,42,0.05,0.028168,False,screening,True,2.019993e-03
rand_n50_m100_d3_s456,C,0.02,123,0.01,0.028643,True,,True,9.509392e-04
rand_n50_m100_d3_s456,C,0.02,123,0.05,0.028643,False,screening,True,9.509392e-04
rand_n50_m100_d3_s456,C,0.02,456,0.01,0.029127,True,,True,4.466409e-03
rand_n50_m100_d3_s456,C,0.02,456,0.05,0.029127,False,screening,True,4.466409e-03
rand_n50_m100_d3_s456,R,0.005,42,0.01,,False,sensitivity_range,True,4.500619e-04
rand_n50_m100_d3_s456,R,0.005,42,0.05,,False,sensitivity_range,True,4.500619e-04
rand_n50_m100_d3_s456,R,0.005,123,0.01,,True,,True,2.457857e-04
rand_n50_m100_d3_s456,R,0.005,123,0.05,,True,,True,2.457857e-04
rand_n50_m100_d3_s456,R,0.005,456,0.01,,False,sensitivity_range,True,5.170377e-04
rand_n50_m100_d3_s456,R,0.005,456,0.05,,False,sensitivity_range,True,5.170377e-04
rand_n50_m100_d3_s456,R,0.01,42,0.01,,False,sensitivity_range,True,9.001238e-04
rand_n50_m100_d3_s456,R,0.01,42,0.05,,False,sensitivity_range,True,9.001238e-04
rand_n50_m100_d3_s456,R,0.01,123,0.01,,True,,True,4.014155e-04
rand_n50_m100_d3_s456,R,0.01,123,0.05,,True,,True,4.014155e-04
rand_n50_m100_d3_s456,R,0.01,456,0.01,,False,sensitivity_range,True,1.039586e-03
rand_n50_m100_d3_s456,R,0.01,456,0.05,,False,sensitivity_range,True,1.039586e-03
rand_n50_m100_d3_s456,R,0.02,42,0.01,,True,,True,1.800248e-03
rand_n50_m100_d3_s456,R,0.02,42,0.05,,True,,True,1.800248e-03
rand_n50_m100_d3_s456,R,0.02,123,0.01,,True,,True,6.446137e-04
rand_n50_m100_d3_s456,R,0.02,123,0.05,,True,,True,6.446137e-04
rand_n50_m100_d3_s456,R,0.02,456,0.01,,True,,True,2.114456e-03
rand_n50_m100_d3_s456,R,0.02,456,0.05,,True,,True,2.114456e-03
rand_n50_m100_d3_s789,C,0.005,42,0.01,0.005949,False,screening,True,4.915245e-04
rand_n50_m100_d3_s789,C,0.005,42,0.05,0.005949,False,screening,True,4.915245e-04
rand_n50_m100_d3_s789,C,0.005,123,0.01,0.006071,False,screening,False,1.588269e-06
rand_n50_m100_d3_s789,C,0.005,123,0.05,0.006071,False,screening,False,1.588269e-06
rand_n50_m100_d3_s789,C,0.005,456,0.01,0.006195,False,screening,True,2.434421e-04
rand_n50_m100_d3_s789,C,0.005,456,0.05,0.006195,False,screening,True,2.434421e-04
rand_n50_m100_d3_s789,C,0.01,42,0.01,0.015418,True,,True,9.830490e-04
rand_n50_m100_d3_s789,C,0.01,42,0.05,0.015418,False,screening,True,9.830490e-04
rand_n50_m100_d3_s789,C,0.01,123,0.01,0.015660,True,,False,3.176539e-06
rand_n50_m100_d3_s789,C,0.01,123,0.05,0.015660,False,screening,False,3.176539e-06
rand_n50_m100_d3_s789,C,0.01,456,0.01,0.015906,True,,True,4.827414e-04
rand_n50_m100_d3_s789,C,0.01,456,0.05,0.015906,False,screening,True,4.827414e-04
rand_n50_m100_d3_s789,C,0.02,42,0.01,0.034089,True,,True,1.966098e-03
rand_n50_m100_d3_s789,C,0.02,42,0.05,0.034089,False,screening,True,1.966098e-03
rand_n50_m100_d3_s789,C,0.02,123,0.01,0.034563,True,,False,6.353077e-06
rand_n50_m100_d3_s789,C,0.02,123,0.05,0.034563,False,screening,False,6.353077e-06
rand_n50_m100_d3_s789,C,0.02,456,0.01,0.035045,True,,True,9.600955e-04
rand_n50_m100_d3_s789,C,0.02,456,0.05,0.035045,False,screening,True,9.600955e-04
rand_n50_m100_d3_s789,R,0.005,42,0.01,,False,sensitivity_range,True,1.913219e-03
rand_n50_m100_d3_s789,R,0.005,42,0.05,,False,sensitivity_range,True,1.913219e-03
rand_n50_m100_d3_s789,R,0.005,123,0.01,,True,,True,7.667550e-04
rand_n50_m100_d3_s789,R,0.005,123,0.05,,True,,True,7.667550e-04
rand_n50_m100_d3_s789,R,0.005,456,0.01,,False,sensitivity_range,True,4.417333e-04
rand_n50_m100_d3_s789,R,0.005,456,0.05,,False,sensitivity_range,True,4.417333e-04
rand_n50_m100_d3_s789,R,0.01,42,0.01,,True,,True,3.826437e-03
rand_n50_m100_d3_s789,R,0.01,42,0.05,,True,,True,3.826437e-03
rand_n50_m100_d3_s789,R,0.01,123,0.01,,True,,True,1.518405e-03
rand_n50_m100_d3_s789,R,0.01,123,0.05,,True,,True,1.518405e-03
rand_n50_m100_d3_s789,R,0.01,456,0.01,,True,,True,8.834666e-04
rand_n50_m100_d3_s789,R,0.01,456,0.05,,True,,True,8.834666e-04
rand_n50_m100_d3_s789,R,0.02,42,0.01,,True,,True,7.652874e-03
rand_n50_m100_d3_s789,R,0.02,42,0.05,,True,,True,7.652874e-03
rand_n50_m100_d3_s789,R,0.02,123,0.01,,True,,True,3.021705e-03
rand_n50_m100_d3_s789,R,0.02,123,0.05,,True,,True,3.021705e-03
rand_n50_m100_d3_s789,R,0.02,456,0.01,,True,,True,1.766933e-03
rand_n50_m100_d3_s789,R,0.02,456,0.05,,True,,True,1.766933e-03
rand_n50_m100_d5_s1024,C,0.005,42,0.01,0.000198,False,sensitivity_range,True,7.148163e-04
rand_n50_m100_d5_s1024,C,0.005,42,0.05,0.000198,False,sensitivity_range,True,7.148163e-04
rand_n50_m100_d5_s1024,C,0.005,123,0.01,0.000320,False,sensitivity_range,True,2.760541e-04
rand_n50_m100_d5_s1024,C,0.005,123,0.05,0.000320,False,sensitivity_range,True,2.760541e-04
rand_n50_m100_d5_s1024,C,0.005,456,0.01,0.000444,False,sensitivity_range,True,3.571667e-04
rand_n50_m100_d5_s1024,C,0.005,456,0.05,0.000444,False,sensitivity_range,True,3.571667e-04
rand_n50_m100_d5_s1024,C,0.01,42,0.01,0.009694,False,screening,True,1.427708e-03
rand_n50_m100_d5_s1024,C,0.01,42,0.05,0.009694,False,screening,True,1.427708e-03
rand_n50_m100_d5_s1024,C,0.01,123,0.01,0.009936,False,sensitivity_range,True,5.480672e-04
rand_n50_m100_d5_s1024,C,0.01,123,0.05,0.009936,False,sensitivity_range,True,5.480672e-04
rand_n50_m100_d5_s1024,C,0.01,456,0.01,0.010183,True,,True,6.899153e-04
rand_n50_m100_d5_s1024,C,0.01,456,0.05,0.010183,False,screening,True,6.899153e-04
rand_n50_m100_d5_s1024,C,0.02,42,0.01,0.028419,True,,True,2.850088e-03
rand_n50_m100_d5_s1024,C,0.02,42,0.05,0.028419,False,screening,True,2.850088e-03
rand_n50_m100_d5_s1024,C,0.02,123,0.01,0.028894,True,,True,1.071716e-03
rand_n50_m100_d5_s1024,C,0.02,123,0.05,0.028894,False,screening,True,1.071716e-03
rand_n50_m100_d5_s1024,C,0.02,456,0.01,0.029378,True,,True,1.349815e-03
rand_n50_m100_d5_s1024,C,0.02,456,0.05,0.029378,False,screening,True,1.349815e-03
rand_n50_m100_d5_s1024,R,0.005,42,0.01,,False,sensitivity_range,True,1.221068e-03
rand_n50_m100_d5_s1024,R,0.005,42,0.05,,False,sensitivity_range,True,1.221068e-03
rand_n50_m100_d5_s1024,R,0.005,123,0.01,,True,,True,2.817254e-04
rand_n50_m100_d5_s1024,R,0.005,123,0.05,,True,,True,2.817254e-04
rand_n50_m100_d5_s1024,R,0.005,456,0.01,,False,sensitivity_range,True,3.683111e-04
rand_n50_m100_d5_s1024,R,0.005,456,0.05,,False,sensitivity_range,True,3.683111e-04
rand_n50_m100_d5_s1024,R,0.01,42,0.01,,True,,True,2.444793e-03
rand_n50_m100_d5_s1024,R,0.01,42,0.05,,True,,True,2.444793e-03
rand_n50_m100_d5_s1024,R,0.01,123,0.01,,True,,True,5.670433e-04
rand_n50_m100_d5_s1024,R,0.01,123,0.05,,True,,True,5.670433e-04
rand_n50_m100_d5_s1024,R,0.01,456,0.01,,True,,True,7.366221e-04
rand_n50_m100_d5_s1024,R,0.01,456,0.05,,True,,True,7.366221e-04
rand_n50_m100_d5_s1024,R,0.02,42,0.01,,True,,True,4.892242e-03
rand_n50_m100_d5_s1024,R,0.02,42,0.05,,True,,True,4.892242e-03
rand_n50_m100_d5_s1024,R,0.02,123,0.01,,True,,True,1.143605e-03
rand_n50_m100_d5_s1024,R,0.02,123,0.05,,True,,True,1.143605e-03
rand_n50_m100_d5_s1024,R,0.02,456,0.01,,True,,True,1.473244e-03
rand_n50_m100_d5_s1024,R,0.02,456,0.05,,True,,True,1.473244e-03
rand_n50_m100_d5_s123,C,0.005,42,0.01,0.000000,False,sensitivity_range,True,5.779517e-04
rand_n50_m100_d5_s123,C,0.005,42,0.05,0.000000,False,sensitivity_range,True,5.779517e-04
rand_n50_m100_d5_s123,C,0.005,123,0.01,0.000000,False,sensitivity_range,True,1.097897e-03
rand_n50_m100_d5_s123,C,0.005,123,0.05,0.000000,False,sensitivity_range,True,1.097897e-03
rand_n50_m100_d5_s123,C,0.005,456,0.01,0.000000,False,sensitivity_range,True,4.385405e-04
rand_n50_m100_d5_s123,C,0.005,456,0.05,0.000000,False,sensitivity_range,True,4.385405e-04
rand_n50_m100_d5_s123,C,0.01,42,0.01,0.000000,False,sensitivity_range,True,1.155903e-03
rand_n50_m100_d5_s123,C,0.01,42,0.05,0.000000,False,sensitivity_range,True,1.155903e-03
rand_n50_m100_d5_s123,C,0.01,123,0.01,0.000000,False,sensitivity_range,True,2.195793e-03
rand_n50_m100_d5_s123,C,0.01,123,0.05,0.000000,False,sensitivity_range,True,2.195793e-03
rand_n50_m100_d5_s123,C,0.01,456,0.01,0.000000,False,sensitivity_range,True,8.770811e-04
rand_n50_m100_d5_s123,C,0.01,456,0.05,0.000000,False,sensitivity_range,True,8.770811e-04
rand_n50_m100_d5_s123,C,0.02,42,0.01,0.000000,False,sensitivity_range,True,2.311807e-03
rand_n50_m100_d5_s123,C,0.02,42,0.05,0.000000,False,sensitivity_range,True,2.311807e-03
rand_n50_m100_d5_s123,C,0.02,123,0.01,0.000000,False,sensitivity_range,True,4.391587e-03
rand_n50_m100_d5_s123,C,0.02,123,0.05,0.000000,False,sensitivity_range,True,4.391587e-03
rand_n50_m100_d5_s123,C,0.02,456,0.01,0.000000,False,sensitivity_range,True,1.754162e-03
rand_n50_m100_d5_s123,C,0.02,456,0.05,0.000000,False,sensitivity_range,True,1.754162e-03
rand_n50_m100_d5_s123,R,0.005,42,0.01,,False,sensitivity_range,False,5.764746e-05
rand_n50_m100_d5_s123,R,0.005,42,0.05,,False,sensitivity_range,False,5.764746e-05
rand_n50_m100_d5_s123,R,0.005,123,0.01,,False,sensitivity_range,True,2.949145e-04
rand_n50_m100_d5_s123,R,0.005,123,0.05,,False,sensitivity_range,True,2.949145e-04
rand_n50_m100_d5_s123,R,0.005,456,0.01,,False,sensitivity_range,True,1.504155e-03
rand_n50_m100_d5_s123,R,0.005,456,0.05,,False,sensitivity_range,True,1.504155e-03
rand_n50_m100_d5_s123,R,0.01,42,0.01,,False,sensitivity_range,False,8.183330e-05
rand_n50_m100_d5_s123,R,0.01,42,0.05,,False,sensitivity_range,False,8.183330e-05
rand_n50_m100_d5_s123,R,0.01,123,0.01,,False,sensitivity_range,True,5.021465e-04
rand_n50_m100_d5_s123,R,0.01,123,0.05,,False,sensitivity_range,True,5.021465e-04
rand_n50_m100_d5_s123,R,0.01,456,0.01,,False,sensitivity_range,True,3.323545e-03
rand_n50_m100_d5_s123,R,0.01,456,0.05,,False,sensitivity_range,True,3.323545e-03
rand_n50_m100_d5_s123,R,0.02,42,0.01,,True,,False,4.789796e-05
rand_n50_m100_d5_s123,R,0.02,42,0.05,,True,,False,4.789796e-05
rand_n50_m100_d5_s123,R,0.02,123,0.01,,True,,True,7.513548e-04
rand_n50_m100_d5_s123,R,0.02,123,0.05,,True,,True,7.513548e-04
rand_n50_m100_d5_s123,R,0.02,456,0.01,,True,,True,7.224706e-03
rand_n50_m100_d5_s123,R,0.02,456,0.05,,True,,True,7.224706e-03
rand_n50_m100_d5_s42,C,0.005,42,0.01,0.000000,False,sensitivity_range,True,1.118989e-04
rand_n50_m100_d5_s42,C,0.005,42,0.05,0.000000,False,sensitivity_range,True,1.118989e-04
rand_n50_m100_d5_s42,C,0.005,123,0.01,0.000000,False,sensitivity_range,True,3.546641e-04
rand_n50_m100_d5_s42,C,0.005,123,0.05,0.000000,False,sensitivity_range,True,3.546641e-04
rand_n50_m100_d5_s42,C,0.005,456,0.01,0.000000,False,sensitivity_range,True,4.016945e-04
rand_n50_m100_d5_s42,C,0.005,456,0.05,0.000000,False,sensitivity_range,True,4.016945e-04
rand_n50_m100_d5_s42,C,0.01,42,0.01,0.000000,False,sensitivity_range,True,2.237977e-04
rand_n50_m100_d5_s42,C,0.01,42,0.05,0.000000,False,sensitivity_range,True,2.237977e-04
rand_n50_m100_d5_s42,C,0.01,123,0.01,0.000000,False,sensitivity_range,True,7.093283e-04
rand_n50_m100_d5_s42,C,0.01,123,0.05,0.000000,False,sensitivity_range,True,7.093283e-04
rand_n50_m100_d5_s42,C,0.01,456,0.01,0.000000,False,sensitivity_range,True,8.033891e-04
rand_n50_m100_d5_s42,C,0.01,456,0.05,0.000000,False,sensitivity_range,True,8.033891e-04
rand_n50_m100_d5_s42,C,0.02,42,0.01,0.000000,False,sensitivity_range,True,4.475955e-04
rand_n50_m100_d5_s42,C,0.02,42,0.05,0.000000,False,sensitivity_range,True,4.475955e-04
rand_n50_m100_d5_s42,C,0.02,123,0.01,0.000000,False,sensitivity_range,True,1.418657e-03
rand_n50_m100_d5_s42,C,0.02,123,0.05,0.000000,False,sensitivity_range,True,1.418657e-03
rand_n50_m100_d5_s42,C,0.02,456,0.01,0.000000,False,sensitivity_range,True,1.606778e-03
rand_n50_m100_d5_s42,C,0.02,456,0.05,0.000000,False,sensitivity_range,True,1.606778e-03
rand_n50_m100_d5_s42,R,0.005,42,0.01,,False,sensitivity_range,False,2.947302e-05
rand_n50_m100_d5_s42,R,0.005,42,0.05,,False,sensitivity_range,False,2.947302e-05
rand_n50_m100_d5_s42,R,0.005,123,0.01,,False,sensitivity_range,True,1.583094e-03
rand_n50_m100_d5_s42,R,0.005,123,0.05,,False,sensitivity_range,True,1.583094e-03
rand_n50_m100_d5_s42,R,0.005,456,0.01,,False,sensitivity_range,True,1.889981e-03
rand_n50_m100_d5_s42,R,0.005,456,0.05,,False,sensitivity_range,True,1.889981e-03
rand_n50_m100_d5_s42,R,0.01,42,0.01,,False,sensitivity_range,False,5.894604e-05
rand_n50_m100_d5_s42,R,0.01,42,0.05,,False,sensitivity_range,False,5.894604e-05
rand_n50_m100_d5_s42,R,0.01,123,0.01,,False,sensitivity_range,True,3.166187e-03
rand_n50_m100_d5_s42,R,0.01,123,0.05,,False,sensitivity_range,True,3.166187e-03
rand_n50_m100_d5_s42,R,0.01,456,0.01,,False,sensitivity_range,True,3.779962e-03
rand_n50_m100_d5_s42,R,0.01,456,0.05,,False,sensitivity_range,True,3.779962e-03
rand_n50_m100_d5_s42,R,0.02,42,0.01,,False,sensitivity_range,True,1.178921e-04
rand_n50_m100_d5_s42,R,0.02,42,0.05,,False,sensitivity_range,True,1.178921e-04
rand_n50_m100_d5_s42,R,0.02,123,0.01,,False,sensitivity_range,True,6.332374e-03
rand_n50_m100_d5_s42,R,0.02,123,0.05,,False,sensitivity_range,True,6.332374e-03
rand_n50_m100_d5_s42,R,0.02,456,0.01,,False,sensitivity_range,True,7.559925e-03
rand_n50_m100_d5_s42,R,0.02,456,0.05,,False,sensitivity_range,True,7.559925e-03
rand_n50_m100_d5_s456,C,0.005,42,0.01,0.000000,False,sensitivity_range,True,5.645657e-04
rand_n50_m100_d5_s456,C,0.005,42,0.05,0.000000,False,sensitivity_range,True,5.645657e-04
rand_n50_m100_d5_s456,C,0.005,123,0.01,0.000000,False,sensitivity_range,True,2.293257e-04
rand_n50_m100_d5_s456,C,0.005,123,0.05,0.000000,False,sensitivity_range,True,2.293257e-04
rand_n50_m100_d5_s456,C,0.005,456,0.01,0.000000,False,sensitivity_range,True,9.446001e-04
rand_n50_m100_d5_s456,C,0.005,456,0.05,0.000000,False,sensitivity_range,True,9.446001e-04
rand_n50_m100_d5_s456,C,0.01,42,0.01,0.004686,False,sensitivity_range,True,1.129131e-03
rand_n50_m100_d5_s456,C,0.01,42,0.05,0.004686,False,sensitivity_range,True,1.129131e-03
rand_n50_m100_d5_s456,C,0.01,123,0.01,0.004929,False,sensitivity_range,True,4.601510e-04
rand_n50_m100_d5_s456,C,0.01,123,0.05,0.004929,False,sensitivity_range,True,4.601510e-04
rand_n50_m100_d5_s456,C,0.01,456,0.01,0.005176,False,sensitivity_range,True,1.889200e-03
rand_n50_m100_d5_s456,C,0.01,456,0.05,0.005176,False,sensitivity_range,True,1.889200e-03
rand_n50_m100_d5_s456,C,0.02,42,0.01,0.023458,True,,True,2.200668e-03
rand_n50_m100_d5_s456,C,0.02,42,0.05,0.023458,False,screening,True,2.200668e-03
rand_n50_m100_d5_s456,C,0.02,123,0.01,0.023934,True,,True,9.250055e-04
rand_n50_m100_d5_s456,C,0.02,123,0.05,0.023934,False,screening,True,9.250055e-04
rand_n50_m100_d5_s456,C,0.02,456,0.01,0.024419,True,,True,3.778400e-03
rand_n50_m100_d5_s456,C,0.02,456,0.05,0.024419,False,screening,True,3.778400e-03
rand_n50_m100_d5_s456,R,0.005,42,0.01,,True,,True,3.520150e-04
rand_n50_m100_d5_s456,R,0.005,42,0.05,,True,,True,3.520150e-04
rand_n50_m100_d5_s456,R,0.005,123,0.01,,False,sensitivity_range,True,5.462641e-04
rand_n50_m100_d5_s456,R,0.005,123,0.05,,False,sensitivity_range,True,5.462641e-04
rand_n50_m100_d5_s456,R,0.005,456,0.01,,True,,True,3.070611e-04
rand_n50_m100_d5_s456,R,0.005,456,0.05,,True,,True,3.070611e-04
rand_n50_m100_d5_s456,R,0.01,42,0.01,,True,,True,7.040300e-04
rand_n50_m100_d5_s456,R,0.01,42,0.05,,True,,True,7.040300e-04
rand_n50_m100_d5_s456,R,0.01,123,0.01,,True,,True,1.092528e-03
rand_n50_m100_d5_s456,R,0.01,123,0.05,,True,,True,1.092528e-03
rand_n50_m100_d5_s456,R,0.01,456,0.01,,True,,True,6.198143e-04
rand_n50_m100_d5_s456,R,0.01,456,0.05,,True,,True,6.198143e-04
rand_n50_m100_d5_s456,R,0.02,42,0.01,,True,,True,1.410186e-03
rand_n50_m100_d5_s456,R,0.02,42,0.05,,True,,True,1.410186e-03
rand_n50_m100_d5_s456,R,0.02,123,0.01,,True,,True,2.185056e-03
rand_n50_m100_d5_s456,R,0.02,123,0.05,,True,,True,2.185056e-03
rand_n50_m100_d5_s456,R,0.02,456,0.01,,True,,True,1.277902e-03
rand_n50_m100_d5_s456,R,0.02,456,0.05,,True,,True,1.277902e-03
rand_n50_m100_d5_s789,C,0.005,42,0.01,0.000000,False,sensitivity_range,True,3.045033e-04
rand_n50_m100_d5_s789,C,0.005,42,0.05,0.000000,False,sensitivity_range,True,3.045033e-04
rand_n50_m100_d5_s789,C,0.005,123,0.01,0.000000,False,sensitivity_range,True,5.395754e-04
rand_n50_m100_d5_s789,C,0.005,123,0.05,0.000000,False,sensitivity_range,True,5.395754e-04
rand_n50_m100_d5_s789,C,0.005,456,0.01,0.000000,False,sensitivity_range,True,1.043015e-04
rand_n50_m100_d5_s789,C,0.005,456,0.05,0.000000,False,sensitivity_range,True,1.043015e-04
rand_n50_m100_d5_s789,C,0.01,42,0.01,0.000000,False,sensitivity_range,True,6.090066e-04
rand_n50_m100_d5_s789,C,0.01,42,0.05,0.000000,False,sensitivity_range,True,6.090066e-04
rand_n50_m100_d5_s789,C,0.01,123,0.01,0.000000,False,sensitivity_range,True,1.079151e-03
rand_n50_m100_d5_s789,C,0.01,123,0.05,0.000000,False,sensitivity_range,True,1.079151e-03
rand_n50_m100_d5_s789,C,0.01,456,0.01,0.000000,False,sensitivity_range,True,2.086030e-04
rand_n50_m100_d5_s789,C,0.01,456,0.05,0.000000,False,sensitivity_range,True,2.086030e-04
rand_n50_m100_d5_s789,C,0.02,42,0.01,0.015532,False,sensitivity_range,True,1.212118e-03
rand_n50_m100_d5_s789,C,0.02,42,0.05,0.015532,False,sensitivity_range,True,1.212118e-03
rand_n50_m100_d5_s789,C,0.02,123,0.01,0.016011,False,sensitivity_range,True,2.153627e-03
rand_n50_m100_d5_s789,C,0.02,123,0.05,0.016011,False,sensitivity_range,True,2.153627e-03
rand_n50_m100_d5_s789,C,0.02,456,0.01,0.016498,False,sensitivity_range,True,4.172060e-04
rand_n50_m100_d5_s789,C,0.02,456,0.05,0.016498,False,sensitivity_range,True,4.172060e-04
rand_n50_m100_d5_s789,R,0.005,42,0.01,,True,,False,4.501451e-05
rand_n50_m100_d5_s789,R,0.005,42,0.05,,True,,False,4.501451e-05
rand_n50_m100_d5_s789,R,0.005,123,0.01,,False,sensitivity_range,True,2.471443e-04
rand_n50_m100_d5_s789,R,0.005,123,0.05,,False,sensitivity_range,True,2.471443e-04
rand_n50_m100_d5_s789,R,0.005,456,0.01,,True,,True,1.450801e-04
rand_n50_m100_d5_s789,R,0.005,456,0.05,,True,,True,1.450801e-04
rand_n50_m100_d5_s789,R,0.01,42,0.01,,True,,False,2.801121e-05
rand_n50_m100_d5_s789,R,0.01,42,0.05,,True,,False,2.801121e-05
rand_n50_m100_d5_s789,R,0.01,123,0.01,,True,,True,4.989614e-04
rand_n50_m100_d5_s789,R,0.01,123,0.05,,True,,True,4.989614e-04
rand_n50_m100_d5_s789,R,0.01,456,0.01,,True,,True,3.105719e-04
rand_n50_m100_d5_s789,R,0.01,456,0.05,,True,,True,3.105719e-04
rand_n50_m100_d5_s789,R,0.02,42,0.01,,True,,True,1.902616e-04
rand_n50_m100_d5_s789,R,0.02,42,0.05,,True,,True,1.902616e-04
rand_n50_m100_d5_s789,R,0.02,123,0.01,,True,,True,1.190000e-03
rand_n50_m100_d5_s789,R,0.02,123,0.05,,True,,True,1.190000e-03
rand_n50_m100_d5_s789,R,0.02,456,0.01,,True,,True,6.715654e-04
rand_n50_m100_d5_s789,R,0.02,456,0.05,,True,,True,6.715654e-04
rand_n50_m100_d8_s1024,C,0.005,42,0.01,0.003986,False,sensitivity_range,True,9.519390e-04
rand_n50_m100_d8_s1024,C,0.005,42,0.05,0.003986,False,sensitivity_range,True,9.519390e-04
rand_n50_m100_d8_s1024,C,0.005,123,0.01,0.004108,False,sensitivity_range,True,3.887318e-04
rand_n50_m100_d8_s1024,C,0.005,123,0.05,0.004108,False,sensitivity_range,True,3.887318e-04
rand_n50_m100_d8_s1024,C,0.005,456,0.01,0.004232,False,screening,True,2.756518e-04
rand_n50_m100_d8_s1024,C,0.005,456,0.05,0.004232,False,screening,True,2.756518e-04
rand_n50_m100_d8_s1024,C,0.01,42,0.01,0.013464,True,,True,1.903878e-03
rand_n50_m100_d8_s1024,C,0.01,42,0.05,0.013464,False,screening,True,1.903878e-03
rand_n50_m100_d8_s1024,C,0.01,123,0.01,0.013706,True,,True,7.774635e-04
rand_n50_m100_d8_s1024,C,0.01,123,0.05,0.013706,False,screening,True,7.774635e-04
rand_n50_m100_d8_s1024,C,0.01,456,0.01,0.013952,True,,True,5.496755e-04
rand_n50_m100_d8_s1024,C,0.01,456,0.05,0.013952,False,screening,True,5.496755e-04
rand_n50_m100_d8_s1024,C,0.02,42,0.01,0.032153,True,,True,3.807756e-03
rand_n50_m100_d8_s1024,C,0.02,42,0.05,0.032153,False,screening,True,3.807756e-03
rand_n50_m100_d8_s1024,C,0.02,123,0.01,0.032627,True,,True,1.554927e-03
rand_n50_m100_d8_s1024,C,0.02,123,0.05,0.032627,False,screening,True,1.554927e-03
rand_n50_m100_d8_s1024,C,0.02,456,0.01,0.033110,True,,True,1.097028e-03
rand_n50_m100_d8_s1024,C,0.02,456,0.05,0.033110,False,screening,True,1.097028e-03
rand_n50_m100_d8_s1024,R,0.005,42,0.01,,True,,True,1.676720e-04
rand_n50_m100_d8_s1024,R,0.005,42,0.05,,True,,True,1.676720e-04
rand_n50_m100_d8_s1024,R,0.005,123,0.01,,True,,True,2.647790e-04
rand_n50_m100_d8_s1024,R,0.005,123,0.05,,True,,True,2.647790e-04
rand_n50_m100_d8_s1024,R,0.005,456,0.01,,True,,True,1.275899e-04
rand_n50_m100_d8_s1024,R,0.005,456,0.05,,True,,True,1.275899e-04
rand_n50_m100_d8_s1024,R,0.01,42,0.01,,True,,True,3.203560e-04
rand_n50_m100_d8_s1024,R,0.01,42,0.05,,True,,True,3.203560e-04
rand_n50_m100_d8_s1024,R,0.01,123,0.01,,True,,True,5.173971e-04
rand_n50_m100_d8_s1024,R,0.01,123,0.05,,True,,True,5.173971e-04
rand_n50_m100_d8_s1024,R,0.01,456,0.01,,True,,True,2.548836e-04
rand_n50_m100_d8_s1024,R,0.01,456,0.05,,True,,True,2.548836e-04
rand_n50_m100_d8_s1024,R,0.02,42,0.01,,True,,True,4.771385e-04
rand_n50_m100_d8_s1024,R,0.02,42,0.05,,True,,True,4.771385e-04
rand_n50_m100_d8_s1024,R,0.02,123,0.01,,True,,True,1.022633e-03
rand_n50_m100_d8_s1024,R,0.02,123,0.05,,True,,True,1.022633e-03
rand_n50_m100_d8_s1024,R,0.02,456,0.01,,True,,True,5.074347e-04
rand_n50_m100_d8_s1024,R,0.02,456,0.05,,True,,True,5.074347e-04
rand_n50_m100_d8_s123,C,0.005,42,0.01,0.000000,False,sensitivity_range,True,2.430953e-04
rand_n50_m100_d8_s123,C,0.005,42,0.05,0.000000,False,sensitivity_range,True,2.430953e-04
rand_n50_m100_d8_s123,C,0.005,123,0.01,0.000000,False,sensitivity_range,True,1.341641e-03
rand_n50_m100_d8_s123,C,0.005,123,0.05,0.000000,False,sensitivity_range,True,1.341641e-03
rand_n50_m100_d8_s123,C,0.005,456,0.01,0.000000,False,sensitivity_range,True,1.706251e-04
rand_n50_m100_d8_s123,C,0.005,456,0.05,0.000000,False,sensitivity_range,True,1.706251e-04
rand_n50_m100_d8_s123,C,0.01,42,0.01,0.000000,False,sensitivity_range,True,4.861906e-04
rand_n50_m100_d8_s123,C,0.01,42,0.05,0.000000,False,sensitivity_range,True,4.861906e-04
rand_n50_m100_d8_s123,C,0.01,123,0.01,0.000000,False,sensitivity_range,True,2.683283e-03
rand_n50_m100_d8_s123,C,0.01,123,0.05,0.000000,False,sensitivity_range,True,2.683283e-03
rand_n50_m100_d8_s123,C,0.01,456,0.01,0.000000,False,sensitivity_range,True,3.412502e-04
rand_n50_m100_d8_s123,C,0.01,456,0.05,0.000000,False,sensitivity_range,True,3.412502e-04
rand_n50_m100_d8_s123,C,0.02,42,0.01,0.000000,False,sensitivity_range,True,9.573780e-04
rand_n50_m100_d8_s123,C,0.02,42,0.05,0.000000,False,sensitivity_range,True,9.573780e-04
rand_n50_m100_d8_s123,C,0.02,123,0.01,0.000000,False,sensitivity_range,True,5.366565e-03
rand_n50_m100_d8_s123,C,0.02,123,0.05,0.000000,False,sensitivity_range,True,5.366565e-03
rand_n50_m100_d8_s123,C,0.02,456,0.01,0.000000,False,sensitivity_range,True,6.825004e-04
rand_n50_m100_d8_s123,C,0.02,456,0.05,0.000000,False,sensitivity_range,True,6.825004e-04
rand_n50_m100_d8_s123,R,0.005,42,0.01,,False,sensitivity_range,True,1.306130e-03
rand_n50_m100_d8_s123,R,0.005,42,0.05,,False,sensitivity_range,True,1.306130e-03
rand_n50_m100_d8_s123,R,0.005,123,0.01,,False,sensitivity_range,True,1.017964e-03
rand_n50_m100_d8_s123,R,0.005,123,0.05,,False,sensitivity_range,True,1.017964e-03
rand_n50_m100_d8_s123,R,0.005,456,0.01,,False,sensitivity_range,True,2.282799e-03
rand_n50_m100_d8_s123,R,0.005,456,0.05,,False,sensitivity_range,True,2.282799e-03
rand_n50_m100_d8_s123,R,0.01,42,0.01,,False,sensitivity_range,True,2.612260e-03
rand_n50_m100_d8_s123,R,0.01,42,0.05,,False,sensitivity_range,True,2.612260e-03
rand_n50_m100_d8_s123,R,0.01,123,0.01,,False,sensitivity_range,True,2.027481e-03
rand_n50_m100_d8_s123,R,0.01,123,0.05,,False,sensitivity_range,True,2.027481e-03
rand_n50_m100_d8_s123,R,0.01,456,0.01,,True,,True,4.583172e-03
rand_n50_m100_d8_s123,R,0.01,456,0.05,,True,,True,4.583172e-03
rand_n50_m100_d8_s123,R,0.02,42,0.01,,True,,True,5.224521e-03
rand_n50_m100_d8_s123,R,0.02,42,0.05,,True,,True,5.224521e-03
rand_n50_m100_d8_s123,R,0.02,123,0.01,,True,,True,3.858557e-03
rand_n50_m100_d8_s123,R,0.02,123,0.05,,True,,True,3.858557e-03
rand_n50_m100_d8_s123,R,0.02,456,0.01,,True,,True,9.187237e-03
rand_n50_m100_d8_s123,R,0.02,456,0.05,,True,,True,9.187237e-03
rand_n50_m100_d8_s42,C,0.005,42,0.01,0.000000,False,sensitivity_range,False,3.461421e-05
rand_n50_m100_d8_s42,C,0.005,42,0.05,0.000000,False,sensitivity_range,False,3.461421e-05
rand_n50_m100_d8_s42,C,0.005,123,0.01,0.000000,False,sensitivity_range,False,7.383033e-05
rand_n50_m100_d8_s42,C,0.005,123,0.05,0.000000,False,sensitivity_range,False,7.383033e-05
rand_n50_m100_d8_s42,C,0.005,456,0.01,0.000000,False,sensitivity_range,True,3.448722e-04
rand_n50_m100_d8_s42,C,0.005,456,0.05,0.000000,False,sensitivity_range,True,3.448722e-04
rand_n50_m100_d8_s42,C,0.01,42,0.01,0.000000,False,sensitivity_range,False,6.922843e-05
rand_n50_m100_d8_s42,C,0.01,42,0.05,0.000000,False,sensitivity_range,False,6.922843e-05
rand_n50_m100_d8_s42,C,0.01,123,0.01,0.000000,False,sensitivity_range,True,1.476607e-04
rand_n50_m100_d8_s42,C,0.01,123,0.05,0.000000,False,sensitivity_range,True,1.476607e-04
rand_n50_m100_d8_s42,C,0.01,456,0.01,0.000000,False,sensitivity_range,True,6.897445e-04
rand_n50_m100_d8_s42,C,0.01,456,0.05,0.000000,False,sensitivity_range,True,6.897445e-04
rand_n50_m100_d8_s42,C,0.02,42,0.01,0.000000,False,sensitivity_range,True,1.384569e-04
rand_n50_m100_d8_s42,C,0.02,42,0.05,0.000000,False,sensitivity_range,True,1.384569e-04
rand_n50_m100_d8_s42,C,0.02,123,0.01,0.000000,False,sensitivity_range,True,2.953213e-04
rand_n50_m100_d8_s42,C,0.02,123,0.05,0.000000,False,sensitivity_range,True,2.953213e-04
rand_n50_m100_d8_s42,C,0.02,456,0.01,0.000000,False,sensitivity_range,True,1.379489e-03
rand_n50_m100_d8_s42,C,0.02,456,0.05,0.000000,False,sensitivity_range,True,1.379489e-03
rand_n50_m100_d8_s42,R,0.005,42,0.01,,True,,True,1.454265e-04
rand_n50_m100_d8_s42,R,0.005,42,0.05,,True,,True,1.454265e-04
rand_n50_m100_d8_s42,R,0.005,123,0.01,,True,,True,7.137347e-04
rand_n50_m100_d8_s42,R,0.005,123,0.05,,True,,True,7.137347e-04
rand_n50_m100_d8_s42,R,0.005,456,0.01,,True,,True,1.029916e-03
rand_n50_m100_d8_s42,R,0.005,456,0.05,,True,,True,1.029916e-03
rand_n50_m100_d8_s42,R,0.01,42,0.01,,True,,True,2.803357e-04
rand_n50_m100_d8_s42,R,0.01,42,0.05,,True,,True,2.803357e-04
rand_n50_m100_d8_s42,R,0.01,123,0.01,,True,,True,1.427469e-03
rand_n50_m100_d8_s42,R,0.01,123,0.05,,True,,True,1.427469e-03
rand_n50_m100_d8_s42,R,0.01,456,0.01,,True,,True,2.000196e-03
rand_n50_m100_d8_s42,R,0.01,456,0.05,,True,,True,2.000196e-03
rand_n50_m100_d8_s42,R,0.02,42,0.01,,True,,True,5.043020e-04
rand_n50_m100_d8_s42,R,0.02,42,0.05,,True,,True,5.043020e-04
rand_n50_m100_d8_s42,R,0.02,123,0.01,,True,,True,2.890452e-03
rand_n50_m100_d8_s42,R,0.02,123,0.05,,True,,True,2.890452e-03
rand_n50_m100_d8_s42,R,0.02,456,0.01,,True,,True,3.914799e-03
rand_n50_m100_d8_s42,R,0.02,456,0.05,,True,,True,3.914799e-03
rand_n50_m100_d8_s456,C,0.005,42,0.01,0.000000,False,sensitivity_range,True,6.475688e-04
rand_n50_m100_d8_s456,C,0.005,42,0.05,0.000000,False,sensitivity_range,True,6.475688e-04
rand_n50_m100_d8_s456,C,0.005,123,0.01,0.000000,False,sensitivity_range,True,3.524249e-04
rand_n50_m100_d8_s456,C,0.005,123,0.05,0.000000,False,sensitivity_range,True,3.524249e-04
rand_n50_m100_d8_s456,C,0.005,456,0.01,0.000000,False,sensitivity_range,True,7.769022e-04
rand_n50_m100_d8_s456,C,0.005,456,0.05,0.000000,False,sensitivity_range,True,7.769022e-04
rand_n50_m100_d8_s456,C,0.01,42,0.01,0.000000,False,sensitivity_range,True,1.294606e-03
rand_n50_m100_d8_s456,C,0.01,42,0.05,0.000000,False,sensitivity_range,True,1.294606e-03
rand_n50_m100_d8_s456,C,0.01,123,0.01,0.000000,False,sensitivity_range,True,7.048498e-04
rand_n50_m100_d8_s456,C,0.01,123,0.05,0.000000,False,sensitivity_range,True,7.048498e-04
rand_n50_m100_d8_s456,C,0.01,456,0.01,0.000000,False,sensitivity_range,True,1.553804e-03
rand_n50_m100_d8_s456,C,0.01,456,0.05,0.000000,False,sensitivity_range,True,1.553804e-03
rand_n50_m100_d8_s456,C,0.02,42,0.01,0.016010,False,sensitivity_range,True,2.568931e-03
rand_n50_m100_d8_s456,C,0.02,42,0.05,0.016010,False,sensitivity_range,True,2.568931e-03
rand_n50_m100_d8_s456,C,0.02,123,0.01,0.016488,False,sensitivity_range,True,1.409700e-03
rand_n50_m100_d8_s456,C,0.02,123,0.05,0.016488,False,sensitivity_range,True,1.409700e-03
rand_n50_m100_d8_s456,C,0.02,456,0.01,0.016975,False,sensitivity_range,True,3.107609e-03
rand_n50_m100_d8_s456,C,0.02,456,0.05,0.016975,False,sensitivity_range,True,3.107609e-03
rand_n50_m100_d8_s456,R,0.005,42,0.01,,True,,True,1.274259e-04
rand_n50_m100_d8_s456,R,0.005,42,0.05,,True,,True,1.274259e-04
rand_n50_m100_d8_s456,R,0.005,123,0.01,,False,sensitivity_range,True,3.552769e-04
rand_n50_m100_d8_s456,R,0.005,123,0.05,,False,sensitivity_range,True,3.552769e-04
rand_n50_m100_d8_s456,R,0.005,456,0.01,,False,sensitivity_range,False,6.093094e-05
rand_n50_m100_d8_s456,R,0.005,456,0.05,,False,sensitivity_range,False,6.093094e-05
rand_n50_m100_d8_s456,R,0.01,42,0.01,,True,,True,2.342624e-04
rand_n50_m100_d8_s456,R,0.01,42,0.05,,True,,True,2.342624e-04
rand_n50_m100_d8_s456,R,0.01,123,0.01,,True,,True,7.105539e-04
rand_n50_m100_d8_s456,R,0.01,123,0.05,,True,,True,7.105539e-04
rand_n50_m100_d8_s456,R,0.01,456,0.01,,True,,True,1.218619e-04
rand_n50_m100_d8_s456,R,0.01,456,0.05,,True,,True,1.218619e-04
rand_n50_m100_d8_s456,R,0.02,42,0.01,,True,,True,4.475285e-04
rand_n50_m100_d8_s456,R,0.02,42,0.05,,True,,True,4.475285e-04
rand_n50_m100_d8_s456,R,0.02,123,0.01,,True,,True,1.421108e-03
rand_n50_m100_d8_s456,R,0.02,123,0.05,,True,,True,1.421108e-03
rand_n50_m100_d8_s456,R,0.02,456,0.01,,True,,True,2.437238e-04
rand_n50_m100_d8_s456,R,0.02,456,0.05,,True,,True,2.437238e-04
rand_n50_m100_d8_s789,C,0.005,42,0.01,0.002814,False,sensitivity_range,True,4.695525e-04
rand_n50_m100_d8_s789,C,0.005,42,0.05,0.002814,False,sensitivity_range,True,4.695525e-04
rand_n50_m100_d8_s789,C,0.005,123,0.01,0.002936,False,sensitivity_range,True,1.899843e-04
rand_n50_m100_d8_s789,C,0.005,123,0.05,0.002936,False,sensitivity_range,True,1.899843e-04
rand_n50_m100_d8_s789,C,0.005,456,0.01,0.003060,False,sensitivity_range,True,1.153598e-04
rand_n50_m100_d8_s789,C,0.005,456,0.05,0.003060,False,sensitivity_range,True,1.153598e-04
rand_n50_m100_d8_s789,C,0.01,42,0.01,0.012298,False,sensitivity_range,True,9.391050e-04
rand_n50_m100_d8_s789,C,0.01,42,0.05,0.012298,False,sensitivity_range,True,9.391050e-04
rand_n50_m100_d8_s789,C,0.01,123,0.01,0.012540,True,,True,3.767070e-04
rand_n50_m100_d8_s789,C,0.01,123,0.05,0.012540,False,screening,True,3.767070e-04
rand_n50_m100_d8_s789,C,0.01,456,0.01,0.012786,True,,True,2.307196e-04
rand_n50_m100_d8_s789,C,0.01,456,0.05,0.012786,False,screening,True,2.307196e-04
rand_n50_m100_d8_s789,C,0.02,42,0.01,0.030998,True,,True,1.878210e-03
rand_n50_m100_d8_s789,C,0.02,42,0.05,0.030998,False,screening,True,1.878210e-03
rand_n50_m100_d8_s789,C,0.02,123,0.01,0.031473,True,,True,6.640092e-04
rand_n50_m100_d8_s789,C,0.02,123,0.05,0.031473,False,screening,True,6.640092e-04
rand_n50_m100_d8_s789,C,0.02,456,0.01,0.031956,True,,True,4.614393e-04
rand_n50_m100_d8_s789,C,0.02,456,0.05,0.031956,False,screening,True,4.614393e-04
rand_n50_m100_d8_s789,R,0.005,42,0.01,,True,,True,8.030512e-04
rand_n50_m100_d8_s789,R,0.005,42,0.05,,True,,True,8.030512e-04
rand_n50_m100_d8_s789,R,0.005,123,0.01,,True,,True,3.597416e-04
rand_n50_m100_d8_s789,R,0.005,123,0.05,,True,,True,3.597416e-04
rand_n50_m100_d8_s789,R,0.005,456,0.01,,True,,True,3.752651e-04
rand_n50_m100_d8_s789,R,0.005,456,0.05,,True,,True,3.752651e-04
rand_n50_m100_d8_s789,R,0.01,42,0.01,,True,,True,1.612529e-03
rand_n50_m100_d8_s789,R,0.01,42,0.05,,True,,True,1.612529e-03
rand_n50_m100_d8_s789,R,0.01,123,0.01,,True,,True,7.336224e-04
rand_n50_m100_d8_s789,R,0.01,123,0.05,,True,,True,7.336224e-04
rand_n50_m100_d8_s789,R,0.01,456,0.01,,True,,True,7.505302e-04
rand_n50_m100_d8_s789,R,0.01,456,0.05,,True,,True,7.505302e-04
rand_n50_m100_d8_s789,R,0.02,42,0.01,,True,,True,3.239968e-03
rand_n50_m100_d8_s789,R,0.02,42,0.05,,True,,True,3.239968e-03
rand_n50_m100_d8_s789,R,0.02,123,0.01,,True,,True,1.482154e-03
rand_n50_m100_d8_s789,R,0.02,123,0.05,,True,,True,1.482154e-03
rand_n50_m100_d8_s789,R,0.02,456,0.01,,True,,True,1.501060e-03
rand_n50_m100_d8_s789,R,0.02,456,0.05,,True,,True,1.501060e-03
rand_n50_m50_d3_s1024,C,0.005,42,0.01,0.000000,False,sensitivity_range,True,9.302053e-04
rand_n50_m50_d3_s1024,C,0.005,42,0.05,0.000000,False,sensitivity_range,True,9.302053e-04
rand_n50_m50_d3_s1024,C,0.005,123,0.01,0.000000,False,sensitivity_range,True,5.925431e-04
rand_n50_m50_d3_s1024,C,0.005,123,0.05,0.000000,False,sensitivity_range,True,5.925431e-04
rand_n50_m50_d3_s1024,C,0.005,456,0.01,0.000000,False,sensitivity_range,True,1.600164e-04
rand_n50_m50_d3_s1024,C,0.005,456,0.05,0.000000,False,sensitivity_range,True,1.600164e-04
rand_n50_m50_d3_s1024,C,0.01,42,0.01,0.000000,False,sensitivity_range,True,1.860411e-03
rand_n50_m50_d3_s1024,C,0.01,42,0.05,0.000000,False,sensitivity_range,True,1.860411e-03
rand_n50_m50_d3_s1024,C,0.01,123,0.01,0.000000,False,sensitivity_range,True,1.185086e-03
rand_n50_m50_d3_s1024,C,0.01,123,0.05,0.000000,False,sensitivity_range,True,1.185086e-03
rand_n50_m50_d3_s1024,C,0.01,456,0.01,0.000000,False,sensitivity_range,True,3.200328e-04
rand_n50_m50_d3_s1024,C,0.01,456,0.05,0.000000,False,sensitivity_range,True,3.200328e-04
rand_n50_m50_d3_s1024,C,0.02,42,0.01,0.000000,False,sensitivity_range,True,3.720821e-03
rand_n50_m50_d3_s1024,C,0.02,42,0.05,0.000000,False,sensitivity_range,True,3.720821e-03
rand_n50_m50_d3_s1024,C,0.02,123,0.01,0.000000,False,sensitivity_range,True,2.370173e-03
rand_n50_m50_d3_s1024,C,0.02,123,0.05,0.000000,False,sensitivity_range,True,2.370173e-03
rand_n50_m50_d3_s1024,C,0.02,456,0.01,0.000000,False,sensitivity_range,True,6.400657e-04
rand_n50_m50_d3_s1024,C,0.02,456,0.05,0.000000,False,sensitivity_range,True,6.400657e-04
rand_n50_m50_d3_s1024,R,0.005,42,0.01,,True,,False,2.252453e-05
rand_n50_m50_d3_s1024,R,0.005,42,0.05,,True,,False,2.252453e-05
rand_n50_m50_d3_s1024,R,0.005,123,0.01,,False,sensitivity_range,False,3.248853e-05
rand_n50_m50_d3_s1024,R,0.005,123,0.05,,False,sensitivity_range,False,3.248853e-05
rand_n50_m50_d3_s1024,R,0.005,456,0.01,,False,sensitivity_range,True,1.047694e-04
rand_n50_m50_d3_s1024,R,0.005,456,0.05,,False,sensitivity_range,True,1.047694e-04
rand_n50_m50_d3_s1024,R,0.01,42,0.01,,True,,False,4.515361e-05
rand_n50_m50_d3_s1024,R,0.01,42,0.05,,True,,False,4.515361e-05
rand_n50_m50_d3_s1024,R,0.01,123,0.01,,True,,False,6.440528e-05
rand_n50_m50_d3_s1024,R,0.01,123,0.05,,True,,False,6.440528e-05
rand_n50_m50_d3_s1024,R,0.01,456,0.01,,True,,True,2.095387e-04
rand_n50_m50_d3_s1024,R,0.01,456,0.05,,True,,True,2.095387e-04
rand_n50_m50_d3_s1024,R,0.02,42,0.01,,True,,True,1.092632e-04
rand_n50_m50_d3_s1024,R,0.02,42,0.05,,True,,True,1.092632e-04
rand_n50_m50_d3_s1024,R,0.02,123,0.01,,True,,True,1.098546e-04
rand_n50_m50_d3_s1024,R,0.02,123,0.05,,True,,True,1.098546e-04
rand_n50_m50_d3_s1024,R,0.02,456,0.01,,True,,True,4.190775e-04
rand_n50_m50_d3_s1024,R,0.02,456,0.05,,True,,True,4.190775e-04
rand_n50_m50_d3_s123,C,0.005,42,0.01,0.003356,False,screening,True,6.681619e-04
rand_n50_m50_d3_s123,C,0.005,42,0.05,0.003356,False,screening,True,6.681619e-04
rand_n50_m50_d3_s123,C,0.005,123,0.01,0.003478,False,sensitivity_range,True,1.477197e-03
rand_n50_m50_d3_s123,C,0.005,123,0.05,0.003478,False,sensitivity_range,True,1.477197e-03
rand_n50_m50_d3_s123,C,0.005,456,0.01,0.003603,False,sensitivity_range,True,1.110311e-04
rand_n50_m50_d3_s123,C,0.005,456,0.05,0.003603,False,sensitivity_range,True,1.110311e-04
rand_n50_m50_d3_s123,C,0.01,42,0.01,0.012837,True,,True,1.317746e-03
rand_n50_m50_d3_s123,C,0.01,42,0.05,0.012837,False,screening,True,1.317746e-03
rand_n50_m50_d3_s123,C,0.01,123,0.01,0.013079,True,,True,2.954393e-03
rand_n50_m50_d3_s123,C,0.01,123,0.05,0.013079,False,screening,True,2.954393e-03
rand_n50_m50_d3_s123,C,0.01,456,0.01,0.013326,True,,True,2.220622e-04
rand_n50_m50_d3_s123,C,0.01,456,0.05,0.013326,False,screening,True,2.220622e-04
rand_n50_m50_d3_s123,C,0.02,42,0.01,0.031533,True,,True,2.614794e-03
rand_n50_m50_d3_s123,C,0.02,42,0.05,0.031533,False,screening,True,2.614794e-03
rand_n50_m50_d3_s123,C,0.02,123,0.01,0.032007,True,,True,5.912014e-03
rand_n50_m50_d3_s123,C,0.02,123,0.05,0.032007,False,screening,True,5.912014e-03
rand_n50_m50_d3_s123,C,0.02,456,0.01,0.032490,True,,True,4.441245e-04
rand_n50_m50_d3_s123,C,0.02,456,0.05,0.032490,False,screening,True,4.441245e-04
rand_n50_m50_d3_s123,R,0.005,42,0.01,,False,sensitivity_range,True,1.625986e-04
rand_n50_m50_d3_s123,R,0.005,42,0.05,,False,sensitivity_range,True,1.625986e-04
rand_n50_m50_d3_s123,R,0.005,123,0.01,,False,sensitivity_range,True,4.851200e-04
rand_n50_m50_d3_s123,R,0.005,123,0.05,,False,sensitivity_range,True,4.851200e-04
rand_n50_m50_d3_s123,R,0.005,456,0.01,,False,sensitivity_range,True,2.115877e-04
rand_n50_m50_d3_s123,R,0.005,456,0.05,,False,sensitivity_range,True,2.115877e-04
rand_n50_m50_d3_s123,R,0.01,42,0.01,,True,,True,3.318686e-04
rand_n50_m50_d3_s123,R,0.01,42,0.05,,True,,True,3.318686e-04
rand_n50_m50_d3_s123,R,0.01,123,0.01,,False,sensitivity_range,True,9.702400e-04
rand_n50_m50_d3_s123,R,0.01,123,0.05,,False,sensitivity_range,True,9.702400e-04
rand_n50_m50_d3_s123,R,0.01,456,0.01,,True,,True,4.231753e-04
rand_n50_m50_d3_s123,R,0.01,456,0.05,,True,,True,4.231753e-04
rand_n50_m50_d3_s123,R,0.02,42,0.01,,True,,True,6.742592e-04
rand_n50_m50_d3_s123,R,0.02,42,0.05,,True,,True,6.742592e-04
rand_n50_m50_d3_s123,R,0.02,123,0.01,,True,,True,1.940480e-03
rand_n50_m50_d3_s123,R,0.02,123,0.05,,True,,True,1.940480e-03
rand_n50_m50_d3_s123,R,0.02,456,0.01,,True,,True,8.463506e-04
rand_n50_m50_d3_s123,R,0.02,456,0.05,,True,,True,8.463506e-04
rand_n50_m50_d3_s42,C,0.005,42,0.01,0.000000,False,sensitivity_range,False,9.765292e-05
rand_n50_m50_d3_s42,C,0.005,42,0.05,0.000000,False,sensitivity_range,False,9.765292e-05
rand_n50_m50_d3_s42,C,0.005,123,0.01,0.000000,False,sensitivity_range,True,1.354907e-04
rand_n50_m50_d3_s42,C,0.005,123,0.05,0.000000,False,sensitivity_range,True,1.354907e-04
rand_n50_m50_d3_s42,C,0.005,456,0.01,0.000000,False,sensitivity_range,True,1.196931e-03
rand_n50_m50_d3_s42,C,0.005,456,0.05,0.000000,False,sensitivity_range,True,1.196931e-03
rand_n50_m50_d3_s42,C,0.01,42,0.01,0.007865,False,sensitivity_range,True,1.953058e-04
rand_n50_m50_d3_s42,C,0.01,42,0.05,0.007865,False,sensitivity_range,True,1.953058e-04
rand_n50_m50_d3_s42,C,0.01,123,0.01,0.008108,False,screening,True,2.678824e-04
rand_n50_m50_d3_s42,C,0.01,123,0.05,0.008108,False,screening,True,2.678824e-04
rand_n50_m50_d3_s42,C,0.01,456,0.01,0.008354,False,sensitivity_range,True,2.393863e-03
rand_n50_m50_d3_s42,C,0.01,456,0.05,0.008354,False,sensitivity_range,True,2.393863e-03
rand_n50_m50_d3_s42,C,0.02,42,0.01,0.026607,True,,True,3.906117e-04
rand_n50_m50_d3_s42,C,0.02,42,0.05,0.026607,False,screening,True,3.906117e-04
rand_n50_m50_d3_s42,C,0.02,123,0.01,0.027083,True,,True,5.326658e-04
rand_n50_m50_d3_s42,C,0.02,123,0.05,0.027083,False,screening,True,5.326658e-04
rand_n50_m50_d3_s42,C,0.02,456,0.01,0.027567,False,sensitivity_range,True,4.782076e-03
rand_n50_m50_d3_s42,C,0.02,456,0.05,0.027567,False,sensitivity_range,True,4.782076e-03
rand_n50_m50_d3_s42,R,0.005,42,0.01,,True,,True,1.945736e-04
rand_n50_m50_d3_s42,R,0.005,42,0.05,,True,,True,1.945736e-04
rand_n50_m50_d3_s42,R,0.005,123,0.01,,False,sensitivity_range,True,1.739808e-04
rand_n50_m50_d3_s42,R,0.005,123,0.05,,False,sensitivity_range,True,1.739808e-04
rand_n50_m50_d3_s42,R,0.005,456,0.01,,True,,True,4.884801e-04
rand_n50_m50_d3_s42,R,0.005,456,0.05,,True,,True,4.884801e-04
rand_n50_m50_d3_s42,R,0.01,42,0.01,,True,,True,3.961902e-04
rand_n50_m50_d3_s42,R,0.01,42,0.05,,True,,True,3.961902e-04
rand_n50_m50_d3_s42,R,0.01,123,0.01,,False,sensitivity_range,True,3.435236e-04
rand_n50_m50_d3_s42,R,0.01,123,0.05,,False,sensitivity_range,True,3.435236e-04
rand_n50_m50_d3_s42,R,0.01,456,0.01,,True,,True,1.011480e-03
rand_n50_m50_d3_s42,R,0.01,456,0.05,,True,,True,1.011480e-03
rand_n50_m50_d3_s42,R,0.02,42,0.01,,True,,True,7.994235e-04
rand_n50_m50_d3_s42,R,0.02,42,0.05,,True,,True,7.994235e-04
rand_n50_m50_d3_s42,R,0.02,123,0.01,,True,,True,6.767367e-04
rand_n50_m50_d3_s42,R,0.02,123,0.05,,True,,True,6.767367e-04
rand_n50_m50_d3_s42,R,0.02,456,0.01,,True,,True,2.065547e-03
rand_n50_m50_d3_s42,R,0.02,456,0.05,,True,,True,2.065547e-03
rand_n50_m50_d3_s456,C,0.005,42,0.01,0.000000,False,sensitivity_range,True,4.968900e-04
rand_n50_m50_d3_s456,C,0.005,42,0.05,0.000000,False,sensitivity_range,True,4.968900e-04
rand_n50_m50_d3_s456,C,0.005,123,0.01,0.000000,False,sensitivity_range,True,2.115985e-04
rand_n50_m50_d3_s456,C,0.005,123,0.05,0.000000,False,sensitivity_range,True,2.115985e-04
rand_n50_m50_d3_s456,C,0.005,456,0.01,0.000000,False,sensitivity_range,True,4.191154e-04
rand_n50_m50_d3_s456,C,0.005,456,0.05,0.000000,False,sensitivity_range,True,4.191154e-04
rand_n50_m50_d3_s456,C,0.01,42,0.01,0.000000,False,sensitivity_range,True,9.895594e-04
rand_n50_m50_d3_s456,C,0.01,42,0.05,0.000000,False,sensitivity_range,True,9.895594e-04
rand_n50_m50_d3_s456,C,0.01,123,0.01,0.000000,False,sensitivity_range,True,4.231970e-04
rand_n50_m50_d3_s456,C,0.01,123,0.05,0.000000,False,sensitivity_range,True,4.231970e-04
rand_n50_m50_d3_s456,C,0.01,456,0.01,0.000000,False,sensitivity_range,True,8.382309e-04
rand_n50_m50_d3_s456,C,0.01,456,0.05,0.000000,False,sensitivity_range,True,8.382309e-04
rand_n50_m50_d3_s456,C,0.02,42,0.01,0.000000,False,sensitivity_range,True,1.768967e-03
rand_n50_m50_d3_s456,C,0.02,42,0.05,0.000000,False,sensitivity_range,True,1.768967e-03
rand_n50_m50_d3_s456,C,0.02,123,0.01,0.000000,False,sensitivity_range,True,8.463939e-04
rand_n50_m50_d3_s456,C,0.02,123,0.05,0.000000,False,sensitivity_range,True,8.463939e-04
rand_n50_m50_d3_s456,C,0.02,456,0.01,0.000000,False,sensitivity_range,True,1.676462e-03
rand_n50_m50_d3_s456,C,0.02,456,0.05,0.000000,False,sensitivity_range,True,1.676462e-03
rand_n50_m50_d3_s456,R,0.005,42,0.01,,False,sensitivity_range,True,5.631695e-04
rand_n50_m50_d3_s456,R,0.005,42,0.05,,False,sensitivity_range,True,5.631695e-04
rand_n50_m50_d3_s456,R,0.005,123,0.01,,False,sensitivity_range,True,8.118531e-04
rand_n50_m50_d3_s456,R,0.005,123,0.05,,False,sensitivity_range,True,8.118531e-04
rand_n50_m50_d3_s456,R,0.005,456,0.01,,False,sensitivity_range,True,7.123446e-04
rand_n50_m50_d3_s456,R,0.005,456,0.05,,False,sensitivity_range,True,7.123446e-04
rand_n50_m50_d3_s456,R,0.01,42,0.01,,False,sensitivity_range,True,1.126339e-03
rand_n50_m50_d3_s456,R,0.01,42,0.05,,False,sensitivity_range,True,1.126339e-03
rand_n50_m50_d3_s456,R,0.01,123,0.01,,False,sensitivity_range,True,1.623706e-03
rand_n50_m50_d3_s456,R,0.01,123,0.05,,False,sensitivity_range,True,1.623706e-03
rand_n50_m50_d3_s456,R,0.01,456,0.01,,False,sensitivity_range,True,1.424689e-03
rand_n50_m50_d3_s456,R,0.01,456,0.05,,False,sensitivity_range,True,1.424689e-03
rand_n50_m50_d3_s456,R,0.02,42,0.01,,False,sensitivity_range,True,2.252678e-03
rand_n50_m50_d3_s456,R,0.02,42,0.05,,False,sensitivity_range,True,2.252678e-03
rand_n50_m50_d3_s456,R,0.02,123,0.01,,True,,True,3.235892e-03
rand_n50_m50_d3_s456,R,0.02,123,0.05,,True,,True,3.235892e-03
rand_n50_m50_d3_s456,R,0.02,456,0.01,,False,sensitivity_range,True,2.853042e-03
rand_n50_m50_d3_s456,R,0.02,456,0.05,,False,sensitivity_range,True,2.853042e-03
rand_n50_m50_d3_s789,C,0.005,42,0.01,0.008965,False,screening,True,7.206395e-04
rand_n50_m50_d3_s789,C,0.005,42,0.05,0.008965,False,screening,True,7.206395e-04
rand_n50_m50_d3_s789,C,0.005,123,0.01,0.009086,False,screening,True,1.167512e-04
rand_n50_m50_d3_s789,C,0.005,123,0.05,0.009086,False,screening,True,1.167512e-04
rand_n50_m50_d3_s789,C,0.005,456,0.01,0.009210,False,screening,True,1.911297e-04
rand_n50_m50_d3_s789,C,0.005,456,0.05,0.009210,False,screening,True,1.911297e-04
rand_n50_m50_d3_s789,C,0.01,42,0.01,0.018419,True,,True,1.440933e-03
rand_n50_m50_d3_s789,C,0.01,42,0.05,0.018419,False,screening,True,1.440933e-03
rand_n50_m50_d3_s789,C,0.01,123,0.01,0.018661,True,,True,2.335023e-04
rand_n50_m50_d3_s789,C,0.01,123,0.05,0.018661,False,screening,True,2.335023e-04
rand_n50_m50_d3_s789,C,0.01,456,0.01,0.018906,True,,True,3.819130e-04
rand_n50_m50_d3_s789,C,0.01,456,0.05,0.018906,False,screening,True,3.819130e-04
rand_n50_m50_d3_s789,C,0.02,42,0.01,0.037062,True,,True,2.881519e-03
rand_n50_m50_d3_s789,C,0.02,42,0.05,0.037062,False,screening,True,2.881519e-03
rand_n50_m50_d3_s789,C,0.02,123,0.01,0.037535,True,,True,4.451669e-04
rand_n50_m50_d3_s789,C,0.02,123,0.05,0.037535,False,screening,True,4.451669e-04
rand_n50_m50_d3_s789,C,0.02,456,0.01,0.038017,True,,True,6.711222e-04
rand_n50_m50_d3_s789,C,0.02,456,0.05,0.038017,False,screening,True,6.711222e-04
rand_n50_m50_d3_s789,R,0.005,42,0.01,,True,,False,2.843287e-05
rand_n50_m50_d3_s789,R,0.005,42,0.05,,True,,False,2.843287e-05
rand_n50_m50_d3_s789,R,0.005,123,0.01,,False,sensitivity_range,False,8.244118e-05
rand_n50_m50_d3_s789,R,0.005,123,0.05,,False,sensitivity_range,False,8.244118e-05
rand_n50_m50_d3_s789,R,0.005,456,0.01,,False,sensitivity_range,True,2.411353e-04
rand_n50_m50_d3_s789,R,0.005,456,0.05,,False,sensitivity_range,True,2.411353e-04
rand_n50_m50_d3_s789,R,0.01,42,0.01,,True,,False,5.686573e-05
rand_n50_m50_d3_s789,R,0.01,42,0.05,,True,,False,5.686573e-05
rand_n50_m50_d3_s789,R,0.01,123,0.01,,True,,True,1.648272e-04
rand_n50_m50_d3_s789,R,0.01,123,0.05,,True,,True,1.648272e-04
rand_n50_m50_d3_s789,R,0.01,456,0.01,,True,,True,4.822706e-04
rand_n50_m50_d3_s789,R,0.01,456,0.05,,True,,True,4.822706e-04
rand_n50_m50_d3_s789,R,0.02,42,0.01,,True,,True,1.137315e-04
rand_n50_m50_d3_s789,R,0.02,42,0.05,,True,,True,1.137315e-04
rand_n50_m50_d3_s789,R,0.02,123,0.01,,True,,True,3.295827e-04
rand_n50_m50_d3_s789,R,0.02,123,0.05,,True,,True,3.295827e-04
rand_n50_m50_d3_s789,R,0.02,456,0.01,,True,,True,9.645412e-04
rand_n50_m50_d3_s789,R,0.02,456,0.05,,True,,True,9.645412e-04
rand_n50_m50_d5_s1024,C,0.005,42,0.01,0.000000,False,sensitivity_range,True,3.802109e-04
rand_n50_m50_d5_s1024,C,0.005,42,0.05,0.000000,False,sensitivity_range,True,3.802109e-04
rand_n50_m50_d5_s1024,C,0.005,123,0.01,0.000000,False,sensitivity_range,True,1.795646e-04
rand_n50_m50_d5_s1024,C,0.005,123,0.05,0.000000,False,sensitivity_range,True,1.795646e-04
rand_n50_m50_d5_s1024,C,0.005,456,0.01,0.000000,False,sensitivity_range,True,1.698965e-04
rand_n50_m50_d5_s1024,C,0.005,456,0.05,0.000000,False,sensitivity_range,True,1.698965e-04
rand_n50_m50_d5_s1024,C,0.01,42,0.01,0.000000,False,sensitivity_range,True,7.604219e-04
rand_n50_m50_d5_s1024,C,0.01,42,0.05,0.000000,False,sensitivity_range,True,7.604219e-04
rand_n50_m50_d5_s1024,C,0.01,123,0.01,0.000000,False,sensitivity_range,True,3.591292e-04
rand_n50_m50_d5_s1024,C,0.01,123,0.05,0.000000,False,sensitivity_range,True,3.591292e-04
rand_n50_m50_d5_s1024,C,0.01,456,0.01,0.000000,False,sensitivity_range,True,3.397930e-04
rand_n50_m50_d5_s1024,C,0.01,456,0.05,0.000000,False,sensitivity_range,True,3.397930e-04
rand_n50_m50_d5_s1024,C,0.02,42,0.01,0.000000,False,sensitivity_range,True,1.520844e-03
rand_n50_m50_d5_s1024,C,0.02,42,0.05,0.000000,False,sensitivity_range,True,1.520844e-03
rand_n50_m50_d5_s1024,C,0.02,123,0.01,0.000000,False,sensitivity_range,True,7.182584e-04
rand_n50_m50_d5_s1024,C,0.02,123,0.05,0.000000,False,sensitivity_range,True,7.182584e-04
rand_n50_m50_d5_s1024,C,0.02,456,0.01,0.000000,False,sensitivity_range,True,6.795860e-04
rand_n50_m50_d5_s1024,C,0.02,456,0.05,0.000000,False,sensitivity_range,True,6.795860e-04
rand_n50_m50_d5_s1024,R,0.005,42,0.01,,False,sensitivity_range,True,3.066867e-04
rand_n50_m50_d5_s1024,R,0.005,42,0.05,,False,sensitivity_range,True,3.066867e-04
rand_n50_m50_d5_s1024,R,0.005,123,0.01,,False,sensitivity_range,False,9.030399e-05
rand_n50_m50_d5_s1024,R,0.005,123,0.05,,False,sensitivity_range,False,9.030399e-05
rand_n50_m50_d5_s1024,R,0.005,456,0.01,,False,sensitivity_range,True,2.308956e-04
rand_n50_m50_d5_s1024,R,0.005,456,0.05,,False,sensitivity_range,True,2.308956e-04
rand_n50_m50_d5_s1024,R,0.01,42,0.01,,False,sensitivity_range,True,6.133735e-04
rand_n50_m50_d5_s1024,R,0.01,42,0.05,,False,sensitivity_range,True,6.133735e-04
rand_n50_m50_d5_s1024,R,0.01,123,0.01,,False,sensitivity_range,True,1.806080e-04
rand_n50_m50_d5_s1024,R,0.01,123,0.05,,False,sensitivity_range,True,1.806080e-04
rand_n50_m50_d5_s1024,R,0.01,456,0.01,,False,sensitivity_range,True,4.617912e-04
rand_n50_m50_d5_s1024,R,0.01,456,0.05,,False,sensitivity_range,True,4.617912e-04
rand_n50_m50_d5_s1024,R,0.02,42,0.01,,True,,True,1.226747e-03
rand_n50_m50_d5_s1024,R,0.02,42,0.05,,True,,True,1.226747e-03
rand_n50_m50_d5_s1024,R,0.02,123,0.01,,False,sensitivity_range,True,3.612159e-04
rand_n50_m50_d5_s1024,R,0.02,123,0.05,,False,sensitivity_range,True,3.612159e-04
rand_n50_m50_d5_s1024,R,0.02,456,0.01,,True,,True,9.586172e-04
rand_n50_m50_d5_s1024,R,0.02,456,0.05,,True,,True,9.586172e-04
rand_n50_m50_d5_s123,C,0.005,42,0.01,0.005138,False,sensitivity_range,True,9.366653e-04
rand_n50_m50_d5_s123,C,0.005,42,0.05,0.005138,False,sensitivity_range,True,9.366653e-04
rand_n50_m50_d5_s123,C,0.005,123,0.01,0.005260,False,sensitivity_range,True,1.197319e-03
rand_n50_m50_d5_s123,C,0.005,123,0.05,0.005260,False,sensitivity_range,True,1.197319e-03
rand_n50_m50_d5_s123,C,0.005,456,0.01,0.005385,False,sensitivity_range,True,1.650545e-04
rand_n50_m50_d5_s123,C,0.005,456,0.05,0.005385,False,sensitivity_range,True,1.650545e-04
rand_n50_m50_d5_s123,C,0.01,42,0.01,0.014611,False,sensitivity_range,True,1.873331e-03
rand_n50_m50_d5_s123,C,0.01,42,0.05,0.014611,False,sensitivity_range,True,1.873331e-03
rand_n50_m50_d5_s123,C,0.01,123,0.01,0.014853,True,,True,2.394639e-03
rand_n50_m50_d5_s123,C,0.01,123,0.05,0.014853,False,screening,True,2.394639e-03
rand_n50_m50_d5_s123,C,0.01,456,0.01,0.015099,True,,True,3.301090e-04
rand_n50_m50_d5_s123,C,0.01,456,0.05,0.015099,False,screening,True,3.301090e-04
rand_n50_m50_d5_s123,C,0.02,42,0.01,0.033290,True,,True,3.746661e-03
rand_n50_m50_d5_s123,C,0.02,42,0.05,0.033290,False,screening,True,3.746661e-03
rand_n50_m50_d5_s123,C,0.02,123,0.01,0.033764,True,,True,4.789278e-03
rand_n50_m50_d5_s123,C,0.02,123,0.05,0.033764,False,screening,True,4.789278e-03
rand_n50_m50_d5_s123,C,0.02,456,0.01,0.034246,True,,True,6.602180e-04
rand_n50_m50_d5_s123,C,0.02,456,0.05,0.034246,False,screening,True,6.602180e-04
rand_n50_m50_d5_s123,R,0.005,42,0.01,,False,sensitivity_range,True,3.494989e-04
rand_n50_m50_d5_s123,R,0.005,42,0.05,,False,sensitivity_range,True,3.494989e-04
rand_n50_m50_d5_s123,R,0.005,123,0.01,,False,sensitivity_range,True,5.469480e-04
rand_n50_m50_d5_s123,R,0.005,123,0.05,,False,sensitivity_range,True,5.469480e-04
rand_n50_m50_d5_s123,R,0.005,456,0.01,,False,sensitivity_range,True,6.355506e-04
rand_n50_m50_d5_s123,R,0.005,456,0.05,,False,sensitivity_range,True,6.355506e-04
rand_n50_m50_d5_s123,R,0.01,42,0.01,,False,sensitivity_range,True,6.989977e-04
rand_n50_m50_d5_s123,R,0.01,42,0.05,,False,sensitivity_range,True,6.989977e-04
rand_n50_m50_d5_s123,R,0.01,123,0.01,,False,sensitivity_range,True,1.093896e-03
rand_n50_m50_d5_s123,R,0.01,123,0.05,,False,sensitivity_range,True,1.093896e-03
rand_n50_m50_d5_s123,R,0.01,456,0.01,,False,sensitivity_range,True,1.271101e-03
rand_n50_m50_d5_s123,R,0.01,456,0.05,,False,sensitivity_range,True,1.271101e-03
rand_n50_m50_d5_s123,R,0.02,42,0.01,,False,sensitivity_range,True,1.397995e-03
rand_n50_m50_d5_s123,R,0.02,42,0.05,,False,sensitivity_range,True,1.397995e-03
rand_n50_m50_d5_s123,R,0.02,123,0.01,,False,sensitivity_range,True,2.187792e-03
rand_n50_m50_d5_s123,R,0.02,123,0.05,,False,sensitivity_range,True,2.187792e-03
rand_n50_m50_d5_s123,R,0.02,456,0.01,,False,sensitivity_range,True,2.527691e-03
rand_n50_m50_d5_s123,R,0.02,456,0.05,,False,sensitivity_range,True,2.527691e-03
rand_n50_m50_d5_s42,C,0.005,42,0.01,0.000000,False,sensitivity_range,False,5.725142e-05
rand_n50_m50_d5_s42,C,0.005,42,0.05,0.000000,False,sensitivity_range,False,5.725142e-05
rand_n50_m50_d5_s42,C,0.005,123,0.01,0.000000,False,sensitivity_range,True,4.078897e-04
rand_n50_m50_d5_s42,C,0.005,123,0.05,0.000000,False,sensitivity_range,True,4.078897e-04
rand_n50_m50_d5_s42,C,0.005,456,0.01,0.000000,False,sensitivity_range,True,1.243180e-03
rand_n50_m50_d5_s42,C,0.005,456,0.05,0.000000,False,sensitivity_range,True,1.243180e-03
rand_n50_m50_d5_s42,C,0.01,42,0.01,0.000000,False,sensitivity_range,True,1.145028e-04
rand_n50_m50_d5_s42,C,0.01,42,0.05,0.000000,False,sensitivity_range,True,1.145028e-04
rand_n50_m50_d5_s42,C,0.01,123,0.01,0.000000,False,sensitivity_range,True,8.157795e-04
rand_n50_m50_d5_s42,C,0.01,123,0.05,0.000000,False,sensitivity_range,True,8.157795e-04
rand_n50_m50_d5_s42,C,0.01,456,0.01,0.000000,False,sensitivity_range,True,2.486360e-03
rand_n50_m50_d5_s42,C,0.01,456,0.05,0.000000,False,sensitivity_range,True,2.486360e-03
rand_n50_m50_d5_s42,C,0.02,42,0.01,0.000000,False,sensitivity_range,True,2.290057e-04
rand_n50_m50_d5_s42,C,0.02,42,0.05,0.000000,False,sensitivity_range,True,2.290057e-04
rand_n50_m50_d5_s42,C,0.02,123,0.01,0.000000,False,sensitivity_range,True,1.631559e-03
rand_n50_m50_d5_s42,C,0.02,123,0.05,0.000000,False,sensitivity_range,True,1.631559e-03
rand_n50_m50_d5_s42,C,0.02,456,0.01,0.000000,False,sensitivity_range,True,4.972720e-03
rand_n50_m50_d5_s42,C,0.02,456,0.05,0.000000,False,sensitivity_range,True,4.972720e-03
rand_n50_m50_d5_s42,R,0.005,42,0.01,,False,sensitivity_range,True,5.452117e-04
rand_n50_m50_d5_s42,R,0.005,42,0.05,,False,sensitivity_range,True,5.452117e-04
rand_n50_m50_d5_s42,R,0.005,123,0.01,,False,sensitivity_range,True,2.104824e-04
rand_n50_m50_d5_s42,R,0.005,123,0.05,,False,sensitivity_range,True,2.104824e-04
rand_n50_m50_d5_s42,R,0.005,456,0.01,,False,sensitivity_range,True,5.331964e-04
rand_n50_m50_d5_s42,R,0.005,456,0.05,,False,sensitivity_range,True,5.331964e-04
rand_n50_m50_d5_s42,R,0.01,42,0.01,,False,sensitivity_range,True,1.090423e-03
rand_n50_m50_d5_s42,R,0.01,42,0.05,,False,sensitivity_range,True,1.090423e-03
rand_n50_m50_d5_s42,R,0.01,123,0.01,,False,sensitivity_range,True,4.209648e-04
rand_n50_m50_d5_s42,R,0.01,123,0.05,,False,sensitivity_range,True,4.209648e-04
rand_n50_m50_d5_s42,R,0.01,456,0.01,,False,sensitivity_range,True,1.066393e-03
rand_n50_m50_d5_s42,R,0.01,456,0.05,,False,sensitivity_range,True,1.066393e-03
rand_n50_m50_d5_s42,R,0.02,42,0.01,,False,sensitivity_range,True,2.220425e-03
rand_n50_m50_d5_s42,R,0.02,42,0.05,,False,sensitivity_range,True,2.220425e-03
rand_n50_m50_d5_s42,R,0.02,123,0.01,,True,,True,8.419296e-04
rand_n50_m50_d5_s42,R,0.02,123,0.05,,True,,True,8.419296e-04
rand_n50_m50_d5_s42,R,0.02,456,0.01,,False,sensitivity_range,True,2.132785e-03
rand_n50_m50_d5_s42,R,0.02,456,0.05,,False,sensitivity_range,True,2.132785e-03
rand_n50_m50_d5_s456,C,0.005,42,0.01,0.000000,False,sensitivity_range,False,6.163971e-05
rand_n50_m50_d5_s456,C,0.005,42,0.05,0.000000,False,sensitivity_range,False,6.163971e-05
rand_n50_m50_d5_s456,C,0.005,123,0.01,0.000000,False,sensitivity_range,False,8.248261e-05
rand_n50_m50_d5_s456,C,0.005,123,0.05,0.000000,False,sensitivity_range,False,8.248261e-05
rand_n50_m50_d5_s456,C,0.005,456,0.01,0.000000,False,sensitivity_range,True,4.540715e-04
rand_n50_m50_d5_s456,C,0.005,456,0.05,0.000000,False,sensitivity_range,True,4.540715e-04
rand_n50_m50_d5_s456,C,0.01,42,0.01,0.005536,False,sensitivity_range,True,1.295070e-04
rand_n50_m50_d5_s456,C,0.01,42,0.05,0.005536,False,sensitivity_range,True,1.295070e-04
rand_n50_m50_d5_s456,C,0.01,123,0.01,0.005779,False,sensitivity_range,True,1.545995e-04
rand_n50_m50_d5_s456,C,0.01,123,0.05,0.005779,False,sensitivity_range,True,1.545995e-04
rand_n50_m50_d5_s456,C,0.01,456,0.01,0.006026,False,sensitivity_range,True,9.111138e-04
rand_n50_m50_d5_s456,C,0.01,456,0.05,0.006026,False,sensitivity_range,True,9.111138e-04
rand_n50_m50_d5_s456,C,0.02,42,0.01,0.024300,True,,True,2.824449e-04
rand_n50_m50_d5_s456,C,0.02,42,0.05,0.024300,False,screening,True,2.824449e-04
rand_n50_m50_d5_s456,C,0.02,123,0.01,0.024776,True,,True,2.959725e-04
rand_n50_m50_d5_s456,C,0.02,123,0.05,0.024776,False,screening,True,2.959725e-04
rand_n50_m50_d5_s456,C,0.02,456,0.01,0.025261,True,,True,1.835454e-03
rand_n50_m50_d5_s456,C,0.02,456,0.05,0.025261,False,screening,True,1.835454e-03
rand_n50_m50_d5_s456,R,0.005,42,0.01,,True,,True,1.135246e-03
rand_n50_m50_d5_s456,R,0.005,42,0.05,,True,,True,1.135246e-03
rand_n50_m50_d5_s456,R,0.005,123,0.01,,False,sensitivity_range,True,5.998467e-04
rand_n50_m50_d5_s456,R,0.005,123,0.05,,False,sensitivity_range,True,5.998467e-04
rand_n50_m50_d5_s456,R,0.005,456,0.01,,False,sensitivity_range,True,3.787807e-04
rand_n50_m50_d5_s456,R,0.005,456,0.05,,False,sensitivity_range,True,3.787807e-04
rand_n50_m50_d5_s456,R,0.01,42,0.01,,True,,True,2.271090e-03
rand_n50_m50_d5_s456,R,0.01,42,0.05,,True,,True,2.271090e-03
rand_n50_m50_d5_s456,R,0.01,123,0.01,,True,,True,1.196215e-03
rand_n50_m50_d5_s456,R,0.01,123,0.05,,True,,True,1.196215e-03
rand_n50_m50_d5_s456,R,0.01,456,0.01,,True,,True,7.575614e-04
rand_n50_m50_d5_s456,R,0.01,456,0.05,,True,,True,7.575614e-04
rand_n50_m50_d5_s456,R,0.02,42,0.01,,True,,True,4.546604e-03
rand_n50_m50_d5_s456,R,0.02,42,0.05,,True,,True,4.546604e-03
rand_n50_m50_d5_s456,R,0.02,123,0.01,,True,,True,2.388005e-03
rand_n50_m50_d5_s456,R,0.02,123,0.05,,True,,True,2.388005e-03
rand_n50_m50_d5_s456,R,0.02,456,0.01,,True,,True,1.539302e-03
rand_n50_m50_d5_s456,R,0.02,456,0.05,,True,,True,1.539302e-03
rand_n50_m50_d5_s789,C,0.005,42,0.01,0.002663,False,sensitivity_range,True,5.279345e-04
rand_n50_m50_d5_s789,C,0.005,42,0.05,0.002663,False,sensitivity_range,True,5.279345e-04
rand_n50_m50_d5_s789,C,0.005,123,0.01,0.002786,False,sensitivity_range,True,2.103644e-04
rand_n50_m50_d5_s789,C,0.005,123,0.05,0.002786,False,sensitivity_range,True,2.103644e-04
rand_n50_m50_d5_s789,C,0.005,456,0.01,0.002910,False,screening,True,4.415407e-04
rand_n50_m50_d5_s789,C,0.005,456,0.05,0.002910,False,screening,True,4.415407e-04
rand_n50_m50_d5_s789,C,0.01,42,0.01,0.012148,False,sensitivity_range,True,1.055869e-03
rand_n50_m50_d5_s789,C,0.01,42,0.05,0.012148,False,sensitivity_range,True,1.055869e-03
rand_n50_m50_d5_s789,C,0.01,123,0.01,0.012390,True,,True,4.207289e-04
rand_n50_m50_d5_s789,C,0.01,123,0.05,0.012390,False,screening,True,4.207289e-04
rand_n50_m50_d5_s789,C,0.01,456,0.01,0.012636,True,,True,8.830814e-04
rand_n50_m50_d5_s789,C,0.01,456,0.05,0.012636,False,screening,True,8.830814e-04
rand_n50_m50_d5_s789,C,0.02,42,0.01,0.030850,False,sensitivity_range,True,2.111738e-03
rand_n50_m50_d5_s789,C,0.02,42,0.05,0.030850,False,sensitivity_range,True,2.111738e-03
rand_n50_m50_d5_s789,C,0.02,123,0.01,0.031324,True,,True,8.414577e-04
rand_n50_m50_d5_s789,C,0.02,123,0.05,0.031324,False,screening,True,8.414577e-04
rand_n50_m50_d5_s789,C,0.02,456,0.01,0.031807,True,,True,1.766163e-03
rand_n50_m50_d5_s789,C,0.02,456,0.05,0.031807,False,screening,True,1.766163e-03
rand_n50_m50_d5_s789,R,0.005,42,0.01,,False,sensitivity_range,True,2.236827e-04
rand_n50_m50_d5_s789,R,0.005,42,0.05,,False,sensitivity_range,True,2.236827e-04
rand_n50_m50_d5_s789,R,0.005,123,0.01,,False,sensitivity_range,True,1.580531e-04
rand_n50_m50_d5_s789,R,0.005,123,0.05,,False,sensitivity_range,True,1.580531e-04
rand_n50_m50_d5_s789,R,0.005,456,0.01,,False,sensitivity_range,True,2.373180e-04
rand_n50_m50_d5_s789,R,0.005,456,0.05,,False,sensitivity_range,True,2.373180e-04
rand_n50_m50_d5_s789,R,0.01,42,0.01,,False,sensitivity_range,True,4.473653e-04
rand_n50_m50_d5_s789,R,0.01,42,0.05,,False,sensitivity_range,True,4.473653e-04
rand_n50_m50_d5_s789,R,0.01,123,0.01,,False,sensitivity_range,True,3.161061e-04
rand_n50_m50_d5_s789,R,0.01,123,0.05,,False,sensitivity_range,True,3.161061e-04
rand_n50_m50_d5_s789,R,0.01,456,0.01,,False,sensitivity_range,True,4.746359e-04
rand_n50_m50_d5_s789,R,0.01,456,0.05,,False,sensitivity_range,True,4.746359e-04
rand_n50_m50_d5_s789,R,0.02,42,0.01,,False,sensitivity_range,True,8.947306e-04
rand_n50_m50_d5_s789,R,0.02,42,0.05,,False,sensitivity_range,True,8.947306e-04
rand_n50_m50_d5_s789,R,0.02,123,0.01,,True,,True,6.322123e-04
rand_n50_m50_d5_s789,R,0.02,123,0.05,,True,,True,6.322123e-04
rand_n50_m50_d5_s789,R,0.02,456,0.01,,False,sensitivity_range,True,9.492719e-04
rand_n50_m50_d5_s789,R,0.02,456,0.05,,False,sensitivity_range,True,9.492719e-04
rand_n50_m50_d8_s1024,C,0.005,42,0.01,0.000000,False,sensitivity_range,True,1.005328e-03
rand_n50_m50_d8_s1024,C,0.005,42,0.05,0.000000,False,sensitivity_range,True,1.005328e-03
rand_n50_m50_d8_s1024,C,0.005,123,0.01,0.000000,False,sensitivity_range,True,1.744617e-04
rand_n50_m50_d8_s1024,C,0.005,123,0.05,0.000000,False,sensitivity_range,True,1.744617e-04
rand_n50_m50_d8_s1024,C,0.005,456,0.01,0.000000,False,sensitivity_range,True,2.738083e-04
rand_n50_m50_d8_s1024,C,0.005,456,0.05,0.000000,False,sensitivity_range,True,2.738083e-04
rand_n50_m50_d8_s1024,C,0.01,42,0.01,0.000000,False,sensitivity_range,True,2.010655e-03
rand_n50_m50_d8_s1024,C,0.01,42,0.05,0.000000,False,sensitivity_range,True,2.010655e-03
rand_n50_m50_d8_s1024,C,0.01,123,0.01,0.000000,False,sensitivity_range,True,3.489233e-04
rand_n50_m50_d8_s1024,C,0.01,123,0.05,0.000000,False,sensitivity_range,True,3.489233e-04
rand_n50_m50_d8_s1024,C,0.01,456,0.01,0.000000,False,sensitivity_range,True,5.476165e-04
rand_n50_m50_d8_s1024,C,0.01,456,0.05,0.000000,False,sensitivity_range,True,5.476165e-04
rand_n50_m50_d8_s1024,C,0.02,42,0.01,0.000000,False,sensitivity_range,True,4.021310e-03
rand_n50_m50_d8_s1024,C,0.02,42,0.05,0.000000,False,sensitivity_range,True,4.021310e-03
rand_n50_m50_d8_s1024,C,0.02,123,0.01,0.000000,False,sensitivity_range,True,6.978466e-04
rand_n50_m50_d8_s1024,C,0.02,123,0.05,0.000000,False,sensitivity_range,True,6.978466e-04
rand_n50_m50_d8_s1024,C,0.02,456,0.01,0.000000,False,sensitivity_range,True,1.095233e-03
rand_n50_m50_d8_s1024,C,0.02,456,0.05,0.000000,False,sensitivity_range,True,1.095233e-03
rand_n50_m50_d8_s1024,R,0.005,42,0.01,,True,,False,6.361231e-05
rand_n50_m50_d8_s1024,R,0.005,42,0.05,,True,,False,6.361231e-05
rand_n50_m50_d8_s1024,R,0.005,123,0.01,,False,sensitivity_range,True,1.746412e-04
rand_n50_m50_d8_s1024,R,0.005,123,0.05,,False,sensitivity_range,True,1.746412e-04
rand_n50_m50_d8_s1024,R,0.005,456,0.01,,False,sensitivity_range,True,4.549163e-04
rand_n50_m50_d8_s1024,R,0.005,456,0.05,,False,sensitivity_range,True,4.549163e-04
rand_n50_m50_d8_s1024,R,0.01,42,0.01,,True,,True,1.239440e-04
rand_n50_m50_d8_s1024,R,0.01,42,0.05,,True,,True,1.239440e-04
rand_n50_m50_d8_s1024,R,0.01,123,0.01,,True,,True,3.385683e-04
rand_n50_m50_d8_s1024,R,0.01,123,0.05,,True,,True,3.385683e-04
rand_n50_m50_d8_s1024,R,0.01,456,0.01,,True,,True,9.470584e-04
rand_n50_m50_d8_s1024,R,0.01,456,0.05,,True,,True,9.470584e-04
rand_n50_m50_d8_s1024,R,0.02,42,0.01,,True,,True,2.082033e-04
rand_n50_m50_d8_s1024,R,0.02,42,0.05,,True,,True,2.082033e-04
rand_n50_m50_d8_s1024,R,0.02,123,0.01,,True,,True,5.378322e-04
rand_n50_m50_d8_s1024,R,0.02,123,0.05,,True,,True,5.378322e-04
rand_n50_m50_d8_s1024,R,0.02,456,0.01,,True,,True,1.952296e-03
rand_n50_m50_d8_s1024,R,0.02,456,0.05,,True,,True,1.952296e-03
rand_n50_m50_d8_s123,C,0.005,42,0.01,0.000000,False,sensitivity_range,True,1.036042e-03
rand_n50_m50_d8_s123,C,0.005,42,0.05,0.000000,False,sensitivity_range,True,1.036042e-03
rand_n50_m50_d8_s123,C,0.005,123,0.01,0.000000,False,sensitivity_range,True,1.011420e-03
rand_n50_m50_d8_s123,C,0.005,123,0.05,0.000000,False,sensitivity_range,True,1.011420e-03
rand_n50_m50_d8_s123,C,0.005,456,0.01,0.000000,False,sensitivity_range,True,3.670488e-04
rand_n50_m50_d8_s123,C,0.005,456,0.05,0.000000,False,sensitivity_range,True,3.670488e-04
rand_n50_m50_d8_s123,C,0.01,42,0.01,0.000000,False,sensitivity_range,True,2.072085e-03
rand_n50_m50_d8_s123,C,0.01,42,0.05,0.000000,False,sensitivity_range,True,2.072085e-03
rand_n50_m50_d8_s123,C,0.01,123,0.01,0.000000,False,sensitivity_range,True,2.022840e-03
rand_n50_m50_d8_s123,C,0.01,123,0.05,0.000000,False,sensitivity_range,True,2.022840e-03
rand_n50_m50_d8_s123,C,0.01,456,0.01,0.000000,False,sensitivity_range,True,7.340977e-04
rand_n50_m50_d8_s123,C,0.01,456,0.05,0.000000,False,sensitivity_range,True,7.340977e-04
rand_n50_m50_d8_s123,C,0.02,42,0.01,0.000000,False,sensitivity_range,True,4.144170e-03
rand_n50_m50_d8_s123,C,0.02,42,0.05,0.000000,False,sensitivity_range,True,4.144170e-03
rand_n50_m50_d8_s123,C,0.02,123,0.01,0.000000,False,sensitivity_range,True,4.045680e-03
rand_n50_m50_d8_s123,C,0.02,123,0.05,0.000000,False,sensitivity_range,True,4.045680e-03
rand_n50_m50_d8_s123,C,0.02,456,0.01,0.000000,False,sensitivity_range,True,1.468195e-03
rand_n50_m50_d8_s123,C,0.02,456,0.05,0.000000,False,sensitivity_range,True,1.468195e-03
rand_n50_m50_d8_s123,R,0.005,42,0.01,,False,sensitivity_range,True,3.383369e-04
rand_n50_m50_d8_s123,R,0.005,42,0.05,,False,sensitivity_range,True,3.383369e-04
rand_n50_m50_d8_s123,R,0.005,123,0.01,,False,sensitivity_range,True,3.251732e-04
rand_n50_m50_d8_s123,R,0.005,123,0.05,,False,sensitivity_range,True,3.251732e-04
rand_n50_m50_d8_s123,R,0.005,456,0.01,,True,,True,2.774401e-04
rand_n50_m50_d8_s123,R,0.005,456,0.05,,True,,True,2.774401e-04
rand_n50_m50_d8_s123,R,0.01,42,0.01,,False,sensitivity_range,True,7.131708e-04
rand_n50_m50_d8_s123,R,0.01,42,0.05,,False,sensitivity_range,True,7.131708e-04
rand_n50_m50_d8_s123,R,0.01,123,0.01,,True,,True,6.503464e-04
rand_n50_m50_d8_s123,R,0.01,123,0.05,,True,,True,6.503464e-04
rand_n50_m50_d8_s123,R,0.01,456,0.01,,True,,True,5.548802e-04
rand_n50_m50_d8_s123,R,0.01,456,0.05,,True,,True,5.548802e-04
rand_n50_m50_d8_s123,R,0.02,42,0.01,,True,,True,1.473672e-03
rand_n50_m50_d8_s123,R,0.02,42,0.05,,True,,True,1.473672e-03
rand_n50_m50_d8_s123,R,0.02,123,0.01,,True,,True,1.300693e-03
rand_n50_m50_d8_s123,R,0.02,123,0.05,,True,,True,1.300693e-03
rand_n50_m50_d8_s123,R,0.02,456,0.01,,True,,True,1.109760e-03
rand_n50_m50_d8_s123,R,0.02,456,0.05,,True,,True,1.109760e-03
rand_n50_m50_d8_s42,C,0.005,42,0.01,0.000000,False,sensitivity_range,True,2.747982e-04
rand_n50_m50_d8_s42,C,0.005,42,0.05,0.000000,False,sensitivity_range,True,2.747982e-04
rand_n50_m50_d8_s42,C,0.005,123,0.01,0.000000,False,sensitivity_range,True,2.360127e-04
rand_n50_m50_d8_s42,C,0.005,123,0.05,0.000000,False,sensitivity_range,True,2.360127e-04
rand_n50_m50_d8_s42,C,0.005,456,0.01,0.000000,False,sensitivity_range,True,1.248720e-03
rand_n50_m50_d8_s42,C,0.005,456,0.05,0.000000,False,sensitivity_range,True,1.248720e-03
rand_n50_m50_d8_s42,C,0.01,42,0.01,0.000000,False,sensitivity_range,True,5.495965e-04
rand_n50_m50_d8_s42,C,0.01,42,0.05,0.000000,False,sensitivity_range,True,5.495965e-04
rand_n50_m50_d8_s42,C,0.01,123,0.01,0.000000,False,sensitivity_range,True,4.720254e-04
rand_n50_m50_d8_s42,C,0.01,123,0.05,0.000000,False,sensitivity_range,True,4.720254e-04
rand_n50_m50_d8_s42,C,0.01,456,0.01,0.000000,False,sensitivity_range,True,2.497440e-03
rand_n50_m50_d8_s42,C,0.01,456,0.05,0.000000,False,sensitivity_range,True,2.497440e-03
rand_n50_m50_d8_s42,C,0.02,42,0.01,0.005216,False,sensitivity_range,True,1.099193e-03
rand_n50_m50_d8_s42,C,0.02,42,0.05,0.005216,False,sensitivity_range,True,1.099193e-03
rand_n50_m50_d8_s42,C,0.02,123,0.01,0.005697,False,sensitivity_range,True,9.440508e-04
rand_n50_m50_d8_s42,C,0.02,123,0.05,0.005697,False,sensitivity_range,True,9.440508e-04
rand_n50_m50_d8_s42,C,0.02,456,0.01,0.006186,False,sensitivity_range,True,4.980509e-03
rand_n50_m50_d8_s42,C,0.02,456,0.05,0.006186,False,sensitivity_range,True,4.980509e-03
rand_n50_m50_d8_s42,R,0.005,42,0.01,,False,sensitivity_range,True,6.710131e-04
rand_n50_m50_d8_s42,R,0.005,42,0.05,,False,sensitivity_range,True,6.710131e-04
rand_n50_m50_d8_s42,R,0.005,123,0.01,,False,sensitivity_range,True,5.938213e-04
rand_n50_m50_d8_s42,R,0.005,123,0.05,,False,sensitivity_range,True,5.938213e-04
rand_n50_m50_d8_s42,R,0.005,456,0.01,,False,sensitivity_range,True,7.811685e-04
rand_n50_m50_d8_s42,R,0.005,456,0.05,,False,sensitivity_range,True,7.811685e-04
rand_n50_m50_d8_s42,R,0.01,42,0.01,,False,sensitivity_range,True,1.342026e-03
rand_n50_m50_d8_s42,R,0.01,42,0.05,,False,sensitivity_range,True,1.342026e-03
rand_n50_m50_d8_s42,R,0.01,123,0.01,,False,sensitivity_range,True,1.187643e-03
rand_n50_m50_d8_s42,R,0.01,123,0.05,,False,sensitivity_range,True,1.187643e-03
rand_n50_m50_d8_s42,R,0.01,456,0.01,,False,sensitivity_range,True,1.562337e-03
rand_n50_m50_d8_s42,R,0.01,456,0.05,,False,sensitivity_range,True,1.562337e-03
rand_n50_m50_d8_s42,R,0.02,42,0.01,,False,sensitivity_range,True,2.684053e-03
rand_n50_m50_d8_s42,R,0.02,42,0.05,,False,sensitivity_range,True,2.684053e-03
rand_n50_m50_d8_s42,R,0.02,123,0.01,,False,sensitivity_range,True,2.375285e-03
rand_n50_m50_d8_s42,R,0.02,123,0.05,,False,sensitivity_range,True,2.375285e-03
rand_n50_m50_d8_s42,R,0.02,456,0.01,,False,sensitivity_range,True,3.124674e-03
rand_n50_m50_d8_s42,R,0.02,456,0.05,,False,sensitivity_range,True,3.124674e-03
rand_n50_m50_d8_s456,C,0.005,42,0.01,0.006522,False,screening,True,2.955554e-04
rand_n50_m50_d8_s456,C,0.005,42,0.05,0.006522,False,screening,True,2.955554e-04
rand_n50_m50_d8_s456,C,0.005,123,0.01,0.006644,False,screening,True,2.056893e-04
rand_n50_m50_d8_s456,C,0.005,123,0.05,0.006644,False,screening,True,2.056893e-04
rand_n50_m50_d8_s456,C,0.005,456,0.01,0.006768,False,sensitivity_range,True,3.664541e-04
rand_n50_m50_d8_s456,C,0.005,456,0.05,0.006768,False,sensitivity_range,True,3.664541e-04
rand_n50_m50_d8_s456,C,0.01,42,0.01,0.015988,True,,True,5.875335e-04
rand_n50_m50_d8_s456,C,0.01,42,0.05,0.015988,False,screening,True,5.875335e-04
rand_n50_m50_d8_s456,C,0.01,123,0.01,0.016230,True,,True,4.113787e-04
rand_n50_m50_d8_s456,C,0.01,123,0.05,0.016230,False,screening,True,4.113787e-04
rand_n50_m50_d8_s456,C,0.01,456,0.01,0.016476,True,,True,7.562115e-04
rand_n50_m50_d8_s456,C,0.01,456,0.05,0.016476,False,screening,True,7.562115e-04
rand_n50_m50_d8_s456,C,0.02,42,0.01,0.034654,True,,True,1.000870e-03
rand_n50_m50_d8_s456,C,0.02,42,0.05,0.034654,False,screening,True,1.000870e-03
rand_n50_m50_d8_s456,C,0.02,123,0.01,0.035128,True,,True,8.324972e-04
rand_n50_m50_d8_s456,C,0.02,123,0.05,0.035128,False,screening,True,8.324972e-04
rand_n50_m50_d8_s456,C,0.02,456,0.01,0.035610,True,,True,1.535726e-03
rand_n50_m50_d8_s456,C,0.02,456,0.05,0.035610,False,screening,True,1.535726e-03
rand_n50_m50_d8_s456,R,0.005,42,0.01,,False,sensitivity_range,True,9.198166e-04
rand_n50_m50_d8_s456,R,0.005,42,0.05,,False,sensitivity_range,True,9.198166e-04
rand_n50_m50_d8_s456,R,0.005,123,0.01,,False,sensitivity_range,True,8.003289e-04
rand_n50_m50_d8_s456,R,0.005,123,0.05,,False,sensitivity_range,True,8.003289e-04
rand_n50_m50_d8_s456,R,0.005,456,0.01,,False,sensitivity_range,True,5.815713e-04
rand_n50_m50_d8_s456,R,0.005,456,0.05,,False,sensitivity_range,True,5.815713e-04
rand_n50_m50_d8_s456,R,0.01,42,0.01,,False,sensitivity_range,True,1.839633e-03
rand_n50_m50_d8_s456,R,0.01,42,0.05,,False,sensitivity_range,True,1.839633e-03
rand_n50_m50_d8_s456,R,0.01,123,0.01,,False,sensitivity_range,True,1.600658e-03
rand_n50_m50_d8_s456,R,0.01,123,0.05,,False,sensitivity_range,True,1.600658e-03
rand_n50_m50_d8_s456,R,0.01,456,0.01,,True,,True,1.163143e-03
rand_n50_m50_d8_s456,R,0.01,456,0.05,,True,,True,1.163143e-03
rand_n50_m50_d8_s456,R,0.02,42,0.01,,True,,True,3.679266e-03
rand_n50_m50_d8_s456,R,0.02,42,0.05,,True,,True,3.679266e-03
rand_n50_m50_d8_s456,R,0.02,123,0.01,,True,,True,3.201274e-03
rand_n50_m50_d8_s456,R,0.02,123,0.05,,True,,True,3.201274e-03
rand_n50_m50_d8_s456,R,0.02,456,0.01,,True,,True,2.326285e-03
rand_n50_m50_d8_s456,R,0.02,456,0.05,,True,,True,2.326285e-03
rand_n50_m50_d8_s789,C,0.005,42,0.01,0.000000,False,sensitivity_range,True,3.806264e-04
rand_n50_m50_d8_s789,C,0.005,42,0.05,0.000000,False,sensitivity_range,True,3.806264e-04
rand_n50_m50_d8_s789,C,0.005,123,0.01,0.000000,False,sensitivity_range,False,1.716159e-05
rand_n50_m50_d8_s789,C,0.005,123,0.05,0.000000,False,sensitivity_range,False,1.716159e-05
rand_n50_m50_d8_s789,C,0.005,456,0.01,0.000000,False,sensitivity_range,True,3.666251e-04
rand_n50_m50_d8_s789,C,0.005,456,0.05,0.000000,False,sensitivity_range,True,3.666251e-04
rand_n50_m50_d8_s789,C,0.01,42,0.01,0.005202,False,sensitivity_range,True,7.455353e-04
rand_n50_m50_d8_s789,C,0.01,42,0.05,0.005202,False,sensitivity_range,True,7.455353e-04
rand_n50_m50_d8_s789,C,0.01,123,0.01,0.005445,False,sensitivity_range,False,2.856009e-05
rand_n50_m50_d8_s789,C,0.01,123,0.05,0.005445,False,sensitivity_range,False,2.856009e-05
rand_n50_m50_d8_s789,C,0.01,456,0.01,0.005692,False,sensitivity_range,True,7.332501e-04
rand_n50_m50_d8_s789,C,0.01,456,0.05,0.005692,False,sensitivity_range,True,7.332501e-04
rand_n50_m50_d8_s789,C,0.02,42,0.01,0.023969,True,,True,1.452364e-03
rand_n50_m50_d8_s789,C,0.02,42,0.05,0.023969,False,screening,True,1.452364e-03
rand_n50_m50_d8_s789,C,0.02,123,0.01,0.024446,False,sensitivity_range,False,1.841370e-05
rand_n50_m50_d8_s789,C,0.02,123,0.05,0.024446,False,sensitivity_range,False,1.841370e-05
rand_n50_m50_d8_s789,C,0.02,456,0.01,0.024931,True,,True,1.466500e-03
rand_n50_m50_d8_s789,C,0.02,456,0.05,0.024931,False,screening,True,1.466500e-03
rand_n50_m50_d8_s789,R,0.005,42,0.01,,False,sensitivity_range,False,7.093351e-05
rand_n50_m50_d8_s789,R,0.005,42,0.05,,False,sensitivity_range,False,7.093351e-05
rand_n50_m50_d8_s789,R,0.005,123,0.01,,False,sensitivity_range,True,3.954260e-04
rand_n50_m50_d8_s789,R,0.005,123,0.05,,False,sensitivity_range,True,3.954260e-04
rand_n50_m50_d8_s789,R,0.005,456,0.01,,False,sensitivity_range,True,2.470245e-04
rand_n50_m50_d8_s789,R,0.005,456,0.05,,False,sensitivity_range,True,2.470245e-04
rand_n50_m50_d8_s789,R,0.01,42,0.01,,False,sensitivity_range,True,1.418670e-04
rand_n50_m50_d8_s789,R,0.01,42,0.05,,False,sensitivity_range,True,1.418670e-04
rand_n50_m50_d8_s789,R,0.01,123,0.01,,False,sensitivity_range,True,7.908520e-04
rand_n50_m50_d8_s789,R,0.01,123,0.05,,False,sensitivity_range,True,7.908520e-04
rand_n50_m50_d8_s789,R,0.01,456,0.01,,False,sensitivity_range,True,4.940491e-04
rand_n50_m50_d8_s789,R,0.01,456,0.05,,False,sensitivity_range,True,4.940491e-04
rand_n50_m50_d8_s789,R,0.02,42,0.01,,False,sensitivity_range,True,2.678298e-04
rand_n50_m50_d8_s789,R,0.02,42,0.05,,False,sensitivity_range,True,2.678298e-04
rand_n50_m50_d8_s789,R,0.02,123,0.01,,False,sensitivity_range,True,1.581704e-03
rand_n50_m50_d8_s789,R,0.02,123,0.05,,False,sensitivity_range,True,1.581704e-03
rand_n50_m50_d8_s789,R,0.02,456,0.01,,False,sensitivity_range,True,9.880981e-04
rand_n50_m50_d8_s789,R,0.02,456,0.05,,False,sensitivity_range,True,9.880981e-04
